8.2s 1 0.00s - Debugger warning: It seems that frozen modules are being used, which may
8.2s 2 0.00s - make the debugger miss breakpoints. Please pass -Xfrozen_modules=off
8.2s 3 0.00s - to python to disable frozen modules.
8.2s 4 0.00s - Note: Debugging will proceed. Set PYDEVD_DISABLE_FILE_VALIDATION=1 to disable this validation.
8.9s 5 0.00s - Debugger warning: It seems that frozen modules are being used, which may
8.9s 6 0.00s - make the debugger miss breakpoints. Please pass -Xfrozen_modules=off
8.9s 7 0.00s - to python to disable frozen modules.
8.9s 8 0.00s - Note: Debugging will proceed. Set PYDEVD_DISABLE_FILE_VALIDATION=1 to disable this validation.
16.0s 9 Cloning into '/kaggle/working/repo'...
16.0s 10 
16.0s 11 [33ma6921ec[m[33m ([m[1;34mgrafted[m[33m, [m[1;36mHEAD -> [m[1;32mmain[m[33m, [m[1;31morigin/main[m[33m, [m[1;31morigin/HEAD[m[33m)[m fix: GradCAM crash on VGG-16 (Kaggle v1 failed after VGG seeds)
19.5s 12 DATA_DIR: /kaggle/input/datasets/pimkanit/heytea-images/tea_dataset
19.5s 13 images in metadata: 913 | missing on Kaggle: 0 []
19.5s 14 IMBALANCE: class_weight
19.6s 15 W&B ปิด (ไม่มี secret WANDB_API_KEY) — รันต่อได้ปกติ
34.2s 16 Train: 638  Val: 93  Test: 182
34.2s 17 
34.2s 18 Train class counts:
34.2s 19 class
34.2s 20 cha_dam_yen          51
34.2s 21 cha_khiao_nom       152
34.2s 22 cha_nom_khai_muk    160
34.2s 23 cha_phonlamai       120
34.2s 24 cha_thai            155
34.2s 25 
34.2s 26 Test class counts:
34.2s 27 class
34.2s 28 cha_dam_yen         14
34.2s 29 cha_khiao_nom       39
34.2s 30 cha_nom_khai_muk    48
34.2s 31 cha_phonlamai       35
34.2s 32 cha_thai            46
39.5s 33 Device: cuda | arch=resnet50 | methods=['none', 'class_weight', 'sampler', 'focal']
39.9s 34 Downloading: "https://download.pytorch.org/models/resnet50-11ad3fa6.pth" to /root/.cache/torch/hub/checkpoints/resnet50-11ad3fa6.pth
39.9s 35 0%|          | 0.00/97.8M [00:00<?, ?B/s]
40.0s 36 0%|          | 0.00/97.8M [00:00<?, ?B/s]  9%|▉         | 8.88M/97.8M [00:00<00:01, 92.9MB/s]
40.1s 37 9%|▉         | 8.88M/97.8M [00:00<00:01, 92.9MB/s] 32%|███▏      | 31.0M/97.8M [00:00<00:00, 174MB/s]
40.2s 38 32%|███▏      | 31.0M/97.8M [00:00<00:00, 174MB/s]  54%|█████▎    | 52.4M/97.8M [00:00<00:00, 197MB/s]
40.3s 39 54%|█████▎    | 52.4M/97.8M [00:00<00:00, 197MB/s] 76%|███████▌  | 74.4M/97.8M [00:00<00:00, 210MB/s]
40.4s 40 76%|███████▌  | 74.4M/97.8M [00:00<00:00, 210MB/s] 99%|█████████▉| 96.6M/97.8M [00:00<00:00, 218MB/s]
40.4s 41 99%|█████████▉| 96.6M/97.8M [00:00<00:00, 218MB/s]100%|██████████| 97.8M/97.8M [00:00<00:00, 202MB/s]
40.5s 42 100%|██████████| 97.8M/97.8M [00:00<00:00, 202MB/s]
40.5s 43 
40.5s 44 
40.9s 45 
40.9s 46 =======================================================
40.9s 47 Stage 1 — resnet50  seed=11
40.9s 48 =======================================================
45.5s 49 /usr/local/lib/python3.12/dist-packages/PIL/Image.py:1047: UserWarning: Palette images with Transparency expressed in bytes should be converted to RGBA images
45.5s 50 warnings.warn(
45.5s 51 
45.5s 52 /usr/local/lib/python3.12/dist-packages/PIL/Image.py:1047: UserWarning: Palette images with Transparency expressed in bytes should be converted to RGBA images
45.5s 53 warnings.warn(
60.1s 54 [stage1] E01 | tr 1.4547/0.3635 | vl 1.3182/0.5753
64.1s 55 /usr/local/lib/python3.12/dist-packages/PIL/Image.py:1047: UserWarning: Palette images with Transparency expressed in bytes should be converted to RGBA images
64.1s 56 warnings.warn(
64.1s 57 
64.1s 58 /usr/local/lib/python3.12/dist-packages/PIL/Image.py:1047: UserWarning: Palette images with Transparency expressed in bytes should be converted to RGBA images
64.1s 59 warnings.warn(
69.3s 60 /usr/local/lib/python3.12/dist-packages/PIL/Image.py:1047: UserWarning: Palette images with Transparency expressed in bytes should be converted to RGBA images
69.3s 61 warnings.warn(
69.3s 62 
69.3s 63 /usr/local/lib/python3.12/dist-packages/PIL/Image.py:1047: UserWarning: Palette images with Transparency expressed in bytes should be converted to RGBA images
69.3s 64 warnings.warn(
76.7s 65 [stage1] E02 | tr 1.1946/0.6692 | vl 1.1458/0.6446
79.4s 66 /usr/local/lib/python3.12/dist-packages/PIL/Image.py:1047: UserWarning: Palette images with Transparency expressed in bytes should be converted to RGBA images
79.4s 67 warnings.warn(
79.4s 68 
79.4s 69 /usr/local/lib/python3.12/dist-packages/PIL/Image.py:1047: UserWarning: Palette images with Transparency expressed in bytes should be converted to RGBA images
79.4s 70 warnings.warn(
84.6s 71 /usr/local/lib/python3.12/dist-packages/PIL/Image.py:1047: UserWarning: Palette images with Transparency expressed in bytes should be converted to RGBA images
84.6s 72 warnings.warn(
84.6s 73 
84.6s 74 /usr/local/lib/python3.12/dist-packages/PIL/Image.py:1047: UserWarning: Palette images with Transparency expressed in bytes should be converted to RGBA images
84.6s 75 warnings.warn(
93.1s 76 [stage1] E03 | tr 1.0429/0.6983 | vl 1.0236/0.6962
100.0s 77 /usr/local/lib/python3.12/dist-packages/PIL/Image.py:1047: UserWarning: Palette images with Transparency expressed in bytes should be converted to RGBA images
100.0s 78 warnings.warn(
100.0s 79 
100.0s 80 /usr/local/lib/python3.12/dist-packages/PIL/Image.py:1047: UserWarning: Palette images with Transparency expressed in bytes should be converted to RGBA images
100.0s 81 warnings.warn(
109.2s 82 [stage1] E04 | tr 0.9048/0.7531 | vl 0.9545/0.7160
111.0s 83 /usr/local/lib/python3.12/dist-packages/PIL/Image.py:1047: UserWarning: Palette images with Transparency expressed in bytes should be converted to RGBA images
111.0s 84 warnings.warn(
111.0s 85 
111.0s 86 /usr/local/lib/python3.12/dist-packages/PIL/Image.py:1047: UserWarning: Palette images with Transparency expressed in bytes should be converted to RGBA images
111.0s 87 warnings.warn(
114.9s 88 /usr/local/lib/python3.12/dist-packages/PIL/Image.py:1047: UserWarning: Palette images with Transparency expressed in bytes should be converted to RGBA images
114.9s 89 warnings.warn(
114.9s 90 
114.9s 91 /usr/local/lib/python3.12/dist-packages/PIL/Image.py:1047: UserWarning: Palette images with Transparency expressed in bytes should be converted to RGBA images
114.9s 92 warnings.warn(
125.0s 93 [stage1] E05 | tr 0.8671/0.7510 | vl 0.8976/0.7312
131.7s 94 /usr/local/lib/python3.12/dist-packages/PIL/Image.py:1047: UserWarning: Palette images with Transparency expressed in bytes should be converted to RGBA images
131.7s 95 warnings.warn(
131.7s 96 
131.7s 97 /usr/local/lib/python3.12/dist-packages/PIL/Image.py:1047: UserWarning: Palette images with Transparency expressed in bytes should be converted to RGBA images
131.7s 98 warnings.warn(
133.2s 99 /usr/local/lib/python3.12/dist-packages/PIL/Image.py:1047: UserWarning: Palette images with Transparency expressed in bytes should be converted to RGBA images
133.2s 100 warnings.warn(
133.2s 101 
133.2s 102 /usr/local/lib/python3.12/dist-packages/PIL/Image.py:1047: UserWarning: Palette images with Transparency expressed in bytes should be converted to RGBA images
133.2s 103 warnings.warn(
141.0s 104 [stage1] E06 | tr 0.8218/0.7708 | vl 0.8644/0.7224
151.2s 105 /usr/local/lib/python3.12/dist-packages/PIL/Image.py:1047: UserWarning: Palette images with Transparency expressed in bytes should be converted to RGBA images
151.2s 106 warnings.warn(
151.2s 107 
151.2s 108 /usr/local/lib/python3.12/dist-packages/PIL/Image.py:1047: UserWarning: Palette images with Transparency expressed in bytes should be converted to RGBA images
151.2s 109 warnings.warn(
151.9s 110 /usr/local/lib/python3.12/dist-packages/PIL/Image.py:1047: UserWarning: Palette images with Transparency expressed in bytes should be converted to RGBA images
151.9s 111 warnings.warn(
151.9s 112 
151.9s 113 /usr/local/lib/python3.12/dist-packages/PIL/Image.py:1047: UserWarning: Palette images with Transparency expressed in bytes should be converted to RGBA images
151.9s 114 warnings.warn(
157.7s 115 [stage1] E07 | tr 0.7726/0.8093 | vl 0.8463/0.7357
164.0s 116 /usr/local/lib/python3.12/dist-packages/PIL/Image.py:1047: UserWarning: Palette images with Transparency expressed in bytes should be converted to RGBA images
164.0s 117 warnings.warn(
164.0s 118 
164.0s 119 /usr/local/lib/python3.12/dist-packages/PIL/Image.py:1047: UserWarning: Palette images with Transparency expressed in bytes should be converted to RGBA images
164.0s 120 warnings.warn(
169.8s 121 /usr/local/lib/python3.12/dist-packages/PIL/Image.py:1047: UserWarning: Palette images with Transparency expressed in bytes should be converted to RGBA images
169.8s 122 warnings.warn(
169.8s 123 
169.8s 124 /usr/local/lib/python3.12/dist-packages/PIL/Image.py:1047: UserWarning: Palette images with Transparency expressed in bytes should be converted to RGBA images
169.8s 125 warnings.warn(
173.5s 126 [stage1] E08 | tr 0.7746/0.7861 | vl 0.8362/0.7357
182.2s 127 /usr/local/lib/python3.12/dist-packages/PIL/Image.py:1047: UserWarning: Palette images with Transparency expressed in bytes should be converted to RGBA images
182.2s 128 warnings.warn(
182.2s 129 
182.2s 130 /usr/local/lib/python3.12/dist-packages/PIL/Image.py:1047: UserWarning: Palette images with Transparency expressed in bytes should be converted to RGBA images
182.2s 131 warnings.warn(
185.9s 132 /usr/local/lib/python3.12/dist-packages/PIL/Image.py:1047: UserWarning: Palette images with Transparency expressed in bytes should be converted to RGBA images
185.9s 133 warnings.warn(
185.9s 134 
185.9s 135 /usr/local/lib/python3.12/dist-packages/PIL/Image.py:1047: UserWarning: Palette images with Transparency expressed in bytes should be converted to RGBA images
185.9s 136 warnings.warn(
190.1s 137 [stage1] E09 | tr 0.7429/0.8057 | vl 0.8266/0.7357
196.9s 138 /usr/local/lib/python3.12/dist-packages/PIL/Image.py:1047: UserWarning: Palette images with Transparency expressed in bytes should be converted to RGBA images
196.9s 139 warnings.warn(
196.9s 140 
196.9s 141 /usr/local/lib/python3.12/dist-packages/PIL/Image.py:1047: UserWarning: Palette images with Transparency expressed in bytes should be converted to RGBA images
196.9s 142 warnings.warn(
206.2s 143 [stage1] E10 | tr 0.7317/0.8177 | vl 0.8278/0.7360
206.3s 144 
206.3s 145 =======================================================
206.3s 146 Stage 2 — resnet50  seed=11
206.3s 147 =======================================================
214.0s 148 /usr/local/lib/python3.12/dist-packages/PIL/Image.py:1047: UserWarning: Palette images with Transparency expressed in bytes should be converted to RGBA images
214.0s 149 warnings.warn(
214.0s 150 
214.0s 151 /usr/local/lib/python3.12/dist-packages/PIL/Image.py:1047: UserWarning: Palette images with Transparency expressed in bytes should be converted to RGBA images
214.0s 152 warnings.warn(
222.1s 153 [stage2] E01 | tr 0.5993/0.8252 | vl 0.4687/0.8446
226.8s 154 /usr/local/lib/python3.12/dist-packages/PIL/Image.py:1047: UserWarning: Palette images with Transparency expressed in bytes should be converted to RGBA images
226.8s 155 warnings.warn(
226.8s 156 
226.8s 157 /usr/local/lib/python3.12/dist-packages/PIL/Image.py:1047: UserWarning: Palette images with Transparency expressed in bytes should be converted to RGBA images
226.8s 158 warnings.warn(
238.2s 159 [stage2] E02 | tr 0.3227/0.8930 | vl 0.2891/0.8797
244.0s 160 /usr/local/lib/python3.12/dist-packages/PIL/Image.py:1047: UserWarning: Palette images with Transparency expressed in bytes should be converted to RGBA images
244.0s 161 warnings.warn(
244.0s 162 
244.0s 163 /usr/local/lib/python3.12/dist-packages/PIL/Image.py:1047: UserWarning: Palette images with Transparency expressed in bytes should be converted to RGBA images
244.0s 164 warnings.warn(
254.5s 165 [stage2] E03 | tr 0.2454/0.9234 | vl 0.2167/0.9025
264.4s 166 /usr/local/lib/python3.12/dist-packages/PIL/Image.py:1047: UserWarning: Palette images with Transparency expressed in bytes should be converted to RGBA images
264.4s 167 warnings.warn(
264.4s 168 
264.4s 169 /usr/local/lib/python3.12/dist-packages/PIL/Image.py:1047: UserWarning: Palette images with Transparency expressed in bytes should be converted to RGBA images
264.4s 170 warnings.warn(
271.4s 171 [stage2] E04 | tr 0.1654/0.9482 | vl 0.1897/0.9240
276.4s 172 /usr/local/lib/python3.12/dist-packages/PIL/Image.py:1047: UserWarning: Palette images with Transparency expressed in bytes should be converted to RGBA images
276.4s 173 warnings.warn(
276.4s 174 
276.4s 175 /usr/local/lib/python3.12/dist-packages/PIL/Image.py:1047: UserWarning: Palette images with Transparency expressed in bytes should be converted to RGBA images
276.4s 176 warnings.warn(
288.0s 177 [stage2] E05 | tr 0.1233/0.9655 | vl 0.2059/0.9034
288.1s 178 /usr/local/lib/python3.12/dist-packages/PIL/Image.py:1047: UserWarning: Palette images with Transparency expressed in bytes should be converted to RGBA images
288.1s 179 warnings.warn(
288.1s 180 
288.1s 181 /usr/local/lib/python3.12/dist-packages/PIL/Image.py:1047: UserWarning: Palette images with Transparency expressed in bytes should be converted to RGBA images
288.1s 182 warnings.warn(
298.1s 183 /usr/local/lib/python3.12/dist-packages/PIL/Image.py:1047: UserWarning: Palette images with Transparency expressed in bytes should be converted to RGBA images
298.1s 184 warnings.warn(
298.1s 185 
298.1s 186 /usr/local/lib/python3.12/dist-packages/PIL/Image.py:1047: UserWarning: Palette images with Transparency expressed in bytes should be converted to RGBA images
298.1s 187 warnings.warn(
304.1s 188 [stage2] E06 | tr 0.0953/0.9780 | vl 0.1879/0.9146
304.3s 189 /usr/local/lib/python3.12/dist-packages/PIL/Image.py:1047: UserWarning: Palette images with Transparency expressed in bytes should be converted to RGBA images
304.3s 190 warnings.warn(
304.3s 191 
304.3s 192 /usr/local/lib/python3.12/dist-packages/PIL/Image.py:1047: UserWarning: Palette images with Transparency expressed in bytes should be converted to RGBA images
304.3s 193 warnings.warn(
305.3s 194 /usr/local/lib/python3.12/dist-packages/PIL/Image.py:1047: UserWarning: Palette images with Transparency expressed in bytes should be converted to RGBA images
305.3s 195 warnings.warn(
305.3s 196 
305.3s 197 /usr/local/lib/python3.12/dist-packages/PIL/Image.py:1047: UserWarning: Palette images with Transparency expressed in bytes should be converted to RGBA images
305.3s 198 warnings.warn(
320.3s 199 [stage2] E07 | tr 0.0753/0.9796 | vl 0.1574/0.9560
324.5s 200 /usr/local/lib/python3.12/dist-packages/PIL/Image.py:1047: UserWarning: Palette images with Transparency expressed in bytes should be converted to RGBA images
324.5s 201 warnings.warn(
324.5s 202 
324.5s 203 /usr/local/lib/python3.12/dist-packages/PIL/Image.py:1047: UserWarning: Palette images with Transparency expressed in bytes should be converted to RGBA images
324.5s 204 warnings.warn(
336.3s 205 [stage2] E08 | tr 0.0655/0.9796 | vl 0.1599/0.9367
341.9s 206 /usr/local/lib/python3.12/dist-packages/PIL/Image.py:1047: UserWarning: Palette images with Transparency expressed in bytes should be converted to RGBA images
341.9s 207 warnings.warn(
341.9s 208 
341.9s 209 /usr/local/lib/python3.12/dist-packages/PIL/Image.py:1047: UserWarning: Palette images with Transparency expressed in bytes should be converted to RGBA images
341.9s 210 warnings.warn(
352.6s 211 [stage2] E09 | tr 0.0700/0.9875 | vl 0.1535/0.9460
359.9s 212 /usr/local/lib/python3.12/dist-packages/PIL/Image.py:1047: UserWarning: Palette images with Transparency expressed in bytes should be converted to RGBA images
359.9s 213 warnings.warn(
359.9s 214 
359.9s 215 /usr/local/lib/python3.12/dist-packages/PIL/Image.py:1047: UserWarning: Palette images with Transparency expressed in bytes should be converted to RGBA images
359.9s 216 warnings.warn(
364.3s 217 /usr/local/lib/python3.12/dist-packages/PIL/Image.py:1047: UserWarning: Palette images with Transparency expressed in bytes should be converted to RGBA images
364.3s 218 warnings.warn(
364.3s 219 
364.3s 220 /usr/local/lib/python3.12/dist-packages/PIL/Image.py:1047: UserWarning: Palette images with Transparency expressed in bytes should be converted to RGBA images
364.3s 221 warnings.warn(
368.7s 222 [stage2] E10 | tr 0.0952/0.9655 | vl 0.1607/0.9366
370.0s 223 /usr/local/lib/python3.12/dist-packages/PIL/Image.py:1047: UserWarning: Palette images with Transparency expressed in bytes should be converted to RGBA images
370.0s 224 warnings.warn(
370.0s 225 
370.0s 226 /usr/local/lib/python3.12/dist-packages/PIL/Image.py:1047: UserWarning: Palette images with Transparency expressed in bytes should be converted to RGBA images
370.0s 227 warnings.warn(
384.9s 228 [stage2] E11 | tr 0.0697/0.9749 | vl 0.1664/0.9366
385.8s 229 /usr/local/lib/python3.12/dist-packages/PIL/Image.py:1047: UserWarning: Palette images with Transparency expressed in bytes should be converted to RGBA images
385.8s 230 warnings.warn(
385.8s 231 
385.8s 232 /usr/local/lib/python3.12/dist-packages/PIL/Image.py:1047: UserWarning: Palette images with Transparency expressed in bytes should be converted to RGBA images
385.8s 233 warnings.warn(
401.5s 234 [stage2] E12 | tr 0.0659/0.9734 | vl 0.1696/0.9366
401.5s 235 Early stopping (patience=5)
401.5s 236 
401.5s 237 Best val F1 → stage1=0.7360  stage2=0.9560  overall=0.9560
406.4s 238 imb_none_resnet50_seed11                      F1macro=0.8858 acc=0.8901 cha_dam_yen R=0.929 P=0.812
406.8s 239 
406.8s 240 =======================================================
406.8s 241 Stage 1 — resnet50  seed=22
406.8s 242 =======================================================
413.9s 243 /usr/local/lib/python3.12/dist-packages/PIL/Image.py:1047: UserWarning: Palette images with Transparency expressed in bytes should be converted to RGBA images
413.9s 244 warnings.warn(
413.9s 245 
413.9s 246 /usr/local/lib/python3.12/dist-packages/PIL/Image.py:1047: UserWarning: Palette images with Transparency expressed in bytes should be converted to RGBA images
413.9s 247 warnings.warn(
422.3s 248 [stage1] E01 | tr 1.4403/0.4445 | vl 1.2932/0.5682
423.2s 249 /usr/local/lib/python3.12/dist-packages/PIL/Image.py:1047: UserWarning: Palette images with Transparency expressed in bytes should be converted to RGBA images
423.2s 250 warnings.warn(
423.2s 251 
423.2s 252 /usr/local/lib/python3.12/dist-packages/PIL/Image.py:1047: UserWarning: Palette images with Transparency expressed in bytes should be converted to RGBA images
423.2s 253 warnings.warn(
438.2s 254 [stage1] E02 | tr 1.1874/0.6373 | vl 1.1286/0.6298
443.3s 255 /usr/local/lib/python3.12/dist-packages/PIL/Image.py:1047: UserWarning: Palette images with Transparency expressed in bytes should be converted to RGBA images
443.3s 256 warnings.warn(
443.3s 257 
443.3s 258 /usr/local/lib/python3.12/dist-packages/PIL/Image.py:1047: UserWarning: Palette images with Transparency expressed in bytes should be converted to RGBA images
443.3s 259 warnings.warn(
447.8s 260 /usr/local/lib/python3.12/dist-packages/PIL/Image.py:1047: UserWarning: Palette images with Transparency expressed in bytes should be converted to RGBA images
447.8s 261 warnings.warn(
447.8s 262 
447.8s 263 /usr/local/lib/python3.12/dist-packages/PIL/Image.py:1047: UserWarning: Palette images with Transparency expressed in bytes should be converted to RGBA images
447.8s 264 warnings.warn(
453.7s 265 [stage1] E03 | tr 1.0290/0.6942 | vl 1.0303/0.6680
463.2s 266 /usr/local/lib/python3.12/dist-packages/PIL/Image.py:1047: UserWarning: Palette images with Transparency expressed in bytes should be converted to RGBA images
463.2s 267 warnings.warn(
463.2s 268 
463.2s 269 /usr/local/lib/python3.12/dist-packages/PIL/Image.py:1047: UserWarning: Palette images with Transparency expressed in bytes should be converted to RGBA images
463.2s 270 warnings.warn(
466.4s 271 /usr/local/lib/python3.12/dist-packages/PIL/Image.py:1047: UserWarning: Palette images with Transparency expressed in bytes should be converted to RGBA images
466.4s 272 warnings.warn(
466.4s 273 
466.4s 274 /usr/local/lib/python3.12/dist-packages/PIL/Image.py:1047: UserWarning: Palette images with Transparency expressed in bytes should be converted to RGBA images
466.4s 275 warnings.warn(
469.0s 276 [stage1] E04 | tr 0.9281/0.7385 | vl 0.9422/0.6840
469.4s 277 /usr/local/lib/python3.12/dist-packages/PIL/Image.py:1047: UserWarning: Palette images with Transparency expressed in bytes should be converted to RGBA images
469.4s 278 warnings.warn(
469.4s 279 
469.4s 280 /usr/local/lib/python3.12/dist-packages/PIL/Image.py:1047: UserWarning: Palette images with Transparency expressed in bytes should be converted to RGBA images
469.4s 281 warnings.warn(
484.2s 282 [stage1] E05 | tr 0.8761/0.7468 | vl 0.9025/0.7329
485.4s 283 /usr/local/lib/python3.12/dist-packages/PIL/Image.py:1047: UserWarning: Palette images with Transparency expressed in bytes should be converted to RGBA images
485.4s 284 warnings.warn(
485.4s 285 
485.4s 286 /usr/local/lib/python3.12/dist-packages/PIL/Image.py:1047: UserWarning: Palette images with Transparency expressed in bytes should be converted to RGBA images
485.4s 287 warnings.warn(
493.0s 288 /usr/local/lib/python3.12/dist-packages/PIL/Image.py:1047: UserWarning: Palette images with Transparency expressed in bytes should be converted to RGBA images
493.0s 289 warnings.warn(
493.0s 290 
493.0s 291 /usr/local/lib/python3.12/dist-packages/PIL/Image.py:1047: UserWarning: Palette images with Transparency expressed in bytes should be converted to RGBA images
493.0s 292 warnings.warn(
499.5s 293 [stage1] E06 | tr 0.8233/0.7568 | vl 0.8650/0.7106
506.3s 294 /usr/local/lib/python3.12/dist-packages/PIL/Image.py:1047: UserWarning: Palette images with Transparency expressed in bytes should be converted to RGBA images
506.3s 295 warnings.warn(
506.3s 296 
506.3s 297 /usr/local/lib/python3.12/dist-packages/PIL/Image.py:1047: UserWarning: Palette images with Transparency expressed in bytes should be converted to RGBA images
506.3s 298 warnings.warn(
506.4s 299 /usr/local/lib/python3.12/dist-packages/PIL/Image.py:1047: UserWarning: Palette images with Transparency expressed in bytes should be converted to RGBA images
506.4s 300 warnings.warn(
506.4s 301 
506.4s 302 /usr/local/lib/python3.12/dist-packages/PIL/Image.py:1047: UserWarning: Palette images with Transparency expressed in bytes should be converted to RGBA images
506.4s 303 warnings.warn(
515.0s 304 [stage1] E07 | tr 0.8040/0.7636 | vl 0.8537/0.7465
516.3s 305 /usr/local/lib/python3.12/dist-packages/PIL/Image.py:1047: UserWarning: Palette images with Transparency expressed in bytes should be converted to RGBA images
516.3s 306 warnings.warn(
516.3s 307 
516.3s 308 /usr/local/lib/python3.12/dist-packages/PIL/Image.py:1047: UserWarning: Palette images with Transparency expressed in bytes should be converted to RGBA images
516.3s 309 warnings.warn(
522.3s 310 /usr/local/lib/python3.12/dist-packages/PIL/Image.py:1047: UserWarning: Palette images with Transparency expressed in bytes should be converted to RGBA images
522.3s 311 warnings.warn(
522.3s 312 
522.3s 313 /usr/local/lib/python3.12/dist-packages/PIL/Image.py:1047: UserWarning: Palette images with Transparency expressed in bytes should be converted to RGBA images
522.3s 314 warnings.warn(
530.3s 315 [stage1] E08 | tr 0.7598/0.7934 | vl 0.8419/0.7480
532.8s 316 /usr/local/lib/python3.12/dist-packages/PIL/Image.py:1047: UserWarning: Palette images with Transparency expressed in bytes should be converted to RGBA images
532.8s 317 warnings.warn(
532.8s 318 
532.8s 319 /usr/local/lib/python3.12/dist-packages/PIL/Image.py:1047: UserWarning: Palette images with Transparency expressed in bytes should be converted to RGBA images
532.8s 320 warnings.warn(
538.7s 321 /usr/local/lib/python3.12/dist-packages/PIL/Image.py:1047: UserWarning: Palette images with Transparency expressed in bytes should be converted to RGBA images
538.7s 322 warnings.warn(
538.7s 323 
538.7s 324 /usr/local/lib/python3.12/dist-packages/PIL/Image.py:1047: UserWarning: Palette images with Transparency expressed in bytes should be converted to RGBA images
538.7s 325 warnings.warn(
546.1s 326 [stage1] E09 | tr 0.7634/0.8045 | vl 0.8399/0.7479
553.2s 327 /usr/local/lib/python3.12/dist-packages/PIL/Image.py:1047: UserWarning: Palette images with Transparency expressed in bytes should be converted to RGBA images
553.2s 328 warnings.warn(
553.2s 329 
553.2s 330 /usr/local/lib/python3.12/dist-packages/PIL/Image.py:1047: UserWarning: Palette images with Transparency expressed in bytes should be converted to RGBA images
553.2s 331 warnings.warn(
554.4s 332 /usr/local/lib/python3.12/dist-packages/PIL/Image.py:1047: UserWarning: Palette images with Transparency expressed in bytes should be converted to RGBA images
554.4s 333 warnings.warn(
554.4s 334 
554.4s 335 /usr/local/lib/python3.12/dist-packages/PIL/Image.py:1047: UserWarning: Palette images with Transparency expressed in bytes should be converted to RGBA images
554.4s 336 warnings.warn(
561.6s 337 [stage1] E10 | tr 0.7613/0.8044 | vl 0.8325/0.7479
561.6s 338 
561.6s 339 =======================================================
561.6s 340 Stage 2 — resnet50  seed=22
561.6s 341 =======================================================
570.8s 342 /usr/local/lib/python3.12/dist-packages/PIL/Image.py:1047: UserWarning: Palette images with Transparency expressed in bytes should be converted to RGBA images
570.8s 343 warnings.warn(
570.8s 344 
570.8s 345 /usr/local/lib/python3.12/dist-packages/PIL/Image.py:1047: UserWarning: Palette images with Transparency expressed in bytes should be converted to RGBA images
570.8s 346 warnings.warn(
572.0s 347 /usr/local/lib/python3.12/dist-packages/PIL/Image.py:1047: UserWarning: Palette images with Transparency expressed in bytes should be converted to RGBA images
572.0s 348 warnings.warn(
572.0s 349 
572.0s 350 /usr/local/lib/python3.12/dist-packages/PIL/Image.py:1047: UserWarning: Palette images with Transparency expressed in bytes should be converted to RGBA images
572.0s 351 warnings.warn(
578.1s 352 [stage2] E01 | tr 0.5622/0.8291 | vl 0.4488/0.8446
585.5s 353 /usr/local/lib/python3.12/dist-packages/PIL/Image.py:1047: UserWarning: Palette images with Transparency expressed in bytes should be converted to RGBA images
585.5s 354 warnings.warn(
585.5s 355 
585.5s 356 /usr/local/lib/python3.12/dist-packages/PIL/Image.py:1047: UserWarning: Palette images with Transparency expressed in bytes should be converted to RGBA images
585.5s 357 warnings.warn(
594.1s 358 [stage2] E02 | tr 0.3108/0.9020 | vl 0.3302/0.9037
596.5s 359 /usr/local/lib/python3.12/dist-packages/PIL/Image.py:1047: UserWarning: Palette images with Transparency expressed in bytes should be converted to RGBA images
596.5s 360 warnings.warn(
596.5s 361 
596.5s 362 /usr/local/lib/python3.12/dist-packages/PIL/Image.py:1047: UserWarning: Palette images with Transparency expressed in bytes should be converted to RGBA images
596.5s 363 warnings.warn(
609.8s 364 [stage2] E03 | tr 0.2193/0.9322 | vl 0.2402/0.9018
613.6s 365 /usr/local/lib/python3.12/dist-packages/PIL/Image.py:1047: UserWarning: Palette images with Transparency expressed in bytes should be converted to RGBA images
613.6s 366 warnings.warn(
613.6s 367 
613.6s 368 /usr/local/lib/python3.12/dist-packages/PIL/Image.py:1047: UserWarning: Palette images with Transparency expressed in bytes should be converted to RGBA images
613.6s 369 warnings.warn(
626.0s 370 [stage2] E04 | tr 0.1594/0.9422 | vl 0.1766/0.9239
628.8s 371 /usr/local/lib/python3.12/dist-packages/PIL/Image.py:1047: UserWarning: Palette images with Transparency expressed in bytes should be converted to RGBA images
628.8s 372 warnings.warn(
628.8s 373 
628.8s 374 /usr/local/lib/python3.12/dist-packages/PIL/Image.py:1047: UserWarning: Palette images with Transparency expressed in bytes should be converted to RGBA images
628.8s 375 warnings.warn(
642.4s 376 [stage2] E05 | tr 0.1263/0.9639 | vl 0.1751/0.9352
642.8s 377 /usr/local/lib/python3.12/dist-packages/PIL/Image.py:1047: UserWarning: Palette images with Transparency expressed in bytes should be converted to RGBA images
642.8s 378 warnings.warn(
642.8s 379 
642.8s 380 /usr/local/lib/python3.12/dist-packages/PIL/Image.py:1047: UserWarning: Palette images with Transparency expressed in bytes should be converted to RGBA images
642.8s 381 warnings.warn(
653.4s 382 /usr/local/lib/python3.12/dist-packages/PIL/Image.py:1047: UserWarning: Palette images with Transparency expressed in bytes should be converted to RGBA images
653.4s 383 warnings.warn(
653.4s 384 
653.4s 385 /usr/local/lib/python3.12/dist-packages/PIL/Image.py:1047: UserWarning: Palette images with Transparency expressed in bytes should be converted to RGBA images
653.4s 386 warnings.warn(
659.0s 387 [stage2] E06 | tr 0.1139/0.9561 | vl 0.1926/0.9148
663.2s 388 /usr/local/lib/python3.12/dist-packages/PIL/Image.py:1047: UserWarning: Palette images with Transparency expressed in bytes should be converted to RGBA images
663.2s 389 warnings.warn(
663.2s 390 
663.2s 391 /usr/local/lib/python3.12/dist-packages/PIL/Image.py:1047: UserWarning: Palette images with Transparency expressed in bytes should be converted to RGBA images
663.2s 392 warnings.warn(
675.4s 393 [stage2] E07 | tr 0.0894/0.9719 | vl 0.1690/0.9360
681.8s 394 /usr/local/lib/python3.12/dist-packages/PIL/Image.py:1047: UserWarning: Palette images with Transparency expressed in bytes should be converted to RGBA images
681.8s 395 warnings.warn(
681.8s 396 
681.8s 397 /usr/local/lib/python3.12/dist-packages/PIL/Image.py:1047: UserWarning: Palette images with Transparency expressed in bytes should be converted to RGBA images
681.8s 398 warnings.warn(
684.9s 399 /usr/local/lib/python3.12/dist-packages/PIL/Image.py:1047: UserWarning: Palette images with Transparency expressed in bytes should be converted to RGBA images
684.9s 400 warnings.warn(
684.9s 401 
684.9s 402 /usr/local/lib/python3.12/dist-packages/PIL/Image.py:1047: UserWarning: Palette images with Transparency expressed in bytes should be converted to RGBA images
684.9s 403 warnings.warn(
691.6s 404 [stage2] E08 | tr 0.0934/0.9718 | vl 0.1589/0.9351
696.7s 405 /usr/local/lib/python3.12/dist-packages/PIL/Image.py:1047: UserWarning: Palette images with Transparency expressed in bytes should be converted to RGBA images
696.7s 406 warnings.warn(
696.7s 407 
696.7s 408 /usr/local/lib/python3.12/dist-packages/PIL/Image.py:1047: UserWarning: Palette images with Transparency expressed in bytes should be converted to RGBA images
696.7s 409 warnings.warn(
707.4s 410 [stage2] E09 | tr 0.0736/0.9797 | vl 0.1470/0.9353
710.3s 411 /usr/local/lib/python3.12/dist-packages/PIL/Image.py:1047: UserWarning: Palette images with Transparency expressed in bytes should be converted to RGBA images
710.3s 412 warnings.warn(
710.3s 413 
710.3s 414 /usr/local/lib/python3.12/dist-packages/PIL/Image.py:1047: UserWarning: Palette images with Transparency expressed in bytes should be converted to RGBA images
710.3s 415 warnings.warn(
723.1s 416 [stage2] E10 | tr 0.0728/0.9765 | vl 0.1393/0.9459
726.2s 417 /usr/local/lib/python3.12/dist-packages/PIL/Image.py:1047: UserWarning: Palette images with Transparency expressed in bytes should be converted to RGBA images
726.2s 418 warnings.warn(
726.2s 419 
726.2s 420 /usr/local/lib/python3.12/dist-packages/PIL/Image.py:1047: UserWarning: Palette images with Transparency expressed in bytes should be converted to RGBA images
726.2s 421 warnings.warn(
739.2s 422 [stage2] E11 | tr 0.0517/0.9859 | vl 0.1466/0.9353
741.4s 423 /usr/local/lib/python3.12/dist-packages/PIL/Image.py:1047: UserWarning: Palette images with Transparency expressed in bytes should be converted to RGBA images
741.4s 424 warnings.warn(
741.4s 425 
741.4s 426 /usr/local/lib/python3.12/dist-packages/PIL/Image.py:1047: UserWarning: Palette images with Transparency expressed in bytes should be converted to RGBA images
741.4s 427 warnings.warn(
755.2s 428 [stage2] E12 | tr 0.0814/0.9639 | vl 0.1640/0.9353
757.6s 429 /usr/local/lib/python3.12/dist-packages/PIL/Image.py:1047: UserWarning: Palette images with Transparency expressed in bytes should be converted to RGBA images
757.6s 430 warnings.warn(
757.6s 431 
757.6s 432 /usr/local/lib/python3.12/dist-packages/PIL/Image.py:1047: UserWarning: Palette images with Transparency expressed in bytes should be converted to RGBA images
757.6s 433 warnings.warn(
769.3s 434 /usr/local/lib/python3.12/dist-packages/PIL/Image.py:1047: UserWarning: Palette images with Transparency expressed in bytes should be converted to RGBA images
769.3s 435 warnings.warn(
769.3s 436 
769.3s 437 /usr/local/lib/python3.12/dist-packages/PIL/Image.py:1047: UserWarning: Palette images with Transparency expressed in bytes should be converted to RGBA images
769.3s 438 warnings.warn(
772.1s 439 [stage2] E13 | tr 0.0614/0.9827 | vl 0.1470/0.9353
773.7s 440 /usr/local/lib/python3.12/dist-packages/PIL/Image.py:1047: UserWarning: Palette images with Transparency expressed in bytes should be converted to RGBA images
773.7s 441 warnings.warn(
773.7s 442 
773.7s 443 /usr/local/lib/python3.12/dist-packages/PIL/Image.py:1047: UserWarning: Palette images with Transparency expressed in bytes should be converted to RGBA images
773.7s 444 warnings.warn(
788.4s 445 [stage2] E14 | tr 0.0572/0.9843 | vl 0.1547/0.9353
791.0s 446 /usr/local/lib/python3.12/dist-packages/PIL/Image.py:1047: UserWarning: Palette images with Transparency expressed in bytes should be converted to RGBA images
791.0s 447 warnings.warn(
791.0s 448 
791.0s 449 /usr/local/lib/python3.12/dist-packages/PIL/Image.py:1047: UserWarning: Palette images with Transparency expressed in bytes should be converted to RGBA images
791.0s 450 warnings.warn(
792.4s 451 /usr/local/lib/python3.12/dist-packages/PIL/Image.py:1047: UserWarning: Palette images with Transparency expressed in bytes should be converted to RGBA images
792.4s 452 warnings.warn(
792.4s 453 
792.4s 454 /usr/local/lib/python3.12/dist-packages/PIL/Image.py:1047: UserWarning: Palette images with Transparency expressed in bytes should be converted to RGBA images
792.4s 455 warnings.warn(
805.0s 456 [stage2] E15 | tr 0.0521/0.9858 | vl 0.1557/0.9353
805.0s 457 Early stopping (patience=5)
805.0s 458 
805.0s 459 Best val F1 → stage1=0.7480  stage2=0.9459  overall=0.9459
809.2s 460 imb_none_resnet50_seed22                      F1macro=0.9046 acc=0.9011 cha_dam_yen R=1.000 P=0.875
809.5s 461 
809.5s 462 =======================================================
809.5s 463 Stage 1 — resnet50  seed=33
809.5s 464 =======================================================
813.5s 465 /usr/local/lib/python3.12/dist-packages/PIL/Image.py:1047: UserWarning: Palette images with Transparency expressed in bytes should be converted to RGBA images
813.5s 466 warnings.warn(
813.5s 467 
813.5s 468 /usr/local/lib/python3.12/dist-packages/PIL/Image.py:1047: UserWarning: Palette images with Transparency expressed in bytes should be converted to RGBA images
813.5s 469 warnings.warn(
821.6s 470 /usr/local/lib/python3.12/dist-packages/PIL/Image.py:1047: UserWarning: Palette images with Transparency expressed in bytes should be converted to RGBA images
821.6s 471 warnings.warn(
821.6s 472 
821.6s 473 /usr/local/lib/python3.12/dist-packages/PIL/Image.py:1047: UserWarning: Palette images with Transparency expressed in bytes should be converted to RGBA images
821.6s 474 warnings.warn(
826.5s 475 [stage1] E01 | tr 1.4725/0.3801 | vl 1.3466/0.6428
828.9s 476 /usr/local/lib/python3.12/dist-packages/PIL/Image.py:1047: UserWarning: Palette images with Transparency expressed in bytes should be converted to RGBA images
828.9s 477 warnings.warn(
828.9s 478 
828.9s 479 /usr/local/lib/python3.12/dist-packages/PIL/Image.py:1047: UserWarning: Palette images with Transparency expressed in bytes should be converted to RGBA images
828.9s 480 warnings.warn(
844.2s 481 [stage1] E02 | tr 1.2097/0.6228 | vl 1.1744/0.6483
849.3s 482 /usr/local/lib/python3.12/dist-packages/PIL/Image.py:1047: UserWarning: Palette images with Transparency expressed in bytes should be converted to RGBA images
849.3s 483 warnings.warn(
849.3s 484 
849.3s 485 /usr/local/lib/python3.12/dist-packages/PIL/Image.py:1047: UserWarning: Palette images with Transparency expressed in bytes should be converted to RGBA images
849.3s 486 warnings.warn(
854.3s 487 /usr/local/lib/python3.12/dist-packages/PIL/Image.py:1047: UserWarning: Palette images with Transparency expressed in bytes should be converted to RGBA images
854.3s 488 warnings.warn(
854.3s 489 
854.3s 490 /usr/local/lib/python3.12/dist-packages/PIL/Image.py:1047: UserWarning: Palette images with Transparency expressed in bytes should be converted to RGBA images
854.3s 491 warnings.warn(
861.2s 492 [stage1] E03 | tr 1.0434/0.6984 | vl 1.0426/0.6961
863.5s 493 /usr/local/lib/python3.12/dist-packages/PIL/Image.py:1047: UserWarning: Palette images with Transparency expressed in bytes should be converted to RGBA images
863.5s 494 warnings.warn(
863.5s 495 
863.5s 496 /usr/local/lib/python3.12/dist-packages/PIL/Image.py:1047: UserWarning: Palette images with Transparency expressed in bytes should be converted to RGBA images
863.5s 497 warnings.warn(
867.7s 498 /usr/local/lib/python3.12/dist-packages/PIL/Image.py:1047: UserWarning: Palette images with Transparency expressed in bytes should be converted to RGBA images
867.7s 499 warnings.warn(
867.7s 500 
867.7s 501 /usr/local/lib/python3.12/dist-packages/PIL/Image.py:1047: UserWarning: Palette images with Transparency expressed in bytes should be converted to RGBA images
867.7s 502 warnings.warn(
878.5s 503 [stage1] E04 | tr 0.9480/0.7280 | vl 0.9709/0.7049
880.8s 504 /usr/local/lib/python3.12/dist-packages/PIL/Image.py:1047: UserWarning: Palette images with Transparency expressed in bytes should be converted to RGBA images
880.8s 505 warnings.warn(
880.8s 506 
880.8s 507 /usr/local/lib/python3.12/dist-packages/PIL/Image.py:1047: UserWarning: Palette images with Transparency expressed in bytes should be converted to RGBA images
880.8s 508 warnings.warn(
881.0s 509 /usr/local/lib/python3.12/dist-packages/PIL/Image.py:1047: UserWarning: Palette images with Transparency expressed in bytes should be converted to RGBA images
881.0s 510 warnings.warn(
881.0s 511 
881.0s 512 /usr/local/lib/python3.12/dist-packages/PIL/Image.py:1047: UserWarning: Palette images with Transparency expressed in bytes should be converted to RGBA images
881.0s 513 warnings.warn(
895.8s 514 [stage1] E05 | tr 0.8819/0.7449 | vl 0.9152/0.7426
901.7s 515 /usr/local/lib/python3.12/dist-packages/PIL/Image.py:1047: UserWarning: Palette images with Transparency expressed in bytes should be converted to RGBA images
901.7s 516 warnings.warn(
901.7s 517 
901.7s 518 /usr/local/lib/python3.12/dist-packages/PIL/Image.py:1047: UserWarning: Palette images with Transparency expressed in bytes should be converted to RGBA images
901.7s 519 warnings.warn(
913.1s 520 [stage1] E06 | tr 0.8293/0.7753 | vl 0.8850/0.7428
921.7s 521 /usr/local/lib/python3.12/dist-packages/PIL/Image.py:1047: UserWarning: Palette images with Transparency expressed in bytes should be converted to RGBA images
921.7s 522 warnings.warn(
921.7s 523 
921.7s 524 /usr/local/lib/python3.12/dist-packages/PIL/Image.py:1047: UserWarning: Palette images with Transparency expressed in bytes should be converted to RGBA images
921.7s 525 warnings.warn(
929.9s 526 [stage1] E07 | tr 0.8205/0.7782 | vl 0.8617/0.7309
937.7s 527 /usr/local/lib/python3.12/dist-packages/PIL/Image.py:1047: UserWarning: Palette images with Transparency expressed in bytes should be converted to RGBA images
937.7s 528 warnings.warn(
937.7s 529 
937.7s 530 /usr/local/lib/python3.12/dist-packages/PIL/Image.py:1047: UserWarning: Palette images with Transparency expressed in bytes should be converted to RGBA images
937.7s 531 warnings.warn(
946.6s 532 [stage1] E08 | tr 0.7690/0.7960 | vl 0.8465/0.7426
950.1s 533 /usr/local/lib/python3.12/dist-packages/PIL/Image.py:1047: UserWarning: Palette images with Transparency expressed in bytes should be converted to RGBA images
950.1s 534 warnings.warn(
950.1s 535 
950.1s 536 /usr/local/lib/python3.12/dist-packages/PIL/Image.py:1047: UserWarning: Palette images with Transparency expressed in bytes should be converted to RGBA images
950.1s 537 warnings.warn(
963.5s 538 [stage1] E09 | tr 0.7554/0.7899 | vl 0.8441/0.7426
977.4s 539 /usr/local/lib/python3.12/dist-packages/PIL/Image.py:1047: UserWarning: Palette images with Transparency expressed in bytes should be converted to RGBA images
977.4s 540 warnings.warn(
977.4s 541 
977.4s 542 /usr/local/lib/python3.12/dist-packages/PIL/Image.py:1047: UserWarning: Palette images with Transparency expressed in bytes should be converted to RGBA images
977.4s 543 warnings.warn(
980.4s 544 [stage1] E10 | tr 0.7735/0.7745 | vl 0.8430/0.7531
980.5s 545 
980.5s 546 =======================================================
980.5s 547 Stage 2 — resnet50  seed=33
980.5s 548 =======================================================
989.0s 549 /usr/local/lib/python3.12/dist-packages/PIL/Image.py:1047: UserWarning: Palette images with Transparency expressed in bytes should be converted to RGBA images
989.0s 550 warnings.warn(
989.0s 551 
989.0s 552 /usr/local/lib/python3.12/dist-packages/PIL/Image.py:1047: UserWarning: Palette images with Transparency expressed in bytes should be converted to RGBA images
989.0s 553 warnings.warn(
997.3s 554 [stage2] E01 | tr 0.5739/0.8081 | vl 0.4267/0.8559
997.6s 555 /usr/local/lib/python3.12/dist-packages/PIL/Image.py:1047: UserWarning: Palette images with Transparency expressed in bytes should be converted to RGBA images
997.6s 556 warnings.warn(
997.6s 557 
997.6s 558 /usr/local/lib/python3.12/dist-packages/PIL/Image.py:1047: UserWarning: Palette images with Transparency expressed in bytes should be converted to RGBA images
997.6s 559 warnings.warn(
1004.1s 560 /usr/local/lib/python3.12/dist-packages/PIL/Image.py:1047: UserWarning: Palette images with Transparency expressed in bytes should be converted to RGBA images
1004.1s 561 warnings.warn(
1004.1s 562 
1004.1s 563 /usr/local/lib/python3.12/dist-packages/PIL/Image.py:1047: UserWarning: Palette images with Transparency expressed in bytes should be converted to RGBA images
1004.1s 564 warnings.warn(
1014.1s 565 [stage2] E02 | tr 0.3211/0.8919 | vl 0.3095/0.8812
1021.9s 566 /usr/local/lib/python3.12/dist-packages/PIL/Image.py:1047: UserWarning: Palette images with Transparency expressed in bytes should be converted to RGBA images
1021.9s 567 warnings.warn(
1021.9s 568 
1021.9s 569 /usr/local/lib/python3.12/dist-packages/PIL/Image.py:1047: UserWarning: Palette images with Transparency expressed in bytes should be converted to RGBA images
1021.9s 570 warnings.warn(
1030.8s 571 [stage2] E03 | tr 0.1950/0.9340 | vl 0.2213/0.9041
1041.2s 572 /usr/local/lib/python3.12/dist-packages/PIL/Image.py:1047: UserWarning: Palette images with Transparency expressed in bytes should be converted to RGBA images
1041.2s 573 warnings.warn(
1041.2s 574 
1041.2s 575 /usr/local/lib/python3.12/dist-packages/PIL/Image.py:1047: UserWarning: Palette images with Transparency expressed in bytes should be converted to RGBA images
1041.2s 576 warnings.warn(
1044.1s 577 /usr/local/lib/python3.12/dist-packages/PIL/Image.py:1047: UserWarning: Palette images with Transparency expressed in bytes should be converted to RGBA images
1044.1s 578 warnings.warn(
1044.1s 579 
1044.1s 580 /usr/local/lib/python3.12/dist-packages/PIL/Image.py:1047: UserWarning: Palette images with Transparency expressed in bytes should be converted to RGBA images
1044.1s 581 warnings.warn(
1047.8s 582 [stage2] E04 | tr 0.1495/0.9622 | vl 0.2035/0.9239
1052.8s 583 /usr/local/lib/python3.12/dist-packages/PIL/Image.py:1047: UserWarning: Palette images with Transparency expressed in bytes should be converted to RGBA images
1052.8s 584 warnings.warn(
1052.8s 585 
1052.8s 586 /usr/local/lib/python3.12/dist-packages/PIL/Image.py:1047: UserWarning: Palette images with Transparency expressed in bytes should be converted to RGBA images
1052.8s 587 warnings.warn(
1058.4s 588 /usr/local/lib/python3.12/dist-packages/PIL/Image.py:1047: UserWarning: Palette images with Transparency expressed in bytes should be converted to RGBA images
1058.4s 589 warnings.warn(
1058.4s 590 
1058.4s 591 /usr/local/lib/python3.12/dist-packages/PIL/Image.py:1047: UserWarning: Palette images with Transparency expressed in bytes should be converted to RGBA images
1058.4s 592 warnings.warn(
1064.8s 593 [stage2] E05 | tr 0.1486/0.9498 | vl 0.1710/0.9239
1069.2s 594 /usr/local/lib/python3.12/dist-packages/PIL/Image.py:1047: UserWarning: Palette images with Transparency expressed in bytes should be converted to RGBA images
1069.2s 595 warnings.warn(
1069.2s 596 
1069.2s 597 /usr/local/lib/python3.12/dist-packages/PIL/Image.py:1047: UserWarning: Palette images with Transparency expressed in bytes should be converted to RGBA images
1069.2s 598 warnings.warn(
1081.7s 599 [stage2] E06 | tr 0.0852/0.9749 | vl 0.1764/0.9138
1087.0s 600 /usr/local/lib/python3.12/dist-packages/PIL/Image.py:1047: UserWarning: Palette images with Transparency expressed in bytes should be converted to RGBA images
1087.0s 601 warnings.warn(
1087.0s 602 
1087.0s 603 /usr/local/lib/python3.12/dist-packages/PIL/Image.py:1047: UserWarning: Palette images with Transparency expressed in bytes should be converted to RGBA images
1087.0s 604 warnings.warn(
1099.1s 605 [stage2] E07 | tr 0.1030/0.9639 | vl 0.1664/0.9132
1102.6s 606 /usr/local/lib/python3.12/dist-packages/PIL/Image.py:1047: UserWarning: Palette images with Transparency expressed in bytes should be converted to RGBA images
1102.6s 607 warnings.warn(
1102.6s 608 
1102.6s 609 /usr/local/lib/python3.12/dist-packages/PIL/Image.py:1047: UserWarning: Palette images with Transparency expressed in bytes should be converted to RGBA images
1102.6s 610 warnings.warn(
1104.5s 611 /usr/local/lib/python3.12/dist-packages/PIL/Image.py:1047: UserWarning: Palette images with Transparency expressed in bytes should be converted to RGBA images
1104.5s 612 warnings.warn(
1104.5s 613 
1104.5s 614 /usr/local/lib/python3.12/dist-packages/PIL/Image.py:1047: UserWarning: Palette images with Transparency expressed in bytes should be converted to RGBA images
1104.5s 615 warnings.warn(
1116.0s 616 [stage2] E08 | tr 0.1028/0.9622 | vl 0.1609/0.9349
1118.5s 617 /usr/local/lib/python3.12/dist-packages/PIL/Image.py:1047: UserWarning: Palette images with Transparency expressed in bytes should be converted to RGBA images
1118.5s 618 warnings.warn(
1118.5s 619 
1118.5s 620 /usr/local/lib/python3.12/dist-packages/PIL/Image.py:1047: UserWarning: Palette images with Transparency expressed in bytes should be converted to RGBA images
1118.5s 621 warnings.warn(
1132.8s 622 [stage2] E09 | tr 0.0851/0.9717 | vl 0.1471/0.9350
1137.3s 623 /usr/local/lib/python3.12/dist-packages/PIL/Image.py:1047: UserWarning: Palette images with Transparency expressed in bytes should be converted to RGBA images
1137.3s 624 warnings.warn(
1137.3s 625 
1137.3s 626 /usr/local/lib/python3.12/dist-packages/PIL/Image.py:1047: UserWarning: Palette images with Transparency expressed in bytes should be converted to RGBA images
1137.3s 627 warnings.warn(
1149.6s 628 [stage2] E10 | tr 0.0817/0.9734 | vl 0.1488/0.9460
1152.3s 629 /usr/local/lib/python3.12/dist-packages/PIL/Image.py:1047: UserWarning: Palette images with Transparency expressed in bytes should be converted to RGBA images
1152.3s 630 warnings.warn(
1152.3s 631 
1152.3s 632 /usr/local/lib/python3.12/dist-packages/PIL/Image.py:1047: UserWarning: Palette images with Transparency expressed in bytes should be converted to RGBA images
1152.3s 633 warnings.warn(
1165.8s 634 [stage2] E11 | tr 0.0576/0.9812 | vl 0.1604/0.9355
1168.1s 635 /usr/local/lib/python3.12/dist-packages/PIL/Image.py:1047: UserWarning: Palette images with Transparency expressed in bytes should be converted to RGBA images
1168.1s 636 warnings.warn(
1168.1s 637 
1168.1s 638 /usr/local/lib/python3.12/dist-packages/PIL/Image.py:1047: UserWarning: Palette images with Transparency expressed in bytes should be converted to RGBA images
1168.1s 639 warnings.warn(
1171.1s 640 /usr/local/lib/python3.12/dist-packages/PIL/Image.py:1047: UserWarning: Palette images with Transparency expressed in bytes should be converted to RGBA images
1171.1s 641 warnings.warn(
1171.1s 642 
1171.1s 643 /usr/local/lib/python3.12/dist-packages/PIL/Image.py:1047: UserWarning: Palette images with Transparency expressed in bytes should be converted to RGBA images
1171.1s 644 warnings.warn(
1182.8s 645 [stage2] E12 | tr 0.0591/0.9859 | vl 0.1535/0.9440
1184.9s 646 /usr/local/lib/python3.12/dist-packages/PIL/Image.py:1047: UserWarning: Palette images with Transparency expressed in bytes should be converted to RGBA images
1184.9s 647 warnings.warn(
1184.9s 648 
1184.9s 649 /usr/local/lib/python3.12/dist-packages/PIL/Image.py:1047: UserWarning: Palette images with Transparency expressed in bytes should be converted to RGBA images
1184.9s 650 warnings.warn(
1184.9s 651 /usr/local/lib/python3.12/dist-packages/PIL/Image.py:1047: UserWarning: Palette images with Transparency expressed in bytes should be converted to RGBA images
1184.9s 652 warnings.warn(
1184.9s 653 
1184.9s 654 /usr/local/lib/python3.12/dist-packages/PIL/Image.py:1047: UserWarning: Palette images with Transparency expressed in bytes should be converted to RGBA images
1184.9s 655 warnings.warn(
1200.3s 656 [stage2] E13 | tr 0.0482/0.9906 | vl 0.1487/0.9560
1210.3s 657 /usr/local/lib/python3.12/dist-packages/PIL/Image.py:1047: UserWarning: Palette images with Transparency expressed in bytes should be converted to RGBA images
1210.3s 658 warnings.warn(
1210.3s 659 
1210.3s 660 /usr/local/lib/python3.12/dist-packages/PIL/Image.py:1047: UserWarning: Palette images with Transparency expressed in bytes should be converted to RGBA images
1210.3s 661 warnings.warn(
1212.5s 662 /usr/local/lib/python3.12/dist-packages/PIL/Image.py:1047: UserWarning: Palette images with Transparency expressed in bytes should be converted to RGBA images
1212.5s 663 warnings.warn(
1212.5s 664 
1212.5s 665 /usr/local/lib/python3.12/dist-packages/PIL/Image.py:1047: UserWarning: Palette images with Transparency expressed in bytes should be converted to RGBA images
1212.5s 666 warnings.warn(
1217.0s 667 [stage2] E14 | tr 0.0534/0.9874 | vl 0.1455/0.9452
1221.6s 668 /usr/local/lib/python3.12/dist-packages/PIL/Image.py:1047: UserWarning: Palette images with Transparency expressed in bytes should be converted to RGBA images
1221.6s 669 warnings.warn(
1221.6s 670 
1221.6s 671 /usr/local/lib/python3.12/dist-packages/PIL/Image.py:1047: UserWarning: Palette images with Transparency expressed in bytes should be converted to RGBA images
1221.6s 672 warnings.warn(
1234.0s 673 [stage2] E15 | tr 0.0403/0.9937 | vl 0.1518/0.9560
1234.0s 674 
1234.0s 675 Best val F1 → stage1=0.7531  stage2=0.9560  overall=0.9560
1238.5s 676 imb_none_resnet50_seed33                      F1macro=0.9193 acc=0.9176 cha_dam_yen R=1.000 P=0.875
1238.8s 677 
1238.8s 678 =======================================================
1238.8s 679 Stage 1 — resnet50  seed=44
1238.8s 680 =======================================================
1240.2s 681 /usr/local/lib/python3.12/dist-packages/PIL/Image.py:1047: UserWarning: Palette images with Transparency expressed in bytes should be converted to RGBA images
1240.2s 682 warnings.warn(
1240.2s 683 
1240.2s 684 /usr/local/lib/python3.12/dist-packages/PIL/Image.py:1047: UserWarning: Palette images with Transparency expressed in bytes should be converted to RGBA images
1240.2s 685 warnings.warn(
1242.1s 686 /usr/local/lib/python3.12/dist-packages/PIL/Image.py:1047: UserWarning: Palette images with Transparency expressed in bytes should be converted to RGBA images
1242.1s 687 warnings.warn(
1242.1s 688 
1242.1s 689 /usr/local/lib/python3.12/dist-packages/PIL/Image.py:1047: UserWarning: Palette images with Transparency expressed in bytes should be converted to RGBA images
1242.1s 690 warnings.warn(
1255.5s 691 [stage1] E01 | tr 1.4630/0.3538 | vl 1.3351/0.5723
1264.5s 692 /usr/local/lib/python3.12/dist-packages/PIL/Image.py:1047: UserWarning: Palette images with Transparency expressed in bytes should be converted to RGBA images
1264.5s 693 warnings.warn(
1264.5s 694 
1264.5s 695 /usr/local/lib/python3.12/dist-packages/PIL/Image.py:1047: UserWarning: Palette images with Transparency expressed in bytes should be converted to RGBA images
1264.5s 696 warnings.warn(
1272.0s 697 [stage1] E02 | tr 1.2091/0.6356 | vl 1.1667/0.6641
1276.7s 698 /usr/local/lib/python3.12/dist-packages/PIL/Image.py:1047: UserWarning: Palette images with Transparency expressed in bytes should be converted to RGBA images
1276.7s 699 warnings.warn(
1276.7s 700 
1276.7s 701 /usr/local/lib/python3.12/dist-packages/PIL/Image.py:1047: UserWarning: Palette images with Transparency expressed in bytes should be converted to RGBA images
1276.7s 702 warnings.warn(
1280.9s 703 /usr/local/lib/python3.12/dist-packages/PIL/Image.py:1047: UserWarning: Palette images with Transparency expressed in bytes should be converted to RGBA images
1280.9s 704 warnings.warn(
1280.9s 705 
1280.9s 706 /usr/local/lib/python3.12/dist-packages/PIL/Image.py:1047: UserWarning: Palette images with Transparency expressed in bytes should be converted to RGBA images
1280.9s 707 warnings.warn(
1288.7s 708 [stage1] E03 | tr 1.0534/0.6707 | vl 1.0458/0.6864
1294.4s 709 /usr/local/lib/python3.12/dist-packages/PIL/Image.py:1047: UserWarning: Palette images with Transparency expressed in bytes should be converted to RGBA images
1294.4s 710 warnings.warn(
1294.4s 711 
1294.4s 712 /usr/local/lib/python3.12/dist-packages/PIL/Image.py:1047: UserWarning: Palette images with Transparency expressed in bytes should be converted to RGBA images
1294.4s 713 warnings.warn(
1305.8s 714 [stage1] E04 | tr 0.9441/0.7223 | vl 0.9796/0.7158
1317.0s 715 /usr/local/lib/python3.12/dist-packages/PIL/Image.py:1047: UserWarning: Palette images with Transparency expressed in bytes should be converted to RGBA images
1317.0s 716 warnings.warn(
1317.0s 717 
1317.0s 718 /usr/local/lib/python3.12/dist-packages/PIL/Image.py:1047: UserWarning: Palette images with Transparency expressed in bytes should be converted to RGBA images
1317.0s 719 warnings.warn(
1317.7s 720 /usr/local/lib/python3.12/dist-packages/PIL/Image.py:1047: UserWarning: Palette images with Transparency expressed in bytes should be converted to RGBA images
1317.7s 721 warnings.warn(
1317.7s 722 
1317.7s 723 /usr/local/lib/python3.12/dist-packages/PIL/Image.py:1047: UserWarning: Palette images with Transparency expressed in bytes should be converted to RGBA images
1317.7s 724 warnings.warn(
1322.2s 725 [stage1] E05 | tr 0.8919/0.7635 | vl 0.9347/0.7114
1326.5s 726 /usr/local/lib/python3.12/dist-packages/PIL/Image.py:1047: UserWarning: Palette images with Transparency expressed in bytes should be converted to RGBA images
1326.5s 727 warnings.warn(
1326.5s 728 
1326.5s 729 /usr/local/lib/python3.12/dist-packages/PIL/Image.py:1047: UserWarning: Palette images with Transparency expressed in bytes should be converted to RGBA images
1326.5s 730 warnings.warn(
1339.3s 731 [stage1] E06 | tr 0.8482/0.7694 | vl 0.8970/0.7226
1351.8s 732 /usr/local/lib/python3.12/dist-packages/PIL/Image.py:1047: UserWarning: Palette images with Transparency expressed in bytes should be converted to RGBA images
1351.8s 733 warnings.warn(
1351.8s 734 
1351.8s 735 /usr/local/lib/python3.12/dist-packages/PIL/Image.py:1047: UserWarning: Palette images with Transparency expressed in bytes should be converted to RGBA images
1351.8s 736 warnings.warn(
1352.6s 737 /usr/local/lib/python3.12/dist-packages/PIL/Image.py:1047: UserWarning: Palette images with Transparency expressed in bytes should be converted to RGBA images
1352.6s 738 warnings.warn(
1352.6s 739 
1352.6s 740 /usr/local/lib/python3.12/dist-packages/PIL/Image.py:1047: UserWarning: Palette images with Transparency expressed in bytes should be converted to RGBA images
1352.6s 741 warnings.warn(
1356.4s 742 [stage1] E07 | tr 0.7899/0.7915 | vl 0.8753/0.7332
1364.6s 743 /usr/local/lib/python3.12/dist-packages/PIL/Image.py:1047: UserWarning: Palette images with Transparency expressed in bytes should be converted to RGBA images
1364.6s 744 warnings.warn(
1364.6s 745 
1364.6s 746 /usr/local/lib/python3.12/dist-packages/PIL/Image.py:1047: UserWarning: Palette images with Transparency expressed in bytes should be converted to RGBA images
1364.6s 747 warnings.warn(
1364.7s 748 /usr/local/lib/python3.12/dist-packages/PIL/Image.py:1047: UserWarning: Palette images with Transparency expressed in bytes should be converted to RGBA images
1364.7s 749 warnings.warn(
1364.7s 750 
1364.7s 751 /usr/local/lib/python3.12/dist-packages/PIL/Image.py:1047: UserWarning: Palette images with Transparency expressed in bytes should be converted to RGBA images
1364.7s 752 warnings.warn(
1373.1s 753 [stage1] E08 | tr 0.7531/0.8049 | vl 0.8611/0.7332
1374.8s 754 /usr/local/lib/python3.12/dist-packages/PIL/Image.py:1047: UserWarning: Palette images with Transparency expressed in bytes should be converted to RGBA images
1374.8s 755 warnings.warn(
1374.8s 756 
1374.8s 757 /usr/local/lib/python3.12/dist-packages/PIL/Image.py:1047: UserWarning: Palette images with Transparency expressed in bytes should be converted to RGBA images
1374.8s 758 warnings.warn(
1383.9s 759 /usr/local/lib/python3.12/dist-packages/PIL/Image.py:1047: UserWarning: Palette images with Transparency expressed in bytes should be converted to RGBA images
1383.9s 760 warnings.warn(
1383.9s 761 
1383.9s 762 /usr/local/lib/python3.12/dist-packages/PIL/Image.py:1047: UserWarning: Palette images with Transparency expressed in bytes should be converted to RGBA images
1383.9s 763 warnings.warn(
1389.5s 764 [stage1] E09 | tr 0.7674/0.7972 | vl 0.8578/0.7470
1390.2s 765 /usr/local/lib/python3.12/dist-packages/PIL/Image.py:1047: UserWarning: Palette images with Transparency expressed in bytes should be converted to RGBA images
1390.2s 766 warnings.warn(
1390.2s 767 
1390.2s 768 /usr/local/lib/python3.12/dist-packages/PIL/Image.py:1047: UserWarning: Palette images with Transparency expressed in bytes should be converted to RGBA images
1390.2s 769 warnings.warn(
1403.0s 770 /usr/local/lib/python3.12/dist-packages/PIL/Image.py:1047: UserWarning: Palette images with Transparency expressed in bytes should be converted to RGBA images
1403.0s 771 warnings.warn(
1403.0s 772 
1403.0s 773 /usr/local/lib/python3.12/dist-packages/PIL/Image.py:1047: UserWarning: Palette images with Transparency expressed in bytes should be converted to RGBA images
1403.0s 774 warnings.warn(
1406.0s 775 [stage1] E10 | tr 0.7775/0.7852 | vl 0.8560/0.7332
1406.0s 776 
1406.0s 777 =======================================================
1406.0s 778 Stage 2 — resnet50  seed=44
1406.0s 779 =======================================================
1407.3s 780 /usr/local/lib/python3.12/dist-packages/PIL/Image.py:1047: UserWarning: Palette images with Transparency expressed in bytes should be converted to RGBA images
1407.3s 781 warnings.warn(
1407.3s 782 
1407.3s 783 /usr/local/lib/python3.12/dist-packages/PIL/Image.py:1047: UserWarning: Palette images with Transparency expressed in bytes should be converted to RGBA images
1407.3s 784 warnings.warn(
1417.0s 785 /usr/local/lib/python3.12/dist-packages/PIL/Image.py:1047: UserWarning: Palette images with Transparency expressed in bytes should be converted to RGBA images
1417.0s 786 warnings.warn(
1417.0s 787 
1417.0s 788 /usr/local/lib/python3.12/dist-packages/PIL/Image.py:1047: UserWarning: Palette images with Transparency expressed in bytes should be converted to RGBA images
1417.0s 789 warnings.warn(
1422.8s 790 [stage2] E01 | tr 0.5852/0.8101 | vl 0.4643/0.8349
1427.1s 791 /usr/local/lib/python3.12/dist-packages/PIL/Image.py:1047: UserWarning: Palette images with Transparency expressed in bytes should be converted to RGBA images
1427.1s 792 warnings.warn(
1427.1s 793 
1427.1s 794 /usr/local/lib/python3.12/dist-packages/PIL/Image.py:1047: UserWarning: Palette images with Transparency expressed in bytes should be converted to RGBA images
1427.1s 795 warnings.warn(
1439.5s 796 [stage2] E02 | tr 0.3074/0.9047 | vl 0.3243/0.8927
1446.2s 797 /usr/local/lib/python3.12/dist-packages/PIL/Image.py:1047: UserWarning: Palette images with Transparency expressed in bytes should be converted to RGBA images
1446.2s 798 warnings.warn(
1446.2s 799 
1446.2s 800 /usr/local/lib/python3.12/dist-packages/PIL/Image.py:1047: UserWarning: Palette images with Transparency expressed in bytes should be converted to RGBA images
1446.2s 801 warnings.warn(
1456.9s 802 [stage2] E03 | tr 0.1998/0.9354 | vl 0.2396/0.9029
1466.5s 803 /usr/local/lib/python3.12/dist-packages/PIL/Image.py:1047: UserWarning: Palette images with Transparency expressed in bytes should be converted to RGBA images
1466.5s 804 warnings.warn(
1466.5s 805 
1466.5s 806 /usr/local/lib/python3.12/dist-packages/PIL/Image.py:1047: UserWarning: Palette images with Transparency expressed in bytes should be converted to RGBA images
1466.5s 807 warnings.warn(
1470.0s 808 /usr/local/lib/python3.12/dist-packages/PIL/Image.py:1047: UserWarning: Palette images with Transparency expressed in bytes should be converted to RGBA images
1470.0s 809 warnings.warn(
1470.0s 810 
1470.0s 811 /usr/local/lib/python3.12/dist-packages/PIL/Image.py:1047: UserWarning: Palette images with Transparency expressed in bytes should be converted to RGBA images
1470.0s 812 warnings.warn(
1473.6s 813 [stage2] E04 | tr 0.1504/0.9419 | vl 0.1996/0.9333
1476.2s 814 /usr/local/lib/python3.12/dist-packages/PIL/Image.py:1047: UserWarning: Palette images with Transparency expressed in bytes should be converted to RGBA images
1476.2s 815 warnings.warn(
1476.2s 816 
1476.2s 817 /usr/local/lib/python3.12/dist-packages/PIL/Image.py:1047: UserWarning: Palette images with Transparency expressed in bytes should be converted to RGBA images
1476.2s 818 warnings.warn(
1490.6s 819 [stage2] E05 | tr 0.1269/0.9592 | vl 0.2125/0.9128
1498.2s 820 /usr/local/lib/python3.12/dist-packages/PIL/Image.py:1047: UserWarning: Palette images with Transparency expressed in bytes should be converted to RGBA images
1498.2s 821 warnings.warn(
1498.2s 822 
1498.2s 823 /usr/local/lib/python3.12/dist-packages/PIL/Image.py:1047: UserWarning: Palette images with Transparency expressed in bytes should be converted to RGBA images
1498.2s 824 warnings.warn(
1507.8s 825 [stage2] E06 | tr 0.1074/0.9595 | vl 0.1961/0.9124
1509.9s 826 /usr/local/lib/python3.12/dist-packages/PIL/Image.py:1047: UserWarning: Palette images with Transparency expressed in bytes should be converted to RGBA images
1509.9s 827 warnings.warn(
1509.9s 828 
1509.9s 829 /usr/local/lib/python3.12/dist-packages/PIL/Image.py:1047: UserWarning: Palette images with Transparency expressed in bytes should be converted to RGBA images
1509.9s 830 warnings.warn(
1515.1s 831 /usr/local/lib/python3.12/dist-packages/PIL/Image.py:1047: UserWarning: Palette images with Transparency expressed in bytes should be converted to RGBA images
1515.1s 832 warnings.warn(
1515.1s 833 
1515.1s 834 /usr/local/lib/python3.12/dist-packages/PIL/Image.py:1047: UserWarning: Palette images with Transparency expressed in bytes should be converted to RGBA images
1515.1s 835 warnings.warn(
1524.5s 836 [stage2] E07 | tr 0.0876/0.9764 | vl 0.2022/0.9121
1530.8s 837 /usr/local/lib/python3.12/dist-packages/PIL/Image.py:1047: UserWarning: Palette images with Transparency expressed in bytes should be converted to RGBA images
1530.8s 838 warnings.warn(
1530.8s 839 
1530.8s 840 /usr/local/lib/python3.12/dist-packages/PIL/Image.py:1047: UserWarning: Palette images with Transparency expressed in bytes should be converted to RGBA images
1530.8s 841 warnings.warn(
1541.3s 842 [stage2] E08 | tr 0.0814/0.9764 | vl 0.2006/0.8912
1549.2s 843 /usr/local/lib/python3.12/dist-packages/PIL/Image.py:1047: UserWarning: Palette images with Transparency expressed in bytes should be converted to RGBA images
1549.2s 844 warnings.warn(
1549.2s 845 
1549.2s 846 /usr/local/lib/python3.12/dist-packages/PIL/Image.py:1047: UserWarning: Palette images with Transparency expressed in bytes should be converted to RGBA images
1549.2s 847 warnings.warn(
1558.1s 848 [stage2] E09 | tr 0.0682/0.9781 | vl 0.1818/0.9139
1558.1s 849 Early stopping (patience=5)
1558.1s 850 
1558.1s 851 Best val F1 → stage1=0.7470  stage2=0.9333  overall=0.9333
1562.5s 852 imb_none_resnet50_seed44                      F1macro=0.9049 acc=0.9176 cha_dam_yen R=0.857 P=0.800
1562.8s 853 
1562.8s 854 =======================================================
1562.8s 855 Stage 1 — resnet50  seed=55
1562.8s 856 =======================================================
1564.1s 857 /usr/local/lib/python3.12/dist-packages/PIL/Image.py:1047: UserWarning: Palette images with Transparency expressed in bytes should be converted to RGBA images
1564.1s 858 warnings.warn(
1564.1s 859 
1564.1s 860 /usr/local/lib/python3.12/dist-packages/PIL/Image.py:1047: UserWarning: Palette images with Transparency expressed in bytes should be converted to RGBA images
1564.1s 861 warnings.warn(
1579.3s 862 [stage1] E01 | tr 1.4578/0.4214 | vl 1.3416/0.5380
1581.9s 863 /usr/local/lib/python3.12/dist-packages/PIL/Image.py:1047: UserWarning: Palette images with Transparency expressed in bytes should be converted to RGBA images
1581.9s 864 warnings.warn(
1581.9s 865 
1581.9s 866 /usr/local/lib/python3.12/dist-packages/PIL/Image.py:1047: UserWarning: Palette images with Transparency expressed in bytes should be converted to RGBA images
1581.9s 867 warnings.warn(
1596.4s 868 [stage1] E02 | tr 1.2082/0.5880 | vl 1.1688/0.6531
1607.5s 869 /usr/local/lib/python3.12/dist-packages/PIL/Image.py:1047: UserWarning: Palette images with Transparency expressed in bytes should be converted to RGBA images
1607.5s 870 warnings.warn(
1607.5s 871 
1607.5s 872 /usr/local/lib/python3.12/dist-packages/PIL/Image.py:1047: UserWarning: Palette images with Transparency expressed in bytes should be converted to RGBA images
1607.5s 873 warnings.warn(
1613.5s 874 [stage1] E03 | tr 1.0391/0.6873 | vl 1.0532/0.6958
1621.3s 875 /usr/local/lib/python3.12/dist-packages/PIL/Image.py:1047: UserWarning: Palette images with Transparency expressed in bytes should be converted to RGBA images
1621.3s 876 warnings.warn(
1621.3s 877 
1621.3s 878 /usr/local/lib/python3.12/dist-packages/PIL/Image.py:1047: UserWarning: Palette images with Transparency expressed in bytes should be converted to RGBA images
1621.3s 879 warnings.warn(
1625.6s 880 /usr/local/lib/python3.12/dist-packages/PIL/Image.py:1047: UserWarning: Palette images with Transparency expressed in bytes should be converted to RGBA images
1625.6s 881 warnings.warn(
1625.6s 882 
1625.6s 883 /usr/local/lib/python3.12/dist-packages/PIL/Image.py:1047: UserWarning: Palette images with Transparency expressed in bytes should be converted to RGBA images
1625.6s 884 warnings.warn(
1630.1s 885 [stage1] E04 | tr 0.9363/0.7507 | vl 0.9802/0.7385
1632.8s 886 /usr/local/lib/python3.12/dist-packages/PIL/Image.py:1047: UserWarning: Palette images with Transparency expressed in bytes should be converted to RGBA images
1632.8s 887 warnings.warn(
1632.8s 888 
1632.8s 889 /usr/local/lib/python3.12/dist-packages/PIL/Image.py:1047: UserWarning: Palette images with Transparency expressed in bytes should be converted to RGBA images
1632.8s 890 warnings.warn(
1646.5s 891 [stage1] E05 | tr 0.8714/0.7522 | vl 0.9231/0.7138
1648.6s 892 /usr/local/lib/python3.12/dist-packages/PIL/Image.py:1047: UserWarning: Palette images with Transparency expressed in bytes should be converted to RGBA images
1648.6s 893 warnings.warn(
1648.6s 894 
1648.6s 895 /usr/local/lib/python3.12/dist-packages/PIL/Image.py:1047: UserWarning: Palette images with Transparency expressed in bytes should be converted to RGBA images
1648.6s 896 warnings.warn(
1662.7s 897 [stage1] E06 | tr 0.8105/0.7684 | vl 0.8933/0.7169
1663.2s 898 /usr/local/lib/python3.12/dist-packages/PIL/Image.py:1047: UserWarning: Palette images with Transparency expressed in bytes should be converted to RGBA images
1663.2s 899 warnings.warn(
1663.2s 900 
1663.2s 901 /usr/local/lib/python3.12/dist-packages/PIL/Image.py:1047: UserWarning: Palette images with Transparency expressed in bytes should be converted to RGBA images
1663.2s 902 warnings.warn(
1668.8s 903 /usr/local/lib/python3.12/dist-packages/PIL/Image.py:1047: UserWarning: Palette images with Transparency expressed in bytes should be converted to RGBA images
1668.8s 904 warnings.warn(
1668.8s 905 
1668.8s 906 /usr/local/lib/python3.12/dist-packages/PIL/Image.py:1047: UserWarning: Palette images with Transparency expressed in bytes should be converted to RGBA images
1668.8s 907 warnings.warn(
1679.3s 908 [stage1] E07 | tr 0.7769/0.7981 | vl 0.8708/0.7169
1679.7s 909 /usr/local/lib/python3.12/dist-packages/PIL/Image.py:1047: UserWarning: Palette images with Transparency expressed in bytes should be converted to RGBA images
1679.7s 910 warnings.warn(
1679.7s 911 
1679.7s 912 /usr/local/lib/python3.12/dist-packages/PIL/Image.py:1047: UserWarning: Palette images with Transparency expressed in bytes should be converted to RGBA images
1679.7s 913 warnings.warn(
1696.3s 914 [stage1] E08 | tr 0.7620/0.7992 | vl 0.8487/0.7270
1705.1s 915 /usr/local/lib/python3.12/dist-packages/PIL/Image.py:1047: UserWarning: Palette images with Transparency expressed in bytes should be converted to RGBA images
1705.1s 916 warnings.warn(
1705.1s 917 
1705.1s 918 /usr/local/lib/python3.12/dist-packages/PIL/Image.py:1047: UserWarning: Palette images with Transparency expressed in bytes should be converted to RGBA images
1705.1s 919 warnings.warn(
1712.7s 920 [stage1] E09 | tr 0.7727/0.7889 | vl 0.8496/0.7379
1712.7s 921 Early stopping (patience=5)
1712.7s 922 
1712.7s 923 =======================================================
1712.7s 924 Stage 2 — resnet50  seed=55
1712.7s 925 =======================================================
1720.7s 926 /usr/local/lib/python3.12/dist-packages/PIL/Image.py:1047: UserWarning: Palette images with Transparency expressed in bytes should be converted to RGBA images
1720.7s 927 warnings.warn(
1720.7s 928 
1720.7s 929 /usr/local/lib/python3.12/dist-packages/PIL/Image.py:1047: UserWarning: Palette images with Transparency expressed in bytes should be converted to RGBA images
1720.7s 930 warnings.warn(
1724.4s 931 /usr/local/lib/python3.12/dist-packages/PIL/Image.py:1047: UserWarning: Palette images with Transparency expressed in bytes should be converted to RGBA images
1724.4s 932 warnings.warn(
1724.4s 933 
1724.4s 934 /usr/local/lib/python3.12/dist-packages/PIL/Image.py:1047: UserWarning: Palette images with Transparency expressed in bytes should be converted to RGBA images
1724.4s 935 warnings.warn(
1729.7s 936 [stage2] E01 | tr 0.6564/0.8026 | vl 0.5170/0.8156
1730.9s 937 /usr/local/lib/python3.12/dist-packages/PIL/Image.py:1047: UserWarning: Palette images with Transparency expressed in bytes should be converted to RGBA images
1730.9s 938 warnings.warn(
1730.9s 939 
1730.9s 940 /usr/local/lib/python3.12/dist-packages/PIL/Image.py:1047: UserWarning: Palette images with Transparency expressed in bytes should be converted to RGBA images
1730.9s 941 warnings.warn(
1733.2s 942 /usr/local/lib/python3.12/dist-packages/PIL/Image.py:1047: UserWarning: Palette images with Transparency expressed in bytes should be converted to RGBA images
1733.2s 943 warnings.warn(
1733.2s 944 
1733.2s 945 /usr/local/lib/python3.12/dist-packages/PIL/Image.py:1047: UserWarning: Palette images with Transparency expressed in bytes should be converted to RGBA images
1733.2s 946 warnings.warn(
1746.8s 947 [stage2] E02 | tr 0.3466/0.8906 | vl 0.3001/0.8892
1750.9s 948 /usr/local/lib/python3.12/dist-packages/PIL/Image.py:1047: UserWarning: Palette images with Transparency expressed in bytes should be converted to RGBA images
1750.9s 949 warnings.warn(
1750.9s 950 
1750.9s 951 /usr/local/lib/python3.12/dist-packages/PIL/Image.py:1047: UserWarning: Palette images with Transparency expressed in bytes should be converted to RGBA images
1750.9s 952 warnings.warn(
1763.7s 953 [stage2] E03 | tr 0.2383/0.9357 | vl 0.2503/0.9256
1766.8s 954 /usr/local/lib/python3.12/dist-packages/PIL/Image.py:1047: UserWarning: Palette images with Transparency expressed in bytes should be converted to RGBA images
1766.8s 955 warnings.warn(
1766.8s 956 
1766.8s 957 /usr/local/lib/python3.12/dist-packages/PIL/Image.py:1047: UserWarning: Palette images with Transparency expressed in bytes should be converted to RGBA images
1766.8s 958 warnings.warn(
1780.5s 959 [stage2] E04 | tr 0.1675/0.9357 | vl 0.2256/0.9260
1783.7s 960 /usr/local/lib/python3.12/dist-packages/PIL/Image.py:1047: UserWarning: Palette images with Transparency expressed in bytes should be converted to RGBA images
1783.7s 961 warnings.warn(
1783.7s 962 
1783.7s 963 /usr/local/lib/python3.12/dist-packages/PIL/Image.py:1047: UserWarning: Palette images with Transparency expressed in bytes should be converted to RGBA images
1783.7s 964 warnings.warn(
1797.6s 965 [stage2] E05 | tr 0.1406/0.9625 | vl 0.1944/0.9366
1803.5s 966 /usr/local/lib/python3.12/dist-packages/PIL/Image.py:1047: UserWarning: Palette images with Transparency expressed in bytes should be converted to RGBA images
1803.5s 967 warnings.warn(
1803.5s 968 
1803.5s 969 /usr/local/lib/python3.12/dist-packages/PIL/Image.py:1047: UserWarning: Palette images with Transparency expressed in bytes should be converted to RGBA images
1803.5s 970 warnings.warn(
1814.6s 971 [stage2] E06 | tr 0.1061/0.9717 | vl 0.1767/0.9475
1826.6s 972 /usr/local/lib/python3.12/dist-packages/PIL/Image.py:1047: UserWarning: Palette images with Transparency expressed in bytes should be converted to RGBA images
1826.6s 973 warnings.warn(
1826.6s 974 
1826.6s 975 /usr/local/lib/python3.12/dist-packages/PIL/Image.py:1047: UserWarning: Palette images with Transparency expressed in bytes should be converted to RGBA images
1826.6s 976 warnings.warn(
1828.2s 977 /usr/local/lib/python3.12/dist-packages/PIL/Image.py:1047: UserWarning: Palette images with Transparency expressed in bytes should be converted to RGBA images
1828.2s 978 warnings.warn(
1828.2s 979 
1828.2s 980 /usr/local/lib/python3.12/dist-packages/PIL/Image.py:1047: UserWarning: Palette images with Transparency expressed in bytes should be converted to RGBA images
1828.2s 981 warnings.warn(
1831.3s 982 [stage2] E07 | tr 0.1056/0.9671 | vl 0.1783/0.9475
1836.3s 983 /usr/local/lib/python3.12/dist-packages/PIL/Image.py:1047: UserWarning: Palette images with Transparency expressed in bytes should be converted to RGBA images
1836.3s 984 warnings.warn(
1836.3s 985 
1836.3s 986 /usr/local/lib/python3.12/dist-packages/PIL/Image.py:1047: UserWarning: Palette images with Transparency expressed in bytes should be converted to RGBA images
1836.3s 987 warnings.warn(
1847.9s 988 [stage2] E08 | tr 0.0880/0.9687 | vl 0.1625/0.9359
1856.2s 989 /usr/local/lib/python3.12/dist-packages/PIL/Image.py:1047: UserWarning: Palette images with Transparency expressed in bytes should be converted to RGBA images
1856.2s 990 warnings.warn(
1856.2s 991 
1856.2s 992 /usr/local/lib/python3.12/dist-packages/PIL/Image.py:1047: UserWarning: Palette images with Transparency expressed in bytes should be converted to RGBA images
1856.2s 993 warnings.warn(
1860.1s 994 /usr/local/lib/python3.12/dist-packages/PIL/Image.py:1047: UserWarning: Palette images with Transparency expressed in bytes should be converted to RGBA images
1860.1s 995 warnings.warn(
1860.1s 996 
1860.1s 997 /usr/local/lib/python3.12/dist-packages/PIL/Image.py:1047: UserWarning: Palette images with Transparency expressed in bytes should be converted to RGBA images
1860.1s 998 warnings.warn(
1865.3s 999 [stage2] E09 | tr 0.0700/0.9843 | vl 0.1650/0.9475
1867.4s 1000 /usr/local/lib/python3.12/dist-packages/PIL/Image.py:1047: UserWarning: Palette images with Transparency expressed in bytes should be converted to RGBA images
1867.4s 1001 warnings.warn(
1867.4s 1002 
1867.4s 1003 /usr/local/lib/python3.12/dist-packages/PIL/Image.py:1047: UserWarning: Palette images with Transparency expressed in bytes should be converted to RGBA images
1867.4s 1004 warnings.warn(
1868.8s 1005 /usr/local/lib/python3.12/dist-packages/PIL/Image.py:1047: UserWarning: Palette images with Transparency expressed in bytes should be converted to RGBA images
1868.8s 1006 warnings.warn(
1868.8s 1007 
1868.8s 1008 /usr/local/lib/python3.12/dist-packages/PIL/Image.py:1047: UserWarning: Palette images with Transparency expressed in bytes should be converted to RGBA images
1868.8s 1009 warnings.warn(
1882.0s 1010 [stage2] E10 | tr 0.0707/0.9796 | vl 0.1588/0.9366
1893.8s 1011 /usr/local/lib/python3.12/dist-packages/PIL/Image.py:1047: UserWarning: Palette images with Transparency expressed in bytes should be converted to RGBA images
1893.8s 1012 warnings.warn(
1893.8s 1013 
1893.8s 1014 /usr/local/lib/python3.12/dist-packages/PIL/Image.py:1047: UserWarning: Palette images with Transparency expressed in bytes should be converted to RGBA images
1893.8s 1015 warnings.warn(
1898.5s 1016 [stage2] E11 | tr 0.0804/0.9781 | vl 0.1536/0.9366
1898.5s 1017 Early stopping (patience=5)
1898.5s 1018 
1898.5s 1019 Best val F1 → stage1=0.7385  stage2=0.9475  overall=0.9475
1902.9s 1020 imb_none_resnet50_seed55                      F1macro=0.8975 acc=0.9011 cha_dam_yen R=1.000 P=0.778
1903.2s 1021 
1903.2s 1022 =======================================================
1903.2s 1023 Stage 1 — resnet50  seed=11
1903.2s 1024 =======================================================
1906.8s 1025 /usr/local/lib/python3.12/dist-packages/PIL/Image.py:1047: UserWarning: Palette images with Transparency expressed in bytes should be converted to RGBA images
1906.8s 1026 warnings.warn(
1906.8s 1027 
1906.8s 1028 /usr/local/lib/python3.12/dist-packages/PIL/Image.py:1047: UserWarning: Palette images with Transparency expressed in bytes should be converted to RGBA images
1906.8s 1029 warnings.warn(
1920.2s 1030 [stage1] E01 | tr 1.4937/0.4427 | vl 1.3664/0.5993
1924.3s 1031 /usr/local/lib/python3.12/dist-packages/PIL/Image.py:1047: UserWarning: Palette images with Transparency expressed in bytes should be converted to RGBA images
1924.3s 1032 warnings.warn(
1924.3s 1033 
1924.3s 1034 /usr/local/lib/python3.12/dist-packages/PIL/Image.py:1047: UserWarning: Palette images with Transparency expressed in bytes should be converted to RGBA images
1924.3s 1035 warnings.warn(
1929.7s 1036 /usr/local/lib/python3.12/dist-packages/PIL/Image.py:1047: UserWarning: Palette images with Transparency expressed in bytes should be converted to RGBA images
1929.7s 1037 warnings.warn(
1929.7s 1038 
1929.7s 1039 /usr/local/lib/python3.12/dist-packages/PIL/Image.py:1047: UserWarning: Palette images with Transparency expressed in bytes should be converted to RGBA images
1929.7s 1040 warnings.warn(
1937.2s 1041 [stage1] E02 | tr 1.2321/0.6569 | vl 1.1933/0.7035
1940.1s 1042 /usr/local/lib/python3.12/dist-packages/PIL/Image.py:1047: UserWarning: Palette images with Transparency expressed in bytes should be converted to RGBA images
1940.1s 1043 warnings.warn(
1940.1s 1044 
1940.1s 1045 /usr/local/lib/python3.12/dist-packages/PIL/Image.py:1047: UserWarning: Palette images with Transparency expressed in bytes should be converted to RGBA images
1940.1s 1046 warnings.warn(
1945.5s 1047 /usr/local/lib/python3.12/dist-packages/PIL/Image.py:1047: UserWarning: Palette images with Transparency expressed in bytes should be converted to RGBA images
1945.5s 1048 warnings.warn(
1945.5s 1049 
1945.5s 1050 /usr/local/lib/python3.12/dist-packages/PIL/Image.py:1047: UserWarning: Palette images with Transparency expressed in bytes should be converted to RGBA images
1945.5s 1051 warnings.warn(
1954.7s 1052 [stage1] E03 | tr 1.0701/0.7503 | vl 1.0715/0.7245
1962.0s 1053 /usr/local/lib/python3.12/dist-packages/PIL/Image.py:1047: UserWarning: Palette images with Transparency expressed in bytes should be converted to RGBA images
1962.0s 1054 warnings.warn(
1962.0s 1055 
1962.0s 1056 /usr/local/lib/python3.12/dist-packages/PIL/Image.py:1047: UserWarning: Palette images with Transparency expressed in bytes should be converted to RGBA images
1962.0s 1057 warnings.warn(
1971.6s 1058 [stage1] E04 | tr 0.9288/0.7811 | vl 1.0020/0.7046
1973.5s 1059 /usr/local/lib/python3.12/dist-packages/PIL/Image.py:1047: UserWarning: Palette images with Transparency expressed in bytes should be converted to RGBA images
1973.5s 1060 warnings.warn(
1973.5s 1061 
1973.5s 1062 /usr/local/lib/python3.12/dist-packages/PIL/Image.py:1047: UserWarning: Palette images with Transparency expressed in bytes should be converted to RGBA images
1973.5s 1063 warnings.warn(
1977.3s 1064 /usr/local/lib/python3.12/dist-packages/PIL/Image.py:1047: UserWarning: Palette images with Transparency expressed in bytes should be converted to RGBA images
1977.3s 1065 warnings.warn(
1977.3s 1066 
1977.3s 1067 /usr/local/lib/python3.12/dist-packages/PIL/Image.py:1047: UserWarning: Palette images with Transparency expressed in bytes should be converted to RGBA images
1977.3s 1068 warnings.warn(
1987.8s 1069 [stage1] E05 | tr 0.8864/0.7623 | vl 0.9472/0.7143
1994.6s 1070 /usr/local/lib/python3.12/dist-packages/PIL/Image.py:1047: UserWarning: Palette images with Transparency expressed in bytes should be converted to RGBA images
1994.6s 1071 warnings.warn(
1994.6s 1072 
1994.6s 1073 /usr/local/lib/python3.12/dist-packages/PIL/Image.py:1047: UserWarning: Palette images with Transparency expressed in bytes should be converted to RGBA images
1994.6s 1074 warnings.warn(
1996.4s 1075 /usr/local/lib/python3.12/dist-packages/PIL/Image.py:1047: UserWarning: Palette images with Transparency expressed in bytes should be converted to RGBA images
1996.4s 1076 warnings.warn(
1996.4s 1077 
1996.4s 1078 /usr/local/lib/python3.12/dist-packages/PIL/Image.py:1047: UserWarning: Palette images with Transparency expressed in bytes should be converted to RGBA images
1996.4s 1079 warnings.warn(
2004.3s 1080 [stage1] E06 | tr 0.8428/0.7785 | vl 0.9085/0.7245
2014.5s 1081 /usr/local/lib/python3.12/dist-packages/PIL/Image.py:1047: UserWarning: Palette images with Transparency expressed in bytes should be converted to RGBA images
2014.5s 1082 warnings.warn(
2014.5s 1083 
2014.5s 1084 /usr/local/lib/python3.12/dist-packages/PIL/Image.py:1047: UserWarning: Palette images with Transparency expressed in bytes should be converted to RGBA images
2014.5s 1085 warnings.warn(
2015.2s 1086 /usr/local/lib/python3.12/dist-packages/PIL/Image.py:1047: UserWarning: Palette images with Transparency expressed in bytes should be converted to RGBA images
2015.2s 1087 warnings.warn(
2015.2s 1088 
2015.2s 1089 /usr/local/lib/python3.12/dist-packages/PIL/Image.py:1047: UserWarning: Palette images with Transparency expressed in bytes should be converted to RGBA images
2015.2s 1090 warnings.warn(
2021.0s 1091 [stage1] E07 | tr 0.7930/0.8041 | vl 0.8911/0.7143
2027.7s 1092 /usr/local/lib/python3.12/dist-packages/PIL/Image.py:1047: UserWarning: Palette images with Transparency expressed in bytes should be converted to RGBA images
2027.7s 1093 warnings.warn(
2027.7s 1094 
2027.7s 1095 /usr/local/lib/python3.12/dist-packages/PIL/Image.py:1047: UserWarning: Palette images with Transparency expressed in bytes should be converted to RGBA images
2027.7s 1096 warnings.warn(
2033.3s 1097 /usr/local/lib/python3.12/dist-packages/PIL/Image.py:1047: UserWarning: Palette images with Transparency expressed in bytes should be converted to RGBA images
2033.3s 1098 warnings.warn(
2033.3s 1099 
2033.3s 1100 /usr/local/lib/python3.12/dist-packages/PIL/Image.py:1047: UserWarning: Palette images with Transparency expressed in bytes should be converted to RGBA images
2033.3s 1101 warnings.warn(
2037.6s 1102 [stage1] E08 | tr 0.7984/0.8157 | vl 0.8801/0.7248
2046.7s 1103 /usr/local/lib/python3.12/dist-packages/PIL/Image.py:1047: UserWarning: Palette images with Transparency expressed in bytes should be converted to RGBA images
2046.7s 1104 warnings.warn(
2046.7s 1105 
2046.7s 1106 /usr/local/lib/python3.12/dist-packages/PIL/Image.py:1047: UserWarning: Palette images with Transparency expressed in bytes should be converted to RGBA images
2046.7s 1107 warnings.warn(
2050.4s 1108 /usr/local/lib/python3.12/dist-packages/PIL/Image.py:1047: UserWarning: Palette images with Transparency expressed in bytes should be converted to RGBA images
2050.4s 1109 warnings.warn(
2050.4s 1110 
2050.4s 1111 /usr/local/lib/python3.12/dist-packages/PIL/Image.py:1047: UserWarning: Palette images with Transparency expressed in bytes should be converted to RGBA images
2050.4s 1112 warnings.warn(
2055.0s 1113 [stage1] E09 | tr 0.7593/0.7975 | vl 0.8702/0.7248
2061.8s 1114 /usr/local/lib/python3.12/dist-packages/PIL/Image.py:1047: UserWarning: Palette images with Transparency expressed in bytes should be converted to RGBA images
2061.8s 1115 warnings.warn(
2061.8s 1116 
2061.8s 1117 /usr/local/lib/python3.12/dist-packages/PIL/Image.py:1047: UserWarning: Palette images with Transparency expressed in bytes should be converted to RGBA images
2061.8s 1118 warnings.warn(
2071.4s 1119 [stage1] E10 | tr 0.7420/0.8206 | vl 0.8710/0.7248
2071.4s 1120 
2071.4s 1121 =======================================================
2071.4s 1122 Stage 2 — resnet50  seed=11
2071.4s 1123 =======================================================
2079.7s 1124 /usr/local/lib/python3.12/dist-packages/PIL/Image.py:1047: UserWarning: Palette images with Transparency expressed in bytes should be converted to RGBA images
2079.7s 1125 warnings.warn(
2079.7s 1126 
2079.7s 1127 /usr/local/lib/python3.12/dist-packages/PIL/Image.py:1047: UserWarning: Palette images with Transparency expressed in bytes should be converted to RGBA images
2079.7s 1128 warnings.warn(
2088.1s 1129 [stage2] E01 | tr 0.6221/0.8197 | vl 0.4919/0.8497
2093.1s 1130 /usr/local/lib/python3.12/dist-packages/PIL/Image.py:1047: UserWarning: Palette images with Transparency expressed in bytes should be converted to RGBA images
2093.1s 1131 warnings.warn(
2093.1s 1132 
2093.1s 1133 /usr/local/lib/python3.12/dist-packages/PIL/Image.py:1047: UserWarning: Palette images with Transparency expressed in bytes should be converted to RGBA images
2093.1s 1134 warnings.warn(
2105.2s 1135 [stage2] E02 | tr 0.3310/0.9039 | vl 0.3014/0.9022
2111.1s 1136 /usr/local/lib/python3.12/dist-packages/PIL/Image.py:1047: UserWarning: Palette images with Transparency expressed in bytes should be converted to RGBA images
2111.1s 1137 warnings.warn(
2111.1s 1138 
2111.1s 1139 /usr/local/lib/python3.12/dist-packages/PIL/Image.py:1047: UserWarning: Palette images with Transparency expressed in bytes should be converted to RGBA images
2111.1s 1140 warnings.warn(
2122.0s 1141 [stage2] E03 | tr 0.2423/0.9156 | vl 0.2378/0.9043
2132.1s 1142 /usr/local/lib/python3.12/dist-packages/PIL/Image.py:1047: UserWarning: Palette images with Transparency expressed in bytes should be converted to RGBA images
2132.1s 1143 warnings.warn(
2132.1s 1144 
2132.1s 1145 /usr/local/lib/python3.12/dist-packages/PIL/Image.py:1047: UserWarning: Palette images with Transparency expressed in bytes should be converted to RGBA images
2132.1s 1146 warnings.warn(
2139.3s 1147 [stage2] E04 | tr 0.1607/0.9528 | vl 0.2108/0.9146
2144.7s 1148 /usr/local/lib/python3.12/dist-packages/PIL/Image.py:1047: UserWarning: Palette images with Transparency expressed in bytes should be converted to RGBA images
2144.7s 1149 warnings.warn(
2144.7s 1150 
2144.7s 1151 /usr/local/lib/python3.12/dist-packages/PIL/Image.py:1047: UserWarning: Palette images with Transparency expressed in bytes should be converted to RGBA images
2144.7s 1152 warnings.warn(
2156.6s 1153 [stage2] E05 | tr 0.1228/0.9671 | vl 0.2413/0.9034
2156.7s 1154 /usr/local/lib/python3.12/dist-packages/PIL/Image.py:1047: UserWarning: Palette images with Transparency expressed in bytes should be converted to RGBA images
2156.7s 1155 warnings.warn(
2156.7s 1156 
2156.7s 1157 /usr/local/lib/python3.12/dist-packages/PIL/Image.py:1047: UserWarning: Palette images with Transparency expressed in bytes should be converted to RGBA images
2156.7s 1158 warnings.warn(
2167.2s 1159 /usr/local/lib/python3.12/dist-packages/PIL/Image.py:1047: UserWarning: Palette images with Transparency expressed in bytes should be converted to RGBA images
2167.2s 1160 warnings.warn(
2167.2s 1161 
2167.2s 1162 /usr/local/lib/python3.12/dist-packages/PIL/Image.py:1047: UserWarning: Palette images with Transparency expressed in bytes should be converted to RGBA images
2167.2s 1163 warnings.warn(
2173.2s 1164 [stage2] E06 | tr 0.0947/0.9797 | vl 0.2222/0.9146
2173.4s 1165 /usr/local/lib/python3.12/dist-packages/PIL/Image.py:1047: UserWarning: Palette images with Transparency expressed in bytes should be converted to RGBA images
2173.4s 1166 warnings.warn(
2173.4s 1167 
2173.4s 1168 /usr/local/lib/python3.12/dist-packages/PIL/Image.py:1047: UserWarning: Palette images with Transparency expressed in bytes should be converted to RGBA images
2173.4s 1169 warnings.warn(
2174.4s 1170 /usr/local/lib/python3.12/dist-packages/PIL/Image.py:1047: UserWarning: Palette images with Transparency expressed in bytes should be converted to RGBA images
2174.4s 1171 warnings.warn(
2174.4s 1172 
2174.4s 1173 /usr/local/lib/python3.12/dist-packages/PIL/Image.py:1047: UserWarning: Palette images with Transparency expressed in bytes should be converted to RGBA images
2174.4s 1174 warnings.warn(
2190.0s 1175 [stage2] E07 | tr 0.0756/0.9749 | vl 0.1915/0.9353
2194.6s 1176 /usr/local/lib/python3.12/dist-packages/PIL/Image.py:1047: UserWarning: Palette images with Transparency expressed in bytes should be converted to RGBA images
2194.6s 1177 warnings.warn(
2194.6s 1178 
2194.6s 1179 /usr/local/lib/python3.12/dist-packages/PIL/Image.py:1047: UserWarning: Palette images with Transparency expressed in bytes should be converted to RGBA images
2194.6s 1180 warnings.warn(
2207.0s 1181 [stage2] E08 | tr 0.0713/0.9750 | vl 0.1861/0.9367
2213.0s 1182 /usr/local/lib/python3.12/dist-packages/PIL/Image.py:1047: UserWarning: Palette images with Transparency expressed in bytes should be converted to RGBA images
2213.0s 1183 warnings.warn(
2213.0s 1184 
2213.0s 1185 /usr/local/lib/python3.12/dist-packages/PIL/Image.py:1047: UserWarning: Palette images with Transparency expressed in bytes should be converted to RGBA images
2213.0s 1186 warnings.warn(
2224.4s 1187 [stage2] E09 | tr 0.0698/0.9859 | vl 0.1884/0.9479
2231.7s 1188 /usr/local/lib/python3.12/dist-packages/PIL/Image.py:1047: UserWarning: Palette images with Transparency expressed in bytes should be converted to RGBA images
2231.7s 1189 warnings.warn(
2231.7s 1190 
2231.7s 1191 /usr/local/lib/python3.12/dist-packages/PIL/Image.py:1047: UserWarning: Palette images with Transparency expressed in bytes should be converted to RGBA images
2231.7s 1192 warnings.warn(
2236.8s 1193 /usr/local/lib/python3.12/dist-packages/PIL/Image.py:1047: UserWarning: Palette images with Transparency expressed in bytes should be converted to RGBA images
2236.8s 1194 warnings.warn(
2236.8s 1195 
2236.8s 1196 /usr/local/lib/python3.12/dist-packages/PIL/Image.py:1047: UserWarning: Palette images with Transparency expressed in bytes should be converted to RGBA images
2236.8s 1197 warnings.warn(
2241.3s 1198 [stage2] E10 | tr 0.0892/0.9639 | vl 0.1949/0.9477
2242.8s 1199 /usr/local/lib/python3.12/dist-packages/PIL/Image.py:1047: UserWarning: Palette images with Transparency expressed in bytes should be converted to RGBA images
2242.8s 1200 warnings.warn(
2242.8s 1201 
2242.8s 1202 /usr/local/lib/python3.12/dist-packages/PIL/Image.py:1047: UserWarning: Palette images with Transparency expressed in bytes should be converted to RGBA images
2242.8s 1203 warnings.warn(
2258.4s 1204 [stage2] E11 | tr 0.0724/0.9718 | vl 0.2044/0.9584
2259.5s 1205 /usr/local/lib/python3.12/dist-packages/PIL/Image.py:1047: UserWarning: Palette images with Transparency expressed in bytes should be converted to RGBA images
2259.5s 1206 warnings.warn(
2259.5s 1207 
2259.5s 1208 /usr/local/lib/python3.12/dist-packages/PIL/Image.py:1047: UserWarning: Palette images with Transparency expressed in bytes should be converted to RGBA images
2259.5s 1209 warnings.warn(
2275.7s 1210 [stage2] E12 | tr 0.0676/0.9750 | vl 0.2078/0.9474
2279.7s 1211 /usr/local/lib/python3.12/dist-packages/PIL/Image.py:1047: UserWarning: Palette images with Transparency expressed in bytes should be converted to RGBA images
2279.7s 1212 warnings.warn(
2279.7s 1213 
2279.7s 1214 /usr/local/lib/python3.12/dist-packages/PIL/Image.py:1047: UserWarning: Palette images with Transparency expressed in bytes should be converted to RGBA images
2279.7s 1215 warnings.warn(
2283.6s 1216 /usr/local/lib/python3.12/dist-packages/PIL/Image.py:1047: UserWarning: Palette images with Transparency expressed in bytes should be converted to RGBA images
2283.6s 1217 warnings.warn(
2283.6s 1218 
2283.6s 1219 /usr/local/lib/python3.12/dist-packages/PIL/Image.py:1047: UserWarning: Palette images with Transparency expressed in bytes should be converted to RGBA images
2283.6s 1220 warnings.warn(
2292.8s 1221 [stage2] E13 | tr 0.0634/0.9780 | vl 0.2100/0.9584
2299.4s 1222 /usr/local/lib/python3.12/dist-packages/PIL/Image.py:1047: UserWarning: Palette images with Transparency expressed in bytes should be converted to RGBA images
2299.4s 1223 warnings.warn(
2299.4s 1224 
2299.4s 1225 /usr/local/lib/python3.12/dist-packages/PIL/Image.py:1047: UserWarning: Palette images with Transparency expressed in bytes should be converted to RGBA images
2299.4s 1226 warnings.warn(
2309.5s 1227 [stage2] E14 | tr 0.0664/0.9828 | vl 0.2017/0.9477
2309.7s 1228 /usr/local/lib/python3.12/dist-packages/PIL/Image.py:1047: UserWarning: Palette images with Transparency expressed in bytes should be converted to RGBA images
2309.7s 1229 warnings.warn(
2309.7s 1230 
2309.7s 1231 /usr/local/lib/python3.12/dist-packages/PIL/Image.py:1047: UserWarning: Palette images with Transparency expressed in bytes should be converted to RGBA images
2309.7s 1232 warnings.warn(
2326.9s 1233 [stage2] E15 | tr 0.0494/0.9844 | vl 0.2031/0.9477
2326.9s 1234 
2326.9s 1235 Best val F1 → stage1=0.7248  stage2=0.9584  overall=0.9584
2331.1s 1236 imb_class_weight_resnet50_seed11              F1macro=0.8742 acc=0.8846 cha_dam_yen R=1.000 P=0.667
2331.5s 1237 
2331.5s 1238 =======================================================
2331.5s 1239 Stage 1 — resnet50  seed=22
2331.5s 1240 =======================================================
2339.3s 1241 /usr/local/lib/python3.12/dist-packages/PIL/Image.py:1047: UserWarning: Palette images with Transparency expressed in bytes should be converted to RGBA images
2339.3s 1242 warnings.warn(
2339.3s 1243 
2339.3s 1244 /usr/local/lib/python3.12/dist-packages/PIL/Image.py:1047: UserWarning: Palette images with Transparency expressed in bytes should be converted to RGBA images
2339.3s 1245 warnings.warn(
2347.9s 1246 [stage1] E01 | tr 1.4901/0.4329 | vl 1.3391/0.6931
2349.0s 1247 /usr/local/lib/python3.12/dist-packages/PIL/Image.py:1047: UserWarning: Palette images with Transparency expressed in bytes should be converted to RGBA images
2349.0s 1248 warnings.warn(
2349.0s 1249 
2349.0s 1250 /usr/local/lib/python3.12/dist-packages/PIL/Image.py:1047: UserWarning: Palette images with Transparency expressed in bytes should be converted to RGBA images
2349.0s 1251 warnings.warn(
2365.0s 1252 [stage1] E02 | tr 1.2339/0.6822 | vl 1.1815/0.6845
2370.2s 1253 /usr/local/lib/python3.12/dist-packages/PIL/Image.py:1047: UserWarning: Palette images with Transparency expressed in bytes should be converted to RGBA images
2370.2s 1254 warnings.warn(
2370.2s 1255 
2370.2s 1256 /usr/local/lib/python3.12/dist-packages/PIL/Image.py:1047: UserWarning: Palette images with Transparency expressed in bytes should be converted to RGBA images
2370.2s 1257 warnings.warn(
2375.3s 1258 /usr/local/lib/python3.12/dist-packages/PIL/Image.py:1047: UserWarning: Palette images with Transparency expressed in bytes should be converted to RGBA images
2375.3s 1259 warnings.warn(
2375.3s 1260 
2375.3s 1261 /usr/local/lib/python3.12/dist-packages/PIL/Image.py:1047: UserWarning: Palette images with Transparency expressed in bytes should be converted to RGBA images
2375.3s 1262 warnings.warn(
2381.6s 1263 [stage1] E03 | tr 1.0587/0.7484 | vl 1.0745/0.7135
2392.1s 1264 /usr/local/lib/python3.12/dist-packages/PIL/Image.py:1047: UserWarning: Palette images with Transparency expressed in bytes should be converted to RGBA images
2392.1s 1265 warnings.warn(
2392.1s 1266 
2392.1s 1267 /usr/local/lib/python3.12/dist-packages/PIL/Image.py:1047: UserWarning: Palette images with Transparency expressed in bytes should be converted to RGBA images
2392.1s 1268 warnings.warn(
2395.2s 1269 /usr/local/lib/python3.12/dist-packages/PIL/Image.py:1047: UserWarning: Palette images with Transparency expressed in bytes should be converted to RGBA images
2395.2s 1270 warnings.warn(
2395.2s 1271 
2395.2s 1272 /usr/local/lib/python3.12/dist-packages/PIL/Image.py:1047: UserWarning: Palette images with Transparency expressed in bytes should be converted to RGBA images
2395.2s 1273 warnings.warn(
2398.0s 1274 [stage1] E04 | tr 0.9541/0.7718 | vl 0.9839/0.7215
2398.4s 1275 /usr/local/lib/python3.12/dist-packages/PIL/Image.py:1047: UserWarning: Palette images with Transparency expressed in bytes should be converted to RGBA images
2398.4s 1276 warnings.warn(
2398.4s 1277 
2398.4s 1278 /usr/local/lib/python3.12/dist-packages/PIL/Image.py:1047: UserWarning: Palette images with Transparency expressed in bytes should be converted to RGBA images
2398.4s 1279 warnings.warn(
2414.8s 1280 [stage1] E05 | tr 0.8990/0.7668 | vl 0.9459/0.7477
2416.1s 1281 /usr/local/lib/python3.12/dist-packages/PIL/Image.py:1047: UserWarning: Palette images with Transparency expressed in bytes should be converted to RGBA images
2416.1s 1282 warnings.warn(
2416.1s 1283 
2416.1s 1284 /usr/local/lib/python3.12/dist-packages/PIL/Image.py:1047: UserWarning: Palette images with Transparency expressed in bytes should be converted to RGBA images
2416.1s 1285 warnings.warn(
2424.5s 1286 /usr/local/lib/python3.12/dist-packages/PIL/Image.py:1047: UserWarning: Palette images with Transparency expressed in bytes should be converted to RGBA images
2424.5s 1287 warnings.warn(
2424.5s 1288 
2424.5s 1289 /usr/local/lib/python3.12/dist-packages/PIL/Image.py:1047: UserWarning: Palette images with Transparency expressed in bytes should be converted to RGBA images
2424.5s 1290 warnings.warn(
2431.0s 1291 [stage1] E06 | tr 0.8349/0.7806 | vl 0.9027/0.7254
2438.2s 1292 /usr/local/lib/python3.12/dist-packages/PIL/Image.py:1047: UserWarning: Palette images with Transparency expressed in bytes should be converted to RGBA images
2438.2s 1293 warnings.warn(
2438.2s 1294 
2438.2s 1295 /usr/local/lib/python3.12/dist-packages/PIL/Image.py:1047: UserWarning: Palette images with Transparency expressed in bytes should be converted to RGBA images
2438.2s 1296 warnings.warn(
2438.4s 1297 /usr/local/lib/python3.12/dist-packages/PIL/Image.py:1047: UserWarning: Palette images with Transparency expressed in bytes should be converted to RGBA images
2438.4s 1298 warnings.warn(
2438.4s 1299 
2438.4s 1300 /usr/local/lib/python3.12/dist-packages/PIL/Image.py:1047: UserWarning: Palette images with Transparency expressed in bytes should be converted to RGBA images
2438.4s 1301 warnings.warn(
2447.3s 1302 [stage1] E07 | tr 0.8165/0.7916 | vl 0.8943/0.7375
2448.6s 1303 /usr/local/lib/python3.12/dist-packages/PIL/Image.py:1047: UserWarning: Palette images with Transparency expressed in bytes should be converted to RGBA images
2448.6s 1304 warnings.warn(
2448.6s 1305 
2448.6s 1306 /usr/local/lib/python3.12/dist-packages/PIL/Image.py:1047: UserWarning: Palette images with Transparency expressed in bytes should be converted to RGBA images
2448.6s 1307 warnings.warn(
2455.1s 1308 /usr/local/lib/python3.12/dist-packages/PIL/Image.py:1047: UserWarning: Palette images with Transparency expressed in bytes should be converted to RGBA images
2455.1s 1309 warnings.warn(
2455.1s 1310 
2455.1s 1311 /usr/local/lib/python3.12/dist-packages/PIL/Image.py:1047: UserWarning: Palette images with Transparency expressed in bytes should be converted to RGBA images
2455.1s 1312 warnings.warn(
2463.6s 1313 [stage1] E08 | tr 0.7728/0.8094 | vl 0.8815/0.7487
2466.1s 1314 /usr/local/lib/python3.12/dist-packages/PIL/Image.py:1047: UserWarning: Palette images with Transparency expressed in bytes should be converted to RGBA images
2466.1s 1315 warnings.warn(
2466.1s 1316 
2466.1s 1317 /usr/local/lib/python3.12/dist-packages/PIL/Image.py:1047: UserWarning: Palette images with Transparency expressed in bytes should be converted to RGBA images
2466.1s 1318 warnings.warn(
2472.3s 1319 /usr/local/lib/python3.12/dist-packages/PIL/Image.py:1047: UserWarning: Palette images with Transparency expressed in bytes should be converted to RGBA images
2472.3s 1320 warnings.warn(
2472.3s 1321 
2472.3s 1322 /usr/local/lib/python3.12/dist-packages/PIL/Image.py:1047: UserWarning: Palette images with Transparency expressed in bytes should be converted to RGBA images
2472.3s 1323 warnings.warn(
2480.3s 1324 [stage1] E09 | tr 0.7778/0.8041 | vl 0.8786/0.7487
2488.0s 1325 /usr/local/lib/python3.12/dist-packages/PIL/Image.py:1047: UserWarning: Palette images with Transparency expressed in bytes should be converted to RGBA images
2488.0s 1326 warnings.warn(
2488.0s 1327 
2488.0s 1328 /usr/local/lib/python3.12/dist-packages/PIL/Image.py:1047: UserWarning: Palette images with Transparency expressed in bytes should be converted to RGBA images
2488.0s 1329 warnings.warn(
2489.0s 1330 /usr/local/lib/python3.12/dist-packages/PIL/Image.py:1047: UserWarning: Palette images with Transparency expressed in bytes should be converted to RGBA images
2489.0s 1331 warnings.warn(
2489.0s 1332 
2489.0s 1333 /usr/local/lib/python3.12/dist-packages/PIL/Image.py:1047: UserWarning: Palette images with Transparency expressed in bytes should be converted to RGBA images
2489.0s 1334 warnings.warn(
2496.9s 1335 [stage1] E10 | tr 0.7798/0.8089 | vl 0.8705/0.7487
2496.9s 1336 
2496.9s 1337 =======================================================
2496.9s 1338 Stage 2 — resnet50  seed=22
2496.9s 1339 =======================================================
2506.4s 1340 /usr/local/lib/python3.12/dist-packages/PIL/Image.py:1047: UserWarning: Palette images with Transparency expressed in bytes should be converted to RGBA images
2506.4s 1341 warnings.warn(
2506.4s 1342 
2506.4s 1343 /usr/local/lib/python3.12/dist-packages/PIL/Image.py:1047: UserWarning: Palette images with Transparency expressed in bytes should be converted to RGBA images
2506.4s 1344 warnings.warn(
2507.8s 1345 /usr/local/lib/python3.12/dist-packages/PIL/Image.py:1047: UserWarning: Palette images with Transparency expressed in bytes should be converted to RGBA images
2507.8s 1346 warnings.warn(
2507.8s 1347 
2507.8s 1348 /usr/local/lib/python3.12/dist-packages/PIL/Image.py:1047: UserWarning: Palette images with Transparency expressed in bytes should be converted to RGBA images
2507.8s 1349 warnings.warn(
2513.9s 1350 [stage2] E01 | tr 0.5802/0.8399 | vl 0.4628/0.8373
2521.6s 1351 /usr/local/lib/python3.12/dist-packages/PIL/Image.py:1047: UserWarning: Palette images with Transparency expressed in bytes should be converted to RGBA images
2521.6s 1352 warnings.warn(
2521.6s 1353 
2521.6s 1354 /usr/local/lib/python3.12/dist-packages/PIL/Image.py:1047: UserWarning: Palette images with Transparency expressed in bytes should be converted to RGBA images
2521.6s 1355 warnings.warn(
2530.8s 1356 [stage2] E02 | tr 0.3207/0.9011 | vl 0.3499/0.8628
2533.3s 1357 /usr/local/lib/python3.12/dist-packages/PIL/Image.py:1047: UserWarning: Palette images with Transparency expressed in bytes should be converted to RGBA images
2533.3s 1358 warnings.warn(
2533.3s 1359 
2533.3s 1360 /usr/local/lib/python3.12/dist-packages/PIL/Image.py:1047: UserWarning: Palette images with Transparency expressed in bytes should be converted to RGBA images
2533.3s 1361 warnings.warn(
2547.7s 1362 [stage2] E03 | tr 0.2136/0.9324 | vl 0.2684/0.8924
2551.6s 1363 /usr/local/lib/python3.12/dist-packages/PIL/Image.py:1047: UserWarning: Palette images with Transparency expressed in bytes should be converted to RGBA images
2551.6s 1364 warnings.warn(
2551.6s 1365 
2551.6s 1366 /usr/local/lib/python3.12/dist-packages/PIL/Image.py:1047: UserWarning: Palette images with Transparency expressed in bytes should be converted to RGBA images
2551.6s 1367 warnings.warn(
2564.5s 1368 [stage2] E04 | tr 0.1534/0.9483 | vl 0.2078/0.9258
2567.3s 1369 /usr/local/lib/python3.12/dist-packages/PIL/Image.py:1047: UserWarning: Palette images with Transparency expressed in bytes should be converted to RGBA images
2567.3s 1370 warnings.warn(
2567.3s 1371 
2567.3s 1372 /usr/local/lib/python3.12/dist-packages/PIL/Image.py:1047: UserWarning: Palette images with Transparency expressed in bytes should be converted to RGBA images
2567.3s 1373 warnings.warn(
2581.2s 1374 [stage2] E05 | tr 0.1247/0.9607 | vl 0.2027/0.9256
2581.6s 1375 /usr/local/lib/python3.12/dist-packages/PIL/Image.py:1047: UserWarning: Palette images with Transparency expressed in bytes should be converted to RGBA images
2581.6s 1376 warnings.warn(
2581.6s 1377 
2581.6s 1378 /usr/local/lib/python3.12/dist-packages/PIL/Image.py:1047: UserWarning: Palette images with Transparency expressed in bytes should be converted to RGBA images
2581.6s 1379 warnings.warn(
2592.4s 1380 /usr/local/lib/python3.12/dist-packages/PIL/Image.py:1047: UserWarning: Palette images with Transparency expressed in bytes should be converted to RGBA images
2592.4s 1381 warnings.warn(
2592.4s 1382 
2592.4s 1383 /usr/local/lib/python3.12/dist-packages/PIL/Image.py:1047: UserWarning: Palette images with Transparency expressed in bytes should be converted to RGBA images
2592.4s 1384 warnings.warn(
2598.4s 1385 [stage2] E06 | tr 0.1070/0.9624 | vl 0.2259/0.9364
2602.9s 1386 /usr/local/lib/python3.12/dist-packages/PIL/Image.py:1047: UserWarning: Palette images with Transparency expressed in bytes should be converted to RGBA images
2602.9s 1387 warnings.warn(
2602.9s 1388 
2602.9s 1389 /usr/local/lib/python3.12/dist-packages/PIL/Image.py:1047: UserWarning: Palette images with Transparency expressed in bytes should be converted to RGBA images
2602.9s 1390 warnings.warn(
2615.6s 1391 [stage2] E07 | tr 0.0919/0.9750 | vl 0.1949/0.9470
2622.2s 1392 /usr/local/lib/python3.12/dist-packages/PIL/Image.py:1047: UserWarning: Palette images with Transparency expressed in bytes should be converted to RGBA images
2622.2s 1393 warnings.warn(
2622.2s 1394 
2622.2s 1395 /usr/local/lib/python3.12/dist-packages/PIL/Image.py:1047: UserWarning: Palette images with Transparency expressed in bytes should be converted to RGBA images
2622.2s 1396 warnings.warn(
2625.2s 1397 /usr/local/lib/python3.12/dist-packages/PIL/Image.py:1047: UserWarning: Palette images with Transparency expressed in bytes should be converted to RGBA images
2625.2s 1398 warnings.warn(
2625.2s 1399 
2625.2s 1400 /usr/local/lib/python3.12/dist-packages/PIL/Image.py:1047: UserWarning: Palette images with Transparency expressed in bytes should be converted to RGBA images
2625.2s 1401 warnings.warn(
2632.4s 1402 [stage2] E08 | tr 0.0923/0.9687 | vl 0.1769/0.9351
2637.8s 1403 /usr/local/lib/python3.12/dist-packages/PIL/Image.py:1047: UserWarning: Palette images with Transparency expressed in bytes should be converted to RGBA images
2637.8s 1404 warnings.warn(
2637.8s 1405 
2637.8s 1406 /usr/local/lib/python3.12/dist-packages/PIL/Image.py:1047: UserWarning: Palette images with Transparency expressed in bytes should be converted to RGBA images
2637.8s 1407 warnings.warn(
2649.2s 1408 [stage2] E09 | tr 0.0743/0.9796 | vl 0.1702/0.9566
2652.2s 1409 /usr/local/lib/python3.12/dist-packages/PIL/Image.py:1047: UserWarning: Palette images with Transparency expressed in bytes should be converted to RGBA images
2652.2s 1410 warnings.warn(
2652.2s 1411 
2652.2s 1412 /usr/local/lib/python3.12/dist-packages/PIL/Image.py:1047: UserWarning: Palette images with Transparency expressed in bytes should be converted to RGBA images
2652.2s 1413 warnings.warn(
2665.7s 1414 [stage2] E10 | tr 0.0764/0.9702 | vl 0.1686/0.9566
2669.1s 1415 /usr/local/lib/python3.12/dist-packages/PIL/Image.py:1047: UserWarning: Palette images with Transparency expressed in bytes should be converted to RGBA images
2669.1s 1416 warnings.warn(
2669.1s 1417 
2669.1s 1418 /usr/local/lib/python3.12/dist-packages/PIL/Image.py:1047: UserWarning: Palette images with Transparency expressed in bytes should be converted to RGBA images
2669.1s 1419 warnings.warn(
2682.1s 1420 [stage2] E11 | tr 0.0508/0.9828 | vl 0.1789/0.9353
2684.4s 1421 /usr/local/lib/python3.12/dist-packages/PIL/Image.py:1047: UserWarning: Palette images with Transparency expressed in bytes should be converted to RGBA images
2684.4s 1422 warnings.warn(
2684.4s 1423 
2684.4s 1424 /usr/local/lib/python3.12/dist-packages/PIL/Image.py:1047: UserWarning: Palette images with Transparency expressed in bytes should be converted to RGBA images
2684.4s 1425 warnings.warn(
2698.7s 1426 [stage2] E12 | tr 0.0814/0.9686 | vl 0.1940/0.9353
2701.1s 1427 /usr/local/lib/python3.12/dist-packages/PIL/Image.py:1047: UserWarning: Palette images with Transparency expressed in bytes should be converted to RGBA images
2701.1s 1428 warnings.warn(
2701.1s 1429 
2701.1s 1430 /usr/local/lib/python3.12/dist-packages/PIL/Image.py:1047: UserWarning: Palette images with Transparency expressed in bytes should be converted to RGBA images
2701.1s 1431 warnings.warn(
2713.1s 1432 /usr/local/lib/python3.12/dist-packages/PIL/Image.py:1047: UserWarning: Palette images with Transparency expressed in bytes should be converted to RGBA images
2713.1s 1433 warnings.warn(
2713.1s 1434 
2713.1s 1435 /usr/local/lib/python3.12/dist-packages/PIL/Image.py:1047: UserWarning: Palette images with Transparency expressed in bytes should be converted to RGBA images
2713.1s 1436 warnings.warn(
2715.9s 1437 [stage2] E13 | tr 0.0574/0.9812 | vl 0.1781/0.9353
2717.6s 1438 /usr/local/lib/python3.12/dist-packages/PIL/Image.py:1047: UserWarning: Palette images with Transparency expressed in bytes should be converted to RGBA images
2717.6s 1439 warnings.warn(
2717.6s 1440 
2717.6s 1441 /usr/local/lib/python3.12/dist-packages/PIL/Image.py:1047: UserWarning: Palette images with Transparency expressed in bytes should be converted to RGBA images
2717.6s 1442 warnings.warn(
2732.4s 1443 [stage2] E14 | tr 0.0587/0.9796 | vl 0.1897/0.9353
2732.4s 1444 Early stopping (patience=5)
2732.4s 1445 
2732.4s 1446 Best val F1 → stage1=0.7487  stage2=0.9566  overall=0.9566
2736.8s 1447 imb_class_weight_resnet50_seed22              F1macro=0.9012 acc=0.9011 cha_dam_yen R=1.000 P=0.824
2737.1s 1448 
2737.1s 1449 =======================================================
2737.1s 1450 Stage 1 — resnet50  seed=33
2737.1s 1451 =======================================================
2740.9s 1452 /usr/local/lib/python3.12/dist-packages/PIL/Image.py:1047: UserWarning: Palette images with Transparency expressed in bytes should be converted to RGBA images
2740.9s 1453 warnings.warn(
2740.9s 1454 
2740.9s 1455 /usr/local/lib/python3.12/dist-packages/PIL/Image.py:1047: UserWarning: Palette images with Transparency expressed in bytes should be converted to RGBA images
2740.9s 1456 warnings.warn(
2749.5s 1457 /usr/local/lib/python3.12/dist-packages/PIL/Image.py:1047: UserWarning: Palette images with Transparency expressed in bytes should be converted to RGBA images
2749.5s 1458 warnings.warn(
2749.5s 1459 
2749.5s 1460 /usr/local/lib/python3.12/dist-packages/PIL/Image.py:1047: UserWarning: Palette images with Transparency expressed in bytes should be converted to RGBA images
2749.5s 1461 warnings.warn(
2754.4s 1462 [stage1] E01 | tr 1.5149/0.4190 | vl 1.3895/0.5960
2756.7s 1463 /usr/local/lib/python3.12/dist-packages/PIL/Image.py:1047: UserWarning: Palette images with Transparency expressed in bytes should be converted to RGBA images
2756.7s 1464 warnings.warn(
2756.7s 1465 
2756.7s 1466 /usr/local/lib/python3.12/dist-packages/PIL/Image.py:1047: UserWarning: Palette images with Transparency expressed in bytes should be converted to RGBA images
2756.7s 1467 warnings.warn(
2771.6s 1468 [stage1] E02 | tr 1.2521/0.5987 | vl 1.2237/0.6950
2776.8s 1469 /usr/local/lib/python3.12/dist-packages/PIL/Image.py:1047: UserWarning: Palette images with Transparency expressed in bytes should be converted to RGBA images
2776.8s 1470 warnings.warn(
2776.8s 1471 
2776.8s 1472 /usr/local/lib/python3.12/dist-packages/PIL/Image.py:1047: UserWarning: Palette images with Transparency expressed in bytes should be converted to RGBA images
2776.8s 1473 warnings.warn(
2781.4s 1474 /usr/local/lib/python3.12/dist-packages/PIL/Image.py:1047: UserWarning: Palette images with Transparency expressed in bytes should be converted to RGBA images
2781.4s 1475 warnings.warn(
2781.4s 1476 
2781.4s 1477 /usr/local/lib/python3.12/dist-packages/PIL/Image.py:1047: UserWarning: Palette images with Transparency expressed in bytes should be converted to RGBA images
2781.4s 1478 warnings.warn(
2788.4s 1479 [stage1] E03 | tr 1.0760/0.7456 | vl 1.0972/0.6990
2790.7s 1480 /usr/local/lib/python3.12/dist-packages/PIL/Image.py:1047: UserWarning: Palette images with Transparency expressed in bytes should be converted to RGBA images
2790.7s 1481 warnings.warn(
2790.7s 1482 
2790.7s 1483 /usr/local/lib/python3.12/dist-packages/PIL/Image.py:1047: UserWarning: Palette images with Transparency expressed in bytes should be converted to RGBA images
2790.7s 1484 warnings.warn(
2794.7s 1485 /usr/local/lib/python3.12/dist-packages/PIL/Image.py:1047: UserWarning: Palette images with Transparency expressed in bytes should be converted to RGBA images
2794.7s 1486 warnings.warn(
2794.7s 1487 
2794.7s 1488 /usr/local/lib/python3.12/dist-packages/PIL/Image.py:1047: UserWarning: Palette images with Transparency expressed in bytes should be converted to RGBA images
2794.7s 1489 warnings.warn(
2805.4s 1490 [stage1] E04 | tr 0.9732/0.7338 | vl 1.0156/0.7074
2807.6s 1491 /usr/local/lib/python3.12/dist-packages/PIL/Image.py:1047: UserWarning: Palette images with Transparency expressed in bytes should be converted to RGBA images
2807.6s 1492 warnings.warn(
2807.6s 1493 
2807.6s 1494 /usr/local/lib/python3.12/dist-packages/PIL/Image.py:1047: UserWarning: Palette images with Transparency expressed in bytes should be converted to RGBA images
2807.6s 1495 warnings.warn(
2807.8s 1496 /usr/local/lib/python3.12/dist-packages/PIL/Image.py:1047: UserWarning: Palette images with Transparency expressed in bytes should be converted to RGBA images
2807.8s 1497 warnings.warn(
2807.8s 1498 
2807.8s 1499 /usr/local/lib/python3.12/dist-packages/PIL/Image.py:1047: UserWarning: Palette images with Transparency expressed in bytes should be converted to RGBA images
2807.8s 1500 warnings.warn(
2822.2s 1501 [stage1] E05 | tr 0.8989/0.7621 | vl 0.9595/0.7155
2828.1s 1502 /usr/local/lib/python3.12/dist-packages/PIL/Image.py:1047: UserWarning: Palette images with Transparency expressed in bytes should be converted to RGBA images
2828.1s 1503 warnings.warn(
2828.1s 1504 
2828.1s 1505 /usr/local/lib/python3.12/dist-packages/PIL/Image.py:1047: UserWarning: Palette images with Transparency expressed in bytes should be converted to RGBA images
2828.1s 1506 warnings.warn(
2839.1s 1507 [stage1] E06 | tr 0.8466/0.8003 | vl 0.9316/0.7351
2847.6s 1508 /usr/local/lib/python3.12/dist-packages/PIL/Image.py:1047: UserWarning: Palette images with Transparency expressed in bytes should be converted to RGBA images
2847.6s 1509 warnings.warn(
2847.6s 1510 
2847.6s 1511 /usr/local/lib/python3.12/dist-packages/PIL/Image.py:1047: UserWarning: Palette images with Transparency expressed in bytes should be converted to RGBA images
2847.6s 1512 warnings.warn(
2855.8s 1513 [stage1] E07 | tr 0.8471/0.7785 | vl 0.9056/0.7133
2863.6s 1514 /usr/local/lib/python3.12/dist-packages/PIL/Image.py:1047: UserWarning: Palette images with Transparency expressed in bytes should be converted to RGBA images
2863.6s 1515 warnings.warn(
2863.6s 1516 
2863.6s 1517 /usr/local/lib/python3.12/dist-packages/PIL/Image.py:1047: UserWarning: Palette images with Transparency expressed in bytes should be converted to RGBA images
2863.6s 1518 warnings.warn(
2872.4s 1519 [stage1] E08 | tr 0.7792/0.8137 | vl 0.8867/0.7261
2876.0s 1520 /usr/local/lib/python3.12/dist-packages/PIL/Image.py:1047: UserWarning: Palette images with Transparency expressed in bytes should be converted to RGBA images
2876.0s 1521 warnings.warn(
2876.0s 1522 
2876.0s 1523 /usr/local/lib/python3.12/dist-packages/PIL/Image.py:1047: UserWarning: Palette images with Transparency expressed in bytes should be converted to RGBA images
2876.0s 1524 warnings.warn(
2888.8s 1525 [stage1] E09 | tr 0.7694/0.8139 | vl 0.8847/0.7261
2902.8s 1526 /usr/local/lib/python3.12/dist-packages/PIL/Image.py:1047: UserWarning: Palette images with Transparency expressed in bytes should be converted to RGBA images
2902.8s 1527 warnings.warn(
2902.8s 1528 
2902.8s 1529 /usr/local/lib/python3.12/dist-packages/PIL/Image.py:1047: UserWarning: Palette images with Transparency expressed in bytes should be converted to RGBA images
2902.8s 1530 warnings.warn(
2905.7s 1531 [stage1] E10 | tr 0.7912/0.7889 | vl 0.8842/0.7261
2905.7s 1532 
2905.7s 1533 =======================================================
2905.7s 1534 Stage 2 — resnet50  seed=33
2905.7s 1535 =======================================================
2914.1s 1536 /usr/local/lib/python3.12/dist-packages/PIL/Image.py:1047: UserWarning: Palette images with Transparency expressed in bytes should be converted to RGBA images
2914.1s 1537 warnings.warn(
2914.1s 1538 
2914.1s 1539 /usr/local/lib/python3.12/dist-packages/PIL/Image.py:1047: UserWarning: Palette images with Transparency expressed in bytes should be converted to RGBA images
2914.1s 1540 warnings.warn(
2922.3s 1541 [stage2] E01 | tr 0.6164/0.8134 | vl 0.4531/0.8589
2922.6s 1542 /usr/local/lib/python3.12/dist-packages/PIL/Image.py:1047: UserWarning: Palette images with Transparency expressed in bytes should be converted to RGBA images
2922.6s 1543 warnings.warn(
2922.6s 1544 
2922.6s 1545 /usr/local/lib/python3.12/dist-packages/PIL/Image.py:1047: UserWarning: Palette images with Transparency expressed in bytes should be converted to RGBA images
2922.6s 1546 warnings.warn(
2929.2s 1547 /usr/local/lib/python3.12/dist-packages/PIL/Image.py:1047: UserWarning: Palette images with Transparency expressed in bytes should be converted to RGBA images
2929.2s 1548 warnings.warn(
2929.2s 1549 
2929.2s 1550 /usr/local/lib/python3.12/dist-packages/PIL/Image.py:1047: UserWarning: Palette images with Transparency expressed in bytes should be converted to RGBA images
2929.2s 1551 warnings.warn(
2939.3s 1552 [stage2] E02 | tr 0.3294/0.8954 | vl 0.3319/0.8928
2946.9s 1553 /usr/local/lib/python3.12/dist-packages/PIL/Image.py:1047: UserWarning: Palette images with Transparency expressed in bytes should be converted to RGBA images
2946.9s 1554 warnings.warn(
2946.9s 1555 
2946.9s 1556 /usr/local/lib/python3.12/dist-packages/PIL/Image.py:1047: UserWarning: Palette images with Transparency expressed in bytes should be converted to RGBA images
2946.9s 1557 warnings.warn(
2956.2s 1558 [stage2] E03 | tr 0.2000/0.9420 | vl 0.2587/0.9154
2966.8s 1559 /usr/local/lib/python3.12/dist-packages/PIL/Image.py:1047: UserWarning: Palette images with Transparency expressed in bytes should be converted to RGBA images
2966.8s 1560 warnings.warn(
2966.8s 1561 
2966.8s 1562 /usr/local/lib/python3.12/dist-packages/PIL/Image.py:1047: UserWarning: Palette images with Transparency expressed in bytes should be converted to RGBA images
2966.8s 1563 warnings.warn(
2969.6s 1564 /usr/local/lib/python3.12/dist-packages/PIL/Image.py:1047: UserWarning: Palette images with Transparency expressed in bytes should be converted to RGBA images
2969.6s 1565 warnings.warn(
2969.6s 1566 
2969.6s 1567 /usr/local/lib/python3.12/dist-packages/PIL/Image.py:1047: UserWarning: Palette images with Transparency expressed in bytes should be converted to RGBA images
2969.6s 1568 warnings.warn(
2973.3s 1569 [stage2] E04 | tr 0.1509/0.9542 | vl 0.2472/0.9154
2978.3s 1570 /usr/local/lib/python3.12/dist-packages/PIL/Image.py:1047: UserWarning: Palette images with Transparency expressed in bytes should be converted to RGBA images
2978.3s 1571 warnings.warn(
2978.3s 1572 
2978.3s 1573 /usr/local/lib/python3.12/dist-packages/PIL/Image.py:1047: UserWarning: Palette images with Transparency expressed in bytes should be converted to RGBA images
2978.3s 1574 warnings.warn(
2983.8s 1575 /usr/local/lib/python3.12/dist-packages/PIL/Image.py:1047: UserWarning: Palette images with Transparency expressed in bytes should be converted to RGBA images
2983.8s 1576 warnings.warn(
2983.8s 1577 
2983.8s 1578 /usr/local/lib/python3.12/dist-packages/PIL/Image.py:1047: UserWarning: Palette images with Transparency expressed in bytes should be converted to RGBA images
2983.8s 1579 warnings.warn(
2990.2s 1580 [stage2] E05 | tr 0.1508/0.9499 | vl 0.2082/0.9253
2994.9s 1581 /usr/local/lib/python3.12/dist-packages/PIL/Image.py:1047: UserWarning: Palette images with Transparency expressed in bytes should be converted to RGBA images
2994.9s 1582 warnings.warn(
2994.9s 1583 
2994.9s 1584 /usr/local/lib/python3.12/dist-packages/PIL/Image.py:1047: UserWarning: Palette images with Transparency expressed in bytes should be converted to RGBA images
2994.9s 1585 warnings.warn(
3007.5s 1586 [stage2] E06 | tr 0.0842/0.9780 | vl 0.2237/0.9246
3013.0s 1587 /usr/local/lib/python3.12/dist-packages/PIL/Image.py:1047: UserWarning: Palette images with Transparency expressed in bytes should be converted to RGBA images
3013.0s 1588 warnings.warn(
3013.0s 1589 
3013.0s 1590 /usr/local/lib/python3.12/dist-packages/PIL/Image.py:1047: UserWarning: Palette images with Transparency expressed in bytes should be converted to RGBA images
3013.0s 1591 warnings.warn(
3024.9s 1592 [stage2] E07 | tr 0.0989/0.9702 | vl 0.2238/0.9138
3028.5s 1593 /usr/local/lib/python3.12/dist-packages/PIL/Image.py:1047: UserWarning: Palette images with Transparency expressed in bytes should be converted to RGBA images
3028.5s 1594 warnings.warn(
3028.5s 1595 
3028.5s 1596 /usr/local/lib/python3.12/dist-packages/PIL/Image.py:1047: UserWarning: Palette images with Transparency expressed in bytes should be converted to RGBA images
3028.5s 1597 warnings.warn(
3030.3s 1598 /usr/local/lib/python3.12/dist-packages/PIL/Image.py:1047: UserWarning: Palette images with Transparency expressed in bytes should be converted to RGBA images
3030.3s 1599 warnings.warn(
3030.3s 1600 
3030.3s 1601 /usr/local/lib/python3.12/dist-packages/PIL/Image.py:1047: UserWarning: Palette images with Transparency expressed in bytes should be converted to RGBA images
3030.3s 1602 warnings.warn(
3041.8s 1603 [stage2] E08 | tr 0.1044/0.9654 | vl 0.2077/0.9358
3044.1s 1604 /usr/local/lib/python3.12/dist-packages/PIL/Image.py:1047: UserWarning: Palette images with Transparency expressed in bytes should be converted to RGBA images
3044.1s 1605 warnings.warn(
3044.1s 1606 
3044.1s 1607 /usr/local/lib/python3.12/dist-packages/PIL/Image.py:1047: UserWarning: Palette images with Transparency expressed in bytes should be converted to RGBA images
3044.1s 1608 warnings.warn(
3058.6s 1609 [stage2] E09 | tr 0.0921/0.9718 | vl 0.1861/0.9465
3063.2s 1610 /usr/local/lib/python3.12/dist-packages/PIL/Image.py:1047: UserWarning: Palette images with Transparency expressed in bytes should be converted to RGBA images
3063.2s 1611 warnings.warn(
3063.2s 1612 
3063.2s 1613 /usr/local/lib/python3.12/dist-packages/PIL/Image.py:1047: UserWarning: Palette images with Transparency expressed in bytes should be converted to RGBA images
3063.2s 1614 warnings.warn(
3075.6s 1615 [stage2] E10 | tr 0.0802/0.9702 | vl 0.1970/0.9367
3078.3s 1616 /usr/local/lib/python3.12/dist-packages/PIL/Image.py:1047: UserWarning: Palette images with Transparency expressed in bytes should be converted to RGBA images
3078.3s 1617 warnings.warn(
3078.3s 1618 
3078.3s 1619 /usr/local/lib/python3.12/dist-packages/PIL/Image.py:1047: UserWarning: Palette images with Transparency expressed in bytes should be converted to RGBA images
3078.3s 1620 warnings.warn(
3092.4s 1621 [stage2] E11 | tr 0.0556/0.9828 | vl 0.2143/0.9467
3094.7s 1622 /usr/local/lib/python3.12/dist-packages/PIL/Image.py:1047: UserWarning: Palette images with Transparency expressed in bytes should be converted to RGBA images
3094.7s 1623 warnings.warn(
3094.7s 1624 
3094.7s 1625 /usr/local/lib/python3.12/dist-packages/PIL/Image.py:1047: UserWarning: Palette images with Transparency expressed in bytes should be converted to RGBA images
3094.7s 1626 warnings.warn(
3097.6s 1627 /usr/local/lib/python3.12/dist-packages/PIL/Image.py:1047: UserWarning: Palette images with Transparency expressed in bytes should be converted to RGBA images
3097.6s 1628 warnings.warn(
3097.6s 1629 
3097.6s 1630 /usr/local/lib/python3.12/dist-packages/PIL/Image.py:1047: UserWarning: Palette images with Transparency expressed in bytes should be converted to RGBA images
3097.6s 1631 warnings.warn(
3109.4s 1632 [stage2] E12 | tr 0.0624/0.9859 | vl 0.2032/0.9460
3111.6s 1633 /usr/local/lib/python3.12/dist-packages/PIL/Image.py:1047: UserWarning: Palette images with Transparency expressed in bytes should be converted to RGBA images
3111.6s 1634 warnings.warn(
3111.6s 1635 
3111.6s 1636 /usr/local/lib/python3.12/dist-packages/PIL/Image.py:1047: UserWarning: Palette images with Transparency expressed in bytes should be converted to RGBA images
3111.6s 1637 warnings.warn(
3111.7s 1638 /usr/local/lib/python3.12/dist-packages/PIL/Image.py:1047: UserWarning: Palette images with Transparency expressed in bytes should be converted to RGBA images
3111.7s 1639 warnings.warn(
3111.7s 1640 
3111.7s 1641 /usr/local/lib/python3.12/dist-packages/PIL/Image.py:1047: UserWarning: Palette images with Transparency expressed in bytes should be converted to RGBA images
3111.7s 1642 warnings.warn(
3126.7s 1643 [stage2] E13 | tr 0.0464/0.9875 | vl 0.2002/0.9573
3136.6s 1644 /usr/local/lib/python3.12/dist-packages/PIL/Image.py:1047: UserWarning: Palette images with Transparency expressed in bytes should be converted to RGBA images
3136.6s 1645 warnings.warn(
3136.6s 1646 
3136.6s 1647 /usr/local/lib/python3.12/dist-packages/PIL/Image.py:1047: UserWarning: Palette images with Transparency expressed in bytes should be converted to RGBA images
3136.6s 1648 warnings.warn(
3138.8s 1649 /usr/local/lib/python3.12/dist-packages/PIL/Image.py:1047: UserWarning: Palette images with Transparency expressed in bytes should be converted to RGBA images
3138.8s 1650 warnings.warn(
3138.8s 1651 
3138.8s 1652 /usr/local/lib/python3.12/dist-packages/PIL/Image.py:1047: UserWarning: Palette images with Transparency expressed in bytes should be converted to RGBA images
3138.8s 1653 warnings.warn(
3143.5s 1654 [stage2] E14 | tr 0.0538/0.9843 | vl 0.1904/0.9465
3148.0s 1655 /usr/local/lib/python3.12/dist-packages/PIL/Image.py:1047: UserWarning: Palette images with Transparency expressed in bytes should be converted to RGBA images
3148.0s 1656 warnings.warn(
3148.0s 1657 
3148.0s 1658 /usr/local/lib/python3.12/dist-packages/PIL/Image.py:1047: UserWarning: Palette images with Transparency expressed in bytes should be converted to RGBA images
3148.0s 1659 warnings.warn(
3160.5s 1660 [stage2] E15 | tr 0.0422/0.9890 | vl 0.2026/0.9460
3160.5s 1661 
3160.5s 1662 Best val F1 → stage1=0.7351  stage2=0.9573  overall=0.9573
3164.9s 1663 imb_class_weight_resnet50_seed33              F1macro=0.9150 acc=0.9176 cha_dam_yen R=1.000 P=0.824
3165.2s 1664 
3165.2s 1665 =======================================================
3165.2s 1666 Stage 1 — resnet50  seed=44
3165.2s 1667 =======================================================
3166.5s 1668 /usr/local/lib/python3.12/dist-packages/PIL/Image.py:1047: UserWarning: Palette images with Transparency expressed in bytes should be converted to RGBA images
3166.5s 1669 warnings.warn(
3166.5s 1670 
3166.5s 1671 /usr/local/lib/python3.12/dist-packages/PIL/Image.py:1047: UserWarning: Palette images with Transparency expressed in bytes should be converted to RGBA images
3166.5s 1672 warnings.warn(
3168.5s 1673 /usr/local/lib/python3.12/dist-packages/PIL/Image.py:1047: UserWarning: Palette images with Transparency expressed in bytes should be converted to RGBA images
3168.5s 1674 warnings.warn(
3168.5s 1675 
3168.5s 1676 /usr/local/lib/python3.12/dist-packages/PIL/Image.py:1047: UserWarning: Palette images with Transparency expressed in bytes should be converted to RGBA images
3168.5s 1677 warnings.warn(
3181.7s 1678 [stage1] E01 | tr 1.5033/0.4413 | vl 1.3891/0.6648
3190.4s 1679 /usr/local/lib/python3.12/dist-packages/PIL/Image.py:1047: UserWarning: Palette images with Transparency expressed in bytes should be converted to RGBA images
3190.4s 1680 warnings.warn(
3190.4s 1681 
3190.4s 1682 /usr/local/lib/python3.12/dist-packages/PIL/Image.py:1047: UserWarning: Palette images with Transparency expressed in bytes should be converted to RGBA images
3190.4s 1683 warnings.warn(
3198.6s 1684 [stage1] E02 | tr 1.2512/0.6684 | vl 1.2194/0.6896
3203.2s 1685 /usr/local/lib/python3.12/dist-packages/PIL/Image.py:1047: UserWarning: Palette images with Transparency expressed in bytes should be converted to RGBA images
3203.2s 1686 warnings.warn(
3203.2s 1687 
3203.2s 1688 /usr/local/lib/python3.12/dist-packages/PIL/Image.py:1047: UserWarning: Palette images with Transparency expressed in bytes should be converted to RGBA images
3203.2s 1689 warnings.warn(
3207.6s 1690 /usr/local/lib/python3.12/dist-packages/PIL/Image.py:1047: UserWarning: Palette images with Transparency expressed in bytes should be converted to RGBA images
3207.6s 1691 warnings.warn(
3207.6s 1692 
3207.6s 1693 /usr/local/lib/python3.12/dist-packages/PIL/Image.py:1047: UserWarning: Palette images with Transparency expressed in bytes should be converted to RGBA images
3207.6s 1694 warnings.warn(
3215.5s 1695 [stage1] E03 | tr 1.0824/0.6914 | vl 1.0993/0.6999
3221.1s 1696 /usr/local/lib/python3.12/dist-packages/PIL/Image.py:1047: UserWarning: Palette images with Transparency expressed in bytes should be converted to RGBA images
3221.1s 1697 warnings.warn(
3221.1s 1698 
3221.1s 1699 /usr/local/lib/python3.12/dist-packages/PIL/Image.py:1047: UserWarning: Palette images with Transparency expressed in bytes should be converted to RGBA images
3221.1s 1700 warnings.warn(
3232.6s 1701 [stage1] E04 | tr 0.9690/0.7596 | vl 1.0297/0.6958
3244.0s 1702 /usr/local/lib/python3.12/dist-packages/PIL/Image.py:1047: UserWarning: Palette images with Transparency expressed in bytes should be converted to RGBA images
3244.0s 1703 warnings.warn(
3244.0s 1704 
3244.0s 1705 /usr/local/lib/python3.12/dist-packages/PIL/Image.py:1047: UserWarning: Palette images with Transparency expressed in bytes should be converted to RGBA images
3244.0s 1706 warnings.warn(
3244.0s 1707 /usr/local/lib/python3.12/dist-packages/PIL/Image.py:1047: UserWarning: Palette images with Transparency expressed in bytes should be converted to RGBA images
3244.0s 1708 warnings.warn(
3244.0s 1709 
3244.0s 1710 /usr/local/lib/python3.12/dist-packages/PIL/Image.py:1047: UserWarning: Palette images with Transparency expressed in bytes should be converted to RGBA images
3244.0s 1711 warnings.warn(
3249.0s 1712 [stage1] E05 | tr 0.9207/0.7825 | vl 0.9923/0.6893
3253.2s 1713 /usr/local/lib/python3.12/dist-packages/PIL/Image.py:1047: UserWarning: Palette images with Transparency expressed in bytes should be converted to RGBA images
3253.2s 1714 warnings.warn(
3253.2s 1715 
3253.2s 1716 /usr/local/lib/python3.12/dist-packages/PIL/Image.py:1047: UserWarning: Palette images with Transparency expressed in bytes should be converted to RGBA images
3253.2s 1717 warnings.warn(
3265.9s 1718 [stage1] E06 | tr 0.8639/0.7762 | vl 0.9485/0.6946
3278.6s 1719 /usr/local/lib/python3.12/dist-packages/PIL/Image.py:1047: UserWarning: Palette images with Transparency expressed in bytes should be converted to RGBA images
3278.6s 1720 warnings.warn(
3278.6s 1721 
3278.6s 1722 /usr/local/lib/python3.12/dist-packages/PIL/Image.py:1047: UserWarning: Palette images with Transparency expressed in bytes should be converted to RGBA images
3278.6s 1723 warnings.warn(
3279.1s 1724 /usr/local/lib/python3.12/dist-packages/PIL/Image.py:1047: UserWarning: Palette images with Transparency expressed in bytes should be converted to RGBA images
3279.1s 1725 warnings.warn(
3279.1s 1726 
3279.1s 1727 /usr/local/lib/python3.12/dist-packages/PIL/Image.py:1047: UserWarning: Palette images with Transparency expressed in bytes should be converted to RGBA images
3279.1s 1728 warnings.warn(
3282.9s 1729 [stage1] E07 | tr 0.8072/0.7931 | vl 0.9265/0.7279
3290.9s 1730 /usr/local/lib/python3.12/dist-packages/PIL/Image.py:1047: UserWarning: Palette images with Transparency expressed in bytes should be converted to RGBA images
3290.9s 1731 warnings.warn(
3290.9s 1732 
3290.9s 1733 /usr/local/lib/python3.12/dist-packages/PIL/Image.py:1047: UserWarning: Palette images with Transparency expressed in bytes should be converted to RGBA images
3290.9s 1734 warnings.warn(
3291.2s 1735 /usr/local/lib/python3.12/dist-packages/PIL/Image.py:1047: UserWarning: Palette images with Transparency expressed in bytes should be converted to RGBA images
3291.2s 1736 warnings.warn(
3291.2s 1737 
3291.2s 1738 /usr/local/lib/python3.12/dist-packages/PIL/Image.py:1047: UserWarning: Palette images with Transparency expressed in bytes should be converted to RGBA images
3291.2s 1739 warnings.warn(
3300.0s 1740 [stage1] E08 | tr 0.7674/0.8147 | vl 0.9123/0.7360
3301.8s 1741 /usr/local/lib/python3.12/dist-packages/PIL/Image.py:1047: UserWarning: Palette images with Transparency expressed in bytes should be converted to RGBA images
3301.8s 1742 warnings.warn(
3301.8s 1743 
3301.8s 1744 /usr/local/lib/python3.12/dist-packages/PIL/Image.py:1047: UserWarning: Palette images with Transparency expressed in bytes should be converted to RGBA images
3301.8s 1745 warnings.warn(
3311.1s 1746 /usr/local/lib/python3.12/dist-packages/PIL/Image.py:1047: UserWarning: Palette images with Transparency expressed in bytes should be converted to RGBA images
3311.1s 1747 warnings.warn(
3311.1s 1748 
3311.1s 1749 /usr/local/lib/python3.12/dist-packages/PIL/Image.py:1047: UserWarning: Palette images with Transparency expressed in bytes should be converted to RGBA images
3311.1s 1750 warnings.warn(
3316.5s 1751 [stage1] E09 | tr 0.7806/0.7935 | vl 0.9080/0.7273
3317.1s 1752 /usr/local/lib/python3.12/dist-packages/PIL/Image.py:1047: UserWarning: Palette images with Transparency expressed in bytes should be converted to RGBA images
3317.1s 1753 warnings.warn(
3317.1s 1754 
3317.1s 1755 /usr/local/lib/python3.12/dist-packages/PIL/Image.py:1047: UserWarning: Palette images with Transparency expressed in bytes should be converted to RGBA images
3317.1s 1756 warnings.warn(
3330.2s 1757 /usr/local/lib/python3.12/dist-packages/PIL/Image.py:1047: UserWarning: Palette images with Transparency expressed in bytes should be converted to RGBA images
3330.2s 1758 warnings.warn(
3330.2s 1759 
3330.2s 1760 /usr/local/lib/python3.12/dist-packages/PIL/Image.py:1047: UserWarning: Palette images with Transparency expressed in bytes should be converted to RGBA images
3330.2s 1761 warnings.warn(
3333.2s 1762 [stage1] E10 | tr 0.7945/0.7999 | vl 0.9061/0.7273
3333.2s 1763 
3333.2s 1764 =======================================================
3333.2s 1765 Stage 2 — resnet50  seed=44
3333.2s 1766 =======================================================
3334.4s 1767 /usr/local/lib/python3.12/dist-packages/PIL/Image.py:1047: UserWarning: Palette images with Transparency expressed in bytes should be converted to RGBA images
3334.4s 1768 warnings.warn(
3334.4s 1769 
3334.4s 1770 /usr/local/lib/python3.12/dist-packages/PIL/Image.py:1047: UserWarning: Palette images with Transparency expressed in bytes should be converted to RGBA images
3334.4s 1771 warnings.warn(
3344.4s 1772 /usr/local/lib/python3.12/dist-packages/PIL/Image.py:1047: UserWarning: Palette images with Transparency expressed in bytes should be converted to RGBA images
3344.4s 1773 warnings.warn(
3344.4s 1774 
3344.4s 1775 /usr/local/lib/python3.12/dist-packages/PIL/Image.py:1047: UserWarning: Palette images with Transparency expressed in bytes should be converted to RGBA images
3344.4s 1776 warnings.warn(
3349.9s 1777 [stage2] E01 | tr 0.6084/0.8154 | vl 0.4976/0.8203
3354.3s 1778 /usr/local/lib/python3.12/dist-packages/PIL/Image.py:1047: UserWarning: Palette images with Transparency expressed in bytes should be converted to RGBA images
3354.3s 1779 warnings.warn(
3354.3s 1780 
3354.3s 1781 /usr/local/lib/python3.12/dist-packages/PIL/Image.py:1047: UserWarning: Palette images with Transparency expressed in bytes should be converted to RGBA images
3354.3s 1782 warnings.warn(
3366.6s 1783 [stage2] E02 | tr 0.3151/0.9093 | vl 0.3689/0.8513
3373.2s 1784 /usr/local/lib/python3.12/dist-packages/PIL/Image.py:1047: UserWarning: Palette images with Transparency expressed in bytes should be converted to RGBA images
3373.2s 1785 warnings.warn(
3373.2s 1786 
3373.2s 1787 /usr/local/lib/python3.12/dist-packages/PIL/Image.py:1047: UserWarning: Palette images with Transparency expressed in bytes should be converted to RGBA images
3373.2s 1788 warnings.warn(
3384.1s 1789 [stage2] E03 | tr 0.2045/0.9372 | vl 0.2876/0.9140
3394.0s 1790 /usr/local/lib/python3.12/dist-packages/PIL/Image.py:1047: UserWarning: Palette images with Transparency expressed in bytes should be converted to RGBA images
3394.0s 1791 warnings.warn(
3394.0s 1792 
3394.0s 1793 /usr/local/lib/python3.12/dist-packages/PIL/Image.py:1047: UserWarning: Palette images with Transparency expressed in bytes should be converted to RGBA images
3394.0s 1794 warnings.warn(
3397.3s 1795 /usr/local/lib/python3.12/dist-packages/PIL/Image.py:1047: UserWarning: Palette images with Transparency expressed in bytes should be converted to RGBA images
3397.3s 1796 warnings.warn(
3397.3s 1797 
3397.3s 1798 /usr/local/lib/python3.12/dist-packages/PIL/Image.py:1047: UserWarning: Palette images with Transparency expressed in bytes should be converted to RGBA images
3397.3s 1799 warnings.warn(
3400.7s 1800 [stage2] E04 | tr 0.1531/0.9372 | vl 0.2484/0.9132
3403.3s 1801 /usr/local/lib/python3.12/dist-packages/PIL/Image.py:1047: UserWarning: Palette images with Transparency expressed in bytes should be converted to RGBA images
3403.3s 1802 warnings.warn(
3403.3s 1803 
3403.3s 1804 /usr/local/lib/python3.12/dist-packages/PIL/Image.py:1047: UserWarning: Palette images with Transparency expressed in bytes should be converted to RGBA images
3403.3s 1805 warnings.warn(
3417.8s 1806 [stage2] E05 | tr 0.1339/0.9656 | vl 0.2752/0.9136
3425.5s 1807 /usr/local/lib/python3.12/dist-packages/PIL/Image.py:1047: UserWarning: Palette images with Transparency expressed in bytes should be converted to RGBA images
3425.5s 1808 warnings.warn(
3425.5s 1809 
3425.5s 1810 /usr/local/lib/python3.12/dist-packages/PIL/Image.py:1047: UserWarning: Palette images with Transparency expressed in bytes should be converted to RGBA images
3425.5s 1811 warnings.warn(
3435.1s 1812 [stage2] E06 | tr 0.1145/0.9516 | vl 0.2493/0.9124
3437.3s 1813 /usr/local/lib/python3.12/dist-packages/PIL/Image.py:1047: UserWarning: Palette images with Transparency expressed in bytes should be converted to RGBA images
3437.3s 1814 warnings.warn(
3437.3s 1815 
3437.3s 1816 /usr/local/lib/python3.12/dist-packages/PIL/Image.py:1047: UserWarning: Palette images with Transparency expressed in bytes should be converted to RGBA images
3437.3s 1817 warnings.warn(
3442.6s 1818 /usr/local/lib/python3.12/dist-packages/PIL/Image.py:1047: UserWarning: Palette images with Transparency expressed in bytes should be converted to RGBA images
3442.6s 1819 warnings.warn(
3442.6s 1820 
3442.6s 1821 /usr/local/lib/python3.12/dist-packages/PIL/Image.py:1047: UserWarning: Palette images with Transparency expressed in bytes should be converted to RGBA images
3442.6s 1822 warnings.warn(
3452.0s 1823 [stage2] E07 | tr 0.0883/0.9717 | vl 0.2596/0.9023
3458.5s 1824 /usr/local/lib/python3.12/dist-packages/PIL/Image.py:1047: UserWarning: Palette images with Transparency expressed in bytes should be converted to RGBA images
3458.5s 1825 warnings.warn(
3458.5s 1826 
3458.5s 1827 /usr/local/lib/python3.12/dist-packages/PIL/Image.py:1047: UserWarning: Palette images with Transparency expressed in bytes should be converted to RGBA images
3458.5s 1828 warnings.warn(
3468.8s 1829 [stage2] E08 | tr 0.0798/0.9716 | vl 0.2513/0.9023
3468.8s 1830 Early stopping (patience=5)
3468.8s 1831 
3468.8s 1832 Best val F1 → stage1=0.7360  stage2=0.9140  overall=0.9140
3473.3s 1833 imb_class_weight_resnet50_seed44              F1macro=0.8888 acc=0.9011 cha_dam_yen R=1.000 P=0.667
3473.6s 1834 
3473.6s 1835 =======================================================
3473.6s 1836 Stage 1 — resnet50  seed=55
3473.6s 1837 =======================================================
3474.8s 1838 /usr/local/lib/python3.12/dist-packages/PIL/Image.py:1047: UserWarning: Palette images with Transparency expressed in bytes should be converted to RGBA images
3474.8s 1839 warnings.warn(
3474.8s 1840 
3474.8s 1841 /usr/local/lib/python3.12/dist-packages/PIL/Image.py:1047: UserWarning: Palette images with Transparency expressed in bytes should be converted to RGBA images
3474.8s 1842 warnings.warn(
3490.5s 1843 [stage1] E01 | tr 1.5059/0.3934 | vl 1.3948/0.6494
3493.1s 1844 /usr/local/lib/python3.12/dist-packages/PIL/Image.py:1047: UserWarning: Palette images with Transparency expressed in bytes should be converted to RGBA images
3493.1s 1845 warnings.warn(
3493.1s 1846 
3493.1s 1847 /usr/local/lib/python3.12/dist-packages/PIL/Image.py:1047: UserWarning: Palette images with Transparency expressed in bytes should be converted to RGBA images
3493.1s 1848 warnings.warn(
3507.9s 1849 [stage1] E02 | tr 1.2416/0.6066 | vl 1.2271/0.7232
3519.3s 1850 /usr/local/lib/python3.12/dist-packages/PIL/Image.py:1047: UserWarning: Palette images with Transparency expressed in bytes should be converted to RGBA images
3519.3s 1851 warnings.warn(
3519.3s 1852 
3519.3s 1853 /usr/local/lib/python3.12/dist-packages/PIL/Image.py:1047: UserWarning: Palette images with Transparency expressed in bytes should be converted to RGBA images
3519.3s 1854 warnings.warn(
3525.1s 1855 [stage1] E03 | tr 1.0740/0.6965 | vl 1.1130/0.7319
3532.8s 1856 /usr/local/lib/python3.12/dist-packages/PIL/Image.py:1047: UserWarning: Palette images with Transparency expressed in bytes should be converted to RGBA images
3532.8s 1857 warnings.warn(
3532.8s 1858 
3532.8s 1859 /usr/local/lib/python3.12/dist-packages/PIL/Image.py:1047: UserWarning: Palette images with Transparency expressed in bytes should be converted to RGBA images
3532.8s 1860 warnings.warn(
3536.6s 1861 /usr/local/lib/python3.12/dist-packages/PIL/Image.py:1047: UserWarning: Palette images with Transparency expressed in bytes should be converted to RGBA images
3536.6s 1862 warnings.warn(
3536.6s 1863 
3536.6s 1864 /usr/local/lib/python3.12/dist-packages/PIL/Image.py:1047: UserWarning: Palette images with Transparency expressed in bytes should be converted to RGBA images
3536.6s 1865 warnings.warn(
3541.3s 1866 [stage1] E04 | tr 0.9590/0.7568 | vl 1.0357/0.7290
3544.0s 1867 /usr/local/lib/python3.12/dist-packages/PIL/Image.py:1047: UserWarning: Palette images with Transparency expressed in bytes should be converted to RGBA images
3544.0s 1868 warnings.warn(
3544.0s 1869 
3544.0s 1870 /usr/local/lib/python3.12/dist-packages/PIL/Image.py:1047: UserWarning: Palette images with Transparency expressed in bytes should be converted to RGBA images
3544.0s 1871 warnings.warn(
3557.6s 1872 [stage1] E05 | tr 0.8966/0.7859 | vl 0.9725/0.7122
3559.7s 1873 /usr/local/lib/python3.12/dist-packages/PIL/Image.py:1047: UserWarning: Palette images with Transparency expressed in bytes should be converted to RGBA images
3559.7s 1874 warnings.warn(
3559.7s 1875 
3559.7s 1876 /usr/local/lib/python3.12/dist-packages/PIL/Image.py:1047: UserWarning: Palette images with Transparency expressed in bytes should be converted to RGBA images
3559.7s 1877 warnings.warn(
3574.0s 1878 [stage1] E06 | tr 0.8257/0.8029 | vl 0.9381/0.7459
3574.6s 1879 /usr/local/lib/python3.12/dist-packages/PIL/Image.py:1047: UserWarning: Palette images with Transparency expressed in bytes should be converted to RGBA images
3574.6s 1880 warnings.warn(
3574.6s 1881 
3574.6s 1882 /usr/local/lib/python3.12/dist-packages/PIL/Image.py:1047: UserWarning: Palette images with Transparency expressed in bytes should be converted to RGBA images
3574.6s 1883 warnings.warn(
3580.1s 1884 /usr/local/lib/python3.12/dist-packages/PIL/Image.py:1047: UserWarning: Palette images with Transparency expressed in bytes should be converted to RGBA images
3580.1s 1885 warnings.warn(
3580.1s 1886 
3580.1s 1887 /usr/local/lib/python3.12/dist-packages/PIL/Image.py:1047: UserWarning: Palette images with Transparency expressed in bytes should be converted to RGBA images
3580.1s 1888 warnings.warn(
3590.8s 1889 [stage1] E07 | tr 0.7909/0.8018 | vl 0.9172/0.7373
3591.2s 1890 /usr/local/lib/python3.12/dist-packages/PIL/Image.py:1047: UserWarning: Palette images with Transparency expressed in bytes should be converted to RGBA images
3591.2s 1891 warnings.warn(
3591.2s 1892 
3591.2s 1893 /usr/local/lib/python3.12/dist-packages/PIL/Image.py:1047: UserWarning: Palette images with Transparency expressed in bytes should be converted to RGBA images
3591.2s 1894 warnings.warn(
3607.9s 1895 [stage1] E08 | tr 0.7844/0.8087 | vl 0.8949/0.7376
3616.8s 1896 /usr/local/lib/python3.12/dist-packages/PIL/Image.py:1047: UserWarning: Palette images with Transparency expressed in bytes should be converted to RGBA images
3616.8s 1897 warnings.warn(
3616.8s 1898 
3616.8s 1899 /usr/local/lib/python3.12/dist-packages/PIL/Image.py:1047: UserWarning: Palette images with Transparency expressed in bytes should be converted to RGBA images
3616.8s 1900 warnings.warn(
3624.6s 1901 [stage1] E09 | tr 0.7897/0.7972 | vl 0.8948/0.7593
3632.4s 1902 /usr/local/lib/python3.12/dist-packages/PIL/Image.py:1047: UserWarning: Palette images with Transparency expressed in bytes should be converted to RGBA images
3632.4s 1903 warnings.warn(
3632.4s 1904 
3632.4s 1905 /usr/local/lib/python3.12/dist-packages/PIL/Image.py:1047: UserWarning: Palette images with Transparency expressed in bytes should be converted to RGBA images
3632.4s 1906 warnings.warn(
3636.2s 1907 /usr/local/lib/python3.12/dist-packages/PIL/Image.py:1047: UserWarning: Palette images with Transparency expressed in bytes should be converted to RGBA images
3636.2s 1908 warnings.warn(
3636.2s 1909 
3636.2s 1910 /usr/local/lib/python3.12/dist-packages/PIL/Image.py:1047: UserWarning: Palette images with Transparency expressed in bytes should be converted to RGBA images
3636.2s 1911 warnings.warn(
3641.2s 1912 [stage1] E10 | tr 0.7674/0.8105 | vl 0.8923/0.7373
3641.2s 1913 
3641.2s 1914 =======================================================
3641.2s 1915 Stage 2 — resnet50  seed=55
3641.2s 1916 =======================================================
3642.3s 1917 /usr/local/lib/python3.12/dist-packages/PIL/Image.py:1047: UserWarning: Palette images with Transparency expressed in bytes should be converted to RGBA images
3642.3s 1918 warnings.warn(
3642.3s 1919 
3642.3s 1920 /usr/local/lib/python3.12/dist-packages/PIL/Image.py:1047: UserWarning: Palette images with Transparency expressed in bytes should be converted to RGBA images
3642.3s 1921 warnings.warn(
3644.7s 1922 /usr/local/lib/python3.12/dist-packages/PIL/Image.py:1047: UserWarning: Palette images with Transparency expressed in bytes should be converted to RGBA images
3644.7s 1923 warnings.warn(
3644.7s 1924 
3644.7s 1925 /usr/local/lib/python3.12/dist-packages/PIL/Image.py:1047: UserWarning: Palette images with Transparency expressed in bytes should be converted to RGBA images
3644.7s 1926 warnings.warn(
3658.2s 1927 [stage2] E01 | tr 0.5908/0.8229 | vl 0.4724/0.8377
3662.3s 1928 /usr/local/lib/python3.12/dist-packages/PIL/Image.py:1047: UserWarning: Palette images with Transparency expressed in bytes should be converted to RGBA images
3662.3s 1929 warnings.warn(
3662.3s 1930 
3662.3s 1931 /usr/local/lib/python3.12/dist-packages/PIL/Image.py:1047: UserWarning: Palette images with Transparency expressed in bytes should be converted to RGBA images
3662.3s 1932 warnings.warn(
3675.0s 1933 [stage2] E02 | tr 0.3241/0.9154 | vl 0.3410/0.8937
3678.0s 1934 /usr/local/lib/python3.12/dist-packages/PIL/Image.py:1047: UserWarning: Palette images with Transparency expressed in bytes should be converted to RGBA images
3678.0s 1935 warnings.warn(
3678.0s 1936 
3678.0s 1937 /usr/local/lib/python3.12/dist-packages/PIL/Image.py:1047: UserWarning: Palette images with Transparency expressed in bytes should be converted to RGBA images
3678.0s 1938 warnings.warn(
3692.0s 1939 [stage2] E03 | tr 0.2032/0.9262 | vl 0.2831/0.9151
3695.1s 1940 /usr/local/lib/python3.12/dist-packages/PIL/Image.py:1047: UserWarning: Palette images with Transparency expressed in bytes should be converted to RGBA images
3695.1s 1941 warnings.warn(
3695.1s 1942 
3695.1s 1943 /usr/local/lib/python3.12/dist-packages/PIL/Image.py:1047: UserWarning: Palette images with Transparency expressed in bytes should be converted to RGBA images
3695.1s 1944 warnings.warn(
3708.7s 1945 [stage2] E04 | tr 0.1559/0.9515 | vl 0.2573/0.9146
3714.4s 1946 /usr/local/lib/python3.12/dist-packages/PIL/Image.py:1047: UserWarning: Palette images with Transparency expressed in bytes should be converted to RGBA images
3714.4s 1947 warnings.warn(
3714.4s 1948 
3714.4s 1949 /usr/local/lib/python3.12/dist-packages/PIL/Image.py:1047: UserWarning: Palette images with Transparency expressed in bytes should be converted to RGBA images
3714.4s 1950 warnings.warn(
3725.6s 1951 [stage2] E05 | tr 0.1129/0.9654 | vl 0.2255/0.9254
3737.7s 1952 /usr/local/lib/python3.12/dist-packages/PIL/Image.py:1047: UserWarning: Palette images with Transparency expressed in bytes should be converted to RGBA images
3737.7s 1953 warnings.warn(
3737.7s 1954 
3737.7s 1955 /usr/local/lib/python3.12/dist-packages/PIL/Image.py:1047: UserWarning: Palette images with Transparency expressed in bytes should be converted to RGBA images
3737.7s 1956 warnings.warn(
3738.9s 1957 /usr/local/lib/python3.12/dist-packages/PIL/Image.py:1047: UserWarning: Palette images with Transparency expressed in bytes should be converted to RGBA images
3738.9s 1958 warnings.warn(
3738.9s 1959 
3738.9s 1960 /usr/local/lib/python3.12/dist-packages/PIL/Image.py:1047: UserWarning: Palette images with Transparency expressed in bytes should be converted to RGBA images
3738.9s 1961 warnings.warn(
3742.1s 1962 [stage2] E06 | tr 0.1018/0.9702 | vl 0.2261/0.9151
3747.1s 1963 /usr/local/lib/python3.12/dist-packages/PIL/Image.py:1047: UserWarning: Palette images with Transparency expressed in bytes should be converted to RGBA images
3747.1s 1964 warnings.warn(
3747.1s 1965 
3747.1s 1966 /usr/local/lib/python3.12/dist-packages/PIL/Image.py:1047: UserWarning: Palette images with Transparency expressed in bytes should be converted to RGBA images
3747.1s 1967 warnings.warn(
3758.7s 1968 [stage2] E07 | tr 0.0877/0.9718 | vl 0.2064/0.9368
3766.8s 1969 /usr/local/lib/python3.12/dist-packages/PIL/Image.py:1047: UserWarning: Palette images with Transparency expressed in bytes should be converted to RGBA images
3766.8s 1970 warnings.warn(
3766.8s 1971 
3766.8s 1972 /usr/local/lib/python3.12/dist-packages/PIL/Image.py:1047: UserWarning: Palette images with Transparency expressed in bytes should be converted to RGBA images
3766.8s 1973 warnings.warn(
3770.9s 1974 /usr/local/lib/python3.12/dist-packages/PIL/Image.py:1047: UserWarning: Palette images with Transparency expressed in bytes should be converted to RGBA images
3770.9s 1975 warnings.warn(
3770.9s 1976 
3770.9s 1977 /usr/local/lib/python3.12/dist-packages/PIL/Image.py:1047: UserWarning: Palette images with Transparency expressed in bytes should be converted to RGBA images
3770.9s 1978 warnings.warn(
3776.0s 1979 [stage2] E08 | tr 0.0731/0.9733 | vl 0.2042/0.9477
3778.1s 1980 /usr/local/lib/python3.12/dist-packages/PIL/Image.py:1047: UserWarning: Palette images with Transparency expressed in bytes should be converted to RGBA images
3778.1s 1981 warnings.warn(
3778.1s 1982 
3778.1s 1983 /usr/local/lib/python3.12/dist-packages/PIL/Image.py:1047: UserWarning: Palette images with Transparency expressed in bytes should be converted to RGBA images
3778.1s 1984 warnings.warn(
3779.5s 1985 /usr/local/lib/python3.12/dist-packages/PIL/Image.py:1047: UserWarning: Palette images with Transparency expressed in bytes should be converted to RGBA images
3779.5s 1986 warnings.warn(
3779.5s 1987 
3779.5s 1988 /usr/local/lib/python3.12/dist-packages/PIL/Image.py:1047: UserWarning: Palette images with Transparency expressed in bytes should be converted to RGBA images
3779.5s 1989 warnings.warn(
3792.7s 1990 [stage2] E09 | tr 0.0723/0.9781 | vl 0.1935/0.9363
3804.5s 1991 /usr/local/lib/python3.12/dist-packages/PIL/Image.py:1047: UserWarning: Palette images with Transparency expressed in bytes should be converted to RGBA images
3804.5s 1992 warnings.warn(
3804.5s 1993 
3804.5s 1994 /usr/local/lib/python3.12/dist-packages/PIL/Image.py:1047: UserWarning: Palette images with Transparency expressed in bytes should be converted to RGBA images
3804.5s 1995 warnings.warn(
3809.2s 1996 [stage2] E10 | tr 0.0705/0.9717 | vl 0.1958/0.9349
3815.7s 1997 /usr/local/lib/python3.12/dist-packages/PIL/Image.py:1047: UserWarning: Palette images with Transparency expressed in bytes should be converted to RGBA images
3815.7s 1998 warnings.warn(
3815.7s 1999 
3815.7s 2000 /usr/local/lib/python3.12/dist-packages/PIL/Image.py:1047: UserWarning: Palette images with Transparency expressed in bytes should be converted to RGBA images
3815.7s 2001 warnings.warn(
3826.1s 2002 [stage2] E11 | tr 0.0519/0.9890 | vl 0.1856/0.9459
3828.1s 2003 /usr/local/lib/python3.12/dist-packages/PIL/Image.py:1047: UserWarning: Palette images with Transparency expressed in bytes should be converted to RGBA images
3828.1s 2004 warnings.warn(
3828.1s 2005 
3828.1s 2006 /usr/local/lib/python3.12/dist-packages/PIL/Image.py:1047: UserWarning: Palette images with Transparency expressed in bytes should be converted to RGBA images
3828.1s 2007 warnings.warn(
3842.8s 2008 [stage2] E12 | tr 0.0439/0.9827 | vl 0.1948/0.9363
3851.9s 2009 /usr/local/lib/python3.12/dist-packages/PIL/Image.py:1047: UserWarning: Palette images with Transparency expressed in bytes should be converted to RGBA images
3851.9s 2010 warnings.warn(
3851.9s 2011 
3851.9s 2012 /usr/local/lib/python3.12/dist-packages/PIL/Image.py:1047: UserWarning: Palette images with Transparency expressed in bytes should be converted to RGBA images
3851.9s 2013 warnings.warn(
3852.4s 2014 /usr/local/lib/python3.12/dist-packages/PIL/Image.py:1047: UserWarning: Palette images with Transparency expressed in bytes should be converted to RGBA images
3852.4s 2015 warnings.warn(
3852.4s 2016 
3852.4s 2017 /usr/local/lib/python3.12/dist-packages/PIL/Image.py:1047: UserWarning: Palette images with Transparency expressed in bytes should be converted to RGBA images
3852.4s 2018 warnings.warn(
3860.4s 2019 [stage2] E13 | tr 0.0562/0.9859 | vl 0.2041/0.9349
3860.4s 2020 Early stopping (patience=5)
3860.4s 2021 
3860.4s 2022 Best val F1 → stage1=0.7593  stage2=0.9477  overall=0.9477
3864.9s 2023 imb_class_weight_resnet50_seed55              F1macro=0.8777 acc=0.8846 cha_dam_yen R=1.000 P=0.700
3865.2s 2024 
3865.2s 2025 =======================================================
3865.2s 2026 Stage 1 — resnet50  seed=11
3865.2s 2027 =======================================================
3865.5s 2028 /usr/local/lib/python3.12/dist-packages/PIL/Image.py:1047: UserWarning: Palette images with Transparency expressed in bytes should be converted to RGBA images
3865.5s 2029 warnings.warn(
3865.5s 2030 
3865.5s 2031 /usr/local/lib/python3.12/dist-packages/PIL/Image.py:1047: UserWarning: Palette images with Transparency expressed in bytes should be converted to RGBA images
3865.5s 2032 warnings.warn(
3880.8s 2033 [stage1] E01 | tr 1.4778/0.4419 | vl 1.4120/0.4353
3886.7s 2034 /usr/local/lib/python3.12/dist-packages/PIL/Image.py:1047: UserWarning: Palette images with Transparency expressed in bytes should be converted to RGBA images
3886.7s 2035 warnings.warn(
3886.7s 2036 
3886.7s 2037 /usr/local/lib/python3.12/dist-packages/PIL/Image.py:1047: UserWarning: Palette images with Transparency expressed in bytes should be converted to RGBA images
3886.7s 2038 warnings.warn(
3893.1s 2039 /usr/local/lib/python3.12/dist-packages/PIL/Image.py:1047: UserWarning: Palette images with Transparency expressed in bytes should be converted to RGBA images
3893.1s 2040 warnings.warn(
3893.1s 2041 
3893.1s 2042 /usr/local/lib/python3.12/dist-packages/PIL/Image.py:1047: UserWarning: Palette images with Transparency expressed in bytes should be converted to RGBA images
3893.1s 2043 warnings.warn(
3897.8s 2044 [stage1] E02 | tr 1.2206/0.6805 | vl 1.2183/0.6576
3900.9s 2045 /usr/local/lib/python3.12/dist-packages/PIL/Image.py:1047: UserWarning: Palette images with Transparency expressed in bytes should be converted to RGBA images
3900.9s 2046 warnings.warn(
3900.9s 2047 
3900.9s 2048 /usr/local/lib/python3.12/dist-packages/PIL/Image.py:1047: UserWarning: Palette images with Transparency expressed in bytes should be converted to RGBA images
3900.9s 2049 warnings.warn(
3904.3s 2050 /usr/local/lib/python3.12/dist-packages/PIL/Image.py:1047: UserWarning: Palette images with Transparency expressed in bytes should be converted to RGBA images
3904.3s 2051 warnings.warn(
3904.3s 2052 
3904.3s 2053 /usr/local/lib/python3.12/dist-packages/PIL/Image.py:1047: UserWarning: Palette images with Transparency expressed in bytes should be converted to RGBA images
3904.3s 2054 warnings.warn(
3914.1s 2055 [stage1] E03 | tr 1.0540/0.7479 | vl 1.0946/0.6955
3914.9s 2056 /usr/local/lib/python3.12/dist-packages/PIL/Image.py:1047: UserWarning: Palette images with Transparency expressed in bytes should be converted to RGBA images
3914.9s 2057 warnings.warn(
3914.9s 2058 
3914.9s 2059 /usr/local/lib/python3.12/dist-packages/PIL/Image.py:1047: UserWarning: Palette images with Transparency expressed in bytes should be converted to RGBA images
3914.9s 2060 warnings.warn(
3924.2s 2061 /usr/local/lib/python3.12/dist-packages/PIL/Image.py:1047: UserWarning: Palette images with Transparency expressed in bytes should be converted to RGBA images
3924.2s 2062 warnings.warn(
3924.2s 2063 
3924.2s 2064 /usr/local/lib/python3.12/dist-packages/PIL/Image.py:1047: UserWarning: Palette images with Transparency expressed in bytes should be converted to RGBA images
3924.2s 2065 warnings.warn(
3931.1s 2066 [stage1] E04 | tr 0.9153/0.7544 | vl 1.0514/0.6668
3932.9s 2067 /usr/local/lib/python3.12/dist-packages/PIL/Image.py:1047: UserWarning: Palette images with Transparency expressed in bytes should be converted to RGBA images
3932.9s 2068 warnings.warn(
3932.9s 2069 
3932.9s 2070 /usr/local/lib/python3.12/dist-packages/PIL/Image.py:1047: UserWarning: Palette images with Transparency expressed in bytes should be converted to RGBA images
3932.9s 2071 warnings.warn(
3933.6s 2072 /usr/local/lib/python3.12/dist-packages/PIL/Image.py:1047: UserWarning: Palette images with Transparency expressed in bytes should be converted to RGBA images
3933.6s 2073 warnings.warn(
3933.6s 2074 
3933.6s 2075 /usr/local/lib/python3.12/dist-packages/PIL/Image.py:1047: UserWarning: Palette images with Transparency expressed in bytes should be converted to RGBA images
3933.6s 2076 warnings.warn(
3948.8s 2077 [stage1] E05 | tr 0.8634/0.8116 | vl 0.9745/0.7060
3951.2s 2078 /usr/local/lib/python3.12/dist-packages/PIL/Image.py:1047: UserWarning: Palette images with Transparency expressed in bytes should be converted to RGBA images
3951.2s 2079 warnings.warn(
3951.2s 2080 
3951.2s 2081 /usr/local/lib/python3.12/dist-packages/PIL/Image.py:1047: UserWarning: Palette images with Transparency expressed in bytes should be converted to RGBA images
3951.2s 2082 warnings.warn(
3952.9s 2083 /usr/local/lib/python3.12/dist-packages/PIL/Image.py:1047: UserWarning: Palette images with Transparency expressed in bytes should be converted to RGBA images
3952.9s 2084 warnings.warn(
3952.9s 2085 
3952.9s 2086 /usr/local/lib/python3.12/dist-packages/PIL/Image.py:1047: UserWarning: Palette images with Transparency expressed in bytes should be converted to RGBA images
3952.9s 2087 warnings.warn(
3965.6s 2088 [stage1] E06 | tr 0.7998/0.7982 | vl 0.9600/0.6960
3977.1s 2089 /usr/local/lib/python3.12/dist-packages/PIL/Image.py:1047: UserWarning: Palette images with Transparency expressed in bytes should be converted to RGBA images
3977.1s 2090 warnings.warn(
3977.1s 2091 
3977.1s 2092 /usr/local/lib/python3.12/dist-packages/PIL/Image.py:1047: UserWarning: Palette images with Transparency expressed in bytes should be converted to RGBA images
3977.1s 2093 warnings.warn(
3982.6s 2094 [stage1] E07 | tr 0.7730/0.8195 | vl 0.9154/0.7054
3982.9s 2095 /usr/local/lib/python3.12/dist-packages/PIL/Image.py:1047: UserWarning: Palette images with Transparency expressed in bytes should be converted to RGBA images
3982.9s 2096 warnings.warn(
3982.9s 2097 
3982.9s 2098 /usr/local/lib/python3.12/dist-packages/PIL/Image.py:1047: UserWarning: Palette images with Transparency expressed in bytes should be converted to RGBA images
3982.9s 2099 warnings.warn(
3999.4s 2100 [stage1] E08 | tr 0.7696/0.7900 | vl 0.8984/0.7238
4000.8s 2101 /usr/local/lib/python3.12/dist-packages/PIL/Image.py:1047: UserWarning: Palette images with Transparency expressed in bytes should be converted to RGBA images
4000.8s 2102 warnings.warn(
4000.8s 2103 
4000.8s 2104 /usr/local/lib/python3.12/dist-packages/PIL/Image.py:1047: UserWarning: Palette images with Transparency expressed in bytes should be converted to RGBA images
4000.8s 2105 warnings.warn(
4008.8s 2106 /usr/local/lib/python3.12/dist-packages/PIL/Image.py:1047: UserWarning: Palette images with Transparency expressed in bytes should be converted to RGBA images
4008.8s 2107 warnings.warn(
4008.8s 2108 
4008.8s 2109 /usr/local/lib/python3.12/dist-packages/PIL/Image.py:1047: UserWarning: Palette images with Transparency expressed in bytes should be converted to RGBA images
4008.8s 2110 warnings.warn(
4015.5s 2111 [stage1] E09 | tr 0.7836/0.7973 | vl 0.9066/0.7269
4015.9s 2112 /usr/local/lib/python3.12/dist-packages/PIL/Image.py:1047: UserWarning: Palette images with Transparency expressed in bytes should be converted to RGBA images
4015.9s 2113 warnings.warn(
4015.9s 2114 
4015.9s 2115 /usr/local/lib/python3.12/dist-packages/PIL/Image.py:1047: UserWarning: Palette images with Transparency expressed in bytes should be converted to RGBA images
4015.9s 2116 warnings.warn(
4027.6s 2117 /usr/local/lib/python3.12/dist-packages/PIL/Image.py:1047: UserWarning: Palette images with Transparency expressed in bytes should be converted to RGBA images
4027.6s 2118 warnings.warn(
4027.6s 2119 
4027.6s 2120 /usr/local/lib/python3.12/dist-packages/PIL/Image.py:1047: UserWarning: Palette images with Transparency expressed in bytes should be converted to RGBA images
4027.6s 2121 warnings.warn(
4033.8s 2122 [stage1] E10 | tr 0.7857/0.7772 | vl 0.9041/0.7356
4033.9s 2123 
4033.9s 2124 =======================================================
4033.9s 2125 Stage 2 — resnet50  seed=11
4033.9s 2126 =======================================================
4036.6s 2127 /usr/local/lib/python3.12/dist-packages/PIL/Image.py:1047: UserWarning: Palette images with Transparency expressed in bytes should be converted to RGBA images
4036.6s 2128 warnings.warn(
4036.6s 2129 
4036.6s 2130 /usr/local/lib/python3.12/dist-packages/PIL/Image.py:1047: UserWarning: Palette images with Transparency expressed in bytes should be converted to RGBA images
4036.6s 2131 warnings.warn(
4038.0s 2132 /usr/local/lib/python3.12/dist-packages/PIL/Image.py:1047: UserWarning: Palette images with Transparency expressed in bytes should be converted to RGBA images
4038.0s 2133 warnings.warn(
4038.0s 2134 
4038.0s 2135 /usr/local/lib/python3.12/dist-packages/PIL/Image.py:1047: UserWarning: Palette images with Transparency expressed in bytes should be converted to RGBA images
4038.0s 2136 warnings.warn(
4052.0s 2137 [stage2] E01 | tr 0.5559/0.8383 | vl 0.4744/0.8509
4056.5s 2138 /usr/local/lib/python3.12/dist-packages/PIL/Image.py:1047: UserWarning: Palette images with Transparency expressed in bytes should be converted to RGBA images
4056.5s 2139 warnings.warn(
4056.5s 2140 
4056.5s 2141 /usr/local/lib/python3.12/dist-packages/PIL/Image.py:1047: UserWarning: Palette images with Transparency expressed in bytes should be converted to RGBA images
4056.5s 2142 warnings.warn(
4069.5s 2143 [stage2] E02 | tr 0.3025/0.9029 | vl 0.3232/0.8827
4070.4s 2144 /usr/local/lib/python3.12/dist-packages/PIL/Image.py:1047: UserWarning: Palette images with Transparency expressed in bytes should be converted to RGBA images
4070.4s 2145 warnings.warn(
4070.4s 2146 
4070.4s 2147 /usr/local/lib/python3.12/dist-packages/PIL/Image.py:1047: UserWarning: Palette images with Transparency expressed in bytes should be converted to RGBA images
4070.4s 2148 warnings.warn(
4078.3s 2149 /usr/local/lib/python3.12/dist-packages/PIL/Image.py:1047: UserWarning: Palette images with Transparency expressed in bytes should be converted to RGBA images
4078.3s 2150 warnings.warn(
4078.3s 2151 
4078.3s 2152 /usr/local/lib/python3.12/dist-packages/PIL/Image.py:1047: UserWarning: Palette images with Transparency expressed in bytes should be converted to RGBA images
4078.3s 2153 warnings.warn(
4086.9s 2154 [stage2] E03 | tr 0.2037/0.9453 | vl 0.2357/0.9019
4099.8s 2155 /usr/local/lib/python3.12/dist-packages/PIL/Image.py:1047: UserWarning: Palette images with Transparency expressed in bytes should be converted to RGBA images
4099.8s 2156 warnings.warn(
4099.8s 2157 
4099.8s 2158 /usr/local/lib/python3.12/dist-packages/PIL/Image.py:1047: UserWarning: Palette images with Transparency expressed in bytes should be converted to RGBA images
4099.8s 2159 warnings.warn(
4104.3s 2160 [stage2] E04 | tr 0.1428/0.9513 | vl 0.2328/0.9140
4105.7s 2161 /usr/local/lib/python3.12/dist-packages/PIL/Image.py:1047: UserWarning: Palette images with Transparency expressed in bytes should be converted to RGBA images
4105.7s 2162 warnings.warn(
4105.7s 2163 
4105.7s 2164 /usr/local/lib/python3.12/dist-packages/PIL/Image.py:1047: UserWarning: Palette images with Transparency expressed in bytes should be converted to RGBA images
4105.7s 2165 warnings.warn(
4108.9s 2166 /usr/local/lib/python3.12/dist-packages/PIL/Image.py:1047: UserWarning: Palette images with Transparency expressed in bytes should be converted to RGBA images
4108.9s 2167 warnings.warn(
4108.9s 2168 
4108.9s 2169 /usr/local/lib/python3.12/dist-packages/PIL/Image.py:1047: UserWarning: Palette images with Transparency expressed in bytes should be converted to RGBA images
4108.9s 2170 warnings.warn(
4120.1s 2171 [stage2] E05 | tr 0.1385/0.9638 | vl 0.2176/0.8922
4125.5s 2172 /usr/local/lib/python3.12/dist-packages/PIL/Image.py:1047: UserWarning: Palette images with Transparency expressed in bytes should be converted to RGBA images
4125.5s 2173 warnings.warn(
4125.5s 2174 
4125.5s 2175 /usr/local/lib/python3.12/dist-packages/PIL/Image.py:1047: UserWarning: Palette images with Transparency expressed in bytes should be converted to RGBA images
4125.5s 2176 warnings.warn(
4129.4s 2177 /usr/local/lib/python3.12/dist-packages/PIL/Image.py:1047: UserWarning: Palette images with Transparency expressed in bytes should be converted to RGBA images
4129.4s 2178 warnings.warn(
4129.4s 2179 
4129.4s 2180 /usr/local/lib/python3.12/dist-packages/PIL/Image.py:1047: UserWarning: Palette images with Transparency expressed in bytes should be converted to RGBA images
4129.4s 2181 warnings.warn(
4137.4s 2182 [stage2] E06 | tr 0.1011/0.9671 | vl 0.2023/0.8931
4138.8s 2183 /usr/local/lib/python3.12/dist-packages/PIL/Image.py:1047: UserWarning: Palette images with Transparency expressed in bytes should be converted to RGBA images
4138.8s 2184 warnings.warn(
4138.8s 2185 
4138.8s 2186 /usr/local/lib/python3.12/dist-packages/PIL/Image.py:1047: UserWarning: Palette images with Transparency expressed in bytes should be converted to RGBA images
4138.8s 2187 warnings.warn(
4145.8s 2188 /usr/local/lib/python3.12/dist-packages/PIL/Image.py:1047: UserWarning: Palette images with Transparency expressed in bytes should be converted to RGBA images
4145.8s 2189 warnings.warn(
4145.8s 2190 
4145.8s 2191 /usr/local/lib/python3.12/dist-packages/PIL/Image.py:1047: UserWarning: Palette images with Transparency expressed in bytes should be converted to RGBA images
4145.8s 2192 warnings.warn(
4154.5s 2193 [stage2] E07 | tr 0.0879/0.9733 | vl 0.2029/0.9042
4164.0s 2194 /usr/local/lib/python3.12/dist-packages/PIL/Image.py:1047: UserWarning: Palette images with Transparency expressed in bytes should be converted to RGBA images
4164.0s 2195 warnings.warn(
4164.0s 2196 
4164.0s 2197 /usr/local/lib/python3.12/dist-packages/PIL/Image.py:1047: UserWarning: Palette images with Transparency expressed in bytes should be converted to RGBA images
4164.0s 2198 warnings.warn(
4170.7s 2199 [stage2] E08 | tr 0.0893/0.9734 | vl 0.1946/0.9364
4172.9s 2200 /usr/local/lib/python3.12/dist-packages/PIL/Image.py:1047: UserWarning: Palette images with Transparency expressed in bytes should be converted to RGBA images
4172.9s 2201 warnings.warn(
4172.9s 2202 
4172.9s 2203 /usr/local/lib/python3.12/dist-packages/PIL/Image.py:1047: UserWarning: Palette images with Transparency expressed in bytes should be converted to RGBA images
4172.9s 2204 warnings.warn(
4175.6s 2205 /usr/local/lib/python3.12/dist-packages/PIL/Image.py:1047: UserWarning: Palette images with Transparency expressed in bytes should be converted to RGBA images
4175.6s 2206 warnings.warn(
4175.6s 2207 
4175.6s 2208 /usr/local/lib/python3.12/dist-packages/PIL/Image.py:1047: UserWarning: Palette images with Transparency expressed in bytes should be converted to RGBA images
4175.6s 2209 warnings.warn(
4188.0s 2210 [stage2] E09 | tr 0.0631/0.9859 | vl 0.1853/0.9364
4192.0s 2211 /usr/local/lib/python3.12/dist-packages/PIL/Image.py:1047: UserWarning: Palette images with Transparency expressed in bytes should be converted to RGBA images
4192.0s 2212 warnings.warn(
4192.0s 2213 
4192.0s 2214 /usr/local/lib/python3.12/dist-packages/PIL/Image.py:1047: UserWarning: Palette images with Transparency expressed in bytes should be converted to RGBA images
4192.0s 2215 warnings.warn(
4195.4s 2216 /usr/local/lib/python3.12/dist-packages/PIL/Image.py:1047: UserWarning: Palette images with Transparency expressed in bytes should be converted to RGBA images
4195.4s 2217 warnings.warn(
4195.4s 2218 
4195.4s 2219 /usr/local/lib/python3.12/dist-packages/PIL/Image.py:1047: UserWarning: Palette images with Transparency expressed in bytes should be converted to RGBA images
4195.4s 2220 warnings.warn(
4204.3s 2221 [stage2] E10 | tr 0.0558/0.9874 | vl 0.1888/0.9256
4207.9s 2222 /usr/local/lib/python3.12/dist-packages/PIL/Image.py:1047: UserWarning: Palette images with Transparency expressed in bytes should be converted to RGBA images
4207.9s 2223 warnings.warn(
4207.9s 2224 
4207.9s 2225 /usr/local/lib/python3.12/dist-packages/PIL/Image.py:1047: UserWarning: Palette images with Transparency expressed in bytes should be converted to RGBA images
4207.9s 2226 warnings.warn(
4210.8s 2227 /usr/local/lib/python3.12/dist-packages/PIL/Image.py:1047: UserWarning: Palette images with Transparency expressed in bytes should be converted to RGBA images
4210.8s 2228 warnings.warn(
4210.8s 2229 
4210.8s 2230 /usr/local/lib/python3.12/dist-packages/PIL/Image.py:1047: UserWarning: Palette images with Transparency expressed in bytes should be converted to RGBA images
4210.8s 2231 warnings.warn(
4220.4s 2232 [stage2] E11 | tr 0.0727/0.9702 | vl 0.1916/0.9364
4222.3s 2233 /usr/local/lib/python3.12/dist-packages/PIL/Image.py:1047: UserWarning: Palette images with Transparency expressed in bytes should be converted to RGBA images
4222.3s 2234 warnings.warn(
4222.3s 2235 
4222.3s 2236 /usr/local/lib/python3.12/dist-packages/PIL/Image.py:1047: UserWarning: Palette images with Transparency expressed in bytes should be converted to RGBA images
4222.3s 2237 warnings.warn(
4231.8s 2238 /usr/local/lib/python3.12/dist-packages/PIL/Image.py:1047: UserWarning: Palette images with Transparency expressed in bytes should be converted to RGBA images
4231.8s 2239 warnings.warn(
4231.8s 2240 
4231.8s 2241 /usr/local/lib/python3.12/dist-packages/PIL/Image.py:1047: UserWarning: Palette images with Transparency expressed in bytes should be converted to RGBA images
4231.8s 2242 warnings.warn(
4238.2s 2243 [stage2] E12 | tr 0.0714/0.9812 | vl 0.1826/0.9364
4243.3s 2244 /usr/local/lib/python3.12/dist-packages/PIL/Image.py:1047: UserWarning: Palette images with Transparency expressed in bytes should be converted to RGBA images
4243.3s 2245 warnings.warn(
4243.3s 2246 
4243.3s 2247 /usr/local/lib/python3.12/dist-packages/PIL/Image.py:1047: UserWarning: Palette images with Transparency expressed in bytes should be converted to RGBA images
4243.3s 2248 warnings.warn(
4255.3s 2249 [stage2] E13 | tr 0.0423/0.9937 | vl 0.1811/0.9361
4255.3s 2250 Early stopping (patience=5)
4255.3s 2251 
4255.3s 2252 Best val F1 → stage1=0.7356  stage2=0.9364  overall=0.9364
4259.7s 2253 imb_sampler_resnet50_seed11                   F1macro=0.8944 acc=0.9011 cha_dam_yen R=1.000 P=0.737
4260.0s 2254 
4260.0s 2255 =======================================================
4260.0s 2256 Stage 1 — resnet50  seed=22
4260.0s 2257 =======================================================
4276.8s 2258 [stage1] E01 | tr 1.4635/0.4149 | vl 1.4167/0.4123
4281.9s 2259 /usr/local/lib/python3.12/dist-packages/PIL/Image.py:1047: UserWarning: Palette images with Transparency expressed in bytes should be converted to RGBA images
4281.9s 2260 warnings.warn(
4281.9s 2261 
4281.9s 2262 /usr/local/lib/python3.12/dist-packages/PIL/Image.py:1047: UserWarning: Palette images with Transparency expressed in bytes should be converted to RGBA images
4281.9s 2263 warnings.warn(
4284.3s 2264 /usr/local/lib/python3.12/dist-packages/PIL/Image.py:1047: UserWarning: Palette images with Transparency expressed in bytes should be converted to RGBA images
4284.3s 2265 warnings.warn(
4284.3s 2266 
4284.3s 2267 /usr/local/lib/python3.12/dist-packages/PIL/Image.py:1047: UserWarning: Palette images with Transparency expressed in bytes should be converted to RGBA images
4284.3s 2268 warnings.warn(
4293.4s 2269 [stage1] E02 | tr 1.1970/0.6715 | vl 1.2246/0.6853
4304.1s 2270 /usr/local/lib/python3.12/dist-packages/PIL/Image.py:1047: UserWarning: Palette images with Transparency expressed in bytes should be converted to RGBA images
4304.1s 2271 warnings.warn(
4304.1s 2272 
4304.1s 2273 /usr/local/lib/python3.12/dist-packages/PIL/Image.py:1047: UserWarning: Palette images with Transparency expressed in bytes should be converted to RGBA images
4304.1s 2274 warnings.warn(
4310.8s 2275 [stage1] E03 | tr 1.0422/0.7638 | vl 1.0857/0.6849
4312.6s 2276 /usr/local/lib/python3.12/dist-packages/PIL/Image.py:1047: UserWarning: Palette images with Transparency expressed in bytes should be converted to RGBA images
4312.6s 2277 warnings.warn(
4312.6s 2278 
4312.6s 2279 /usr/local/lib/python3.12/dist-packages/PIL/Image.py:1047: UserWarning: Palette images with Transparency expressed in bytes should be converted to RGBA images
4312.6s 2280 warnings.warn(
4318.3s 2281 /usr/local/lib/python3.12/dist-packages/PIL/Image.py:1047: UserWarning: Palette images with Transparency expressed in bytes should be converted to RGBA images
4318.3s 2282 warnings.warn(
4318.3s 2283 
4318.3s 2284 /usr/local/lib/python3.12/dist-packages/PIL/Image.py:1047: UserWarning: Palette images with Transparency expressed in bytes should be converted to RGBA images
4318.3s 2285 warnings.warn(
4327.7s 2286 [stage1] E04 | tr 0.9057/0.8054 | vl 1.0108/0.6855
4345.8s 2287 [stage1] E05 | tr 0.8642/0.7767 | vl 0.9773/0.6762
4347.9s 2288 /usr/local/lib/python3.12/dist-packages/PIL/Image.py:1047: UserWarning: Palette images with Transparency expressed in bytes should be converted to RGBA images
4347.9s 2289 warnings.warn(
4347.9s 2290 
4347.9s 2291 /usr/local/lib/python3.12/dist-packages/PIL/Image.py:1047: UserWarning: Palette images with Transparency expressed in bytes should be converted to RGBA images
4347.9s 2292 warnings.warn(
4362.1s 2293 [stage1] E06 | tr 0.7954/0.8104 | vl 0.9113/0.7469
4366.4s 2294 /usr/local/lib/python3.12/dist-packages/PIL/Image.py:1047: UserWarning: Palette images with Transparency expressed in bytes should be converted to RGBA images
4366.4s 2295 warnings.warn(
4366.4s 2296 
4366.4s 2297 /usr/local/lib/python3.12/dist-packages/PIL/Image.py:1047: UserWarning: Palette images with Transparency expressed in bytes should be converted to RGBA images
4366.4s 2298 warnings.warn(
4367.0s 2299 /usr/local/lib/python3.12/dist-packages/PIL/Image.py:1047: UserWarning: Palette images with Transparency expressed in bytes should be converted to RGBA images
4367.0s 2300 warnings.warn(
4367.0s 2301 
4367.0s 2302 /usr/local/lib/python3.12/dist-packages/PIL/Image.py:1047: UserWarning: Palette images with Transparency expressed in bytes should be converted to RGBA images
4367.0s 2303 warnings.warn(
4379.7s 2304 [stage1] E07 | tr 0.7759/0.8064 | vl 0.9026/0.7257
4382.0s 2305 /usr/local/lib/python3.12/dist-packages/PIL/Image.py:1047: UserWarning: Palette images with Transparency expressed in bytes should be converted to RGBA images
4382.0s 2306 warnings.warn(
4382.0s 2307 
4382.0s 2308 /usr/local/lib/python3.12/dist-packages/PIL/Image.py:1047: UserWarning: Palette images with Transparency expressed in bytes should be converted to RGBA images
4382.0s 2309 warnings.warn(
4385.3s 2310 /usr/local/lib/python3.12/dist-packages/PIL/Image.py:1047: UserWarning: Palette images with Transparency expressed in bytes should be converted to RGBA images
4385.3s 2311 warnings.warn(
4385.3s 2312 
4385.3s 2313 /usr/local/lib/python3.12/dist-packages/PIL/Image.py:1047: UserWarning: Palette images with Transparency expressed in bytes should be converted to RGBA images
4385.3s 2314 warnings.warn(
4396.2s 2315 [stage1] E08 | tr 0.7687/0.7954 | vl 0.9026/0.7267
4400.2s 2316 /usr/local/lib/python3.12/dist-packages/PIL/Image.py:1047: UserWarning: Palette images with Transparency expressed in bytes should be converted to RGBA images
4400.2s 2317 warnings.warn(
4400.2s 2318 
4400.2s 2319 /usr/local/lib/python3.12/dist-packages/PIL/Image.py:1047: UserWarning: Palette images with Transparency expressed in bytes should be converted to RGBA images
4400.2s 2320 warnings.warn(
4401.3s 2321 /usr/local/lib/python3.12/dist-packages/PIL/Image.py:1047: UserWarning: Palette images with Transparency expressed in bytes should be converted to RGBA images
4401.3s 2322 warnings.warn(
4401.3s 2323 
4401.3s 2324 /usr/local/lib/python3.12/dist-packages/PIL/Image.py:1047: UserWarning: Palette images with Transparency expressed in bytes should be converted to RGBA images
4401.3s 2325 warnings.warn(
4412.2s 2326 [stage1] E09 | tr 0.7656/0.8047 | vl 0.8908/0.7257
4412.4s 2327 /usr/local/lib/python3.12/dist-packages/PIL/Image.py:1047: UserWarning: Palette images with Transparency expressed in bytes should be converted to RGBA images
4412.4s 2328 warnings.warn(
4412.4s 2329 
4412.4s 2330 /usr/local/lib/python3.12/dist-packages/PIL/Image.py:1047: UserWarning: Palette images with Transparency expressed in bytes should be converted to RGBA images
4412.4s 2331 warnings.warn(
4424.6s 2332 /usr/local/lib/python3.12/dist-packages/PIL/Image.py:1047: UserWarning: Palette images with Transparency expressed in bytes should be converted to RGBA images
4424.6s 2333 warnings.warn(
4424.6s 2334 
4424.6s 2335 /usr/local/lib/python3.12/dist-packages/PIL/Image.py:1047: UserWarning: Palette images with Transparency expressed in bytes should be converted to RGBA images
4424.6s 2336 warnings.warn(
4428.2s 2337 [stage1] E10 | tr 0.8043/0.7800 | vl 0.8851/0.7358
4428.2s 2338 
4428.2s 2339 =======================================================
4428.2s 2340 Stage 2 — resnet50  seed=22
4428.2s 2341 =======================================================
4428.5s 2342 /usr/local/lib/python3.12/dist-packages/PIL/Image.py:1047: UserWarning: Palette images with Transparency expressed in bytes should be converted to RGBA images
4428.5s 2343 warnings.warn(
4428.5s 2344 
4428.5s 2345 /usr/local/lib/python3.12/dist-packages/PIL/Image.py:1047: UserWarning: Palette images with Transparency expressed in bytes should be converted to RGBA images
4428.5s 2346 warnings.warn(
4430.6s 2347 /usr/local/lib/python3.12/dist-packages/PIL/Image.py:1047: UserWarning: Palette images with Transparency expressed in bytes should be converted to RGBA images
4430.6s 2348 warnings.warn(
4430.6s 2349 
4430.6s 2350 /usr/local/lib/python3.12/dist-packages/PIL/Image.py:1047: UserWarning: Palette images with Transparency expressed in bytes should be converted to RGBA images
4430.6s 2351 warnings.warn(
4444.8s 2352 [stage2] E01 | tr 0.5332/0.8466 | vl 0.4910/0.8213
4449.0s 2353 /usr/local/lib/python3.12/dist-packages/PIL/Image.py:1047: UserWarning: Palette images with Transparency expressed in bytes should be converted to RGBA images
4449.0s 2354 warnings.warn(
4449.0s 2355 
4449.0s 2356 /usr/local/lib/python3.12/dist-packages/PIL/Image.py:1047: UserWarning: Palette images with Transparency expressed in bytes should be converted to RGBA images
4449.0s 2357 warnings.warn(
4450.8s 2358 /usr/local/lib/python3.12/dist-packages/PIL/Image.py:1047: UserWarning: Palette images with Transparency expressed in bytes should be converted to RGBA images
4450.8s 2359 warnings.warn(
4450.8s 2360 
4450.8s 2361 /usr/local/lib/python3.12/dist-packages/PIL/Image.py:1047: UserWarning: Palette images with Transparency expressed in bytes should be converted to RGBA images
4450.8s 2362 warnings.warn(
4461.9s 2363 [stage2] E02 | tr 0.3063/0.9113 | vl 0.2971/0.9253
4464.3s 2364 /usr/local/lib/python3.12/dist-packages/PIL/Image.py:1047: UserWarning: Palette images with Transparency expressed in bytes should be converted to RGBA images
4464.3s 2365 warnings.warn(
4464.3s 2366 
4464.3s 2367 /usr/local/lib/python3.12/dist-packages/PIL/Image.py:1047: UserWarning: Palette images with Transparency expressed in bytes should be converted to RGBA images
4464.3s 2368 warnings.warn(
4473.2s 2369 /usr/local/lib/python3.12/dist-packages/PIL/Image.py:1047: UserWarning: Palette images with Transparency expressed in bytes should be converted to RGBA images
4473.2s 2370 warnings.warn(
4473.2s 2371 
4473.2s 2372 /usr/local/lib/python3.12/dist-packages/PIL/Image.py:1047: UserWarning: Palette images with Transparency expressed in bytes should be converted to RGBA images
4473.2s 2373 warnings.warn(
4479.0s 2374 [stage2] E03 | tr 0.1809/0.9439 | vl 0.2816/0.8851
4496.2s 2375 [stage2] E04 | tr 0.1535/0.9420 | vl 0.1846/0.9366
4497.5s 2376 /usr/local/lib/python3.12/dist-packages/PIL/Image.py:1047: UserWarning: Palette images with Transparency expressed in bytes should be converted to RGBA images
4497.5s 2377 warnings.warn(
4497.5s 2378 
4497.5s 2379 /usr/local/lib/python3.12/dist-packages/PIL/Image.py:1047: UserWarning: Palette images with Transparency expressed in bytes should be converted to RGBA images
4497.5s 2380 warnings.warn(
4513.2s 2381 [stage2] E05 | tr 0.1293/0.9589 | vl 0.1753/0.9349
4517.1s 2382 /usr/local/lib/python3.12/dist-packages/PIL/Image.py:1047: UserWarning: Palette images with Transparency expressed in bytes should be converted to RGBA images
4517.1s 2383 warnings.warn(
4517.1s 2384 
4517.1s 2385 /usr/local/lib/python3.12/dist-packages/PIL/Image.py:1047: UserWarning: Palette images with Transparency expressed in bytes should be converted to RGBA images
4517.1s 2386 warnings.warn(
4519.8s 2387 /usr/local/lib/python3.12/dist-packages/PIL/Image.py:1047: UserWarning: Palette images with Transparency expressed in bytes should be converted to RGBA images
4519.8s 2388 warnings.warn(
4519.8s 2389 
4519.8s 2390 /usr/local/lib/python3.12/dist-packages/PIL/Image.py:1047: UserWarning: Palette images with Transparency expressed in bytes should be converted to RGBA images
4519.8s 2391 warnings.warn(
4529.7s 2392 [stage2] E06 | tr 0.1113/0.9718 | vl 0.1593/0.9144
4529.9s 2393 /usr/local/lib/python3.12/dist-packages/PIL/Image.py:1047: UserWarning: Palette images with Transparency expressed in bytes should be converted to RGBA images
4529.9s 2394 warnings.warn(
4529.9s 2395 
4529.9s 2396 /usr/local/lib/python3.12/dist-packages/PIL/Image.py:1047: UserWarning: Palette images with Transparency expressed in bytes should be converted to RGBA images
4529.9s 2397 warnings.warn(
4547.7s 2398 [stage2] E07 | tr 0.0868/0.9733 | vl 0.1283/0.9368
4548.9s 2399 /usr/local/lib/python3.12/dist-packages/PIL/Image.py:1047: UserWarning: Palette images with Transparency expressed in bytes should be converted to RGBA images
4548.9s 2400 warnings.warn(
4548.9s 2401 
4548.9s 2402 /usr/local/lib/python3.12/dist-packages/PIL/Image.py:1047: UserWarning: Palette images with Transparency expressed in bytes should be converted to RGBA images
4548.9s 2403 warnings.warn(
4563.8s 2404 [stage2] E08 | tr 0.0572/0.9906 | vl 0.1377/0.9368
4565.1s 2405 /usr/local/lib/python3.12/dist-packages/PIL/Image.py:1047: UserWarning: Palette images with Transparency expressed in bytes should be converted to RGBA images
4565.1s 2406 warnings.warn(
4565.1s 2407 
4565.1s 2408 /usr/local/lib/python3.12/dist-packages/PIL/Image.py:1047: UserWarning: Palette images with Transparency expressed in bytes should be converted to RGBA images
4565.1s 2409 warnings.warn(
4565.3s 2410 /usr/local/lib/python3.12/dist-packages/PIL/Image.py:1047: UserWarning: Palette images with Transparency expressed in bytes should be converted to RGBA images
4565.3s 2411 warnings.warn(
4565.3s 2412 
4565.3s 2413 /usr/local/lib/python3.12/dist-packages/PIL/Image.py:1047: UserWarning: Palette images with Transparency expressed in bytes should be converted to RGBA images
4565.3s 2414 warnings.warn(
4579.9s 2415 [stage2] E09 | tr 0.0595/0.9874 | vl 0.1484/0.9477
4581.8s 2416 /usr/local/lib/python3.12/dist-packages/PIL/Image.py:1047: UserWarning: Palette images with Transparency expressed in bytes should be converted to RGBA images
4581.8s 2417 warnings.warn(
4581.8s 2418 
4581.8s 2419 /usr/local/lib/python3.12/dist-packages/PIL/Image.py:1047: UserWarning: Palette images with Transparency expressed in bytes should be converted to RGBA images
4581.8s 2420 warnings.warn(
4596.3s 2421 [stage2] E10 | tr 0.0544/0.9891 | vl 0.1353/0.9477
4597.2s 2422 /usr/local/lib/python3.12/dist-packages/PIL/Image.py:1047: UserWarning: Palette images with Transparency expressed in bytes should be converted to RGBA images
4597.2s 2423 warnings.warn(
4597.2s 2424 
4597.2s 2425 /usr/local/lib/python3.12/dist-packages/PIL/Image.py:1047: UserWarning: Palette images with Transparency expressed in bytes should be converted to RGBA images
4597.2s 2426 warnings.warn(
4605.3s 2427 /usr/local/lib/python3.12/dist-packages/PIL/Image.py:1047: UserWarning: Palette images with Transparency expressed in bytes should be converted to RGBA images
4605.3s 2428 warnings.warn(
4605.3s 2429 
4605.3s 2430 /usr/local/lib/python3.12/dist-packages/PIL/Image.py:1047: UserWarning: Palette images with Transparency expressed in bytes should be converted to RGBA images
4605.3s 2431 warnings.warn(
4613.2s 2432 [stage2] E11 | tr 0.0470/0.9891 | vl 0.1322/0.9574
4614.2s 2433 /usr/local/lib/python3.12/dist-packages/PIL/Image.py:1047: UserWarning: Palette images with Transparency expressed in bytes should be converted to RGBA images
4614.2s 2434 warnings.warn(
4614.2s 2435 
4614.2s 2436 /usr/local/lib/python3.12/dist-packages/PIL/Image.py:1047: UserWarning: Palette images with Transparency expressed in bytes should be converted to RGBA images
4614.2s 2437 warnings.warn(
4617.1s 2438 /usr/local/lib/python3.12/dist-packages/PIL/Image.py:1047: UserWarning: Palette images with Transparency expressed in bytes should be converted to RGBA images
4617.1s 2439 warnings.warn(
4617.1s 2440 
4617.1s 2441 /usr/local/lib/python3.12/dist-packages/PIL/Image.py:1047: UserWarning: Palette images with Transparency expressed in bytes should be converted to RGBA images
4617.1s 2442 warnings.warn(
4630.4s 2443 [stage2] E12 | tr 0.0707/0.9763 | vl 0.1267/0.9573
4630.9s 2444 /usr/local/lib/python3.12/dist-packages/PIL/Image.py:1047: UserWarning: Palette images with Transparency expressed in bytes should be converted to RGBA images
4630.9s 2445 warnings.warn(
4630.9s 2446 
4630.9s 2447 /usr/local/lib/python3.12/dist-packages/PIL/Image.py:1047: UserWarning: Palette images with Transparency expressed in bytes should be converted to RGBA images
4630.9s 2448 warnings.warn(
4631.7s 2449 /usr/local/lib/python3.12/dist-packages/PIL/Image.py:1047: UserWarning: Palette images with Transparency expressed in bytes should be converted to RGBA images
4631.7s 2450 warnings.warn(
4631.7s 2451 
4631.7s 2452 /usr/local/lib/python3.12/dist-packages/PIL/Image.py:1047: UserWarning: Palette images with Transparency expressed in bytes should be converted to RGBA images
4631.7s 2453 warnings.warn(
4646.9s 2454 [stage2] E13 | tr 0.0667/0.9765 | vl 0.1388/0.9573
4647.3s 2455 /usr/local/lib/python3.12/dist-packages/PIL/Image.py:1047: UserWarning: Palette images with Transparency expressed in bytes should be converted to RGBA images
4647.3s 2456 warnings.warn(
4647.3s 2457 
4647.3s 2458 /usr/local/lib/python3.12/dist-packages/PIL/Image.py:1047: UserWarning: Palette images with Transparency expressed in bytes should be converted to RGBA images
4647.3s 2459 warnings.warn(
4663.8s 2460 [stage2] E14 | tr 0.0664/0.9812 | vl 0.1357/0.9573
4670.1s 2461 /usr/local/lib/python3.12/dist-packages/PIL/Image.py:1047: UserWarning: Palette images with Transparency expressed in bytes should be converted to RGBA images
4670.1s 2462 warnings.warn(
4670.1s 2463 
4670.1s 2464 /usr/local/lib/python3.12/dist-packages/PIL/Image.py:1047: UserWarning: Palette images with Transparency expressed in bytes should be converted to RGBA images
4670.1s 2465 warnings.warn(
4670.5s 2466 /usr/local/lib/python3.12/dist-packages/PIL/Image.py:1047: UserWarning: Palette images with Transparency expressed in bytes should be converted to RGBA images
4670.5s 2467 warnings.warn(
4670.5s 2468 
4670.5s 2469 /usr/local/lib/python3.12/dist-packages/PIL/Image.py:1047: UserWarning: Palette images with Transparency expressed in bytes should be converted to RGBA images
4670.5s 2470 warnings.warn(
4680.2s 2471 [stage2] E15 | tr 0.0570/0.9812 | vl 0.1278/0.9462
4680.2s 2472 
4680.2s 2473 Best val F1 → stage1=0.7469  stage2=0.9574  overall=0.9574
4684.6s 2474 imb_sampler_resnet50_seed22                   F1macro=0.9025 acc=0.9121 cha_dam_yen R=0.929 P=0.765
4684.9s 2475 
4684.9s 2476 =======================================================
4684.9s 2477 Stage 1 — resnet50  seed=33
4684.9s 2478 =======================================================
4688.7s 2479 /usr/local/lib/python3.12/dist-packages/PIL/Image.py:1047: UserWarning: Palette images with Transparency expressed in bytes should be converted to RGBA images
4688.7s 2480 warnings.warn(
4688.7s 2481 
4688.7s 2482 /usr/local/lib/python3.12/dist-packages/PIL/Image.py:1047: UserWarning: Palette images with Transparency expressed in bytes should be converted to RGBA images
4688.7s 2483 warnings.warn(
4689.9s 2484 /usr/local/lib/python3.12/dist-packages/PIL/Image.py:1047: UserWarning: Palette images with Transparency expressed in bytes should be converted to RGBA images
4689.9s 2485 warnings.warn(
4689.9s 2486 
4689.9s 2487 /usr/local/lib/python3.12/dist-packages/PIL/Image.py:1047: UserWarning: Palette images with Transparency expressed in bytes should be converted to RGBA images
4689.9s 2488 warnings.warn(
4701.1s 2489 [stage1] E01 | tr 1.4711/0.4488 | vl 1.4256/0.5144
4704.7s 2490 /usr/local/lib/python3.12/dist-packages/PIL/Image.py:1047: UserWarning: Palette images with Transparency expressed in bytes should be converted to RGBA images
4704.7s 2491 warnings.warn(
4704.7s 2492 
4704.7s 2493 /usr/local/lib/python3.12/dist-packages/PIL/Image.py:1047: UserWarning: Palette images with Transparency expressed in bytes should be converted to RGBA images
4704.7s 2494 warnings.warn(
4714.4s 2495 /usr/local/lib/python3.12/dist-packages/PIL/Image.py:1047: UserWarning: Palette images with Transparency expressed in bytes should be converted to RGBA images
4714.4s 2496 warnings.warn(
4714.4s 2497 
4714.4s 2498 /usr/local/lib/python3.12/dist-packages/PIL/Image.py:1047: UserWarning: Palette images with Transparency expressed in bytes should be converted to RGBA images
4714.4s 2499 warnings.warn(
4718.3s 2500 [stage1] E02 | tr 1.2018/0.6739 | vl 1.2160/0.7080
4719.1s 2501 /usr/local/lib/python3.12/dist-packages/PIL/Image.py:1047: UserWarning: Palette images with Transparency expressed in bytes should be converted to RGBA images
4719.1s 2502 warnings.warn(
4719.1s 2503 
4719.1s 2504 /usr/local/lib/python3.12/dist-packages/PIL/Image.py:1047: UserWarning: Palette images with Transparency expressed in bytes should be converted to RGBA images
4719.1s 2505 warnings.warn(
4734.3s 2506 [stage1] E03 | tr 1.0308/0.7452 | vl 1.0941/0.7021
4740.5s 2507 /usr/local/lib/python3.12/dist-packages/PIL/Image.py:1047: UserWarning: Palette images with Transparency expressed in bytes should be converted to RGBA images
4740.5s 2508 warnings.warn(
4740.5s 2509 
4740.5s 2510 /usr/local/lib/python3.12/dist-packages/PIL/Image.py:1047: UserWarning: Palette images with Transparency expressed in bytes should be converted to RGBA images
4740.5s 2511 warnings.warn(
4743.3s 2512 /usr/local/lib/python3.12/dist-packages/PIL/Image.py:1047: UserWarning: Palette images with Transparency expressed in bytes should be converted to RGBA images
4743.3s 2513 warnings.warn(
4743.3s 2514 
4743.3s 2515 /usr/local/lib/python3.12/dist-packages/PIL/Image.py:1047: UserWarning: Palette images with Transparency expressed in bytes should be converted to RGBA images
4743.3s 2516 warnings.warn(
4750.8s 2517 [stage1] E04 | tr 0.9509/0.7468 | vl 1.0271/0.7179
4757.6s 2518 /usr/local/lib/python3.12/dist-packages/PIL/Image.py:1047: UserWarning: Palette images with Transparency expressed in bytes should be converted to RGBA images
4757.6s 2519 warnings.warn(
4757.6s 2520 
4757.6s 2521 /usr/local/lib/python3.12/dist-packages/PIL/Image.py:1047: UserWarning: Palette images with Transparency expressed in bytes should be converted to RGBA images
4757.6s 2522 warnings.warn(
4760.3s 2523 /usr/local/lib/python3.12/dist-packages/PIL/Image.py:1047: UserWarning: Palette images with Transparency expressed in bytes should be converted to RGBA images
4760.3s 2524 warnings.warn(
4760.3s 2525 
4760.3s 2526 /usr/local/lib/python3.12/dist-packages/PIL/Image.py:1047: UserWarning: Palette images with Transparency expressed in bytes should be converted to RGBA images
4760.3s 2527 warnings.warn(
4767.9s 2528 [stage1] E05 | tr 0.8671/0.7687 | vl 0.9563/0.7385
4770.6s 2529 /usr/local/lib/python3.12/dist-packages/PIL/Image.py:1047: UserWarning: Palette images with Transparency expressed in bytes should be converted to RGBA images
4770.6s 2530 warnings.warn(
4770.6s 2531 
4770.6s 2532 /usr/local/lib/python3.12/dist-packages/PIL/Image.py:1047: UserWarning: Palette images with Transparency expressed in bytes should be converted to RGBA images
4770.6s 2533 warnings.warn(
4772.6s 2534 /usr/local/lib/python3.12/dist-packages/PIL/Image.py:1047: UserWarning: Palette images with Transparency expressed in bytes should be converted to RGBA images
4772.6s 2535 warnings.warn(
4772.6s 2536 
4772.6s 2537 /usr/local/lib/python3.12/dist-packages/PIL/Image.py:1047: UserWarning: Palette images with Transparency expressed in bytes should be converted to RGBA images
4772.6s 2538 warnings.warn(
4783.6s 2539 [stage1] E06 | tr 0.8103/0.7883 | vl 0.9481/0.7186
4786.7s 2540 /usr/local/lib/python3.12/dist-packages/PIL/Image.py:1047: UserWarning: Palette images with Transparency expressed in bytes should be converted to RGBA images
4786.7s 2541 warnings.warn(
4786.7s 2542 
4786.7s 2543 /usr/local/lib/python3.12/dist-packages/PIL/Image.py:1047: UserWarning: Palette images with Transparency expressed in bytes should be converted to RGBA images
4786.7s 2544 warnings.warn(
4790.2s 2545 /usr/local/lib/python3.12/dist-packages/PIL/Image.py:1047: UserWarning: Palette images with Transparency expressed in bytes should be converted to RGBA images
4790.2s 2546 warnings.warn(
4790.2s 2547 
4790.2s 2548 /usr/local/lib/python3.12/dist-packages/PIL/Image.py:1047: UserWarning: Palette images with Transparency expressed in bytes should be converted to RGBA images
4790.2s 2549 warnings.warn(
4799.6s 2550 [stage1] E07 | tr 0.7709/0.8122 | vl 0.9192/0.7488
4802.1s 2551 /usr/local/lib/python3.12/dist-packages/PIL/Image.py:1047: UserWarning: Palette images with Transparency expressed in bytes should be converted to RGBA images
4802.1s 2552 warnings.warn(
4802.1s 2553 
4802.1s 2554 /usr/local/lib/python3.12/dist-packages/PIL/Image.py:1047: UserWarning: Palette images with Transparency expressed in bytes should be converted to RGBA images
4802.1s 2555 warnings.warn(
4806.1s 2556 /usr/local/lib/python3.12/dist-packages/PIL/Image.py:1047: UserWarning: Palette images with Transparency expressed in bytes should be converted to RGBA images
4806.1s 2557 warnings.warn(
4806.1s 2558 
4806.1s 2559 /usr/local/lib/python3.12/dist-packages/PIL/Image.py:1047: UserWarning: Palette images with Transparency expressed in bytes should be converted to RGBA images
4806.1s 2560 warnings.warn(
4816.4s 2561 [stage1] E08 | tr 0.7496/0.8194 | vl 0.9086/0.7485
4821.1s 2562 /usr/local/lib/python3.12/dist-packages/PIL/Image.py:1047: UserWarning: Palette images with Transparency expressed in bytes should be converted to RGBA images
4821.1s 2563 warnings.warn(
4821.1s 2564 
4821.1s 2565 /usr/local/lib/python3.12/dist-packages/PIL/Image.py:1047: UserWarning: Palette images with Transparency expressed in bytes should be converted to RGBA images
4821.1s 2566 warnings.warn(
4825.0s 2567 /usr/local/lib/python3.12/dist-packages/PIL/Image.py:1047: UserWarning: Palette images with Transparency expressed in bytes should be converted to RGBA images
4825.0s 2568 warnings.warn(
4825.0s 2569 
4825.0s 2570 /usr/local/lib/python3.12/dist-packages/PIL/Image.py:1047: UserWarning: Palette images with Transparency expressed in bytes should be converted to RGBA images
4825.0s 2571 warnings.warn(
4832.3s 2572 [stage1] E09 | tr 0.7377/0.8299 | vl 0.9019/0.7587
4834.6s 2573 /usr/local/lib/python3.12/dist-packages/PIL/Image.py:1047: UserWarning: Palette images with Transparency expressed in bytes should be converted to RGBA images
4834.6s 2574 warnings.warn(
4834.6s 2575 
4834.6s 2576 /usr/local/lib/python3.12/dist-packages/PIL/Image.py:1047: UserWarning: Palette images with Transparency expressed in bytes should be converted to RGBA images
4834.6s 2577 warnings.warn(
4837.3s 2578 /usr/local/lib/python3.12/dist-packages/PIL/Image.py:1047: UserWarning: Palette images with Transparency expressed in bytes should be converted to RGBA images
4837.3s 2579 warnings.warn(
4837.3s 2580 
4837.3s 2581 /usr/local/lib/python3.12/dist-packages/PIL/Image.py:1047: UserWarning: Palette images with Transparency expressed in bytes should be converted to RGBA images
4837.3s 2582 warnings.warn(
4848.6s 2583 [stage1] E10 | tr 0.7796/0.8077 | vl 0.9008/0.7690
4848.7s 2584 
4848.7s 2585 =======================================================
4848.7s 2586 Stage 2 — resnet50  seed=33
4848.7s 2587 =======================================================
4849.4s 2588 /usr/local/lib/python3.12/dist-packages/PIL/Image.py:1047: UserWarning: Palette images with Transparency expressed in bytes should be converted to RGBA images
4849.4s 2589 warnings.warn(
4849.4s 2590 
4849.4s 2591 /usr/local/lib/python3.12/dist-packages/PIL/Image.py:1047: UserWarning: Palette images with Transparency expressed in bytes should be converted to RGBA images
4849.4s 2592 warnings.warn(
4852.0s 2593 /usr/local/lib/python3.12/dist-packages/PIL/Image.py:1047: UserWarning: Palette images with Transparency expressed in bytes should be converted to RGBA images
4852.0s 2594 warnings.warn(
4852.0s 2595 
4852.0s 2596 /usr/local/lib/python3.12/dist-packages/PIL/Image.py:1047: UserWarning: Palette images with Transparency expressed in bytes should be converted to RGBA images
4852.0s 2597 warnings.warn(
4864.6s 2598 [stage2] E01 | tr 0.5398/0.8439 | vl 0.4525/0.8366
4870.5s 2599 /usr/local/lib/python3.12/dist-packages/PIL/Image.py:1047: UserWarning: Palette images with Transparency expressed in bytes should be converted to RGBA images
4870.5s 2600 warnings.warn(
4870.5s 2601 
4870.5s 2602 /usr/local/lib/python3.12/dist-packages/PIL/Image.py:1047: UserWarning: Palette images with Transparency expressed in bytes should be converted to RGBA images
4870.5s 2603 warnings.warn(
4875.7s 2604 /usr/local/lib/python3.12/dist-packages/PIL/Image.py:1047: UserWarning: Palette images with Transparency expressed in bytes should be converted to RGBA images
4875.7s 2605 warnings.warn(
4875.7s 2606 
4875.7s 2607 /usr/local/lib/python3.12/dist-packages/PIL/Image.py:1047: UserWarning: Palette images with Transparency expressed in bytes should be converted to RGBA images
4875.7s 2608 warnings.warn(
4881.7s 2609 [stage2] E02 | tr 0.2916/0.9090 | vl 0.3051/0.8919
4883.1s 2610 /usr/local/lib/python3.12/dist-packages/PIL/Image.py:1047: UserWarning: Palette images with Transparency expressed in bytes should be converted to RGBA images
4883.1s 2611 warnings.warn(
4883.1s 2612 
4883.1s 2613 /usr/local/lib/python3.12/dist-packages/PIL/Image.py:1047: UserWarning: Palette images with Transparency expressed in bytes should be converted to RGBA images
4883.1s 2614 warnings.warn(
4883.7s 2615 /usr/local/lib/python3.12/dist-packages/PIL/Image.py:1047: UserWarning: Palette images with Transparency expressed in bytes should be converted to RGBA images
4883.7s 2616 warnings.warn(
4883.7s 2617 
4883.7s 2618 /usr/local/lib/python3.12/dist-packages/PIL/Image.py:1047: UserWarning: Palette images with Transparency expressed in bytes should be converted to RGBA images
4883.7s 2619 warnings.warn(
4898.8s 2620 [stage2] E03 | tr 0.2020/0.9327 | vl 0.2667/0.9056
4901.1s 2621 /usr/local/lib/python3.12/dist-packages/PIL/Image.py:1047: UserWarning: Palette images with Transparency expressed in bytes should be converted to RGBA images
4901.1s 2622 warnings.warn(
4901.1s 2623 
4901.1s 2624 /usr/local/lib/python3.12/dist-packages/PIL/Image.py:1047: UserWarning: Palette images with Transparency expressed in bytes should be converted to RGBA images
4901.1s 2625 warnings.warn(
4906.8s 2626 /usr/local/lib/python3.12/dist-packages/PIL/Image.py:1047: UserWarning: Palette images with Transparency expressed in bytes should be converted to RGBA images
4906.8s 2627 warnings.warn(
4906.8s 2628 
4906.8s 2629 /usr/local/lib/python3.12/dist-packages/PIL/Image.py:1047: UserWarning: Palette images with Transparency expressed in bytes should be converted to RGBA images
4906.8s 2630 warnings.warn(
4915.3s 2631 [stage2] E04 | tr 0.1444/0.9530 | vl 0.2352/0.9368
4919.7s 2632 /usr/local/lib/python3.12/dist-packages/PIL/Image.py:1047: UserWarning: Palette images with Transparency expressed in bytes should be converted to RGBA images
4919.7s 2633 warnings.warn(
4919.7s 2634 
4919.7s 2635 /usr/local/lib/python3.12/dist-packages/PIL/Image.py:1047: UserWarning: Palette images with Transparency expressed in bytes should be converted to RGBA images
4919.7s 2636 warnings.warn(
4930.7s 2637 [stage2] E05 | tr 0.1209/0.9593 | vl 0.2149/0.9257
4931.8s 2638 /usr/local/lib/python3.12/dist-packages/PIL/Image.py:1047: UserWarning: Palette images with Transparency expressed in bytes should be converted to RGBA images
4931.8s 2639 warnings.warn(
4931.8s 2640 
4931.8s 2641 /usr/local/lib/python3.12/dist-packages/PIL/Image.py:1047: UserWarning: Palette images with Transparency expressed in bytes should be converted to RGBA images
4931.8s 2642 warnings.warn(
4935.2s 2643 /usr/local/lib/python3.12/dist-packages/PIL/Image.py:1047: UserWarning: Palette images with Transparency expressed in bytes should be converted to RGBA images
4935.2s 2644 warnings.warn(
4935.2s 2645 
4935.2s 2646 /usr/local/lib/python3.12/dist-packages/PIL/Image.py:1047: UserWarning: Palette images with Transparency expressed in bytes should be converted to RGBA images
4935.2s 2647 warnings.warn(
4947.1s 2648 [stage2] E06 | tr 0.0960/0.9701 | vl 0.1973/0.9256
4958.2s 2649 /usr/local/lib/python3.12/dist-packages/PIL/Image.py:1047: UserWarning: Palette images with Transparency expressed in bytes should be converted to RGBA images
4958.2s 2650 warnings.warn(
4958.2s 2651 
4958.2s 2652 /usr/local/lib/python3.12/dist-packages/PIL/Image.py:1047: UserWarning: Palette images with Transparency expressed in bytes should be converted to RGBA images
4958.2s 2653 warnings.warn(
4964.3s 2654 [stage2] E07 | tr 0.0946/0.9654 | vl 0.1969/0.9046
4968.7s 2655 /usr/local/lib/python3.12/dist-packages/PIL/Image.py:1047: UserWarning: Palette images with Transparency expressed in bytes should be converted to RGBA images
4968.7s 2656 warnings.warn(
4968.7s 2657 
4968.7s 2658 /usr/local/lib/python3.12/dist-packages/PIL/Image.py:1047: UserWarning: Palette images with Transparency expressed in bytes should be converted to RGBA images
4968.7s 2659 warnings.warn(
4976.5s 2660 /usr/local/lib/python3.12/dist-packages/PIL/Image.py:1047: UserWarning: Palette images with Transparency expressed in bytes should be converted to RGBA images
4976.5s 2661 warnings.warn(
4976.5s 2662 
4976.5s 2663 /usr/local/lib/python3.12/dist-packages/PIL/Image.py:1047: UserWarning: Palette images with Transparency expressed in bytes should be converted to RGBA images
4976.5s 2664 warnings.warn(
4982.0s 2665 [stage2] E08 | tr 0.0735/0.9828 | vl 0.1763/0.9465
4983.9s 2666 /usr/local/lib/python3.12/dist-packages/PIL/Image.py:1047: UserWarning: Palette images with Transparency expressed in bytes should be converted to RGBA images
4983.9s 2667 warnings.warn(
4983.9s 2668 
4983.9s 2669 /usr/local/lib/python3.12/dist-packages/PIL/Image.py:1047: UserWarning: Palette images with Transparency expressed in bytes should be converted to RGBA images
4983.9s 2670 warnings.warn(
4991.7s 2671 /usr/local/lib/python3.12/dist-packages/PIL/Image.py:1047: UserWarning: Palette images with Transparency expressed in bytes should be converted to RGBA images
4991.7s 2672 warnings.warn(
4991.7s 2673 
4991.7s 2674 /usr/local/lib/python3.12/dist-packages/PIL/Image.py:1047: UserWarning: Palette images with Transparency expressed in bytes should be converted to RGBA images
4991.7s 2675 warnings.warn(
4998.2s 2676 [stage2] E09 | tr 0.0738/0.9749 | vl 0.1859/0.9459
5001.5s 2677 /usr/local/lib/python3.12/dist-packages/PIL/Image.py:1047: UserWarning: Palette images with Transparency expressed in bytes should be converted to RGBA images
5001.5s 2678 warnings.warn(
5001.5s 2679 
5001.5s 2680 /usr/local/lib/python3.12/dist-packages/PIL/Image.py:1047: UserWarning: Palette images with Transparency expressed in bytes should be converted to RGBA images
5001.5s 2681 warnings.warn(
5006.2s 2682 /usr/local/lib/python3.12/dist-packages/PIL/Image.py:1047: UserWarning: Palette images with Transparency expressed in bytes should be converted to RGBA images
5006.2s 2683 warnings.warn(
5006.2s 2684 
5006.2s 2685 /usr/local/lib/python3.12/dist-packages/PIL/Image.py:1047: UserWarning: Palette images with Transparency expressed in bytes should be converted to RGBA images
5006.2s 2686 warnings.warn(
5014.7s 2687 [stage2] E10 | tr 0.0630/0.9827 | vl 0.1719/0.9349
5016.0s 2688 /usr/local/lib/python3.12/dist-packages/PIL/Image.py:1047: UserWarning: Palette images with Transparency expressed in bytes should be converted to RGBA images
5016.0s 2689 warnings.warn(
5016.0s 2690 
5016.0s 2691 /usr/local/lib/python3.12/dist-packages/PIL/Image.py:1047: UserWarning: Palette images with Transparency expressed in bytes should be converted to RGBA images
5016.0s 2692 warnings.warn(
5031.3s 2693 [stage2] E11 | tr 0.0504/0.9828 | vl 0.1850/0.9241
5034.0s 2694 /usr/local/lib/python3.12/dist-packages/PIL/Image.py:1047: UserWarning: Palette images with Transparency expressed in bytes should be converted to RGBA images
5034.0s 2695 warnings.warn(
5034.0s 2696 
5034.0s 2697 /usr/local/lib/python3.12/dist-packages/PIL/Image.py:1047: UserWarning: Palette images with Transparency expressed in bytes should be converted to RGBA images
5034.0s 2698 warnings.warn(
5037.3s 2699 /usr/local/lib/python3.12/dist-packages/PIL/Image.py:1047: UserWarning: Palette images with Transparency expressed in bytes should be converted to RGBA images
5037.3s 2700 warnings.warn(
5037.3s 2701 
5037.3s 2702 /usr/local/lib/python3.12/dist-packages/PIL/Image.py:1047: UserWarning: Palette images with Transparency expressed in bytes should be converted to RGBA images
5037.3s 2703 warnings.warn(
5046.7s 2704 [stage2] E12 | tr 0.0509/0.9875 | vl 0.1791/0.9245
5048.9s 2705 /usr/local/lib/python3.12/dist-packages/PIL/Image.py:1047: UserWarning: Palette images with Transparency expressed in bytes should be converted to RGBA images
5048.9s 2706 warnings.warn(
5048.9s 2707 
5048.9s 2708 /usr/local/lib/python3.12/dist-packages/PIL/Image.py:1047: UserWarning: Palette images with Transparency expressed in bytes should be converted to RGBA images
5048.9s 2709 warnings.warn(
5057.2s 2710 /usr/local/lib/python3.12/dist-packages/PIL/Image.py:1047: UserWarning: Palette images with Transparency expressed in bytes should be converted to RGBA images
5057.2s 2711 warnings.warn(
5057.2s 2712 
5057.2s 2713 /usr/local/lib/python3.12/dist-packages/PIL/Image.py:1047: UserWarning: Palette images with Transparency expressed in bytes should be converted to RGBA images
5057.2s 2714 warnings.warn(
5064.1s 2715 [stage2] E13 | tr 0.0640/0.9827 | vl 0.1846/0.9146
5064.1s 2716 Early stopping (patience=5)
5064.1s 2717 
5064.1s 2718 Best val F1 → stage1=0.7690  stage2=0.9465  overall=0.9465
5068.4s 2719 imb_sampler_resnet50_seed33                   F1macro=0.8829 acc=0.8791 cha_dam_yen R=1.000 P=0.824
5068.8s 2720 
5068.8s 2721 =======================================================
5068.8s 2722 Stage 1 — resnet50  seed=44
5068.8s 2723 =======================================================
5071.1s 2724 /usr/local/lib/python3.12/dist-packages/PIL/Image.py:1047: UserWarning: Palette images with Transparency expressed in bytes should be converted to RGBA images
5071.1s 2725 warnings.warn(
5071.1s 2726 
5071.1s 2727 /usr/local/lib/python3.12/dist-packages/PIL/Image.py:1047: UserWarning: Palette images with Transparency expressed in bytes should be converted to RGBA images
5071.1s 2728 warnings.warn(
5086.5s 2729 [stage1] E01 | tr 1.4858/0.4019 | vl 1.4358/0.3986
5099.6s 2730 /usr/local/lib/python3.12/dist-packages/PIL/Image.py:1047: UserWarning: Palette images with Transparency expressed in bytes should be converted to RGBA images
5099.6s 2731 warnings.warn(
5099.6s 2732 
5099.6s 2733 /usr/local/lib/python3.12/dist-packages/PIL/Image.py:1047: UserWarning: Palette images with Transparency expressed in bytes should be converted to RGBA images
5099.6s 2734 warnings.warn(
5103.4s 2735 [stage1] E02 | tr 1.2165/0.6579 | vl 1.2769/0.5899
5105.5s 2736 /usr/local/lib/python3.12/dist-packages/PIL/Image.py:1047: UserWarning: Palette images with Transparency expressed in bytes should be converted to RGBA images
5105.5s 2737 warnings.warn(
5105.5s 2738 
5105.5s 2739 /usr/local/lib/python3.12/dist-packages/PIL/Image.py:1047: UserWarning: Palette images with Transparency expressed in bytes should be converted to RGBA images
5105.5s 2740 warnings.warn(
5107.5s 2741 /usr/local/lib/python3.12/dist-packages/PIL/Image.py:1047: UserWarning: Palette images with Transparency expressed in bytes should be converted to RGBA images
5107.5s 2742 warnings.warn(
5107.5s 2743 
5107.5s 2744 /usr/local/lib/python3.12/dist-packages/PIL/Image.py:1047: UserWarning: Palette images with Transparency expressed in bytes should be converted to RGBA images
5107.5s 2745 warnings.warn(
5121.0s 2746 [stage1] E03 | tr 1.0481/0.7170 | vl 1.1237/0.7023
5136.7s 2747 [stage1] E04 | tr 0.9467/0.7999 | vl 1.0450/0.7015
5136.9s 2748 /usr/local/lib/python3.12/dist-packages/PIL/Image.py:1047: UserWarning: Palette images with Transparency expressed in bytes should be converted to RGBA images
5136.9s 2749 warnings.warn(
5136.9s 2750 
5136.9s 2751 /usr/local/lib/python3.12/dist-packages/PIL/Image.py:1047: UserWarning: Palette images with Transparency expressed in bytes should be converted to RGBA images
5136.9s 2752 warnings.warn(
5153.3s 2753 [stage1] E05 | tr 0.8760/0.7743 | vl 0.9915/0.7341
5154.3s 2754 /usr/local/lib/python3.12/dist-packages/PIL/Image.py:1047: UserWarning: Palette images with Transparency expressed in bytes should be converted to RGBA images
5154.3s 2755 warnings.warn(
5154.3s 2756 
5154.3s 2757 /usr/local/lib/python3.12/dist-packages/PIL/Image.py:1047: UserWarning: Palette images with Transparency expressed in bytes should be converted to RGBA images
5154.3s 2758 warnings.warn(
5161.9s 2759 /usr/local/lib/python3.12/dist-packages/PIL/Image.py:1047: UserWarning: Palette images with Transparency expressed in bytes should be converted to RGBA images
5161.9s 2760 warnings.warn(
5161.9s 2761 
5161.9s 2762 /usr/local/lib/python3.12/dist-packages/PIL/Image.py:1047: UserWarning: Palette images with Transparency expressed in bytes should be converted to RGBA images
5161.9s 2763 warnings.warn(
5170.3s 2764 [stage1] E06 | tr 0.8465/0.7829 | vl 0.9524/0.7219
5170.5s 2765 /usr/local/lib/python3.12/dist-packages/PIL/Image.py:1047: UserWarning: Palette images with Transparency expressed in bytes should be converted to RGBA images
5170.5s 2766 warnings.warn(
5170.5s 2767 
5170.5s 2768 /usr/local/lib/python3.12/dist-packages/PIL/Image.py:1047: UserWarning: Palette images with Transparency expressed in bytes should be converted to RGBA images
5170.5s 2769 warnings.warn(
5172.5s 2770 /usr/local/lib/python3.12/dist-packages/PIL/Image.py:1047: UserWarning: Palette images with Transparency expressed in bytes should be converted to RGBA images
5172.5s 2771 warnings.warn(
5172.5s 2772 
5172.5s 2773 /usr/local/lib/python3.12/dist-packages/PIL/Image.py:1047: UserWarning: Palette images with Transparency expressed in bytes should be converted to RGBA images
5172.5s 2774 warnings.warn(
5186.9s 2775 [stage1] E07 | tr 0.7830/0.7956 | vl 0.9421/0.7264
5193.0s 2776 /usr/local/lib/python3.12/dist-packages/PIL/Image.py:1047: UserWarning: Palette images with Transparency expressed in bytes should be converted to RGBA images
5193.0s 2777 warnings.warn(
5193.0s 2778 
5193.0s 2779 /usr/local/lib/python3.12/dist-packages/PIL/Image.py:1047: UserWarning: Palette images with Transparency expressed in bytes should be converted to RGBA images
5193.0s 2780 warnings.warn(
5203.7s 2781 [stage1] E08 | tr 0.7697/0.7963 | vl 0.9271/0.7369
5205.5s 2782 /usr/local/lib/python3.12/dist-packages/PIL/Image.py:1047: UserWarning: Palette images with Transparency expressed in bytes should be converted to RGBA images
5205.5s 2783 warnings.warn(
5205.5s 2784 
5205.5s 2785 /usr/local/lib/python3.12/dist-packages/PIL/Image.py:1047: UserWarning: Palette images with Transparency expressed in bytes should be converted to RGBA images
5205.5s 2786 warnings.warn(
5215.3s 2787 /usr/local/lib/python3.12/dist-packages/PIL/Image.py:1047: UserWarning: Palette images with Transparency expressed in bytes should be converted to RGBA images
5215.3s 2788 warnings.warn(
5215.3s 2789 
5215.3s 2790 /usr/local/lib/python3.12/dist-packages/PIL/Image.py:1047: UserWarning: Palette images with Transparency expressed in bytes should be converted to RGBA images
5215.3s 2791 warnings.warn(
5220.0s 2792 [stage1] E09 | tr 0.7481/0.8436 | vl 0.9102/0.7453
5222.6s 2793 /usr/local/lib/python3.12/dist-packages/PIL/Image.py:1047: UserWarning: Palette images with Transparency expressed in bytes should be converted to RGBA images
5222.6s 2794 warnings.warn(
5222.6s 2795 
5222.6s 2796 /usr/local/lib/python3.12/dist-packages/PIL/Image.py:1047: UserWarning: Palette images with Transparency expressed in bytes should be converted to RGBA images
5222.6s 2797 warnings.warn(
5235.7s 2798 [stage1] E10 | tr 0.7499/0.8370 | vl 0.9066/0.7471
5235.8s 2799 
5235.8s 2800 =======================================================
5235.8s 2801 Stage 2 — resnet50  seed=44
5235.8s 2802 =======================================================
5237.0s 2803 /usr/local/lib/python3.12/dist-packages/PIL/Image.py:1047: UserWarning: Palette images with Transparency expressed in bytes should be converted to RGBA images
5237.0s 2804 warnings.warn(
5237.0s 2805 
5237.0s 2806 /usr/local/lib/python3.12/dist-packages/PIL/Image.py:1047: UserWarning: Palette images with Transparency expressed in bytes should be converted to RGBA images
5237.0s 2807 warnings.warn(
5238.9s 2808 /usr/local/lib/python3.12/dist-packages/PIL/Image.py:1047: UserWarning: Palette images with Transparency expressed in bytes should be converted to RGBA images
5238.9s 2809 warnings.warn(
5238.9s 2810 
5238.9s 2811 /usr/local/lib/python3.12/dist-packages/PIL/Image.py:1047: UserWarning: Palette images with Transparency expressed in bytes should be converted to RGBA images
5238.9s 2812 warnings.warn(
5252.5s 2813 [stage2] E01 | tr 0.5534/0.8435 | vl 0.5099/0.8180
5254.6s 2814 /usr/local/lib/python3.12/dist-packages/PIL/Image.py:1047: UserWarning: Palette images with Transparency expressed in bytes should be converted to RGBA images
5254.6s 2815 warnings.warn(
5254.6s 2816 
5254.6s 2817 /usr/local/lib/python3.12/dist-packages/PIL/Image.py:1047: UserWarning: Palette images with Transparency expressed in bytes should be converted to RGBA images
5254.6s 2818 warnings.warn(
5259.7s 2819 /usr/local/lib/python3.12/dist-packages/PIL/Image.py:1047: UserWarning: Palette images with Transparency expressed in bytes should be converted to RGBA images
5259.7s 2820 warnings.warn(
5259.7s 2821 
5259.7s 2822 /usr/local/lib/python3.12/dist-packages/PIL/Image.py:1047: UserWarning: Palette images with Transparency expressed in bytes should be converted to RGBA images
5259.7s 2823 warnings.warn(
5269.7s 2824 [stage2] E02 | tr 0.2980/0.9114 | vl 0.3312/0.9166
5269.9s 2825 /usr/local/lib/python3.12/dist-packages/PIL/Image.py:1047: UserWarning: Palette images with Transparency expressed in bytes should be converted to RGBA images
5269.9s 2826 warnings.warn(
5269.9s 2827 
5269.9s 2828 /usr/local/lib/python3.12/dist-packages/PIL/Image.py:1047: UserWarning: Palette images with Transparency expressed in bytes should be converted to RGBA images
5269.9s 2829 warnings.warn(
5280.1s 2830 /usr/local/lib/python3.12/dist-packages/PIL/Image.py:1047: UserWarning: Palette images with Transparency expressed in bytes should be converted to RGBA images
5280.1s 2831 warnings.warn(
5280.1s 2832 
5280.1s 2833 /usr/local/lib/python3.12/dist-packages/PIL/Image.py:1047: UserWarning: Palette images with Transparency expressed in bytes should be converted to RGBA images
5280.1s 2834 warnings.warn(
5285.7s 2835 [stage2] E03 | tr 0.2296/0.9325 | vl 0.2207/0.9034
5294.7s 2836 /usr/local/lib/python3.12/dist-packages/PIL/Image.py:1047: UserWarning: Palette images with Transparency expressed in bytes should be converted to RGBA images
5294.7s 2837 warnings.warn(
5294.7s 2838 
5294.7s 2839 /usr/local/lib/python3.12/dist-packages/PIL/Image.py:1047: UserWarning: Palette images with Transparency expressed in bytes should be converted to RGBA images
5294.7s 2840 warnings.warn(
5294.7s 2841 /usr/local/lib/python3.12/dist-packages/PIL/Image.py:1047: UserWarning: Palette images with Transparency expressed in bytes should be converted to RGBA images
5294.7s 2842 warnings.warn(
5294.7s 2843 
5294.7s 2844 /usr/local/lib/python3.12/dist-packages/PIL/Image.py:1047: UserWarning: Palette images with Transparency expressed in bytes should be converted to RGBA images
5294.7s 2845 warnings.warn(
5302.2s 2846 [stage2] E04 | tr 0.1529/0.9593 | vl 0.1998/0.9363
5316.5s 2847 /usr/local/lib/python3.12/dist-packages/PIL/Image.py:1047: UserWarning: Palette images with Transparency expressed in bytes should be converted to RGBA images
5316.5s 2848 warnings.warn(
5316.5s 2849 
5316.5s 2850 /usr/local/lib/python3.12/dist-packages/PIL/Image.py:1047: UserWarning: Palette images with Transparency expressed in bytes should be converted to RGBA images
5316.5s 2851 warnings.warn(
5319.3s 2852 [stage2] E05 | tr 0.1319/0.9594 | vl 0.2054/0.9370
5323.0s 2853 /usr/local/lib/python3.12/dist-packages/PIL/Image.py:1047: UserWarning: Palette images with Transparency expressed in bytes should be converted to RGBA images
5323.0s 2854 warnings.warn(
5323.0s 2855 
5323.0s 2856 /usr/local/lib/python3.12/dist-packages/PIL/Image.py:1047: UserWarning: Palette images with Transparency expressed in bytes should be converted to RGBA images
5323.0s 2857 warnings.warn(
5329.9s 2858 /usr/local/lib/python3.12/dist-packages/PIL/Image.py:1047: UserWarning: Palette images with Transparency expressed in bytes should be converted to RGBA images
5329.9s 2859 warnings.warn(
5329.9s 2860 
5329.9s 2861 /usr/local/lib/python3.12/dist-packages/PIL/Image.py:1047: UserWarning: Palette images with Transparency expressed in bytes should be converted to RGBA images
5329.9s 2862 warnings.warn(
5335.0s 2863 [stage2] E06 | tr 0.0944/0.9670 | vl 0.1996/0.9369
5338.8s 2864 /usr/local/lib/python3.12/dist-packages/PIL/Image.py:1047: UserWarning: Palette images with Transparency expressed in bytes should be converted to RGBA images
5338.8s 2865 warnings.warn(
5338.8s 2866 
5338.8s 2867 /usr/local/lib/python3.12/dist-packages/PIL/Image.py:1047: UserWarning: Palette images with Transparency expressed in bytes should be converted to RGBA images
5338.8s 2868 warnings.warn(
5339.2s 2869 /usr/local/lib/python3.12/dist-packages/PIL/Image.py:1047: UserWarning: Palette images with Transparency expressed in bytes should be converted to RGBA images
5339.2s 2870 warnings.warn(
5339.2s 2871 
5339.2s 2872 /usr/local/lib/python3.12/dist-packages/PIL/Image.py:1047: UserWarning: Palette images with Transparency expressed in bytes should be converted to RGBA images
5339.2s 2873 warnings.warn(
5351.0s 2874 [stage2] E07 | tr 0.0849/0.9766 | vl 0.2075/0.9586
5363.8s 2875 /usr/local/lib/python3.12/dist-packages/PIL/Image.py:1047: UserWarning: Palette images with Transparency expressed in bytes should be converted to RGBA images
5363.8s 2876 warnings.warn(
5363.8s 2877 
5363.8s 2878 /usr/local/lib/python3.12/dist-packages/PIL/Image.py:1047: UserWarning: Palette images with Transparency expressed in bytes should be converted to RGBA images
5363.8s 2879 warnings.warn(
5367.1s 2880 [stage2] E08 | tr 0.0832/0.9764 | vl 0.1990/0.9365
5367.4s 2881 /usr/local/lib/python3.12/dist-packages/PIL/Image.py:1047: UserWarning: Palette images with Transparency expressed in bytes should be converted to RGBA images
5367.4s 2882 warnings.warn(
5367.4s 2883 
5367.4s 2884 /usr/local/lib/python3.12/dist-packages/PIL/Image.py:1047: UserWarning: Palette images with Transparency expressed in bytes should be converted to RGBA images
5367.4s 2885 warnings.warn(
5384.0s 2886 [stage2] E09 | tr 0.0891/0.9685 | vl 0.1882/0.9258
5386.5s 2887 /usr/local/lib/python3.12/dist-packages/PIL/Image.py:1047: UserWarning: Palette images with Transparency expressed in bytes should be converted to RGBA images
5386.5s 2888 warnings.warn(
5386.5s 2889 
5386.5s 2890 /usr/local/lib/python3.12/dist-packages/PIL/Image.py:1047: UserWarning: Palette images with Transparency expressed in bytes should be converted to RGBA images
5386.5s 2891 warnings.warn(
5387.4s 2892 /usr/local/lib/python3.12/dist-packages/PIL/Image.py:1047: UserWarning: Palette images with Transparency expressed in bytes should be converted to RGBA images
5387.4s 2893 warnings.warn(
5387.4s 2894 
5387.4s 2895 /usr/local/lib/python3.12/dist-packages/PIL/Image.py:1047: UserWarning: Palette images with Transparency expressed in bytes should be converted to RGBA images
5387.4s 2896 warnings.warn(
5399.8s 2897 [stage2] E10 | tr 0.0559/0.9875 | vl 0.1764/0.9137
5400.2s 2898 /usr/local/lib/python3.12/dist-packages/PIL/Image.py:1047: UserWarning: Palette images with Transparency expressed in bytes should be converted to RGBA images
5400.2s 2899 warnings.warn(
5400.2s 2900 
5400.2s 2901 /usr/local/lib/python3.12/dist-packages/PIL/Image.py:1047: UserWarning: Palette images with Transparency expressed in bytes should be converted to RGBA images
5400.2s 2902 warnings.warn(
5410.1s 2903 /usr/local/lib/python3.12/dist-packages/PIL/Image.py:1047: UserWarning: Palette images with Transparency expressed in bytes should be converted to RGBA images
5410.1s 2904 warnings.warn(
5410.1s 2905 
5410.1s 2906 /usr/local/lib/python3.12/dist-packages/PIL/Image.py:1047: UserWarning: Palette images with Transparency expressed in bytes should be converted to RGBA images
5410.1s 2907 warnings.warn(
5417.4s 2908 [stage2] E11 | tr 0.0603/0.9828 | vl 0.1669/0.9368
5423.0s 2909 /usr/local/lib/python3.12/dist-packages/PIL/Image.py:1047: UserWarning: Palette images with Transparency expressed in bytes should be converted to RGBA images
5423.0s 2910 warnings.warn(
5423.0s 2911 
5423.0s 2912 /usr/local/lib/python3.12/dist-packages/PIL/Image.py:1047: UserWarning: Palette images with Transparency expressed in bytes should be converted to RGBA images
5423.0s 2913 warnings.warn(
5426.4s 2914 /usr/local/lib/python3.12/dist-packages/PIL/Image.py:1047: UserWarning: Palette images with Transparency expressed in bytes should be converted to RGBA images
5426.4s 2915 warnings.warn(
5426.4s 2916 
5426.4s 2917 /usr/local/lib/python3.12/dist-packages/PIL/Image.py:1047: UserWarning: Palette images with Transparency expressed in bytes should be converted to RGBA images
5426.4s 2918 warnings.warn(
5433.8s 2919 [stage2] E12 | tr 0.0582/0.9828 | vl 0.1677/0.9266
5433.8s 2920 Early stopping (patience=5)
5433.8s 2921 
5433.8s 2922 Best val F1 → stage1=0.7471  stage2=0.9586  overall=0.9586
5438.1s 2923 imb_sampler_resnet50_seed44                   F1macro=0.8798 acc=0.8846 cha_dam_yen R=1.000 P=0.737
5438.5s 2924 
5438.5s 2925 =======================================================
5438.5s 2926 Stage 1 — resnet50  seed=55
5438.5s 2927 =======================================================
5438.9s 2928 /usr/local/lib/python3.12/dist-packages/PIL/Image.py:1047: UserWarning: Palette images with Transparency expressed in bytes should be converted to RGBA images
5438.9s 2929 warnings.warn(
5438.9s 2930 
5438.9s 2931 /usr/local/lib/python3.12/dist-packages/PIL/Image.py:1047: UserWarning: Palette images with Transparency expressed in bytes should be converted to RGBA images
5438.9s 2932 warnings.warn(
5450.3s 2933 /usr/local/lib/python3.12/dist-packages/PIL/Image.py:1047: UserWarning: Palette images with Transparency expressed in bytes should be converted to RGBA images
5450.3s 2934 warnings.warn(
5450.3s 2935 
5450.3s 2936 /usr/local/lib/python3.12/dist-packages/PIL/Image.py:1047: UserWarning: Palette images with Transparency expressed in bytes should be converted to RGBA images
5450.3s 2937 warnings.warn(
5454.8s 2938 [stage1] E01 | tr 1.4798/0.4147 | vl 1.3916/0.6204
5458.0s 2939 /usr/local/lib/python3.12/dist-packages/PIL/Image.py:1047: UserWarning: Palette images with Transparency expressed in bytes should be converted to RGBA images
5458.0s 2940 warnings.warn(
5458.0s 2941 
5458.0s 2942 /usr/local/lib/python3.12/dist-packages/PIL/Image.py:1047: UserWarning: Palette images with Transparency expressed in bytes should be converted to RGBA images
5458.0s 2943 warnings.warn(
5464.0s 2944 /usr/local/lib/python3.12/dist-packages/PIL/Image.py:1047: UserWarning: Palette images with Transparency expressed in bytes should be converted to RGBA images
5464.0s 2945 warnings.warn(
5464.0s 2946 
5464.0s 2947 /usr/local/lib/python3.12/dist-packages/PIL/Image.py:1047: UserWarning: Palette images with Transparency expressed in bytes should be converted to RGBA images
5464.0s 2948 warnings.warn(
5471.6s 2949 [stage1] E02 | tr 1.2297/0.6986 | vl 1.2200/0.6649
5475.7s 2950 /usr/local/lib/python3.12/dist-packages/PIL/Image.py:1047: UserWarning: Palette images with Transparency expressed in bytes should be converted to RGBA images
5475.7s 2951 warnings.warn(
5475.7s 2952 
5475.7s 2953 /usr/local/lib/python3.12/dist-packages/PIL/Image.py:1047: UserWarning: Palette images with Transparency expressed in bytes should be converted to RGBA images
5475.7s 2954 warnings.warn(
5478.1s 2955 /usr/local/lib/python3.12/dist-packages/PIL/Image.py:1047: UserWarning: Palette images with Transparency expressed in bytes should be converted to RGBA images
5478.1s 2956 warnings.warn(
5478.1s 2957 
5478.1s 2958 /usr/local/lib/python3.12/dist-packages/PIL/Image.py:1047: UserWarning: Palette images with Transparency expressed in bytes should be converted to RGBA images
5478.1s 2959 warnings.warn(
5488.6s 2960 [stage1] E03 | tr 1.0273/0.7459 | vl 1.1442/0.6960
5499.6s 2961 /usr/local/lib/python3.12/dist-packages/PIL/Image.py:1047: UserWarning: Palette images with Transparency expressed in bytes should be converted to RGBA images
5499.6s 2962 warnings.warn(
5499.6s 2963 
5499.6s 2964 /usr/local/lib/python3.12/dist-packages/PIL/Image.py:1047: UserWarning: Palette images with Transparency expressed in bytes should be converted to RGBA images
5499.6s 2965 warnings.warn(
5504.3s 2966 [stage1] E04 | tr 0.9230/0.7791 | vl 1.0375/0.6756
5507.7s 2967 /usr/local/lib/python3.12/dist-packages/PIL/Image.py:1047: UserWarning: Palette images with Transparency expressed in bytes should be converted to RGBA images
5507.7s 2968 warnings.warn(
5507.7s 2969 
5507.7s 2970 /usr/local/lib/python3.12/dist-packages/PIL/Image.py:1047: UserWarning: Palette images with Transparency expressed in bytes should be converted to RGBA images
5507.7s 2971 warnings.warn(
5510.1s 2972 /usr/local/lib/python3.12/dist-packages/PIL/Image.py:1047: UserWarning: Palette images with Transparency expressed in bytes should be converted to RGBA images
5510.1s 2973 warnings.warn(
5510.1s 2974 
5510.1s 2975 /usr/local/lib/python3.12/dist-packages/PIL/Image.py:1047: UserWarning: Palette images with Transparency expressed in bytes should be converted to RGBA images
5510.1s 2976 warnings.warn(
5520.9s 2977 [stage1] E05 | tr 0.8369/0.8023 | vl 0.9833/0.7277
5532.0s 2978 /usr/local/lib/python3.12/dist-packages/PIL/Image.py:1047: UserWarning: Palette images with Transparency expressed in bytes should be converted to RGBA images
5532.0s 2979 warnings.warn(
5532.0s 2980 
5532.0s 2981 /usr/local/lib/python3.12/dist-packages/PIL/Image.py:1047: UserWarning: Palette images with Transparency expressed in bytes should be converted to RGBA images
5532.0s 2982 warnings.warn(
5537.3s 2983 [stage1] E06 | tr 0.8064/0.8181 | vl 0.9576/0.7210
5537.6s 2984 /usr/local/lib/python3.12/dist-packages/PIL/Image.py:1047: UserWarning: Palette images with Transparency expressed in bytes should be converted to RGBA images
5537.6s 2985 warnings.warn(
5537.6s 2986 
5537.6s 2987 /usr/local/lib/python3.12/dist-packages/PIL/Image.py:1047: UserWarning: Palette images with Transparency expressed in bytes should be converted to RGBA images
5537.6s 2988 warnings.warn(
5543.1s 2989 /usr/local/lib/python3.12/dist-packages/PIL/Image.py:1047: UserWarning: Palette images with Transparency expressed in bytes should be converted to RGBA images
5543.1s 2990 warnings.warn(
5543.1s 2991 
5543.1s 2992 /usr/local/lib/python3.12/dist-packages/PIL/Image.py:1047: UserWarning: Palette images with Transparency expressed in bytes should be converted to RGBA images
5543.1s 2993 warnings.warn(
5553.5s 2994 [stage1] E07 | tr 0.8167/0.8019 | vl 0.9462/0.7408
5556.3s 2995 /usr/local/lib/python3.12/dist-packages/PIL/Image.py:1047: UserWarning: Palette images with Transparency expressed in bytes should be converted to RGBA images
5556.3s 2996 warnings.warn(
5556.3s 2997 
5556.3s 2998 /usr/local/lib/python3.12/dist-packages/PIL/Image.py:1047: UserWarning: Palette images with Transparency expressed in bytes should be converted to RGBA images
5556.3s 2999 warnings.warn(
5557.1s 3000 /usr/local/lib/python3.12/dist-packages/PIL/Image.py:1047: UserWarning: Palette images with Transparency expressed in bytes should be converted to RGBA images
5557.1s 3001 warnings.warn(
5557.1s 3002 
5557.1s 3003 /usr/local/lib/python3.12/dist-packages/PIL/Image.py:1047: UserWarning: Palette images with Transparency expressed in bytes should be converted to RGBA images
5557.1s 3004 warnings.warn(
5570.8s 3005 [stage1] E08 | tr 0.7553/0.8127 | vl 0.9144/0.7494
5571.6s 3006 /usr/local/lib/python3.12/dist-packages/PIL/Image.py:1047: UserWarning: Palette images with Transparency expressed in bytes should be converted to RGBA images
5571.6s 3007 warnings.warn(
5571.6s 3008 
5571.6s 3009 /usr/local/lib/python3.12/dist-packages/PIL/Image.py:1047: UserWarning: Palette images with Transparency expressed in bytes should be converted to RGBA images
5571.6s 3010 warnings.warn(
5584.3s 3011 /usr/local/lib/python3.12/dist-packages/PIL/Image.py:1047: UserWarning: Palette images with Transparency expressed in bytes should be converted to RGBA images
5584.3s 3012 warnings.warn(
5584.3s 3013 
5584.3s 3014 /usr/local/lib/python3.12/dist-packages/PIL/Image.py:1047: UserWarning: Palette images with Transparency expressed in bytes should be converted to RGBA images
5584.3s 3015 warnings.warn(
5587.6s 3016 [stage1] E09 | tr 0.7333/0.8324 | vl 0.9065/0.7478
5596.3s 3017 /usr/local/lib/python3.12/dist-packages/PIL/Image.py:1047: UserWarning: Palette images with Transparency expressed in bytes should be converted to RGBA images
5596.3s 3018 warnings.warn(
5596.3s 3019 
5596.3s 3020 /usr/local/lib/python3.12/dist-packages/PIL/Image.py:1047: UserWarning: Palette images with Transparency expressed in bytes should be converted to RGBA images
5596.3s 3021 warnings.warn(
5597.7s 3022 /usr/local/lib/python3.12/dist-packages/PIL/Image.py:1047: UserWarning: Palette images with Transparency expressed in bytes should be converted to RGBA images
5597.7s 3023 warnings.warn(
5597.7s 3024 
5597.7s 3025 /usr/local/lib/python3.12/dist-packages/PIL/Image.py:1047: UserWarning: Palette images with Transparency expressed in bytes should be converted to RGBA images
5597.7s 3026 warnings.warn(
5604.0s 3027 [stage1] E10 | tr 0.7529/0.8111 | vl 0.9024/0.7240
5604.0s 3028 
5604.0s 3029 =======================================================
5604.0s 3030 Stage 2 — resnet50  seed=55
5604.0s 3031 =======================================================
5606.6s 3032 /usr/local/lib/python3.12/dist-packages/PIL/Image.py:1047: UserWarning: Palette images with Transparency expressed in bytes should be converted to RGBA images
5606.6s 3033 warnings.warn(
5606.6s 3034 
5606.6s 3035 /usr/local/lib/python3.12/dist-packages/PIL/Image.py:1047: UserWarning: Palette images with Transparency expressed in bytes should be converted to RGBA images
5606.6s 3036 warnings.warn(
5608.1s 3037 /usr/local/lib/python3.12/dist-packages/PIL/Image.py:1047: UserWarning: Palette images with Transparency expressed in bytes should be converted to RGBA images
5608.1s 3038 warnings.warn(
5608.1s 3039 
5608.1s 3040 /usr/local/lib/python3.12/dist-packages/PIL/Image.py:1047: UserWarning: Palette images with Transparency expressed in bytes should be converted to RGBA images
5608.1s 3041 warnings.warn(
5620.2s 3042 [stage2] E01 | tr 0.5736/0.8420 | vl 0.4821/0.8131
5627.6s 3043 /usr/local/lib/python3.12/dist-packages/PIL/Image.py:1047: UserWarning: Palette images with Transparency expressed in bytes should be converted to RGBA images
5627.6s 3044 warnings.warn(
5627.6s 3045 
5627.6s 3046 /usr/local/lib/python3.12/dist-packages/PIL/Image.py:1047: UserWarning: Palette images with Transparency expressed in bytes should be converted to RGBA images
5627.6s 3047 warnings.warn(
5629.5s 3048 /usr/local/lib/python3.12/dist-packages/PIL/Image.py:1047: UserWarning: Palette images with Transparency expressed in bytes should be converted to RGBA images
5629.5s 3049 warnings.warn(
5629.5s 3050 
5629.5s 3051 /usr/local/lib/python3.12/dist-packages/PIL/Image.py:1047: UserWarning: Palette images with Transparency expressed in bytes should be converted to RGBA images
5629.5s 3052 warnings.warn(
5637.9s 3053 [stage2] E02 | tr 0.2703/0.9252 | vl 0.3121/0.8916
5638.4s 3054 /usr/local/lib/python3.12/dist-packages/PIL/Image.py:1047: UserWarning: Palette images with Transparency expressed in bytes should be converted to RGBA images
5638.4s 3055 warnings.warn(
5638.4s 3056 
5638.4s 3057 /usr/local/lib/python3.12/dist-packages/PIL/Image.py:1047: UserWarning: Palette images with Transparency expressed in bytes should be converted to RGBA images
5638.4s 3058 warnings.warn(
5639.2s 3059 /usr/local/lib/python3.12/dist-packages/PIL/Image.py:1047: UserWarning: Palette images with Transparency expressed in bytes should be converted to RGBA images
5639.2s 3060 warnings.warn(
5639.2s 3061 
5639.2s 3062 /usr/local/lib/python3.12/dist-packages/PIL/Image.py:1047: UserWarning: Palette images with Transparency expressed in bytes should be converted to RGBA images
5639.2s 3063 warnings.warn(
5656.3s 3064 [stage2] E03 | tr 0.1941/0.9405 | vl 0.2533/0.8914
5661.5s 3065 /usr/local/lib/python3.12/dist-packages/PIL/Image.py:1047: UserWarning: Palette images with Transparency expressed in bytes should be converted to RGBA images
5661.5s 3066 warnings.warn(
5661.5s 3067 
5661.5s 3068 /usr/local/lib/python3.12/dist-packages/PIL/Image.py:1047: UserWarning: Palette images with Transparency expressed in bytes should be converted to RGBA images
5661.5s 3069 warnings.warn(
5662.1s 3070 /usr/local/lib/python3.12/dist-packages/PIL/Image.py:1047: UserWarning: Palette images with Transparency expressed in bytes should be converted to RGBA images
5662.1s 3071 warnings.warn(
5662.1s 3072 
5662.1s 3073 /usr/local/lib/python3.12/dist-packages/PIL/Image.py:1047: UserWarning: Palette images with Transparency expressed in bytes should be converted to RGBA images
5662.1s 3074 warnings.warn(
5673.8s 3075 [stage2] E04 | tr 0.1738/0.9482 | vl 0.2413/0.9035
5674.6s 3076 /usr/local/lib/python3.12/dist-packages/PIL/Image.py:1047: UserWarning: Palette images with Transparency expressed in bytes should be converted to RGBA images
5674.6s 3077 warnings.warn(
5674.6s 3078 
5674.6s 3079 /usr/local/lib/python3.12/dist-packages/PIL/Image.py:1047: UserWarning: Palette images with Transparency expressed in bytes should be converted to RGBA images
5674.6s 3080 warnings.warn(
5678.6s 3081 /usr/local/lib/python3.12/dist-packages/PIL/Image.py:1047: UserWarning: Palette images with Transparency expressed in bytes should be converted to RGBA images
5678.6s 3082 warnings.warn(
5678.6s 3083 
5678.6s 3084 /usr/local/lib/python3.12/dist-packages/PIL/Image.py:1047: UserWarning: Palette images with Transparency expressed in bytes should be converted to RGBA images
5678.6s 3085 warnings.warn(
5691.2s 3086 [stage2] E05 | tr 0.1365/0.9608 | vl 0.2119/0.9144
5695.2s 3087 /usr/local/lib/python3.12/dist-packages/PIL/Image.py:1047: UserWarning: Palette images with Transparency expressed in bytes should be converted to RGBA images
5695.2s 3088 warnings.warn(
5695.2s 3089 
5695.2s 3090 /usr/local/lib/python3.12/dist-packages/PIL/Image.py:1047: UserWarning: Palette images with Transparency expressed in bytes should be converted to RGBA images
5695.2s 3091 warnings.warn(
5698.6s 3092 /usr/local/lib/python3.12/dist-packages/PIL/Image.py:1047: UserWarning: Palette images with Transparency expressed in bytes should be converted to RGBA images
5698.6s 3093 warnings.warn(
5698.6s 3094 
5698.6s 3095 /usr/local/lib/python3.12/dist-packages/PIL/Image.py:1047: UserWarning: Palette images with Transparency expressed in bytes should be converted to RGBA images
5698.6s 3096 warnings.warn(
5708.1s 3097 [stage2] E06 | tr 0.1251/0.9593 | vl 0.2134/0.9134
5708.5s 3098 /usr/local/lib/python3.12/dist-packages/PIL/Image.py:1047: UserWarning: Palette images with Transparency expressed in bytes should be converted to RGBA images
5708.5s 3099 warnings.warn(
5708.5s 3100 
5708.5s 3101 /usr/local/lib/python3.12/dist-packages/PIL/Image.py:1047: UserWarning: Palette images with Transparency expressed in bytes should be converted to RGBA images
5708.5s 3102 warnings.warn(
5709.6s 3103 /usr/local/lib/python3.12/dist-packages/PIL/Image.py:1047: UserWarning: Palette images with Transparency expressed in bytes should be converted to RGBA images
5709.6s 3104 warnings.warn(
5709.6s 3105 
5709.6s 3106 /usr/local/lib/python3.12/dist-packages/PIL/Image.py:1047: UserWarning: Palette images with Transparency expressed in bytes should be converted to RGBA images
5709.6s 3107 warnings.warn(
5724.7s 3108 [stage2] E07 | tr 0.0974/0.9703 | vl 0.2363/0.9034
5729.8s 3109 /usr/local/lib/python3.12/dist-packages/PIL/Image.py:1047: UserWarning: Palette images with Transparency expressed in bytes should be converted to RGBA images
5729.8s 3110 warnings.warn(
5729.8s 3111 
5729.8s 3112 /usr/local/lib/python3.12/dist-packages/PIL/Image.py:1047: UserWarning: Palette images with Transparency expressed in bytes should be converted to RGBA images
5729.8s 3113 warnings.warn(
5734.4s 3114 /usr/local/lib/python3.12/dist-packages/PIL/Image.py:1047: UserWarning: Palette images with Transparency expressed in bytes should be converted to RGBA images
5734.4s 3115 warnings.warn(
5734.4s 3116 
5734.4s 3117 /usr/local/lib/python3.12/dist-packages/PIL/Image.py:1047: UserWarning: Palette images with Transparency expressed in bytes should be converted to RGBA images
5734.4s 3118 warnings.warn(
5740.9s 3119 [stage2] E08 | tr 0.1067/0.9670 | vl 0.2099/0.9231
5745.1s 3120 /usr/local/lib/python3.12/dist-packages/PIL/Image.py:1047: UserWarning: Palette images with Transparency expressed in bytes should be converted to RGBA images
5745.1s 3121 warnings.warn(
5745.1s 3122 
5745.1s 3123 /usr/local/lib/python3.12/dist-packages/PIL/Image.py:1047: UserWarning: Palette images with Transparency expressed in bytes should be converted to RGBA images
5745.1s 3124 warnings.warn(
5745.3s 3125 /usr/local/lib/python3.12/dist-packages/PIL/Image.py:1047: UserWarning: Palette images with Transparency expressed in bytes should be converted to RGBA images
5745.3s 3126 warnings.warn(
5745.3s 3127 
5745.3s 3128 /usr/local/lib/python3.12/dist-packages/PIL/Image.py:1047: UserWarning: Palette images with Transparency expressed in bytes should be converted to RGBA images
5745.3s 3129 warnings.warn(
5759.3s 3130 [stage2] E09 | tr 0.0926/0.9750 | vl 0.1969/0.9250
5764.8s 3131 /usr/local/lib/python3.12/dist-packages/PIL/Image.py:1047: UserWarning: Palette images with Transparency expressed in bytes should be converted to RGBA images
5764.8s 3132 warnings.warn(
5764.8s 3133 
5764.8s 3134 /usr/local/lib/python3.12/dist-packages/PIL/Image.py:1047: UserWarning: Palette images with Transparency expressed in bytes should be converted to RGBA images
5764.8s 3135 warnings.warn(
5765.1s 3136 /usr/local/lib/python3.12/dist-packages/PIL/Image.py:1047: UserWarning: Palette images with Transparency expressed in bytes should be converted to RGBA images
5765.1s 3137 warnings.warn(
5765.1s 3138 
5765.1s 3139 /usr/local/lib/python3.12/dist-packages/PIL/Image.py:1047: UserWarning: Palette images with Transparency expressed in bytes should be converted to RGBA images
5765.1s 3140 warnings.warn(
5774.4s 3141 [stage2] E10 | tr 0.0587/0.9843 | vl 0.1946/0.9140
5776.8s 3142 /usr/local/lib/python3.12/dist-packages/PIL/Image.py:1047: UserWarning: Palette images with Transparency expressed in bytes should be converted to RGBA images
5776.8s 3143 warnings.warn(
5776.8s 3144 
5776.8s 3145 /usr/local/lib/python3.12/dist-packages/PIL/Image.py:1047: UserWarning: Palette images with Transparency expressed in bytes should be converted to RGBA images
5776.8s 3146 warnings.warn(
5791.3s 3147 [stage2] E11 | tr 0.0644/0.9828 | vl 0.2023/0.9250
5797.2s 3148 /usr/local/lib/python3.12/dist-packages/PIL/Image.py:1047: UserWarning: Palette images with Transparency expressed in bytes should be converted to RGBA images
5797.2s 3149 warnings.warn(
5797.2s 3150 
5797.2s 3151 /usr/local/lib/python3.12/dist-packages/PIL/Image.py:1047: UserWarning: Palette images with Transparency expressed in bytes should be converted to RGBA images
5797.2s 3152 warnings.warn(
5798.2s 3153 /usr/local/lib/python3.12/dist-packages/PIL/Image.py:1047: UserWarning: Palette images with Transparency expressed in bytes should be converted to RGBA images
5798.2s 3154 warnings.warn(
5798.2s 3155 
5798.2s 3156 /usr/local/lib/python3.12/dist-packages/PIL/Image.py:1047: UserWarning: Palette images with Transparency expressed in bytes should be converted to RGBA images
5798.2s 3157 warnings.warn(
5807.3s 3158 [stage2] E12 | tr 0.0492/0.9922 | vl 0.1938/0.9140
5808.8s 3159 /usr/local/lib/python3.12/dist-packages/PIL/Image.py:1047: UserWarning: Palette images with Transparency expressed in bytes should be converted to RGBA images
5808.8s 3160 warnings.warn(
5808.8s 3161 
5808.8s 3162 /usr/local/lib/python3.12/dist-packages/PIL/Image.py:1047: UserWarning: Palette images with Transparency expressed in bytes should be converted to RGBA images
5808.8s 3163 warnings.warn(
5808.9s 3164 /usr/local/lib/python3.12/dist-packages/PIL/Image.py:1047: UserWarning: Palette images with Transparency expressed in bytes should be converted to RGBA images
5808.9s 3165 warnings.warn(
5808.9s 3166 
5808.9s 3167 /usr/local/lib/python3.12/dist-packages/PIL/Image.py:1047: UserWarning: Palette images with Transparency expressed in bytes should be converted to RGBA images
5808.9s 3168 warnings.warn(
5824.7s 3169 [stage2] E13 | tr 0.0858/0.9702 | vl 0.1956/0.9368
5827.5s 3170 /usr/local/lib/python3.12/dist-packages/PIL/Image.py:1047: UserWarning: Palette images with Transparency expressed in bytes should be converted to RGBA images
5827.5s 3171 warnings.warn(
5827.5s 3172 
5827.5s 3173 /usr/local/lib/python3.12/dist-packages/PIL/Image.py:1047: UserWarning: Palette images with Transparency expressed in bytes should be converted to RGBA images
5827.5s 3174 warnings.warn(
5836.6s 3175 /usr/local/lib/python3.12/dist-packages/PIL/Image.py:1047: UserWarning: Palette images with Transparency expressed in bytes should be converted to RGBA images
5836.6s 3176 warnings.warn(
5836.6s 3177 
5836.6s 3178 /usr/local/lib/python3.12/dist-packages/PIL/Image.py:1047: UserWarning: Palette images with Transparency expressed in bytes should be converted to RGBA images
5836.6s 3179 warnings.warn(
5841.8s 3180 [stage2] E14 | tr 0.0591/0.9811 | vl 0.1879/0.9235
5846.0s 3181 /usr/local/lib/python3.12/dist-packages/PIL/Image.py:1047: UserWarning: Palette images with Transparency expressed in bytes should be converted to RGBA images
5846.0s 3182 warnings.warn(
5846.0s 3183 
5846.0s 3184 /usr/local/lib/python3.12/dist-packages/PIL/Image.py:1047: UserWarning: Palette images with Transparency expressed in bytes should be converted to RGBA images
5846.0s 3185 warnings.warn(
5848.0s 3186 /usr/local/lib/python3.12/dist-packages/PIL/Image.py:1047: UserWarning: Palette images with Transparency expressed in bytes should be converted to RGBA images
5848.0s 3187 warnings.warn(
5848.0s 3188 
5848.0s 3189 /usr/local/lib/python3.12/dist-packages/PIL/Image.py:1047: UserWarning: Palette images with Transparency expressed in bytes should be converted to RGBA images
5848.0s 3190 warnings.warn(
5858.1s 3191 [stage2] E15 | tr 0.0673/0.9812 | vl 0.1929/0.9258
5858.1s 3192 
5858.1s 3193 Best val F1 → stage1=0.7494  stage2=0.9368  overall=0.9368
5862.5s 3194 imb_sampler_resnet50_seed55                   F1macro=0.8877 acc=0.8901 cha_dam_yen R=1.000 P=0.778
5862.8s 3195 
5862.8s 3196 =======================================================
5862.8s 3197 Stage 1 — resnet50  seed=11
5862.8s 3198 =======================================================
5866.7s 3199 /usr/local/lib/python3.12/dist-packages/PIL/Image.py:1047: UserWarning: Palette images with Transparency expressed in bytes should be converted to RGBA images
5866.7s 3200 warnings.warn(
5866.7s 3201 
5866.7s 3202 /usr/local/lib/python3.12/dist-packages/PIL/Image.py:1047: UserWarning: Palette images with Transparency expressed in bytes should be converted to RGBA images
5866.7s 3203 warnings.warn(
5880.0s 3204 [stage1] E01 | tr 0.8665/0.4055 | vl 0.7342/0.5707
5884.5s 3205 /usr/local/lib/python3.12/dist-packages/PIL/Image.py:1047: UserWarning: Palette images with Transparency expressed in bytes should be converted to RGBA images
5884.5s 3206 warnings.warn(
5884.5s 3207 
5884.5s 3208 /usr/local/lib/python3.12/dist-packages/PIL/Image.py:1047: UserWarning: Palette images with Transparency expressed in bytes should be converted to RGBA images
5884.5s 3209 warnings.warn(
5889.8s 3210 /usr/local/lib/python3.12/dist-packages/PIL/Image.py:1047: UserWarning: Palette images with Transparency expressed in bytes should be converted to RGBA images
5889.8s 3211 warnings.warn(
5889.8s 3212 
5889.8s 3213 /usr/local/lib/python3.12/dist-packages/PIL/Image.py:1047: UserWarning: Palette images with Transparency expressed in bytes should be converted to RGBA images
5889.8s 3214 warnings.warn(
5897.5s 3215 [stage1] E02 | tr 0.6207/0.6711 | vl 0.5832/0.6574
5900.8s 3216 /usr/local/lib/python3.12/dist-packages/PIL/Image.py:1047: UserWarning: Palette images with Transparency expressed in bytes should be converted to RGBA images
5900.8s 3217 warnings.warn(
5900.8s 3218 
5900.8s 3219 /usr/local/lib/python3.12/dist-packages/PIL/Image.py:1047: UserWarning: Palette images with Transparency expressed in bytes should be converted to RGBA images
5900.8s 3220 warnings.warn(
5905.9s 3221 /usr/local/lib/python3.12/dist-packages/PIL/Image.py:1047: UserWarning: Palette images with Transparency expressed in bytes should be converted to RGBA images
5905.9s 3222 warnings.warn(
5905.9s 3223 
5905.9s 3224 /usr/local/lib/python3.12/dist-packages/PIL/Image.py:1047: UserWarning: Palette images with Transparency expressed in bytes should be converted to RGBA images
5905.9s 3225 warnings.warn(
5915.5s 3226 [stage1] E03 | tr 0.5036/0.7399 | vl 0.4967/0.7218
5923.2s 3227 /usr/local/lib/python3.12/dist-packages/PIL/Image.py:1047: UserWarning: Palette images with Transparency expressed in bytes should be converted to RGBA images
5923.2s 3228 warnings.warn(
5923.2s 3229 
5923.2s 3230 /usr/local/lib/python3.12/dist-packages/PIL/Image.py:1047: UserWarning: Palette images with Transparency expressed in bytes should be converted to RGBA images
5923.2s 3231 warnings.warn(
5933.0s 3232 [stage1] E04 | tr 0.4049/0.7855 | vl 0.4553/0.7506
5935.2s 3233 /usr/local/lib/python3.12/dist-packages/PIL/Image.py:1047: UserWarning: Palette images with Transparency expressed in bytes should be converted to RGBA images
5935.2s 3234 warnings.warn(
5935.2s 3235 
5935.2s 3236 /usr/local/lib/python3.12/dist-packages/PIL/Image.py:1047: UserWarning: Palette images with Transparency expressed in bytes should be converted to RGBA images
5935.2s 3237 warnings.warn(
5939.2s 3238 /usr/local/lib/python3.12/dist-packages/PIL/Image.py:1047: UserWarning: Palette images with Transparency expressed in bytes should be converted to RGBA images
5939.2s 3239 warnings.warn(
5939.2s 3240 
5939.2s 3241 /usr/local/lib/python3.12/dist-packages/PIL/Image.py:1047: UserWarning: Palette images with Transparency expressed in bytes should be converted to RGBA images
5939.2s 3242 warnings.warn(
5950.3s 3243 [stage1] E05 | tr 0.3903/0.7771 | vl 0.4223/0.7637
5957.5s 3244 /usr/local/lib/python3.12/dist-packages/PIL/Image.py:1047: UserWarning: Palette images with Transparency expressed in bytes should be converted to RGBA images
5957.5s 3245 warnings.warn(
5957.5s 3246 
5957.5s 3247 /usr/local/lib/python3.12/dist-packages/PIL/Image.py:1047: UserWarning: Palette images with Transparency expressed in bytes should be converted to RGBA images
5957.5s 3248 warnings.warn(
5959.0s 3249 /usr/local/lib/python3.12/dist-packages/PIL/Image.py:1047: UserWarning: Palette images with Transparency expressed in bytes should be converted to RGBA images
5959.0s 3250 warnings.warn(
5959.0s 3251 
5959.0s 3252 /usr/local/lib/python3.12/dist-packages/PIL/Image.py:1047: UserWarning: Palette images with Transparency expressed in bytes should be converted to RGBA images
5959.0s 3253 warnings.warn(
5967.1s 3254 [stage1] E06 | tr 0.3598/0.8005 | vl 0.4019/0.7617
5977.4s 3255 /usr/local/lib/python3.12/dist-packages/PIL/Image.py:1047: UserWarning: Palette images with Transparency expressed in bytes should be converted to RGBA images
5977.4s 3256 warnings.warn(
5977.4s 3257 
5977.4s 3258 /usr/local/lib/python3.12/dist-packages/PIL/Image.py:1047: UserWarning: Palette images with Transparency expressed in bytes should be converted to RGBA images
5977.4s 3259 warnings.warn(
5978.2s 3260 /usr/local/lib/python3.12/dist-packages/PIL/Image.py:1047: UserWarning: Palette images with Transparency expressed in bytes should be converted to RGBA images
5978.2s 3261 warnings.warn(
5978.2s 3262 
5978.2s 3263 /usr/local/lib/python3.12/dist-packages/PIL/Image.py:1047: UserWarning: Palette images with Transparency expressed in bytes should be converted to RGBA images
5978.2s 3264 warnings.warn(
5984.0s 3265 [stage1] E07 | tr 0.3291/0.8308 | vl 0.3951/0.7502
5990.7s 3266 /usr/local/lib/python3.12/dist-packages/PIL/Image.py:1047: UserWarning: Palette images with Transparency expressed in bytes should be converted to RGBA images
5990.7s 3267 warnings.warn(
5990.7s 3268 
5990.7s 3269 /usr/local/lib/python3.12/dist-packages/PIL/Image.py:1047: UserWarning: Palette images with Transparency expressed in bytes should be converted to RGBA images
5990.7s 3270 warnings.warn(
5996.2s 3271 /usr/local/lib/python3.12/dist-packages/PIL/Image.py:1047: UserWarning: Palette images with Transparency expressed in bytes should be converted to RGBA images
5996.2s 3272 warnings.warn(
5996.2s 3273 
5996.2s 3274 /usr/local/lib/python3.12/dist-packages/PIL/Image.py:1047: UserWarning: Palette images with Transparency expressed in bytes should be converted to RGBA images
5996.2s 3275 warnings.warn(
6000.4s 3276 [stage1] E08 | tr 0.3325/0.8078 | vl 0.3890/0.7732
6009.4s 3277 /usr/local/lib/python3.12/dist-packages/PIL/Image.py:1047: UserWarning: Palette images with Transparency expressed in bytes should be converted to RGBA images
6009.5s 3278 warnings.warn(
6009.5s 3279 
6009.5s 3280 /usr/local/lib/python3.12/dist-packages/PIL/Image.py:1047: UserWarning: Palette images with Transparency expressed in bytes should be converted to RGBA images
6009.5s 3281 warnings.warn(
6013.3s 3282 /usr/local/lib/python3.12/dist-packages/PIL/Image.py:1047: UserWarning: Palette images with Transparency expressed in bytes should be converted to RGBA images
6013.3s 3283 warnings.warn(
6013.3s 3284 
6013.3s 3285 /usr/local/lib/python3.12/dist-packages/PIL/Image.py:1047: UserWarning: Palette images with Transparency expressed in bytes should be converted to RGBA images
6013.3s 3286 warnings.warn(
6017.8s 3287 [stage1] E09 | tr 0.3137/0.8318 | vl 0.3821/0.7626
6024.7s 3288 /usr/local/lib/python3.12/dist-packages/PIL/Image.py:1047: UserWarning: Palette images with Transparency expressed in bytes should be converted to RGBA images
6024.7s 3289 warnings.warn(
6024.7s 3290 
6024.7s 3291 /usr/local/lib/python3.12/dist-packages/PIL/Image.py:1047: UserWarning: Palette images with Transparency expressed in bytes should be converted to RGBA images
6024.7s 3292 warnings.warn(
6034.3s 3293 [stage1] E10 | tr 0.3067/0.8367 | vl 0.3840/0.7617
6034.3s 3294 
6034.3s 3295 =======================================================
6034.3s 3296 Stage 2 — resnet50  seed=11
6034.3s 3297 =======================================================
6042.4s 3298 /usr/local/lib/python3.12/dist-packages/PIL/Image.py:1047: UserWarning: Palette images with Transparency expressed in bytes should be converted to RGBA images
6042.4s 3299 warnings.warn(
6042.4s 3300 
6042.4s 3301 /usr/local/lib/python3.12/dist-packages/PIL/Image.py:1047: UserWarning: Palette images with Transparency expressed in bytes should be converted to RGBA images
6042.4s 3302 warnings.warn(
6050.9s 3303 [stage2] E01 | tr 0.2656/0.8415 | vl 0.2078/0.8271
6055.8s 3304 /usr/local/lib/python3.12/dist-packages/PIL/Image.py:1047: UserWarning: Palette images with Transparency expressed in bytes should be converted to RGBA images
6055.8s 3305 warnings.warn(
6055.8s 3306 
6055.8s 3307 /usr/local/lib/python3.12/dist-packages/PIL/Image.py:1047: UserWarning: Palette images with Transparency expressed in bytes should be converted to RGBA images
6055.8s 3308 warnings.warn(
6067.6s 3309 [stage2] E02 | tr 0.1330/0.8986 | vl 0.1315/0.8801
6073.4s 3310 /usr/local/lib/python3.12/dist-packages/PIL/Image.py:1047: UserWarning: Palette images with Transparency expressed in bytes should be converted to RGBA images
6073.4s 3311 warnings.warn(
6073.4s 3312 
6073.4s 3313 /usr/local/lib/python3.12/dist-packages/PIL/Image.py:1047: UserWarning: Palette images with Transparency expressed in bytes should be converted to RGBA images
6073.4s 3314 warnings.warn(
6084.1s 3315 [stage2] E03 | tr 0.1051/0.9234 | vl 0.1041/0.8794
6094.2s 3316 /usr/local/lib/python3.12/dist-packages/PIL/Image.py:1047: UserWarning: Palette images with Transparency expressed in bytes should be converted to RGBA images
6094.2s 3317 warnings.warn(
6094.2s 3318 
6094.2s 3319 /usr/local/lib/python3.12/dist-packages/PIL/Image.py:1047: UserWarning: Palette images with Transparency expressed in bytes should be converted to RGBA images
6094.2s 3320 warnings.warn(
6101.2s 3321 [stage2] E04 | tr 0.0699/0.9451 | vl 0.0989/0.9010
6106.6s 3322 /usr/local/lib/python3.12/dist-packages/PIL/Image.py:1047: UserWarning: Palette images with Transparency expressed in bytes should be converted to RGBA images
6106.6s 3323 warnings.warn(
6106.6s 3324 
6106.6s 3325 /usr/local/lib/python3.12/dist-packages/PIL/Image.py:1047: UserWarning: Palette images with Transparency expressed in bytes should be converted to RGBA images
6106.6s 3326 warnings.warn(
6118.5s 3327 [stage2] E05 | tr 0.0471/0.9656 | vl 0.1088/0.9034
6118.6s 3328 /usr/local/lib/python3.12/dist-packages/PIL/Image.py:1047: UserWarning: Palette images with Transparency expressed in bytes should be converted to RGBA images
6118.6s 3329 warnings.warn(
6118.6s 3330 
6118.6s 3331 /usr/local/lib/python3.12/dist-packages/PIL/Image.py:1047: UserWarning: Palette images with Transparency expressed in bytes should be converted to RGBA images
6118.6s 3332 warnings.warn(
6128.6s 3333 /usr/local/lib/python3.12/dist-packages/PIL/Image.py:1047: UserWarning: Palette images with Transparency expressed in bytes should be converted to RGBA images
6128.6s 3334 warnings.warn(
6128.6s 3335 
6128.6s 3336 /usr/local/lib/python3.12/dist-packages/PIL/Image.py:1047: UserWarning: Palette images with Transparency expressed in bytes should be converted to RGBA images
6128.6s 3337 warnings.warn(
6134.8s 3338 [stage2] E06 | tr 0.0374/0.9687 | vl 0.1037/0.9034
6135.0s 3339 /usr/local/lib/python3.12/dist-packages/PIL/Image.py:1047: UserWarning: Palette images with Transparency expressed in bytes should be converted to RGBA images
6135.0s 3340 warnings.warn(
6135.0s 3341 
6135.0s 3342 /usr/local/lib/python3.12/dist-packages/PIL/Image.py:1047: UserWarning: Palette images with Transparency expressed in bytes should be converted to RGBA images
6135.0s 3343 warnings.warn(
6136.0s 3344 /usr/local/lib/python3.12/dist-packages/PIL/Image.py:1047: UserWarning: Palette images with Transparency expressed in bytes should be converted to RGBA images
6136.0s 3345 warnings.warn(
6136.0s 3346 
6136.0s 3347 /usr/local/lib/python3.12/dist-packages/PIL/Image.py:1047: UserWarning: Palette images with Transparency expressed in bytes should be converted to RGBA images
6136.0s 3348 warnings.warn(
6151.7s 3349 [stage2] E07 | tr 0.0287/0.9734 | vl 0.0854/0.9349
6156.2s 3350 /usr/local/lib/python3.12/dist-packages/PIL/Image.py:1047: UserWarning: Palette images with Transparency expressed in bytes should be converted to RGBA images
6156.2s 3351 warnings.warn(
6156.2s 3352 
6156.2s 3353 /usr/local/lib/python3.12/dist-packages/PIL/Image.py:1047: UserWarning: Palette images with Transparency expressed in bytes should be converted to RGBA images
6156.2s 3354 warnings.warn(
6168.8s 3355 [stage2] E08 | tr 0.0258/0.9796 | vl 0.0841/0.9256
6174.7s 3356 /usr/local/lib/python3.12/dist-packages/PIL/Image.py:1047: UserWarning: Palette images with Transparency expressed in bytes should be converted to RGBA images
6174.7s 3357 warnings.warn(
6174.7s 3358 
6174.7s 3359 /usr/local/lib/python3.12/dist-packages/PIL/Image.py:1047: UserWarning: Palette images with Transparency expressed in bytes should be converted to RGBA images
6174.7s 3360 warnings.warn(
6186.1s 3361 [stage2] E09 | tr 0.0281/0.9828 | vl 0.0823/0.9240
6193.5s 3362 /usr/local/lib/python3.12/dist-packages/PIL/Image.py:1047: UserWarning: Palette images with Transparency expressed in bytes should be converted to RGBA images
6193.5s 3363 warnings.warn(
6193.5s 3364 
6193.5s 3365 /usr/local/lib/python3.12/dist-packages/PIL/Image.py:1047: UserWarning: Palette images with Transparency expressed in bytes should be converted to RGBA images
6193.5s 3366 warnings.warn(
6198.3s 3367 /usr/local/lib/python3.12/dist-packages/PIL/Image.py:1047: UserWarning: Palette images with Transparency expressed in bytes should be converted to RGBA images
6198.3s 3368 warnings.warn(
6198.3s 3369 
6198.3s 3370 /usr/local/lib/python3.12/dist-packages/PIL/Image.py:1047: UserWarning: Palette images with Transparency expressed in bytes should be converted to RGBA images
6198.3s 3371 warnings.warn(
6203.0s 3372 [stage2] E10 | tr 0.0410/0.9655 | vl 0.0844/0.9151
6204.3s 3373 /usr/local/lib/python3.12/dist-packages/PIL/Image.py:1047: UserWarning: Palette images with Transparency expressed in bytes should be converted to RGBA images
6204.3s 3374 warnings.warn(
6204.3s 3375 
6204.3s 3376 /usr/local/lib/python3.12/dist-packages/PIL/Image.py:1047: UserWarning: Palette images with Transparency expressed in bytes should be converted to RGBA images
6204.3s 3377 warnings.warn(
6219.4s 3378 [stage2] E11 | tr 0.0279/0.9781 | vl 0.0865/0.9151
6220.4s 3379 /usr/local/lib/python3.12/dist-packages/PIL/Image.py:1047: UserWarning: Palette images with Transparency expressed in bytes should be converted to RGBA images
6220.4s 3380 warnings.warn(
6220.4s 3381 
6220.4s 3382 /usr/local/lib/python3.12/dist-packages/PIL/Image.py:1047: UserWarning: Palette images with Transparency expressed in bytes should be converted to RGBA images
6220.4s 3383 warnings.warn(
6237.0s 3384 [stage2] E12 | tr 0.0268/0.9734 | vl 0.0879/0.9151
6237.0s 3385 Early stopping (patience=5)
6237.0s 3386 
6237.0s 3387 Best val F1 → stage1=0.7732  stage2=0.9349  overall=0.9349
6241.3s 3388 imb_focal_resnet50_seed11                     F1macro=0.8605 acc=0.8571 cha_dam_yen R=0.929 P=0.867
6241.6s 3389 
6241.6s 3390 =======================================================
6241.6s 3391 Stage 1 — resnet50  seed=22
6241.6s 3392 =======================================================
6248.9s 3393 /usr/local/lib/python3.12/dist-packages/PIL/Image.py:1047: UserWarning: Palette images with Transparency expressed in bytes should be converted to RGBA images
6248.9s 3394 warnings.warn(
6248.9s 3395 
6248.9s 3396 /usr/local/lib/python3.12/dist-packages/PIL/Image.py:1047: UserWarning: Palette images with Transparency expressed in bytes should be converted to RGBA images
6248.9s 3397 warnings.warn(
6257.3s 3398 [stage1] E01 | tr 0.8542/0.4549 | vl 0.7074/0.5707
6258.4s 3399 /usr/local/lib/python3.12/dist-packages/PIL/Image.py:1047: UserWarning: Palette images with Transparency expressed in bytes should be converted to RGBA images
6258.4s 3400 warnings.warn(
6258.4s 3401 
6258.4s 3402 /usr/local/lib/python3.12/dist-packages/PIL/Image.py:1047: UserWarning: Palette images with Transparency expressed in bytes should be converted to RGBA images
6258.4s 3403 warnings.warn(
6273.5s 3404 [stage1] E02 | tr 0.6169/0.6588 | vl 0.5712/0.6489
6278.4s 3405 /usr/local/lib/python3.12/dist-packages/PIL/Image.py:1047: UserWarning: Palette images with Transparency expressed in bytes should be converted to RGBA images
6278.4s 3406 warnings.warn(
6278.4s 3407 
6278.4s 3408 /usr/local/lib/python3.12/dist-packages/PIL/Image.py:1047: UserWarning: Palette images with Transparency expressed in bytes should be converted to RGBA images
6278.4s 3409 warnings.warn(
6283.5s 3410 /usr/local/lib/python3.12/dist-packages/PIL/Image.py:1047: UserWarning: Palette images with Transparency expressed in bytes should be converted to RGBA images
6283.5s 3411 warnings.warn(
6283.5s 3412 
6283.5s 3413 /usr/local/lib/python3.12/dist-packages/PIL/Image.py:1047: UserWarning: Palette images with Transparency expressed in bytes should be converted to RGBA images
6283.5s 3414 warnings.warn(
6289.2s 3415 [stage1] E03 | tr 0.4919/0.7217 | vl 0.5020/0.7037
6298.9s 3416 /usr/local/lib/python3.12/dist-packages/PIL/Image.py:1047: UserWarning: Palette images with Transparency expressed in bytes should be converted to RGBA images
6298.9s 3417 warnings.warn(
6298.9s 3418 
6298.9s 3419 /usr/local/lib/python3.12/dist-packages/PIL/Image.py:1047: UserWarning: Palette images with Transparency expressed in bytes should be converted to RGBA images
6298.9s 3420 warnings.warn(
6302.3s 3421 /usr/local/lib/python3.12/dist-packages/PIL/Image.py:1047: UserWarning: Palette images with Transparency expressed in bytes should be converted to RGBA images
6302.3s 3422 warnings.warn(
6302.3s 3423 
6302.3s 3424 /usr/local/lib/python3.12/dist-packages/PIL/Image.py:1047: UserWarning: Palette images with Transparency expressed in bytes should be converted to RGBA images
6302.3s 3425 warnings.warn(
6305.1s 3426 [stage1] E04 | tr 0.4267/0.7612 | vl 0.4447/0.7117
6305.4s 3427 /usr/local/lib/python3.12/dist-packages/PIL/Image.py:1047: UserWarning: Palette images with Transparency expressed in bytes should be converted to RGBA images
6305.4s 3428 warnings.warn(
6305.4s 3429 
6305.4s 3430 /usr/local/lib/python3.12/dist-packages/PIL/Image.py:1047: UserWarning: Palette images with Transparency expressed in bytes should be converted to RGBA images
6305.4s 3431 warnings.warn(
6320.9s 3432 [stage1] E05 | tr 0.3941/0.7662 | vl 0.4234/0.7381
6322.3s 3433 /usr/local/lib/python3.12/dist-packages/PIL/Image.py:1047: UserWarning: Palette images with Transparency expressed in bytes should be converted to RGBA images
6322.3s 3434 warnings.warn(
6322.3s 3435 
6322.3s 3436 /usr/local/lib/python3.12/dist-packages/PIL/Image.py:1047: UserWarning: Palette images with Transparency expressed in bytes should be converted to RGBA images
6322.3s 3437 warnings.warn(
6329.9s 3438 /usr/local/lib/python3.12/dist-packages/PIL/Image.py:1047: UserWarning: Palette images with Transparency expressed in bytes should be converted to RGBA images
6329.9s 3439 warnings.warn(
6329.9s 3440 
6329.9s 3441 /usr/local/lib/python3.12/dist-packages/PIL/Image.py:1047: UserWarning: Palette images with Transparency expressed in bytes should be converted to RGBA images
6329.9s 3442 warnings.warn(
6336.8s 3443 [stage1] E06 | tr 0.3631/0.7854 | vl 0.4016/0.7387
6343.5s 3444 /usr/local/lib/python3.12/dist-packages/PIL/Image.py:1047: UserWarning: Palette images with Transparency expressed in bytes should be converted to RGBA images
6343.5s 3445 warnings.warn(
6343.5s 3446 
6343.5s 3447 /usr/local/lib/python3.12/dist-packages/PIL/Image.py:1047: UserWarning: Palette images with Transparency expressed in bytes should be converted to RGBA images
6343.5s 3448 warnings.warn(
6343.8s 3449 /usr/local/lib/python3.12/dist-packages/PIL/Image.py:1047: UserWarning: Palette images with Transparency expressed in bytes should be converted to RGBA images
6343.8s 3450 warnings.warn(
6343.8s 3451 
6343.8s 3452 /usr/local/lib/python3.12/dist-packages/PIL/Image.py:1047: UserWarning: Palette images with Transparency expressed in bytes should be converted to RGBA images
6343.8s 3453 warnings.warn(
6352.6s 3454 [stage1] E07 | tr 0.3540/0.7898 | vl 0.3972/0.7623
6353.9s 3455 /usr/local/lib/python3.12/dist-packages/PIL/Image.py:1047: UserWarning: Palette images with Transparency expressed in bytes should be converted to RGBA images
6353.9s 3456 warnings.warn(
6353.9s 3457 
6353.9s 3458 /usr/local/lib/python3.12/dist-packages/PIL/Image.py:1047: UserWarning: Palette images with Transparency expressed in bytes should be converted to RGBA images
6353.9s 3459 warnings.warn(
6360.1s 3460 /usr/local/lib/python3.12/dist-packages/PIL/Image.py:1047: UserWarning: Palette images with Transparency expressed in bytes should be converted to RGBA images
6360.1s 3461 warnings.warn(
6360.1s 3462 
6360.1s 3463 /usr/local/lib/python3.12/dist-packages/PIL/Image.py:1047: UserWarning: Palette images with Transparency expressed in bytes should be converted to RGBA images
6360.1s 3464 warnings.warn(
6368.2s 3465 [stage1] E08 | tr 0.3221/0.8058 | vl 0.3908/0.7623
6370.5s 3466 /usr/local/lib/python3.12/dist-packages/PIL/Image.py:1047: UserWarning: Palette images with Transparency expressed in bytes should be converted to RGBA images
6370.5s 3467 warnings.warn(
6370.5s 3468 
6370.5s 3469 /usr/local/lib/python3.12/dist-packages/PIL/Image.py:1047: UserWarning: Palette images with Transparency expressed in bytes should be converted to RGBA images
6370.5s 3470 warnings.warn(
6376.4s 3471 /usr/local/lib/python3.12/dist-packages/PIL/Image.py:1047: UserWarning: Palette images with Transparency expressed in bytes should be converted to RGBA images
6376.4s 3472 warnings.warn(
6376.4s 3473 
6376.4s 3474 /usr/local/lib/python3.12/dist-packages/PIL/Image.py:1047: UserWarning: Palette images with Transparency expressed in bytes should be converted to RGBA images
6376.4s 3475 warnings.warn(
6383.7s 3476 [stage1] E09 | tr 0.3318/0.8297 | vl 0.3893/0.7620
6390.9s 3477 /usr/local/lib/python3.12/dist-packages/PIL/Image.py:1047: UserWarning: Palette images with Transparency expressed in bytes should be converted to RGBA images
6390.9s 3478 warnings.warn(
6390.9s 3479 
6390.9s 3480 /usr/local/lib/python3.12/dist-packages/PIL/Image.py:1047: UserWarning: Palette images with Transparency expressed in bytes should be converted to RGBA images
6390.9s 3481 warnings.warn(
6391.9s 3482 /usr/local/lib/python3.12/dist-packages/PIL/Image.py:1047: UserWarning: Palette images with Transparency expressed in bytes should be converted to RGBA images
6391.9s 3483 warnings.warn(
6391.9s 3484 
6391.9s 3485 /usr/local/lib/python3.12/dist-packages/PIL/Image.py:1047: UserWarning: Palette images with Transparency expressed in bytes should be converted to RGBA images
6391.9s 3486 warnings.warn(
6399.2s 3487 [stage1] E10 | tr 0.3280/0.8285 | vl 0.3839/0.7620
6399.2s 3488 
6399.2s 3489 =======================================================
6399.2s 3490 Stage 2 — resnet50  seed=22
6399.2s 3491 =======================================================
6408.2s 3492 /usr/local/lib/python3.12/dist-packages/PIL/Image.py:1047: UserWarning: Palette images with Transparency expressed in bytes should be converted to RGBA images
6408.2s 3493 warnings.warn(
6408.2s 3494 
6408.2s 3495 /usr/local/lib/python3.12/dist-packages/PIL/Image.py:1047: UserWarning: Palette images with Transparency expressed in bytes should be converted to RGBA images
6408.2s 3496 warnings.warn(
6409.5s 3497 /usr/local/lib/python3.12/dist-packages/PIL/Image.py:1047: UserWarning: Palette images with Transparency expressed in bytes should be converted to RGBA images
6409.5s 3498 warnings.warn(
6409.5s 3499 
6409.5s 3500 /usr/local/lib/python3.12/dist-packages/PIL/Image.py:1047: UserWarning: Palette images with Transparency expressed in bytes should be converted to RGBA images
6409.5s 3501 warnings.warn(
6415.3s 3502 [stage2] E01 | tr 0.2425/0.8440 | vl 0.1990/0.8150
6422.5s 3503 /usr/local/lib/python3.12/dist-packages/PIL/Image.py:1047: UserWarning: Palette images with Transparency expressed in bytes should be converted to RGBA images
6422.5s 3504 warnings.warn(
6422.5s 3505 
6422.5s 3506 /usr/local/lib/python3.12/dist-packages/PIL/Image.py:1047: UserWarning: Palette images with Transparency expressed in bytes should be converted to RGBA images
6422.5s 3507 warnings.warn(
6431.5s 3508 [stage2] E02 | tr 0.1268/0.9087 | vl 0.1524/0.8952
6433.9s 3509 /usr/local/lib/python3.12/dist-packages/PIL/Image.py:1047: UserWarning: Palette images with Transparency expressed in bytes should be converted to RGBA images
6433.9s 3510 warnings.warn(
6433.9s 3511 
6433.9s 3512 /usr/local/lib/python3.12/dist-packages/PIL/Image.py:1047: UserWarning: Palette images with Transparency expressed in bytes should be converted to RGBA images
6433.9s 3513 warnings.warn(
6447.0s 3514 [stage2] E03 | tr 0.0913/0.9373 | vl 0.1137/0.8793
6450.7s 3515 /usr/local/lib/python3.12/dist-packages/PIL/Image.py:1047: UserWarning: Palette images with Transparency expressed in bytes should be converted to RGBA images
6450.7s 3516 warnings.warn(
6450.7s 3517 
6450.7s 3518 /usr/local/lib/python3.12/dist-packages/PIL/Image.py:1047: UserWarning: Palette images with Transparency expressed in bytes should be converted to RGBA images
6450.7s 3519 warnings.warn(
6463.4s 3520 [stage2] E04 | tr 0.0611/0.9453 | vl 0.0778/0.9233
6466.1s 3521 /usr/local/lib/python3.12/dist-packages/PIL/Image.py:1047: UserWarning: Palette images with Transparency expressed in bytes should be converted to RGBA images
6466.1s 3522 warnings.warn(
6466.1s 3523 
6466.1s 3524 /usr/local/lib/python3.12/dist-packages/PIL/Image.py:1047: UserWarning: Palette images with Transparency expressed in bytes should be converted to RGBA images
6466.1s 3525 warnings.warn(
6478.9s 3526 [stage2] E05 | tr 0.0477/0.9655 | vl 0.0808/0.8918
6479.3s 3527 /usr/local/lib/python3.12/dist-packages/PIL/Image.py:1047: UserWarning: Palette images with Transparency expressed in bytes should be converted to RGBA images
6479.3s 3528 warnings.warn(
6479.3s 3529 
6479.3s 3530 /usr/local/lib/python3.12/dist-packages/PIL/Image.py:1047: UserWarning: Palette images with Transparency expressed in bytes should be converted to RGBA images
6479.3s 3531 warnings.warn(
6489.8s 3532 /usr/local/lib/python3.12/dist-packages/PIL/Image.py:1047: UserWarning: Palette images with Transparency expressed in bytes should be converted to RGBA images
6489.8s 3533 warnings.warn(
6489.8s 3534 
6489.8s 3535 /usr/local/lib/python3.12/dist-packages/PIL/Image.py:1047: UserWarning: Palette images with Transparency expressed in bytes should be converted to RGBA images
6489.8s 3536 warnings.warn(
6494.9s 3537 [stage2] E06 | tr 0.0452/0.9609 | vl 0.0829/0.8941
6499.0s 3538 /usr/local/lib/python3.12/dist-packages/PIL/Image.py:1047: UserWarning: Palette images with Transparency expressed in bytes should be converted to RGBA images
6499.0s 3539 warnings.warn(
6499.0s 3540 
6499.0s 3541 /usr/local/lib/python3.12/dist-packages/PIL/Image.py:1047: UserWarning: Palette images with Transparency expressed in bytes should be converted to RGBA images
6499.0s 3542 warnings.warn(
6510.7s 3543 [stage2] E07 | tr 0.0367/0.9716 | vl 0.0751/0.9139
6516.9s 3544 /usr/local/lib/python3.12/dist-packages/PIL/Image.py:1047: UserWarning: Palette images with Transparency expressed in bytes should be converted to RGBA images
6516.9s 3545 warnings.warn(
6516.9s 3546 
6516.9s 3547 /usr/local/lib/python3.12/dist-packages/PIL/Image.py:1047: UserWarning: Palette images with Transparency expressed in bytes should be converted to RGBA images
6516.9s 3548 warnings.warn(
6520.1s 3549 /usr/local/lib/python3.12/dist-packages/PIL/Image.py:1047: UserWarning: Palette images with Transparency expressed in bytes should be converted to RGBA images
6520.1s 3550 warnings.warn(
6520.1s 3551 
6520.1s 3552 /usr/local/lib/python3.12/dist-packages/PIL/Image.py:1047: UserWarning: Palette images with Transparency expressed in bytes should be converted to RGBA images
6520.1s 3553 warnings.warn(
6526.9s 3554 [stage2] E08 | tr 0.0352/0.9733 | vl 0.0719/0.9243
6532.0s 3555 /usr/local/lib/python3.12/dist-packages/PIL/Image.py:1047: UserWarning: Palette images with Transparency expressed in bytes should be converted to RGBA images
6532.0s 3556 warnings.warn(
6532.0s 3557 
6532.0s 3558 /usr/local/lib/python3.12/dist-packages/PIL/Image.py:1047: UserWarning: Palette images with Transparency expressed in bytes should be converted to RGBA images
6532.0s 3559 warnings.warn(
6542.8s 3560 [stage2] E09 | tr 0.0297/0.9735 | vl 0.0665/0.9362
6545.7s 3561 /usr/local/lib/python3.12/dist-packages/PIL/Image.py:1047: UserWarning: Palette images with Transparency expressed in bytes should be converted to RGBA images
6545.7s 3562 warnings.warn(
6545.7s 3563 
6545.7s 3564 /usr/local/lib/python3.12/dist-packages/PIL/Image.py:1047: UserWarning: Palette images with Transparency expressed in bytes should be converted to RGBA images
6545.7s 3565 warnings.warn(
6558.6s 3566 [stage2] E10 | tr 0.0311/0.9812 | vl 0.0648/0.9256
6561.8s 3567 /usr/local/lib/python3.12/dist-packages/PIL/Image.py:1047: UserWarning: Palette images with Transparency expressed in bytes should be converted to RGBA images
6561.8s 3568 warnings.warn(
6561.8s 3569 
6561.8s 3570 /usr/local/lib/python3.12/dist-packages/PIL/Image.py:1047: UserWarning: Palette images with Transparency expressed in bytes should be converted to RGBA images
6561.8s 3571 warnings.warn(
6574.7s 3572 [stage2] E11 | tr 0.0176/0.9813 | vl 0.0662/0.9248
6576.8s 3573 /usr/local/lib/python3.12/dist-packages/PIL/Image.py:1047: UserWarning: Palette images with Transparency expressed in bytes should be converted to RGBA images
6576.8s 3574 warnings.warn(
6576.8s 3575 
6576.8s 3576 /usr/local/lib/python3.12/dist-packages/PIL/Image.py:1047: UserWarning: Palette images with Transparency expressed in bytes should be converted to RGBA images
6576.8s 3577 warnings.warn(
6590.4s 3578 [stage2] E12 | tr 0.0321/0.9654 | vl 0.0700/0.9248
6592.5s 3579 /usr/local/lib/python3.12/dist-packages/PIL/Image.py:1047: UserWarning: Palette images with Transparency expressed in bytes should be converted to RGBA images
6592.5s 3580 warnings.warn(
6592.5s 3581 
6592.5s 3582 /usr/local/lib/python3.12/dist-packages/PIL/Image.py:1047: UserWarning: Palette images with Transparency expressed in bytes should be converted to RGBA images
6592.5s 3583 warnings.warn(
6603.9s 3584 /usr/local/lib/python3.12/dist-packages/PIL/Image.py:1047: UserWarning: Palette images with Transparency expressed in bytes should be converted to RGBA images
6603.9s 3585 warnings.warn(
6603.9s 3586 
6603.9s 3587 /usr/local/lib/python3.12/dist-packages/PIL/Image.py:1047: UserWarning: Palette images with Transparency expressed in bytes should be converted to RGBA images
6603.9s 3588 warnings.warn(
6606.6s 3589 [stage2] E13 | tr 0.0237/0.9781 | vl 0.0650/0.9248
6608.2s 3590 /usr/local/lib/python3.12/dist-packages/PIL/Image.py:1047: UserWarning: Palette images with Transparency expressed in bytes should be converted to RGBA images
6608.2s 3591 warnings.warn(
6608.2s 3592 
6608.2s 3593 /usr/local/lib/python3.12/dist-packages/PIL/Image.py:1047: UserWarning: Palette images with Transparency expressed in bytes should be converted to RGBA images
6608.2s 3594 warnings.warn(
6622.4s 3595 [stage2] E14 | tr 0.0200/0.9859 | vl 0.0679/0.9248
6622.4s 3596 Early stopping (patience=5)
6622.4s 3597 
6622.4s 3598 Best val F1 → stage1=0.7623  stage2=0.9362  overall=0.9362
6626.5s 3599 imb_focal_resnet50_seed22                     F1macro=0.9045 acc=0.9066 cha_dam_yen R=0.929 P=0.867
6626.8s 3600 
6626.8s 3601 =======================================================
6626.8s 3602 Stage 1 — resnet50  seed=33
6626.8s 3603 =======================================================
6630.6s 3604 /usr/local/lib/python3.12/dist-packages/PIL/Image.py:1047: UserWarning: Palette images with Transparency expressed in bytes should be converted to RGBA images
6630.6s 3605 warnings.warn(
6630.6s 3606 
6630.6s 3607 /usr/local/lib/python3.12/dist-packages/PIL/Image.py:1047: UserWarning: Palette images with Transparency expressed in bytes should be converted to RGBA images
6630.6s 3608 warnings.warn(
6638.4s 3609 /usr/local/lib/python3.12/dist-packages/PIL/Image.py:1047: UserWarning: Palette images with Transparency expressed in bytes should be converted to RGBA images
6638.4s 3610 warnings.warn(
6638.4s 3611 
6638.4s 3612 /usr/local/lib/python3.12/dist-packages/PIL/Image.py:1047: UserWarning: Palette images with Transparency expressed in bytes should be converted to RGBA images
6638.4s 3613 warnings.warn(
6643.3s 3614 [stage1] E01 | tr 0.8869/0.3940 | vl 0.7613/0.6278
6645.5s 3615 /usr/local/lib/python3.12/dist-packages/PIL/Image.py:1047: UserWarning: Palette images with Transparency expressed in bytes should be converted to RGBA images
6645.5s 3616 warnings.warn(
6645.5s 3617 
6645.5s 3618 /usr/local/lib/python3.12/dist-packages/PIL/Image.py:1047: UserWarning: Palette images with Transparency expressed in bytes should be converted to RGBA images
6645.5s 3619 warnings.warn(
6660.4s 3620 [stage1] E02 | tr 0.6341/0.6379 | vl 0.6138/0.6138
6665.5s 3621 /usr/local/lib/python3.12/dist-packages/PIL/Image.py:1047: UserWarning: Palette images with Transparency expressed in bytes should be converted to RGBA images
6665.5s 3622 warnings.warn(
6665.5s 3623 
6665.5s 3624 /usr/local/lib/python3.12/dist-packages/PIL/Image.py:1047: UserWarning: Palette images with Transparency expressed in bytes should be converted to RGBA images
6665.5s 3625 warnings.warn(
6670.0s 3626 /usr/local/lib/python3.12/dist-packages/PIL/Image.py:1047: UserWarning: Palette images with Transparency expressed in bytes should be converted to RGBA images
6670.0s 3627 warnings.warn(
6670.0s 3628 
6670.0s 3629 /usr/local/lib/python3.12/dist-packages/PIL/Image.py:1047: UserWarning: Palette images with Transparency expressed in bytes should be converted to RGBA images
6670.0s 3630 warnings.warn(
6677.0s 3631 [stage1] E03 | tr 0.5022/0.7033 | vl 0.5086/0.7232
6679.2s 3632 /usr/local/lib/python3.12/dist-packages/PIL/Image.py:1047: UserWarning: Palette images with Transparency expressed in bytes should be converted to RGBA images
6679.2s 3633 warnings.warn(
6679.2s 3634 
6679.2s 3635 /usr/local/lib/python3.12/dist-packages/PIL/Image.py:1047: UserWarning: Palette images with Transparency expressed in bytes should be converted to RGBA images
6679.2s 3636 warnings.warn(
6683.4s 3637 /usr/local/lib/python3.12/dist-packages/PIL/Image.py:1047: UserWarning: Palette images with Transparency expressed in bytes should be converted to RGBA images
6683.4s 3638 warnings.warn(
6683.4s 3639 
6683.4s 3640 /usr/local/lib/python3.12/dist-packages/PIL/Image.py:1047: UserWarning: Palette images with Transparency expressed in bytes should be converted to RGBA images
6683.4s 3641 warnings.warn(
6694.1s 3642 [stage1] E04 | tr 0.4410/0.7421 | vl 0.4709/0.7329
6696.4s 3643 /usr/local/lib/python3.12/dist-packages/PIL/Image.py:1047: UserWarning: Palette images with Transparency expressed in bytes should be converted to RGBA images
6696.4s 3644 warnings.warn(
6696.4s 3645 
6696.4s 3646 /usr/local/lib/python3.12/dist-packages/PIL/Image.py:1047: UserWarning: Palette images with Transparency expressed in bytes should be converted to RGBA images
6696.4s 3647 warnings.warn(
6696.5s 3648 /usr/local/lib/python3.12/dist-packages/PIL/Image.py:1047: UserWarning: Palette images with Transparency expressed in bytes should be converted to RGBA images
6696.5s 3649 warnings.warn(
6696.5s 3650 
6696.5s 3651 /usr/local/lib/python3.12/dist-packages/PIL/Image.py:1047: UserWarning: Palette images with Transparency expressed in bytes should be converted to RGBA images
6696.5s 3652 warnings.warn(
6710.7s 3653 [stage1] E05 | tr 0.3978/0.7598 | vl 0.4275/0.7211
6716.6s 3654 /usr/local/lib/python3.12/dist-packages/PIL/Image.py:1047: UserWarning: Palette images with Transparency expressed in bytes should be converted to RGBA images
6716.6s 3655 warnings.warn(
6716.6s 3656 
6716.6s 3657 /usr/local/lib/python3.12/dist-packages/PIL/Image.py:1047: UserWarning: Palette images with Transparency expressed in bytes should be converted to RGBA images
6716.6s 3658 warnings.warn(
6727.8s 3659 [stage1] E06 | tr 0.3684/0.7892 | vl 0.4163/0.7375
6736.3s 3660 /usr/local/lib/python3.12/dist-packages/PIL/Image.py:1047: UserWarning: Palette images with Transparency expressed in bytes should be converted to RGBA images
6736.3s 3661 warnings.warn(
6736.3s 3662 
6736.3s 3663 /usr/local/lib/python3.12/dist-packages/PIL/Image.py:1047: UserWarning: Palette images with Transparency expressed in bytes should be converted to RGBA images
6736.3s 3664 warnings.warn(
6744.4s 3665 [stage1] E07 | tr 0.3629/0.7981 | vl 0.4008/0.7478
6751.8s 3666 /usr/local/lib/python3.12/dist-packages/PIL/Image.py:1047: UserWarning: Palette images with Transparency expressed in bytes should be converted to RGBA images
6751.8s 3667 warnings.warn(
6751.8s 3668 
6751.8s 3669 /usr/local/lib/python3.12/dist-packages/PIL/Image.py:1047: UserWarning: Palette images with Transparency expressed in bytes should be converted to RGBA images
6751.8s 3670 warnings.warn(
6760.7s 3671 [stage1] E08 | tr 0.3266/0.8236 | vl 0.3928/0.7570
6764.2s 3672 /usr/local/lib/python3.12/dist-packages/PIL/Image.py:1047: UserWarning: Palette images with Transparency expressed in bytes should be converted to RGBA images
6764.2s 3673 warnings.warn(
6764.2s 3674 
6764.2s 3675 /usr/local/lib/python3.12/dist-packages/PIL/Image.py:1047: UserWarning: Palette images with Transparency expressed in bytes should be converted to RGBA images
6764.2s 3676 warnings.warn(
6776.9s 3677 [stage1] E09 | tr 0.3176/0.8136 | vl 0.3913/0.7570
6790.5s 3678 /usr/local/lib/python3.12/dist-packages/PIL/Image.py:1047: UserWarning: Palette images with Transparency expressed in bytes should be converted to RGBA images
6790.5s 3679 warnings.warn(
6790.5s 3680 
6790.5s 3681 /usr/local/lib/python3.12/dist-packages/PIL/Image.py:1047: UserWarning: Palette images with Transparency expressed in bytes should be converted to RGBA images
6790.5s 3682 warnings.warn(
6793.8s 3683 [stage1] E10 | tr 0.3334/0.7909 | vl 0.3926/0.7676
6793.8s 3684 
6793.8s 3685 =======================================================
6793.8s 3686 Stage 2 — resnet50  seed=33
6793.8s 3687 =======================================================
6802.3s 3688 /usr/local/lib/python3.12/dist-packages/PIL/Image.py:1047: UserWarning: Palette images with Transparency expressed in bytes should be converted to RGBA images
6802.3s 3689 warnings.warn(
6802.3s 3690 
6802.3s 3691 /usr/local/lib/python3.12/dist-packages/PIL/Image.py:1047: UserWarning: Palette images with Transparency expressed in bytes should be converted to RGBA images
6802.3s 3692 warnings.warn(
6810.5s 3693 [stage2] E01 | tr 0.2454/0.8268 | vl 0.1945/0.8257
6810.9s 3694 /usr/local/lib/python3.12/dist-packages/PIL/Image.py:1047: UserWarning: Palette images with Transparency expressed in bytes should be converted to RGBA images
6810.9s 3695 warnings.warn(
6810.9s 3696 
6810.9s 3697 /usr/local/lib/python3.12/dist-packages/PIL/Image.py:1047: UserWarning: Palette images with Transparency expressed in bytes should be converted to RGBA images
6810.9s 3698 warnings.warn(
6817.6s 3699 /usr/local/lib/python3.12/dist-packages/PIL/Image.py:1047: UserWarning: Palette images with Transparency expressed in bytes should be converted to RGBA images
6817.6s 3700 warnings.warn(
6817.6s 3701 
6817.6s 3702 /usr/local/lib/python3.12/dist-packages/PIL/Image.py:1047: UserWarning: Palette images with Transparency expressed in bytes should be converted to RGBA images
6817.6s 3703 warnings.warn(
6827.7s 3704 [stage2] E02 | tr 0.1299/0.8942 | vl 0.1442/0.8703
6835.4s 3705 /usr/local/lib/python3.12/dist-packages/PIL/Image.py:1047: UserWarning: Palette images with Transparency expressed in bytes should be converted to RGBA images
6835.4s 3706 warnings.warn(
6835.4s 3707 
6835.4s 3708 /usr/local/lib/python3.12/dist-packages/PIL/Image.py:1047: UserWarning: Palette images with Transparency expressed in bytes should be converted to RGBA images
6835.4s 3709 warnings.warn(
6844.5s 3710 [stage2] E03 | tr 0.0800/0.9357 | vl 0.1100/0.8827
6854.7s 3711 /usr/local/lib/python3.12/dist-packages/PIL/Image.py:1047: UserWarning: Palette images with Transparency expressed in bytes should be converted to RGBA images
6854.7s 3712 warnings.warn(
6854.7s 3713 
6854.7s 3714 /usr/local/lib/python3.12/dist-packages/PIL/Image.py:1047: UserWarning: Palette images with Transparency expressed in bytes should be converted to RGBA images
6854.7s 3715 warnings.warn(
6857.3s 3716 /usr/local/lib/python3.12/dist-packages/PIL/Image.py:1047: UserWarning: Palette images with Transparency expressed in bytes should be converted to RGBA images
6857.3s 3717 warnings.warn(
6857.3s 3718 
6857.3s 3719 /usr/local/lib/python3.12/dist-packages/PIL/Image.py:1047: UserWarning: Palette images with Transparency expressed in bytes should be converted to RGBA images
6857.3s 3720 warnings.warn(
6861.4s 3721 [stage2] E04 | tr 0.0587/0.9497 | vl 0.1112/0.9042
6866.1s 3722 /usr/local/lib/python3.12/dist-packages/PIL/Image.py:1047: UserWarning: Palette images with Transparency expressed in bytes should be converted to RGBA images
6866.1s 3723 warnings.warn(
6866.1s 3724 
6866.1s 3725 /usr/local/lib/python3.12/dist-packages/PIL/Image.py:1047: UserWarning: Palette images with Transparency expressed in bytes should be converted to RGBA images
6866.1s 3726 warnings.warn(
6871.6s 3727 /usr/local/lib/python3.12/dist-packages/PIL/Image.py:1047: UserWarning: Palette images with Transparency expressed in bytes should be converted to RGBA images
6871.6s 3728 warnings.warn(
6871.6s 3729 
6871.6s 3730 /usr/local/lib/python3.12/dist-packages/PIL/Image.py:1047: UserWarning: Palette images with Transparency expressed in bytes should be converted to RGBA images
6871.6s 3731 warnings.warn(
6877.9s 3732 [stage2] E05 | tr 0.0581/0.9624 | vl 0.0870/0.9138
6882.5s 3733 /usr/local/lib/python3.12/dist-packages/PIL/Image.py:1047: UserWarning: Palette images with Transparency expressed in bytes should be converted to RGBA images
6882.5s 3734 warnings.warn(
6882.5s 3735 
6882.5s 3736 /usr/local/lib/python3.12/dist-packages/PIL/Image.py:1047: UserWarning: Palette images with Transparency expressed in bytes should be converted to RGBA images
6882.5s 3737 warnings.warn(
6894.7s 3738 [stage2] E06 | tr 0.0326/0.9719 | vl 0.0869/0.9151
6900.0s 3739 /usr/local/lib/python3.12/dist-packages/PIL/Image.py:1047: UserWarning: Palette images with Transparency expressed in bytes should be converted to RGBA images
6900.0s 3740 warnings.warn(
6900.0s 3741 
6900.0s 3742 /usr/local/lib/python3.12/dist-packages/PIL/Image.py:1047: UserWarning: Palette images with Transparency expressed in bytes should be converted to RGBA images
6900.0s 3743 warnings.warn(
6912.0s 3744 [stage2] E07 | tr 0.0420/0.9609 | vl 0.0864/0.9132
6915.5s 3745 /usr/local/lib/python3.12/dist-packages/PIL/Image.py:1047: UserWarning: Palette images with Transparency expressed in bytes should be converted to RGBA images
6915.5s 3746 warnings.warn(
6915.5s 3747 
6915.5s 3748 /usr/local/lib/python3.12/dist-packages/PIL/Image.py:1047: UserWarning: Palette images with Transparency expressed in bytes should be converted to RGBA images
6915.5s 3749 warnings.warn(
6917.2s 3750 /usr/local/lib/python3.12/dist-packages/PIL/Image.py:1047: UserWarning: Palette images with Transparency expressed in bytes should be converted to RGBA images
6917.2s 3751 warnings.warn(
6917.2s 3752 
6917.2s 3753 /usr/local/lib/python3.12/dist-packages/PIL/Image.py:1047: UserWarning: Palette images with Transparency expressed in bytes should be converted to RGBA images
6917.2s 3754 warnings.warn(
6928.7s 3755 [stage2] E08 | tr 0.0435/0.9669 | vl 0.0825/0.9232
6931.0s 3756 /usr/local/lib/python3.12/dist-packages/PIL/Image.py:1047: UserWarning: Palette images with Transparency expressed in bytes should be converted to RGBA images
6931.0s 3757 warnings.warn(
6931.0s 3758 
6931.0s 3759 /usr/local/lib/python3.12/dist-packages/PIL/Image.py:1047: UserWarning: Palette images with Transparency expressed in bytes should be converted to RGBA images
6931.0s 3760 warnings.warn(
6945.4s 3761 [stage2] E09 | tr 0.0348/0.9717 | vl 0.0760/0.9233
6949.8s 3762 /usr/local/lib/python3.12/dist-packages/PIL/Image.py:1047: UserWarning: Palette images with Transparency expressed in bytes should be converted to RGBA images
6949.8s 3763 warnings.warn(
6949.8s 3764 
6949.8s 3765 /usr/local/lib/python3.12/dist-packages/PIL/Image.py:1047: UserWarning: Palette images with Transparency expressed in bytes should be converted to RGBA images
6949.8s 3766 warnings.warn(
6962.3s 3767 [stage2] E10 | tr 0.0328/0.9718 | vl 0.0758/0.9256
6964.9s 3768 /usr/local/lib/python3.12/dist-packages/PIL/Image.py:1047: UserWarning: Palette images with Transparency expressed in bytes should be converted to RGBA images
6964.9s 3769 warnings.warn(
6964.9s 3770 
6964.9s 3771 /usr/local/lib/python3.12/dist-packages/PIL/Image.py:1047: UserWarning: Palette images with Transparency expressed in bytes should be converted to RGBA images
6964.9s 3772 warnings.warn(
6978.6s 3773 [stage2] E11 | tr 0.0235/0.9781 | vl 0.0791/0.9366
6980.9s 3774 /usr/local/lib/python3.12/dist-packages/PIL/Image.py:1047: UserWarning: Palette images with Transparency expressed in bytes should be converted to RGBA images
6980.9s 3775 warnings.warn(
6980.9s 3776 
6980.9s 3777 /usr/local/lib/python3.12/dist-packages/PIL/Image.py:1047: UserWarning: Palette images with Transparency expressed in bytes should be converted to RGBA images
6980.9s 3778 warnings.warn(
6983.8s 3779 /usr/local/lib/python3.12/dist-packages/PIL/Image.py:1047: UserWarning: Palette images with Transparency expressed in bytes should be converted to RGBA images
6983.8s 3780 warnings.warn(
6983.8s 3781 
6983.8s 3782 /usr/local/lib/python3.12/dist-packages/PIL/Image.py:1047: UserWarning: Palette images with Transparency expressed in bytes should be converted to RGBA images
6983.8s 3783 warnings.warn(
6995.4s 3784 [stage2] E12 | tr 0.0235/0.9796 | vl 0.0768/0.9333
6997.4s 3785 /usr/local/lib/python3.12/dist-packages/PIL/Image.py:1047: UserWarning: Palette images with Transparency expressed in bytes should be converted to RGBA images
6997.4s 3786 warnings.warn(
6997.4s 3787 
6997.4s 3788 /usr/local/lib/python3.12/dist-packages/PIL/Image.py:1047: UserWarning: Palette images with Transparency expressed in bytes should be converted to RGBA images
6997.4s 3789 warnings.warn(
6997.5s 3790 /usr/local/lib/python3.12/dist-packages/PIL/Image.py:1047: UserWarning: Palette images with Transparency expressed in bytes should be converted to RGBA images
6997.5s 3791 warnings.warn(
6997.5s 3792 
6997.5s 3793 /usr/local/lib/python3.12/dist-packages/PIL/Image.py:1047: UserWarning: Palette images with Transparency expressed in bytes should be converted to RGBA images
6997.5s 3794 warnings.warn(
7012.0s 3795 [stage2] E13 | tr 0.0205/0.9812 | vl 0.0750/0.9333
7021.5s 3796 /usr/local/lib/python3.12/dist-packages/PIL/Image.py:1047: UserWarning: Palette images with Transparency expressed in bytes should be converted to RGBA images
7021.5s 3797 warnings.warn(
7021.5s 3798 
7021.5s 3799 /usr/local/lib/python3.12/dist-packages/PIL/Image.py:1047: UserWarning: Palette images with Transparency expressed in bytes should be converted to RGBA images
7021.5s 3800 warnings.warn(
7024.0s 3801 /usr/local/lib/python3.12/dist-packages/PIL/Image.py:1047: UserWarning: Palette images with Transparency expressed in bytes should be converted to RGBA images
7024.0s 3802 warnings.warn(
7024.0s 3803 
7024.0s 3804 /usr/local/lib/python3.12/dist-packages/PIL/Image.py:1047: UserWarning: Palette images with Transparency expressed in bytes should be converted to RGBA images
7024.0s 3805 warnings.warn(
7028.6s 3806 [stage2] E14 | tr 0.0194/0.9764 | vl 0.0749/0.9452
7033.0s 3807 /usr/local/lib/python3.12/dist-packages/PIL/Image.py:1047: UserWarning: Palette images with Transparency expressed in bytes should be converted to RGBA images
7033.0s 3808 warnings.warn(
7033.0s 3809 
7033.0s 3810 /usr/local/lib/python3.12/dist-packages/PIL/Image.py:1047: UserWarning: Palette images with Transparency expressed in bytes should be converted to RGBA images
7033.0s 3811 warnings.warn(
7045.1s 3812 [stage2] E15 | tr 0.0138/0.9890 | vl 0.0787/0.9333
7045.1s 3813 
7045.1s 3814 Best val F1 → stage1=0.7676  stage2=0.9452  overall=0.9452
7049.4s 3815 imb_focal_resnet50_seed33                     F1macro=0.8859 acc=0.8901 cha_dam_yen R=0.857 P=0.857
7049.7s 3816 
7049.7s 3817 =======================================================
7049.7s 3818 Stage 1 — resnet50  seed=44
7049.7s 3819 =======================================================
7051.0s 3820 /usr/local/lib/python3.12/dist-packages/PIL/Image.py:1047: UserWarning: Palette images with Transparency expressed in bytes should be converted to RGBA images
7051.0s 3821 warnings.warn(
7051.0s 3822 
7051.0s 3823 /usr/local/lib/python3.12/dist-packages/PIL/Image.py:1047: UserWarning: Palette images with Transparency expressed in bytes should be converted to RGBA images
7051.0s 3824 warnings.warn(
7053.2s 3825 /usr/local/lib/python3.12/dist-packages/PIL/Image.py:1047: UserWarning: Palette images with Transparency expressed in bytes should be converted to RGBA images
7053.2s 3826 warnings.warn(
7053.2s 3827 
7053.2s 3828 /usr/local/lib/python3.12/dist-packages/PIL/Image.py:1047: UserWarning: Palette images with Transparency expressed in bytes should be converted to RGBA images
7053.2s 3829 warnings.warn(
7066.3s 3830 [stage1] E01 | tr 0.8779/0.3608 | vl 0.7507/0.5975
7075.2s 3831 /usr/local/lib/python3.12/dist-packages/PIL/Image.py:1047: UserWarning: Palette images with Transparency expressed in bytes should be converted to RGBA images
7075.2s 3832 warnings.warn(
7075.2s 3833 
7075.2s 3834 /usr/local/lib/python3.12/dist-packages/PIL/Image.py:1047: UserWarning: Palette images with Transparency expressed in bytes should be converted to RGBA images
7075.2s 3835 warnings.warn(
7082.7s 3836 [stage1] E02 | tr 0.6371/0.6289 | vl 0.6011/0.6801
7087.4s 3837 /usr/local/lib/python3.12/dist-packages/PIL/Image.py:1047: UserWarning: Palette images with Transparency expressed in bytes should be converted to RGBA images
7087.4s 3838 warnings.warn(
7087.4s 3839 
7087.4s 3840 /usr/local/lib/python3.12/dist-packages/PIL/Image.py:1047: UserWarning: Palette images with Transparency expressed in bytes should be converted to RGBA images
7087.4s 3841 warnings.warn(
7091.5s 3842 /usr/local/lib/python3.12/dist-packages/PIL/Image.py:1047: UserWarning: Palette images with Transparency expressed in bytes should be converted to RGBA images
7091.5s 3843 warnings.warn(
7091.5s 3844 
7091.5s 3845 /usr/local/lib/python3.12/dist-packages/PIL/Image.py:1047: UserWarning: Palette images with Transparency expressed in bytes should be converted to RGBA images
7091.5s 3846 warnings.warn(
7099.3s 3847 [stage1] E03 | tr 0.5129/0.6868 | vl 0.5148/0.7068
7104.9s 3848 /usr/local/lib/python3.12/dist-packages/PIL/Image.py:1047: UserWarning: Palette images with Transparency expressed in bytes should be converted to RGBA images
7104.9s 3849 warnings.warn(
7104.9s 3850 
7104.9s 3851 /usr/local/lib/python3.12/dist-packages/PIL/Image.py:1047: UserWarning: Palette images with Transparency expressed in bytes should be converted to RGBA images
7104.9s 3852 warnings.warn(
7116.0s 3853 [stage1] E04 | tr 0.4394/0.7470 | vl 0.4708/0.7218
7127.2s 3854 /usr/local/lib/python3.12/dist-packages/PIL/Image.py:1047: UserWarning: Palette images with Transparency expressed in bytes should be converted to RGBA images
7127.2s 3855 warnings.warn(
7127.2s 3856 
7127.2s 3857 /usr/local/lib/python3.12/dist-packages/PIL/Image.py:1047: UserWarning: Palette images with Transparency expressed in bytes should be converted to RGBA images
7127.2s 3858 warnings.warn(
7127.9s 3859 /usr/local/lib/python3.12/dist-packages/PIL/Image.py:1047: UserWarning: Palette images with Transparency expressed in bytes should be converted to RGBA images
7127.9s 3860 warnings.warn(
7127.9s 3861 
7127.9s 3862 /usr/local/lib/python3.12/dist-packages/PIL/Image.py:1047: UserWarning: Palette images with Transparency expressed in bytes should be converted to RGBA images
7127.9s 3863 warnings.warn(
7132.3s 3864 [stage1] E05 | tr 0.4087/0.7877 | vl 0.4494/0.7160
7136.4s 3865 /usr/local/lib/python3.12/dist-packages/PIL/Image.py:1047: UserWarning: Palette images with Transparency expressed in bytes should be converted to RGBA images
7136.4s 3866 warnings.warn(
7136.4s 3867 
7136.4s 3868 /usr/local/lib/python3.12/dist-packages/PIL/Image.py:1047: UserWarning: Palette images with Transparency expressed in bytes should be converted to RGBA images
7136.4s 3869 warnings.warn(
7148.9s 3870 [stage1] E06 | tr 0.3773/0.8000 | vl 0.4262/0.7368
7161.5s 3871 /usr/local/lib/python3.12/dist-packages/PIL/Image.py:1047: UserWarning: Palette images with Transparency expressed in bytes should be converted to RGBA images
7161.5s 3872 warnings.warn(
7161.5s 3873 
7161.5s 3874 /usr/local/lib/python3.12/dist-packages/PIL/Image.py:1047: UserWarning: Palette images with Transparency expressed in bytes should be converted to RGBA images
7161.5s 3875 warnings.warn(
7162.0s 3876 /usr/local/lib/python3.12/dist-packages/PIL/Image.py:1047: UserWarning: Palette images with Transparency expressed in bytes should be converted to RGBA images
7162.0s 3877 warnings.warn(
7162.0s 3878 
7162.0s 3879 /usr/local/lib/python3.12/dist-packages/PIL/Image.py:1047: UserWarning: Palette images with Transparency expressed in bytes should be converted to RGBA images
7162.0s 3880 warnings.warn(
7165.8s 3881 [stage1] E07 | tr 0.3415/0.8182 | vl 0.4120/0.7380
7173.6s 3882 /usr/local/lib/python3.12/dist-packages/PIL/Image.py:1047: UserWarning: Palette images with Transparency expressed in bytes should be converted to RGBA images
7173.6s 3883 warnings.warn(
7173.6s 3884 
7173.6s 3885 /usr/local/lib/python3.12/dist-packages/PIL/Image.py:1047: UserWarning: Palette images with Transparency expressed in bytes should be converted to RGBA images
7173.6s 3886 warnings.warn(
7173.9s 3887 /usr/local/lib/python3.12/dist-packages/PIL/Image.py:1047: UserWarning: Palette images with Transparency expressed in bytes should be converted to RGBA images
7173.9s 3888 warnings.warn(
7173.9s 3889 
7173.9s 3890 /usr/local/lib/python3.12/dist-packages/PIL/Image.py:1047: UserWarning: Palette images with Transparency expressed in bytes should be converted to RGBA images
7173.9s 3891 warnings.warn(
7182.2s 3892 [stage1] E08 | tr 0.3146/0.8193 | vl 0.4054/0.7706
7183.9s 3893 /usr/local/lib/python3.12/dist-packages/PIL/Image.py:1047: UserWarning: Palette images with Transparency expressed in bytes should be converted to RGBA images
7183.9s 3894 warnings.warn(
7183.9s 3895 
7183.9s 3896 /usr/local/lib/python3.12/dist-packages/PIL/Image.py:1047: UserWarning: Palette images with Transparency expressed in bytes should be converted to RGBA images
7183.9s 3897 warnings.warn(
7193.2s 3898 /usr/local/lib/python3.12/dist-packages/PIL/Image.py:1047: UserWarning: Palette images with Transparency expressed in bytes should be converted to RGBA images
7193.2s 3899 warnings.warn(
7193.2s 3900 
7193.2s 3901 /usr/local/lib/python3.12/dist-packages/PIL/Image.py:1047: UserWarning: Palette images with Transparency expressed in bytes should be converted to RGBA images
7193.2s 3902 warnings.warn(
7198.6s 3903 [stage1] E09 | tr 0.3310/0.8073 | vl 0.4017/0.7491
7199.1s 3904 /usr/local/lib/python3.12/dist-packages/PIL/Image.py:1047: UserWarning: Palette images with Transparency expressed in bytes should be converted to RGBA images
7199.1s 3905 warnings.warn(
7199.1s 3906 
7199.1s 3907 /usr/local/lib/python3.12/dist-packages/PIL/Image.py:1047: UserWarning: Palette images with Transparency expressed in bytes should be converted to RGBA images
7199.1s 3908 warnings.warn(
7211.7s 3909 /usr/local/lib/python3.12/dist-packages/PIL/Image.py:1047: UserWarning: Palette images with Transparency expressed in bytes should be converted to RGBA images
7211.7s 3910 warnings.warn(
7211.7s 3911 
7211.7s 3912 /usr/local/lib/python3.12/dist-packages/PIL/Image.py:1047: UserWarning: Palette images with Transparency expressed in bytes should be converted to RGBA images
7211.7s 3913 warnings.warn(
7214.6s 3914 [stage1] E10 | tr 0.3360/0.8009 | vl 0.4010/0.7403
7214.6s 3915 
7214.6s 3916 =======================================================
7214.6s 3917 Stage 2 — resnet50  seed=44
7214.6s 3918 =======================================================
7215.8s 3919 /usr/local/lib/python3.12/dist-packages/PIL/Image.py:1047: UserWarning: Palette images with Transparency expressed in bytes should be converted to RGBA images
7215.8s 3920 warnings.warn(
7215.8s 3921 
7215.8s 3922 /usr/local/lib/python3.12/dist-packages/PIL/Image.py:1047: UserWarning: Palette images with Transparency expressed in bytes should be converted to RGBA images
7215.8s 3923 warnings.warn(
7225.5s 3924 /usr/local/lib/python3.12/dist-packages/PIL/Image.py:1047: UserWarning: Palette images with Transparency expressed in bytes should be converted to RGBA images
7225.5s 3925 warnings.warn(
7225.5s 3926 
7225.5s 3927 /usr/local/lib/python3.12/dist-packages/PIL/Image.py:1047: UserWarning: Palette images with Transparency expressed in bytes should be converted to RGBA images
7225.5s 3928 warnings.warn(
7231.0s 3929 [stage2] E01 | tr 0.2522/0.8289 | vl 0.2154/0.8370
7235.6s 3930 /usr/local/lib/python3.12/dist-packages/PIL/Image.py:1047: UserWarning: Palette images with Transparency expressed in bytes should be converted to RGBA images
7235.6s 3931 warnings.warn(
7235.6s 3932 
7235.6s 3933 /usr/local/lib/python3.12/dist-packages/PIL/Image.py:1047: UserWarning: Palette images with Transparency expressed in bytes should be converted to RGBA images
7235.6s 3934 warnings.warn(
7247.5s 3935 [stage2] E02 | tr 0.1262/0.9135 | vl 0.1580/0.8518
7254.0s 3936 /usr/local/lib/python3.12/dist-packages/PIL/Image.py:1047: UserWarning: Palette images with Transparency expressed in bytes should be converted to RGBA images
7254.0s 3937 warnings.warn(
7254.0s 3938 
7254.0s 3939 /usr/local/lib/python3.12/dist-packages/PIL/Image.py:1047: UserWarning: Palette images with Transparency expressed in bytes should be converted to RGBA images
7254.0s 3940 warnings.warn(
7264.4s 3941 [stage2] E03 | tr 0.0745/0.9433 | vl 0.1162/0.8926
7274.0s 3942 /usr/local/lib/python3.12/dist-packages/PIL/Image.py:1047: UserWarning: Palette images with Transparency expressed in bytes should be converted to RGBA images
7274.0s 3943 warnings.warn(
7274.0s 3944 
7274.0s 3945 /usr/local/lib/python3.12/dist-packages/PIL/Image.py:1047: UserWarning: Palette images with Transparency expressed in bytes should be converted to RGBA images
7274.0s 3946 warnings.warn(
7277.1s 3947 /usr/local/lib/python3.12/dist-packages/PIL/Image.py:1047: UserWarning: Palette images with Transparency expressed in bytes should be converted to RGBA images
7277.1s 3948 warnings.warn(
7277.1s 3949 
7277.1s 3950 /usr/local/lib/python3.12/dist-packages/PIL/Image.py:1047: UserWarning: Palette images with Transparency expressed in bytes should be converted to RGBA images
7277.1s 3951 warnings.warn(
7280.8s 3952 [stage2] E04 | tr 0.0612/0.9359 | vl 0.0996/0.9235
7283.4s 3953 /usr/local/lib/python3.12/dist-packages/PIL/Image.py:1047: UserWarning: Palette images with Transparency expressed in bytes should be converted to RGBA images
7283.4s 3954 warnings.warn(
7283.4s 3955 
7283.4s 3956 /usr/local/lib/python3.12/dist-packages/PIL/Image.py:1047: UserWarning: Palette images with Transparency expressed in bytes should be converted to RGBA images
7283.4s 3957 warnings.warn(
7297.8s 3958 [stage2] E05 | tr 0.0589/0.9561 | vl 0.0971/0.9029
7305.1s 3959 /usr/local/lib/python3.12/dist-packages/PIL/Image.py:1047: UserWarning: Palette images with Transparency expressed in bytes should be converted to RGBA images
7305.1s 3960 warnings.warn(
7305.1s 3961 
7305.1s 3962 /usr/local/lib/python3.12/dist-packages/PIL/Image.py:1047: UserWarning: Palette images with Transparency expressed in bytes should be converted to RGBA images
7305.1s 3963 warnings.warn(
7314.3s 3964 [stage2] E06 | tr 0.0448/0.9563 | vl 0.1000/0.9124
7316.4s 3965 /usr/local/lib/python3.12/dist-packages/PIL/Image.py:1047: UserWarning: Palette images with Transparency expressed in bytes should be converted to RGBA images
7316.4s 3966 warnings.warn(
7316.4s 3967 
7316.4s 3968 /usr/local/lib/python3.12/dist-packages/PIL/Image.py:1047: UserWarning: Palette images with Transparency expressed in bytes should be converted to RGBA images
7316.4s 3969 warnings.warn(
7321.7s 3970 /usr/local/lib/python3.12/dist-packages/PIL/Image.py:1047: UserWarning: Palette images with Transparency expressed in bytes should be converted to RGBA images
7321.7s 3971 warnings.warn(
7321.7s 3972 
7321.7s 3973 /usr/local/lib/python3.12/dist-packages/PIL/Image.py:1047: UserWarning: Palette images with Transparency expressed in bytes should be converted to RGBA images
7321.7s 3974 warnings.warn(
7330.8s 3975 [stage2] E07 | tr 0.0373/0.9733 | vl 0.1016/0.9023
7337.1s 3976 /usr/local/lib/python3.12/dist-packages/PIL/Image.py:1047: UserWarning: Palette images with Transparency expressed in bytes should be converted to RGBA images
7337.1s 3977 warnings.warn(
7337.1s 3978 
7337.1s 3979 /usr/local/lib/python3.12/dist-packages/PIL/Image.py:1047: UserWarning: Palette images with Transparency expressed in bytes should be converted to RGBA images
7337.1s 3980 warnings.warn(
7347.3s 3981 [stage2] E08 | tr 0.0323/0.9749 | vl 0.0981/0.8912
7355.1s 3982 /usr/local/lib/python3.12/dist-packages/PIL/Image.py:1047: UserWarning: Palette images with Transparency expressed in bytes should be converted to RGBA images
7355.1s 3983 warnings.warn(
7355.1s 3984 
7355.1s 3985 /usr/local/lib/python3.12/dist-packages/PIL/Image.py:1047: UserWarning: Palette images with Transparency expressed in bytes should be converted to RGBA images
7355.1s 3986 warnings.warn(
7363.8s 3987 [stage2] E09 | tr 0.0246/0.9750 | vl 0.0863/0.8912
7363.8s 3988 Early stopping (patience=5)
7363.8s 3989 
7363.8s 3990 Best val F1 → stage1=0.7706  stage2=0.9235  overall=0.9235
7368.0s 3991 imb_focal_resnet50_seed44                     F1macro=0.8948 acc=0.9011 cha_dam_yen R=0.857 P=0.857
7368.4s 3992 
7368.4s 3993 =======================================================
7368.4s 3994 Stage 1 — resnet50  seed=55
7368.4s 3995 =======================================================
7369.5s 3996 /usr/local/lib/python3.12/dist-packages/PIL/Image.py:1047: UserWarning: Palette images with Transparency expressed in bytes should be converted to RGBA images
7369.5s 3997 warnings.warn(
7369.5s 3998 
7369.5s 3999 /usr/local/lib/python3.12/dist-packages/PIL/Image.py:1047: UserWarning: Palette images with Transparency expressed in bytes should be converted to RGBA images
7369.5s 4000 warnings.warn(
7384.6s 4001 [stage1] E01 | tr 0.8704/0.4425 | vl 0.7587/0.5750
7387.1s 4002 /usr/local/lib/python3.12/dist-packages/PIL/Image.py:1047: UserWarning: Palette images with Transparency expressed in bytes should be converted to RGBA images
7387.1s 4003 warnings.warn(
7387.1s 4004 
7387.1s 4005 /usr/local/lib/python3.12/dist-packages/PIL/Image.py:1047: UserWarning: Palette images with Transparency expressed in bytes should be converted to RGBA images
7387.1s 4006 warnings.warn(
7401.9s 4007 [stage1] E02 | tr 0.6317/0.6292 | vl 0.6036/0.6620
7413.0s 4008 /usr/local/lib/python3.12/dist-packages/PIL/Image.py:1047: UserWarning: Palette images with Transparency expressed in bytes should be converted to RGBA images
7413.0s 4009 warnings.warn(
7413.0s 4010 
7413.0s 4011 /usr/local/lib/python3.12/dist-packages/PIL/Image.py:1047: UserWarning: Palette images with Transparency expressed in bytes should be converted to RGBA images
7413.0s 4012 warnings.warn(
7419.0s 4013 [stage1] E03 | tr 0.4987/0.7122 | vl 0.5189/0.7074
7426.6s 4014 /usr/local/lib/python3.12/dist-packages/PIL/Image.py:1047: UserWarning: Palette images with Transparency expressed in bytes should be converted to RGBA images
7426.6s 4015 warnings.warn(
7426.6s 4016 
7426.6s 4017 /usr/local/lib/python3.12/dist-packages/PIL/Image.py:1047: UserWarning: Palette images with Transparency expressed in bytes should be converted to RGBA images
7426.6s 4018 warnings.warn(
7430.9s 4019 /usr/local/lib/python3.12/dist-packages/PIL/Image.py:1047: UserWarning: Palette images with Transparency expressed in bytes should be converted to RGBA images
7430.9s 4020 warnings.warn(
7430.9s 4021 
7430.9s 4022 /usr/local/lib/python3.12/dist-packages/PIL/Image.py:1047: UserWarning: Palette images with Transparency expressed in bytes should be converted to RGBA images
7430.9s 4023 warnings.warn(
7435.4s 4024 [stage1] E04 | tr 0.4287/0.7743 | vl 0.4727/0.7625
7438.1s 4025 /usr/local/lib/python3.12/dist-packages/PIL/Image.py:1047: UserWarning: Palette images with Transparency expressed in bytes should be converted to RGBA images
7438.1s 4026 warnings.warn(
7438.1s 4027 
7438.1s 4028 /usr/local/lib/python3.12/dist-packages/PIL/Image.py:1047: UserWarning: Palette images with Transparency expressed in bytes should be converted to RGBA images
7438.1s 4029 warnings.warn(
7451.3s 4030 [stage1] E05 | tr 0.3889/0.7762 | vl 0.4401/0.7271
7453.5s 4031 /usr/local/lib/python3.12/dist-packages/PIL/Image.py:1047: UserWarning: Palette images with Transparency expressed in bytes should be converted to RGBA images
7453.5s 4032 warnings.warn(
7453.5s 4033 
7453.5s 4034 /usr/local/lib/python3.12/dist-packages/PIL/Image.py:1047: UserWarning: Palette images with Transparency expressed in bytes should be converted to RGBA images
7453.5s 4035 warnings.warn(
7467.3s 4036 [stage1] E06 | tr 0.3497/0.7892 | vl 0.4232/0.7398
7467.8s 4037 /usr/local/lib/python3.12/dist-packages/PIL/Image.py:1047: UserWarning: Palette images with Transparency expressed in bytes should be converted to RGBA images
7467.8s 4038 warnings.warn(
7467.8s 4039 
7467.8s 4040 /usr/local/lib/python3.12/dist-packages/PIL/Image.py:1047: UserWarning: Palette images with Transparency expressed in bytes should be converted to RGBA images
7467.8s 4041 warnings.warn(
7473.5s 4042 /usr/local/lib/python3.12/dist-packages/PIL/Image.py:1047: UserWarning: Palette images with Transparency expressed in bytes should be converted to RGBA images
7473.5s 4043 warnings.warn(
7473.5s 4044 
7473.5s 4045 /usr/local/lib/python3.12/dist-packages/PIL/Image.py:1047: UserWarning: Palette images with Transparency expressed in bytes should be converted to RGBA images
7473.5s 4046 warnings.warn(
7483.4s 4047 [stage1] E07 | tr 0.3306/0.8179 | vl 0.4087/0.7576
7483.8s 4048 /usr/local/lib/python3.12/dist-packages/PIL/Image.py:1047: UserWarning: Palette images with Transparency expressed in bytes should be converted to RGBA images
7483.8s 4049 warnings.warn(
7483.8s 4050 
7483.8s 4051 /usr/local/lib/python3.12/dist-packages/PIL/Image.py:1047: UserWarning: Palette images with Transparency expressed in bytes should be converted to RGBA images
7483.8s 4052 warnings.warn(
7500.5s 4053 [stage1] E08 | tr 0.3228/0.8261 | vl 0.3957/0.7678
7509.2s 4054 /usr/local/lib/python3.12/dist-packages/PIL/Image.py:1047: UserWarning: Palette images with Transparency expressed in bytes should be converted to RGBA images
7509.2s 4055 warnings.warn(
7509.2s 4056 
7509.2s 4057 /usr/local/lib/python3.12/dist-packages/PIL/Image.py:1047: UserWarning: Palette images with Transparency expressed in bytes should be converted to RGBA images
7509.2s 4058 warnings.warn(
7516.5s 4059 [stage1] E09 | tr 0.3311/0.8064 | vl 0.3957/0.7466
7524.4s 4060 /usr/local/lib/python3.12/dist-packages/PIL/Image.py:1047: UserWarning: Palette images with Transparency expressed in bytes should be converted to RGBA images
7524.4s 4061 warnings.warn(
7524.4s 4062 
7524.4s 4063 /usr/local/lib/python3.12/dist-packages/PIL/Image.py:1047: UserWarning: Palette images with Transparency expressed in bytes should be converted to RGBA images
7524.4s 4064 warnings.warn(
7527.8s 4065 /usr/local/lib/python3.12/dist-packages/PIL/Image.py:1047: UserWarning: Palette images with Transparency expressed in bytes should be converted to RGBA images
7527.8s 4066 warnings.warn(
7527.8s 4067 
7527.8s 4068 /usr/local/lib/python3.12/dist-packages/PIL/Image.py:1047: UserWarning: Palette images with Transparency expressed in bytes should be converted to RGBA images
7527.8s 4069 warnings.warn(
7533.1s 4070 [stage1] E10 | tr 0.3132/0.8128 | vl 0.3947/0.7678
7533.1s 4071 
7533.1s 4072 =======================================================
7533.1s 4073 Stage 2 — resnet50  seed=55
7533.1s 4074 =======================================================
7534.1s 4075 /usr/local/lib/python3.12/dist-packages/PIL/Image.py:1047: UserWarning: Palette images with Transparency expressed in bytes should be converted to RGBA images
7534.1s 4076 warnings.warn(
7534.1s 4077 
7534.1s 4078 /usr/local/lib/python3.12/dist-packages/PIL/Image.py:1047: UserWarning: Palette images with Transparency expressed in bytes should be converted to RGBA images
7534.1s 4079 warnings.warn(
7536.4s 4080 /usr/local/lib/python3.12/dist-packages/PIL/Image.py:1047: UserWarning: Palette images with Transparency expressed in bytes should be converted to RGBA images
7536.4s 4081 warnings.warn(
7536.4s 4082 
7536.4s 4083 /usr/local/lib/python3.12/dist-packages/PIL/Image.py:1047: UserWarning: Palette images with Transparency expressed in bytes should be converted to RGBA images
7536.4s 4084 warnings.warn(
7549.7s 4085 [stage2] E01 | tr 0.2517/0.8196 | vl 0.2035/0.8466
7553.9s 4086 /usr/local/lib/python3.12/dist-packages/PIL/Image.py:1047: UserWarning: Palette images with Transparency expressed in bytes should be converted to RGBA images
7553.9s 4087 warnings.warn(
7553.9s 4088 
7553.9s 4089 /usr/local/lib/python3.12/dist-packages/PIL/Image.py:1047: UserWarning: Palette images with Transparency expressed in bytes should be converted to RGBA images
7553.9s 4090 warnings.warn(
7566.3s 4091 [stage2] E02 | tr 0.1407/0.9200 | vl 0.1504/0.8902
7569.5s 4092 /usr/local/lib/python3.12/dist-packages/PIL/Image.py:1047: UserWarning: Palette images with Transparency expressed in bytes should be converted to RGBA images
7569.5s 4093 warnings.warn(
7569.5s 4094 
7569.5s 4095 /usr/local/lib/python3.12/dist-packages/PIL/Image.py:1047: UserWarning: Palette images with Transparency expressed in bytes should be converted to RGBA images
7569.5s 4096 warnings.warn(
7583.0s 4097 [stage2] E03 | tr 0.0847/0.9295 | vl 0.1223/0.8801
7586.2s 4098 /usr/local/lib/python3.12/dist-packages/PIL/Image.py:1047: UserWarning: Palette images with Transparency expressed in bytes should be converted to RGBA images
7586.2s 4099 warnings.warn(
7586.2s 4100 
7586.2s 4101 /usr/local/lib/python3.12/dist-packages/PIL/Image.py:1047: UserWarning: Palette images with Transparency expressed in bytes should be converted to RGBA images
7586.2s 4102 warnings.warn(
7600.0s 4103 [stage2] E04 | tr 0.0589/0.9578 | vl 0.1051/0.8899
7605.6s 4104 /usr/local/lib/python3.12/dist-packages/PIL/Image.py:1047: UserWarning: Palette images with Transparency expressed in bytes should be converted to RGBA images
7605.6s 4105 warnings.warn(
7605.6s 4106 
7605.6s 4107 /usr/local/lib/python3.12/dist-packages/PIL/Image.py:1047: UserWarning: Palette images with Transparency expressed in bytes should be converted to RGBA images
7605.6s 4108 warnings.warn(
7617.2s 4109 [stage2] E05 | tr 0.0431/0.9577 | vl 0.0953/0.9030
7629.3s 4110 /usr/local/lib/python3.12/dist-packages/PIL/Image.py:1047: UserWarning: Palette images with Transparency expressed in bytes should be converted to RGBA images
7629.3s 4111 warnings.warn(
7629.3s 4112 
7629.3s 4113 /usr/local/lib/python3.12/dist-packages/PIL/Image.py:1047: UserWarning: Palette images with Transparency expressed in bytes should be converted to RGBA images
7629.3s 4114 warnings.warn(
7630.3s 4115 /usr/local/lib/python3.12/dist-packages/PIL/Image.py:1047: UserWarning: Palette images with Transparency expressed in bytes should be converted to RGBA images
7630.3s 4116 warnings.warn(
7630.3s 4117 
7630.3s 4118 /usr/local/lib/python3.12/dist-packages/PIL/Image.py:1047: UserWarning: Palette images with Transparency expressed in bytes should be converted to RGBA images
7630.3s 4119 warnings.warn(
7633.8s 4120 [stage2] E06 | tr 0.0439/0.9579 | vl 0.0931/0.9146
7638.8s 4121 /usr/local/lib/python3.12/dist-packages/PIL/Image.py:1047: UserWarning: Palette images with Transparency expressed in bytes should be converted to RGBA images
7638.8s 4122 warnings.warn(
7638.8s 4123 
7638.8s 4124 /usr/local/lib/python3.12/dist-packages/PIL/Image.py:1047: UserWarning: Palette images with Transparency expressed in bytes should be converted to RGBA images
7638.8s 4125 warnings.warn(
7650.6s 4126 [stage2] E07 | tr 0.0364/0.9703 | vl 0.0894/0.9249
7658.6s 4127 /usr/local/lib/python3.12/dist-packages/PIL/Image.py:1047: UserWarning: Palette images with Transparency expressed in bytes should be converted to RGBA images
7658.6s 4128 warnings.warn(
7658.6s 4129 
7658.6s 4130 /usr/local/lib/python3.12/dist-packages/PIL/Image.py:1047: UserWarning: Palette images with Transparency expressed in bytes should be converted to RGBA images
7658.6s 4131 warnings.warn(
7662.9s 4132 /usr/local/lib/python3.12/dist-packages/PIL/Image.py:1047: UserWarning: Palette images with Transparency expressed in bytes should be converted to RGBA images
7662.9s 4133 warnings.warn(
7662.9s 4134 
7662.9s 4135 /usr/local/lib/python3.12/dist-packages/PIL/Image.py:1047: UserWarning: Palette images with Transparency expressed in bytes should be converted to RGBA images
7662.9s 4136 warnings.warn(
7668.0s 4137 [stage2] E08 | tr 0.0244/0.9765 | vl 0.0835/0.9250
7670.0s 4138 /usr/local/lib/python3.12/dist-packages/PIL/Image.py:1047: UserWarning: Palette images with Transparency expressed in bytes should be converted to RGBA images
7670.0s 4139 warnings.warn(
7670.0s 4140 
7670.0s 4141 /usr/local/lib/python3.12/dist-packages/PIL/Image.py:1047: UserWarning: Palette images with Transparency expressed in bytes should be converted to RGBA images
7670.0s 4142 warnings.warn(
7671.5s 4143 /usr/local/lib/python3.12/dist-packages/PIL/Image.py:1047: UserWarning: Palette images with Transparency expressed in bytes should be converted to RGBA images
7671.5s 4144 warnings.warn(
7671.5s 4145 
7671.5s 4146 /usr/local/lib/python3.12/dist-packages/PIL/Image.py:1047: UserWarning: Palette images with Transparency expressed in bytes should be converted to RGBA images
7671.5s 4147 warnings.warn(
7684.4s 4148 [stage2] E09 | tr 0.0285/0.9797 | vl 0.0788/0.9140
7696.0s 4149 /usr/local/lib/python3.12/dist-packages/PIL/Image.py:1047: UserWarning: Palette images with Transparency expressed in bytes should be converted to RGBA images
7696.0s 4150 warnings.warn(
7696.0s 4151 
7696.0s 4152 /usr/local/lib/python3.12/dist-packages/PIL/Image.py:1047: UserWarning: Palette images with Transparency expressed in bytes should be converted to RGBA images
7696.0s 4153 warnings.warn(
7700.8s 4154 [stage2] E10 | tr 0.0273/0.9781 | vl 0.0782/0.9140
7707.2s 4155 /usr/local/lib/python3.12/dist-packages/PIL/Image.py:1047: UserWarning: Palette images with Transparency expressed in bytes should be converted to RGBA images
7707.2s 4156 warnings.warn(
7707.2s 4157 
7707.2s 4158 /usr/local/lib/python3.12/dist-packages/PIL/Image.py:1047: UserWarning: Palette images with Transparency expressed in bytes should be converted to RGBA images
7707.2s 4159 warnings.warn(
7717.4s 4160 [stage2] E11 | tr 0.0224/0.9812 | vl 0.0766/0.9233
7719.5s 4161 /usr/local/lib/python3.12/dist-packages/PIL/Image.py:1047: UserWarning: Palette images with Transparency expressed in bytes should be converted to RGBA images
7719.5s 4162 warnings.warn(
7719.5s 4163 
7719.5s 4164 /usr/local/lib/python3.12/dist-packages/PIL/Image.py:1047: UserWarning: Palette images with Transparency expressed in bytes should be converted to RGBA images
7719.5s 4165 warnings.warn(
7733.8s 4166 [stage2] E12 | tr 0.0145/0.9843 | vl 0.0757/0.9250
7742.5s 4167 /usr/local/lib/python3.12/dist-packages/PIL/Image.py:1047: UserWarning: Palette images with Transparency expressed in bytes should be converted to RGBA images
7742.5s 4168 warnings.warn(
7742.5s 4169 
7742.5s 4170 /usr/local/lib/python3.12/dist-packages/PIL/Image.py:1047: UserWarning: Palette images with Transparency expressed in bytes should be converted to RGBA images
7742.5s 4171 warnings.warn(
7742.9s 4172 /usr/local/lib/python3.12/dist-packages/PIL/Image.py:1047: UserWarning: Palette images with Transparency expressed in bytes should be converted to RGBA images
7742.9s 4173 warnings.warn(
7742.9s 4174 
7742.9s 4175 /usr/local/lib/python3.12/dist-packages/PIL/Image.py:1047: UserWarning: Palette images with Transparency expressed in bytes should be converted to RGBA images
7742.9s 4176 warnings.warn(
7751.0s 4177 [stage2] E13 | tr 0.0204/0.9812 | vl 0.0774/0.9140
7751.0s 4178 Early stopping (patience=5)
7751.0s 4179 
7751.0s 4180 Best val F1 → stage1=0.7678  stage2=0.9250  overall=0.9250
7755.4s 4181 imb_focal_resnet50_seed55                     F1macro=0.8592 acc=0.8571 cha_dam_yen R=1.000 P=0.778
7755.4s 4182 
7755.4s 4183 === Imbalance methods — resnet50 (test set, mean±SD over seeds) ===
7755.4s 4184 none          n=5  f1_macro=0.9024±0.0122  f1_weighted=0.9055±0.0123  accuracy=0.9055±0.0119  recall_cha_dam_yen=0.9571±0.0639  precision_cha_dam_yen=0.8281±0.0446
7755.4s 4185 class_weight  n=5  f1_macro=0.8914±0.0169  f1_weighted=0.8986±0.0137  accuracy=0.8978±0.0138  recall_cha_dam_yen=1.0000±0.0000  precision_cha_dam_yen=0.7361±0.0810
7755.4s 4186 sampler       n=5  f1_macro=0.8895±0.0091  f1_weighted=0.8936±0.0140  accuracy=0.8934±0.0132  recall_cha_dam_yen=0.9857±0.0319  precision_cha_dam_yen=0.7679±0.0358
7755.4s 4187 focal         n=5  f1_macro=0.8810±0.0204  f1_weighted=0.8826±0.0245  accuracy=0.8824±0.0238  recall_cha_dam_yen=0.9143±0.0598  precision_cha_dam_yen=0.8451±0.0379
7755.4s 4188 
7755.4s 4189 Welch's t-test + Hedges' g:
7755.4s 4190 metric   Method (1)   Method (2)  Mean (1)  Mean (2)  p-value  Hedges g  Significant (p<0.05)
7755.4s 4191 f1_macro         none class_weight    0.9024    0.8914   0.2739     0.676                 False
7755.4s 4192 f1_macro         none      sampler    0.9024    0.8895   0.0971     1.085                 False
7755.4s 4193 f1_macro         none        focal    0.9024    0.8810   0.0865     1.151                 False
7755.4s 4194 f1_macro class_weight      sampler    0.8914    0.8895   0.8311     0.127                 False
7755.4s 4195 f1_macro class_weight        focal    0.8914    0.8810   0.4070     0.501                 False
7755.4s 4196 f1_macro      sampler        focal    0.8895    0.8810   0.4315     0.484                 False
7755.4s 4197 recall_cha_dam_yen         none class_weight    0.9571    1.0000   0.2080    -0.857                 False
7755.4s 4198 recall_cha_dam_yen         none      sampler    0.9571    0.9857   0.4062    -0.511                 False
7755.4s 4199 recall_cha_dam_yen         none        focal    0.9571    0.9143   0.3053     0.626                 False
7755.4s 4200 recall_cha_dam_yen class_weight      sampler    1.0000    0.9857   0.3739     0.571                 False
7755.4s 4201 recall_cha_dam_yen class_weight        focal    1.0000    0.9143   0.0327     1.832                  True
7755.4s 4202 recall_cha_dam_yen      sampler        focal    0.9857    0.9143   0.0557     1.346                 False
7755.4s 4203 /usr/local/lib/python3.12/dist-packages/scipy/stats/_axis_nan_policy.py:579: RuntimeWarning: Precision loss occurred in moment calculation due to catastrophic cancellation. This occurs when the data are nearly identical. Results may be unreliable.
7755.4s 4204 res = hypotest_fun_out(*samples, **kwds)
7755.4s 4205 
7755.4s 4206 /usr/local/lib/python3.12/dist-packages/scipy/stats/_axis_nan_policy.py:579: RuntimeWarning: Precision loss occurred in moment calculation due to catastrophic cancellation. This occurs when the data are nearly identical. Results may be unreliable.
7755.4s 4207 res = hypotest_fun_out(*samples, **kwds)
7755.8s 4208 
7755.8s 4209 Saved to /kaggle/working/results/
7755.9s 4210 imbalance_f1_macro_resnet50.png (49 KB)
7755.9s 4211 imbalance_recall_cha_dam_yen_resnet50.png (54 KB)
7755.9s 4212 imbalance_runs.csv (5 KB)
7755.9s 4213 imbalance_summary_resnet50.csv (1 KB)
7755.9s 4214 imbalance_ttest_resnet50.csv (0 KB)
7762.5s 4215 /usr/local/lib/python3.12/dist-packages/mistune.py:435: SyntaxWarning: invalid escape sequence '\|'
7762.5s 4216 cells[i][c] = re.sub('\\\\\|', '|', cell)
7762.7s 4217 /usr/local/lib/python3.12/dist-packages/nbconvert/filters/filter_links.py:36: SyntaxWarning: invalid escape sequence '\_'
7762.7s 4218 text = re.sub(r'_', '\_', text) # Escape underscores in display text
7763.4s 4219 [NbConvertApp] Converting notebook __notebook__.ipynb to notebook
7764.1s 4220 [NbConvertApp] Writing 276209 bytes to __notebook__.ipynb
7766.8s 4221 [NbConvertApp] Converting notebook __notebook__.ipynb to html
7768.0s 4222 [NbConvertApp] Writing 600224 bytes to __results__.html