filename,relpath,class,keyword_id,round,keyword,lang,engine,source,shop_id,width,height,aspect_ratio,mode,is_grayscale,xclass_dup,src_path
cha_thai_kw00_bing_000000.jpg,cha_thai/cha_thai_kw00_bing_000000.jpg,cha_thai,kw00,1,ชาไทยเย็น แก้ว,th,bing,web_scrape,,1920,1080,1.7778,RGB,False,True,
cha_thai_kw00_bing_000001.jpg,cha_thai/cha_thai_kw00_bing_000001.jpg,cha_thai,kw00,1,ชาไทยเย็น แก้ว,th,bing,web_scrape,,1440,1920,0.75,RGB,False,False,
cha_thai_kw00_bing_000002.jpg,cha_thai/cha_thai_kw00_bing_000002.jpg,cha_thai,kw00,1,ชาไทยเย็น แก้ว,th,bing,web_scrape,,1440,1920,0.75,RGB,False,False,
cha_thai_kw00_bing_000003.jpg,cha_thai/cha_thai_kw00_bing_000003.jpg,cha_thai,kw00,1,ชาไทยเย็น แก้ว,th,bing,web_scrape,,1200,630,1.9048,RGB,False,False,
cha_thai_kw00_bing_000004.webp,cha_thai/cha_thai_kw00_bing_000004.webp,cha_thai,kw00,1,ชาไทยเย็น แก้ว,th,bing,web_scrape,,3456,4608,0.75,RGB,False,False,
cha_thai_kw00_bing_000006.png,cha_thai/cha_thai_kw00_bing_000006.png,cha_thai,kw00,1,ชาไทยเย็น แก้ว,th,bing,web_scrape,,800,950,0.8421,RGBA,False,True,
cha_thai_kw00_bing_000007.png,cha_thai/cha_thai_kw00_bing_000007.png,cha_thai,kw00,1,ชาไทยเย็น แก้ว,th,bing,web_scrape,,1043,1043,1.0,RGB,False,False,
cha_thai_kw00_bing_000008.webp,cha_thai/cha_thai_kw00_bing_000008.webp,cha_thai,kw00,1,ชาไทยเย็น แก้ว,th,bing,web_scrape,,1200,600,2.0,RGB,False,False,
cha_thai_kw00_bing_000009.jpg,cha_thai/cha_thai_kw00_bing_000009.jpg,cha_thai,kw00,1,ชาไทยเย็น แก้ว,th,bing,web_scrape,,1200,1600,0.75,RGB,False,True,
cha_thai_kw00_bing_000010.jpg,cha_thai/cha_thai_kw00_bing_000010.jpg,cha_thai,kw00,1,ชาไทยเย็น แก้ว,th,bing,web_scrape,,800,540,1.4815,RGB,False,True,
cha_thai_kw00_bing_000011.jpg,cha_thai/cha_thai_kw00_bing_000011.jpg,cha_thai,kw00,1,ชาไทยเย็น แก้ว,th,bing,web_scrape,,1280,800,1.6,RGB,False,False,
cha_thai_kw00_bing_000012.jpg,cha_thai/cha_thai_kw00_bing_000012.jpg,cha_thai,kw00,1,ชาไทยเย็น แก้ว,th,bing,web_scrape,,413,620,0.6661,RGB,False,False,
cha_thai_kw00_bing_000013.jpg,cha_thai/cha_thai_kw00_bing_000013.jpg,cha_thai,kw00,1,ชาไทยเย็น แก้ว,th,bing,web_scrape,,960,1280,0.75,RGB,False,False,
cha_thai_kw00_bing_000014.jpg,cha_thai/cha_thai_kw00_bing_000014.jpg,cha_thai,kw00,1,ชาไทยเย็น แก้ว,th,bing,web_scrape,,612,399,1.5338,RGB,False,False,
cha_thai_kw00_bing_000015.jpg,cha_thai/cha_thai_kw00_bing_000015.jpg,cha_thai,kw00,1,ชาไทยเย็น แก้ว,th,bing,web_scrape,,612,459,1.3333,RGB,False,False,
cha_thai_kw00_bing_000016.jpg,cha_thai/cha_thai_kw00_bing_000016.jpg,cha_thai,kw00,1,ชาไทยเย็น แก้ว,th,bing,web_scrape,,600,899,0.6674,RGB,False,False,
cha_thai_kw00_bing_000017.jpg,cha_thai/cha_thai_kw00_bing_000017.jpg,cha_thai,kw00,1,ชาไทยเย็น แก้ว,th,bing,web_scrape,,3300,2480,1.3306,RGB,False,False,
cha_thai_kw00_bing_000019.jpg,cha_thai/cha_thai_kw00_bing_000019.jpg,cha_thai,kw00,1,ชาไทยเย็น แก้ว,th,bing,web_scrape,,3300,2480,1.3306,RGB,False,True,
cha_thai_kw00_bing_000021.jpg,cha_thai/cha_thai_kw00_bing_000021.jpg,cha_thai,kw00,1,ชาไทยเย็น แก้ว,th,bing,web_scrape,,612,408,1.5,RGB,False,False,
cha_thai_kw00_bing_000022.png,cha_thai/cha_thai_kw00_bing_000022.png,cha_thai,kw00,1,ชาไทยเย็น แก้ว,th,bing,web_scrape,,1920,3643,0.527,RGB,False,False,
cha_thai_kw00_bing_000024.png,cha_thai/cha_thai_kw00_bing_000024.png,cha_thai,kw00,1,ชาไทยเย็น แก้ว,th,bing,web_scrape,,1280,786,1.6285,RGB,False,True,
cha_thai_kw00_bing_000025.jpg,cha_thai/cha_thai_kw00_bing_000025.jpg,cha_thai,kw00,1,ชาไทยเย็น แก้ว,th,bing,web_scrape,,1000,1000,1.0,RGB,False,False,
cha_thai_kw00_bing_000026.jpg,cha_thai/cha_thai_kw00_bing_000026.jpg,cha_thai,kw00,1,ชาไทยเย็น แก้ว,th,bing,web_scrape,,600,600,1.0,RGB,False,True,
cha_thai_kw00_bing_000027.jpg,cha_thai/cha_thai_kw00_bing_000027.jpg,cha_thai,kw00,1,ชาไทยเย็น แก้ว,th,bing,web_scrape,,848,477,1.7778,RGB,False,False,
cha_thai_kw00_bing_000028.webp,cha_thai/cha_thai_kw00_bing_000028.webp,cha_thai,kw00,1,ชาไทยเย็น แก้ว,th,bing,web_scrape,,1200,1600,0.75,RGB,False,False,
cha_thai_kw00_bing_000029.jpg,cha_thai/cha_thai_kw00_bing_000029.jpg,cha_thai,kw00,1,ชาไทยเย็น แก้ว,th,bing,web_scrape,,948,1314,0.7215,RGB,False,True,
cha_thai_kw00_bing_000030.jpg,cha_thai/cha_thai_kw00_bing_000030.jpg,cha_thai,kw00,1,ชาไทยเย็น แก้ว,th,bing,web_scrape,,2160,2879,0.7503,RGB,False,True,
cha_thai_kw00_bing_000031.jpg,cha_thai/cha_thai_kw00_bing_000031.jpg,cha_thai,kw00,1,ชาไทยเย็น แก้ว,th,bing,web_scrape,,5304,7952,0.667,RGB,False,True,
cha_thai_kw00_bing_000032.jpg,cha_thai/cha_thai_kw00_bing_000032.jpg,cha_thai,kw00,1,ชาไทยเย็น แก้ว,th,bing,web_scrape,,2560,2521,1.0155,RGB,False,True,
cha_thai_kw00_bing_000033.webp,cha_thai/cha_thai_kw00_bing_000033.webp,cha_thai,kw00,1,ชาไทยเย็น แก้ว,th,bing,web_scrape,,1200,675,1.7778,RGB,False,False,
cha_thai_kw00_bing_000034.webp,cha_thai/cha_thai_kw00_bing_000034.webp,cha_thai,kw00,1,ชาไทยเย็น แก้ว,th,bing,web_scrape,,1560,1950,0.8,RGB,False,True,
cha_thai_kw00_bing_000035.png,cha_thai/cha_thai_kw00_bing_000035.png,cha_thai,kw00,1,ชาไทยเย็น แก้ว,th,bing,web_scrape,,800,950,0.8421,RGBA,False,False,
cha_thai_kw00_bing_000036.webp,cha_thai/cha_thai_kw00_bing_000036.webp,cha_thai,kw00,1,ชาไทยเย็น แก้ว,th,bing,web_scrape,,1109,1479,0.7498,RGB,False,False,
cha_thai_kw00_bing_000038.jpg,cha_thai/cha_thai_kw00_bing_000038.jpg,cha_thai,kw00,1,ชาไทยเย็น แก้ว,th,bing,web_scrape,,1200,800,1.5,RGB,False,False,
cha_thai_kw00_bing_000039.jpg,cha_thai/cha_thai_kw00_bing_000039.jpg,cha_thai,kw00,1,ชาไทยเย็น แก้ว,th,bing,web_scrape,,768,1152,0.6667,RGB,False,True,
cha_thai_kw00_bing_000040.webp,cha_thai/cha_thai_kw00_bing_000040.webp,cha_thai,kw00,1,ชาไทยเย็น แก้ว,th,bing,web_scrape,,2190,1642,1.3337,RGB,False,True,
cha_thai_kw00_bing_000041.webp,cha_thai/cha_thai_kw00_bing_000041.webp,cha_thai,kw00,1,ชาไทยเย็น แก้ว,th,bing,web_scrape,,1500,2000,0.75,RGB,False,True,
cha_thai_kw00_bing_000042.jpg,cha_thai/cha_thai_kw00_bing_000042.jpg,cha_thai,kw00,1,ชาไทยเย็น แก้ว,th,bing,web_scrape,,1152,603,1.9104,RGB,False,False,
cha_thai_kw00_bing_000043.jpg,cha_thai/cha_thai_kw00_bing_000043.jpg,cha_thai,kw00,1,ชาไทยเย็น แก้ว,th,bing,web_scrape,,1280,720,1.7778,RGB,False,True,
cha_thai_kw00_bing_000044.webp,cha_thai/cha_thai_kw00_bing_000044.webp,cha_thai,kw00,1,ชาไทยเย็น แก้ว,th,bing,web_scrape,,1712,1712,1.0,RGB,False,True,
cha_thai_kw00_bing_000045.webp,cha_thai/cha_thai_kw00_bing_000045.webp,cha_thai,kw00,1,ชาไทยเย็น แก้ว,th,bing,web_scrape,,1560,2080,0.75,RGB,False,False,
cha_thai_kw00_bing_000046.jpg,cha_thai/cha_thai_kw00_bing_000046.jpg,cha_thai,kw00,1,ชาไทยเย็น แก้ว,th,bing,web_scrape,,1479,1109,1.3336,RGB,False,False,
cha_thai_kw00_bing_000047.jpg,cha_thai/cha_thai_kw00_bing_000047.jpg,cha_thai,kw00,1,ชาไทยเย็น แก้ว,th,bing,web_scrape,,512,512,1.0,RGB,False,False,
cha_thai_kw00_bing_000048.jpg,cha_thai/cha_thai_kw00_bing_000048.jpg,cha_thai,kw00,1,ชาไทยเย็น แก้ว,th,bing,web_scrape,,1600,1048,1.5267,RGB,False,False,
cha_thai_kw00_bing_000049.webp,cha_thai/cha_thai_kw00_bing_000049.webp,cha_thai,kw00,1,ชาไทยเย็น แก้ว,th,bing,web_scrape,,1560,2080,0.75,RGB,False,False,
cha_thai_kw00_bing_000050.jpg,cha_thai/cha_thai_kw00_bing_000050.jpg,cha_thai,kw00,1,ชาไทยเย็น แก้ว,th,bing,web_scrape,,1600,800,2.0,RGB,False,False,
cha_thai_kw00_bing_000051.jpg,cha_thai/cha_thai_kw00_bing_000051.jpg,cha_thai,kw00,1,ชาไทยเย็น แก้ว,th,bing,web_scrape,,1500,1474,1.0176,RGB,False,True,
cha_thai_kw00_bing_000053.png,cha_thai/cha_thai_kw00_bing_000053.png,cha_thai,kw00,1,ชาไทยเย็น แก้ว,th,bing,web_scrape,,570,570,1.0,RGBA,False,False,
cha_thai_kw00_bing_000054.webp,cha_thai/cha_thai_kw00_bing_000054.webp,cha_thai,kw00,1,ชาไทยเย็น แก้ว,th,bing,web_scrape,,1024,1024,1.0,RGB,False,False,
cha_thai_kw00_bing_000055.png,cha_thai/cha_thai_kw00_bing_000055.png,cha_thai,kw00,1,ชาไทยเย็น แก้ว,th,bing,web_scrape,,1024,1024,1.0,RGB,False,False,
cha_thai_kw00_bing_000056.webp,cha_thai/cha_thai_kw00_bing_000056.webp,cha_thai,kw00,1,ชาไทยเย็น แก้ว,th,bing,web_scrape,,1454,1939,0.7499,RGB,False,True,
cha_thai_kw00_bing_000057.jpg,cha_thai/cha_thai_kw00_bing_000057.jpg,cha_thai,kw00,1,ชาไทยเย็น แก้ว,th,bing,web_scrape,,1080,720,1.5,RGB,False,False,
cha_thai_kw00_bing_000058.webp,cha_thai/cha_thai_kw00_bing_000058.webp,cha_thai,kw00,1,ชาไทยเย็น แก้ว,th,bing,web_scrape,,2190,1642,1.3337,RGB,False,True,
cha_thai_kw00_bing_000060.webp,cha_thai/cha_thai_kw00_bing_000060.webp,cha_thai,kw00,1,ชาไทยเย็น แก้ว,th,bing,web_scrape,,1560,2080,0.75,RGB,False,False,
cha_thai_kw00_bing_000061.jpg,cha_thai/cha_thai_kw00_bing_000061.jpg,cha_thai,kw00,1,ชาไทยเย็น แก้ว,th,bing,web_scrape,,1201,1201,1.0,RGB,False,False,
cha_thai_kw00_bing_000062.jpg,cha_thai/cha_thai_kw00_bing_000062.jpg,cha_thai,kw00,1,ชาไทยเย็น แก้ว,th,bing,web_scrape,,831,1478,0.5622,RGB,False,True,
cha_thai_kw00_bing_000063.jpg,cha_thai/cha_thai_kw00_bing_000063.jpg,cha_thai,kw00,1,ชาไทยเย็น แก้ว,th,bing,web_scrape,,2217,1227,1.8068,RGB,False,True,
cha_thai_kw00_bing_000066.webp,cha_thai/cha_thai_kw00_bing_000066.webp,cha_thai,kw00,1,ชาไทยเย็น แก้ว,th,bing,web_scrape,,1720,1720,1.0,RGB,False,False,
cha_thai_kw00_bing_000067.jpg,cha_thai/cha_thai_kw00_bing_000067.jpg,cha_thai,kw00,1,ชาไทยเย็น แก้ว,th,bing,web_scrape,,1479,1109,1.3336,RGB,False,False,
cha_thai_kw00_bing_000069.webp,cha_thai/cha_thai_kw00_bing_000069.webp,cha_thai,kw00,1,ชาไทยเย็น แก้ว,th,bing,web_scrape,,1074,1432,0.75,RGB,False,False,
cha_thai_kw00_bing_000071.jpg,cha_thai/cha_thai_kw00_bing_000071.jpg,cha_thai,kw00,1,ชาไทยเย็น แก้ว,th,bing,web_scrape,,1440,1920,0.75,RGB,False,False,
cha_thai_kw00_bing_000079.jpg,cha_thai/cha_thai_kw00_bing_000079.jpg,cha_thai,kw00,1,ชาไทยเย็น แก้ว,th,bing,web_scrape,,554,554,1.0,RGB,False,False,
cha_thai_kw00_bing_000083.jpg,cha_thai/cha_thai_kw00_bing_000083.jpg,cha_thai,kw00,1,ชาไทยเย็น แก้ว,th,bing,web_scrape,,1920,1280,1.5,RGB,False,True,
cha_thai_kw00_bing_000084.webp,cha_thai/cha_thai_kw00_bing_000084.webp,cha_thai,kw00,1,ชาไทยเย็น แก้ว,th,bing,web_scrape,,1200,630,1.9048,RGB,False,False,
cha_thai_kw00_bing_000104.webp,cha_thai/cha_thai_kw00_bing_000104.webp,cha_thai,kw00,1,ชาไทยเย็น แก้ว,th,bing,web_scrape,,1200,1500,0.8,RGB,False,True,
cha_thai_kw00_bing_000138.jpg,cha_thai/cha_thai_kw00_bing_000138.jpg,cha_thai,kw00,1,ชาไทยเย็น แก้ว,th,bing,web_scrape,,768,432,1.7778,RGB,False,False,
cha_thai_kw00_bing_000139.jpg,cha_thai/cha_thai_kw00_bing_000139.jpg,cha_thai,kw00,1,ชาไทยเย็น แก้ว,th,bing,web_scrape,,768,432,1.7778,RGB,False,False,
cha_thai_kw00_bing_000155.webp,cha_thai/cha_thai_kw00_bing_000155.webp,cha_thai,kw00,1,ชาไทยเย็น แก้ว,th,bing,web_scrape,,2508,1672,1.5,RGB,False,False,
cha_thai_kw01_bing_000000.jpg,cha_thai/cha_thai_kw01_bing_000000.jpg,cha_thai,kw01,1,ชาเย็น ร้านชา,th,bing,web_scrape,,1248,1664,0.75,RGB,False,False,
cha_thai_kw01_bing_000001.jpg,cha_thai/cha_thai_kw01_bing_000001.jpg,cha_thai,kw01,1,ชาเย็น ร้านชา,th,bing,web_scrape,,1248,936,1.3333,RGB,False,False,
cha_thai_kw01_bing_000002.jpg,cha_thai/cha_thai_kw01_bing_000002.jpg,cha_thai,kw01,1,ชาเย็น ร้านชา,th,bing,web_scrape,,1920,1280,1.5,RGB,False,False,
cha_thai_kw01_bing_000003.jpg,cha_thai/cha_thai_kw01_bing_000003.jpg,cha_thai,kw01,1,ชาเย็น ร้านชา,th,bing,web_scrape,,600,900,0.6667,RGB,False,False,
cha_thai_kw01_bing_000004.jpg,cha_thai/cha_thai_kw01_bing_000004.jpg,cha_thai,kw01,1,ชาเย็น ร้านชา,th,bing,web_scrape,,767,1024,0.749,RGB,False,False,
cha_thai_kw01_bing_000005.jpg,cha_thai/cha_thai_kw01_bing_000005.jpg,cha_thai,kw01,1,ชาเย็น ร้านชา,th,bing,web_scrape,,1920,945,2.0317,RGB,False,False,
cha_thai_kw01_bing_000007.jpg,cha_thai/cha_thai_kw01_bing_000007.jpg,cha_thai,kw01,1,ชาเย็น ร้านชา,th,bing,web_scrape,,1425,1900,0.75,RGB,False,False,
cha_thai_kw01_bing_000008.jpg,cha_thai/cha_thai_kw01_bing_000008.jpg,cha_thai,kw01,1,ชาเย็น ร้านชา,th,bing,web_scrape,,1920,945,2.0317,RGB,False,False,
cha_thai_kw01_bing_000009.jpg,cha_thai/cha_thai_kw01_bing_000009.jpg,cha_thai,kw01,1,ชาเย็น ร้านชา,th,bing,web_scrape,,720,880,0.8182,RGB,False,False,
cha_thai_kw01_bing_000010.jpg,cha_thai/cha_thai_kw01_bing_000010.jpg,cha_thai,kw01,1,ชาเย็น ร้านชา,th,bing,web_scrape,,1200,450,2.6667,RGB,False,False,
cha_thai_kw01_bing_000011.jpg,cha_thai/cha_thai_kw01_bing_000011.jpg,cha_thai,kw01,1,ชาเย็น ร้านชา,th,bing,web_scrape,,1184,1776,0.6667,RGB,False,True,
cha_thai_kw01_bing_000012.jpg,cha_thai/cha_thai_kw01_bing_000012.jpg,cha_thai,kw01,1,ชาเย็น ร้านชา,th,bing,web_scrape,,1265,1900,0.6658,RGB,False,False,
cha_thai_kw01_bing_000015.jpg,cha_thai/cha_thai_kw01_bing_000015.jpg,cha_thai,kw01,1,ชาเย็น ร้านชา,th,bing,web_scrape,,512,512,1.0,RGB,False,False,
cha_thai_kw01_bing_000016.jpg,cha_thai/cha_thai_kw01_bing_000016.jpg,cha_thai,kw01,1,ชาเย็น ร้านชา,th,bing,web_scrape,,1242,1027,1.2093,RGB,False,False,
cha_thai_kw01_bing_000017.jpg,cha_thai/cha_thai_kw01_bing_000017.jpg,cha_thai,kw01,1,ชาเย็น ร้านชา,th,bing,web_scrape,,1425,1900,0.75,RGB,False,False,
cha_thai_kw01_bing_000018.jpg,cha_thai/cha_thai_kw01_bing_000018.jpg,cha_thai,kw01,1,ชาเย็น ร้านชา,th,bing,web_scrape,,1248,936,1.3333,RGB,False,False,
cha_thai_kw01_bing_000019.jpg,cha_thai/cha_thai_kw01_bing_000019.jpg,cha_thai,kw01,1,ชาเย็น ร้านชา,th,bing,web_scrape,,1170,1170,1.0,RGB,False,False,
cha_thai_kw01_bing_000020.jpg,cha_thai/cha_thai_kw01_bing_000020.jpg,cha_thai,kw01,1,ชาเย็น ร้านชา,th,bing,web_scrape,,1000,667,1.4993,RGB,False,False,
cha_thai_kw01_bing_000021.jpg,cha_thai/cha_thai_kw01_bing_000021.jpg,cha_thai,kw01,1,ชาเย็น ร้านชา,th,bing,web_scrape,,800,600,1.3333,RGB,False,False,
cha_thai_kw01_bing_000023.jpg,cha_thai/cha_thai_kw01_bing_000023.jpg,cha_thai,kw01,1,ชาเย็น ร้านชา,th,bing,web_scrape,,1430,1900,0.7526,RGB,False,False,
cha_thai_kw01_bing_000025.webp,cha_thai/cha_thai_kw01_bing_000025.webp,cha_thai,kw01,1,ชาเย็น ร้านชา,th,bing,web_scrape,,1344,1792,0.75,RGB,False,True,
cha_thai_kw01_bing_000026.jpg,cha_thai/cha_thai_kw01_bing_000026.jpg,cha_thai,kw01,1,ชาเย็น ร้านชา,th,bing,web_scrape,,1441,1920,0.7505,RGB,False,False,
cha_thai_kw01_bing_000027.jpg,cha_thai/cha_thai_kw01_bing_000027.jpg,cha_thai,kw01,1,ชาเย็น ร้านชา,th,bing,web_scrape,,1090,1454,0.7497,RGB,False,True,
cha_thai_kw01_bing_000028.jpg,cha_thai/cha_thai_kw01_bing_000028.jpg,cha_thai,kw01,1,ชาเย็น ร้านชา,th,bing,web_scrape,,1800,1013,1.7769,RGB,False,True,
cha_thai_kw01_bing_000029.jpg,cha_thai/cha_thai_kw01_bing_000029.jpg,cha_thai,kw01,1,ชาเย็น ร้านชา,th,bing,web_scrape,,1425,1900,0.75,RGB,False,False,
cha_thai_kw01_bing_000030.jpg,cha_thai/cha_thai_kw01_bing_000030.jpg,cha_thai,kw01,1,ชาเย็น ร้านชา,th,bing,web_scrape,,1440,1073,1.342,RGB,False,False,
cha_thai_kw01_bing_000032.jpg,cha_thai/cha_thai_kw01_bing_000032.jpg,cha_thai,kw01,1,ชาเย็น ร้านชา,th,bing,web_scrape,,736,981,0.7503,RGB,False,True,
cha_thai_kw01_bing_000033.jpg,cha_thai/cha_thai_kw01_bing_000033.jpg,cha_thai,kw01,1,ชาเย็น ร้านชา,th,bing,web_scrape,,1441,1921,0.7501,RGB,False,False,
cha_thai_kw01_bing_000034.jpg,cha_thai/cha_thai_kw01_bing_000034.jpg,cha_thai,kw01,1,ชาเย็น ร้านชา,th,bing,web_scrape,,1500,1500,1.0,RGB,False,True,
cha_thai_kw01_bing_000035.jpg,cha_thai/cha_thai_kw01_bing_000035.jpg,cha_thai,kw01,1,ชาเย็น ร้านชา,th,bing,web_scrape,,1440,1920,0.75,RGB,False,False,
cha_thai_kw01_bing_000036.jpg,cha_thai/cha_thai_kw01_bing_000036.jpg,cha_thai,kw01,1,ชาเย็น ร้านชา,th,bing,web_scrape,,1920,1080,1.7778,RGB,False,False,
cha_thai_kw01_bing_000039.webp,cha_thai/cha_thai_kw01_bing_000039.webp,cha_thai,kw01,1,ชาเย็น ร้านชา,th,bing,web_scrape,,1581,2107,0.7504,RGB,False,True,
cha_thai_kw01_bing_000040.jpg,cha_thai/cha_thai_kw01_bing_000040.jpg,cha_thai,kw01,1,ชาเย็น ร้านชา,th,bing,web_scrape,,1440,1920,0.75,RGB,False,False,
cha_thai_kw01_bing_000041.jpg,cha_thai/cha_thai_kw01_bing_000041.jpg,cha_thai,kw01,1,ชาเย็น ร้านชา,th,bing,web_scrape,,1425,1900,0.75,RGB,False,True,
cha_thai_kw01_bing_000042.webp,cha_thai/cha_thai_kw01_bing_000042.webp,cha_thai,kw01,1,ชาเย็น ร้านชา,th,bing,web_scrape,,1500,2000,0.75,RGB,False,False,
cha_thai_kw01_bing_000043.jpg,cha_thai/cha_thai_kw01_bing_000043.jpg,cha_thai,kw01,1,ชาเย็น ร้านชา,th,bing,web_scrape,,764,1024,0.7461,RGB,False,False,
cha_thai_kw01_bing_000048.jpg,cha_thai/cha_thai_kw01_bing_000048.jpg,cha_thai,kw01,1,ชาเย็น ร้านชา,th,bing,web_scrape,,1266,1900,0.6663,RGB,False,False,
cha_thai_kw01_bing_000050.jpg,cha_thai/cha_thai_kw01_bing_000050.jpg,cha_thai,kw01,1,ชาเย็น ร้านชา,th,bing,web_scrape,,1920,1078,1.7811,RGB,False,False,
cha_thai_kw01_bing_000051.jpg,cha_thai/cha_thai_kw01_bing_000051.jpg,cha_thai,kw01,1,ชาเย็น ร้านชา,th,bing,web_scrape,,1440,1920,0.75,RGB,False,False,
cha_thai_kw01_bing_000052.webp,cha_thai/cha_thai_kw01_bing_000052.webp,cha_thai,kw01,1,ชาเย็น ร้านชา,th,bing,web_scrape,,1500,2000,0.75,RGB,False,False,
cha_thai_kw01_bing_000053.jpg,cha_thai/cha_thai_kw01_bing_000053.jpg,cha_thai,kw01,1,ชาเย็น ร้านชา,th,bing,web_scrape,,512,512,1.0,RGB,False,True,
cha_thai_kw01_bing_000054.jpg,cha_thai/cha_thai_kw01_bing_000054.jpg,cha_thai,kw01,1,ชาเย็น ร้านชา,th,bing,web_scrape,,1442,1920,0.751,RGB,False,True,
cha_thai_kw01_bing_000055.jpg,cha_thai/cha_thai_kw01_bing_000055.jpg,cha_thai,kw01,1,ชาเย็น ร้านชา,th,bing,web_scrape,,747,1052,0.7101,RGB,False,False,
cha_thai_kw01_bing_000056.jpg,cha_thai/cha_thai_kw01_bing_000056.jpg,cha_thai,kw01,1,ชาเย็น ร้านชา,th,bing,web_scrape,,1425,1900,0.75,RGB,False,True,
cha_thai_kw01_bing_000058.jpg,cha_thai/cha_thai_kw01_bing_000058.jpg,cha_thai,kw01,1,ชาเย็น ร้านชา,th,bing,web_scrape,,1040,1040,1.0,RGB,False,False,
cha_thai_kw01_bing_000060.jpg,cha_thai/cha_thai_kw01_bing_000060.jpg,cha_thai,kw01,1,ชาเย็น ร้านชา,th,bing,web_scrape,,1440,1920,0.75,RGB,False,False,
cha_thai_kw01_bing_000061.jpg,cha_thai/cha_thai_kw01_bing_000061.jpg,cha_thai,kw01,1,ชาเย็น ร้านชา,th,bing,web_scrape,,1045,1567,0.6669,RGB,False,False,
cha_thai_kw01_bing_000062.jpg,cha_thai/cha_thai_kw01_bing_000062.jpg,cha_thai,kw01,1,ชาเย็น ร้านชา,th,bing,web_scrape,,1425,1900,0.75,RGB,False,True,
cha_thai_kw01_bing_000064.jpg,cha_thai/cha_thai_kw01_bing_000064.jpg,cha_thai,kw01,1,ชาเย็น ร้านชา,th,bing,web_scrape,,1425,1900,0.75,RGB,False,False,
cha_thai_kw01_bing_000065.jpg,cha_thai/cha_thai_kw01_bing_000065.jpg,cha_thai,kw01,1,ชาเย็น ร้านชา,th,bing,web_scrape,,1440,1920,0.75,RGB,False,False,
cha_thai_kw01_bing_000066.jpg,cha_thai/cha_thai_kw01_bing_000066.jpg,cha_thai,kw01,1,ชาเย็น ร้านชา,th,bing,web_scrape,,1425,1900,0.75,RGB,False,False,
cha_thai_kw01_bing_000068.jpg,cha_thai/cha_thai_kw01_bing_000068.jpg,cha_thai,kw01,1,ชาเย็น ร้านชา,th,bing,web_scrape,,1080,1080,1.0,RGB,False,False,
cha_thai_kw01_bing_000069.jpg,cha_thai/cha_thai_kw01_bing_000069.jpg,cha_thai,kw01,1,ชาเย็น ร้านชา,th,bing,web_scrape,,1080,1920,0.5625,RGB,False,False,
cha_thai_kw01_bing_000071.jpg,cha_thai/cha_thai_kw01_bing_000071.jpg,cha_thai,kw01,1,ชาเย็น ร้านชา,th,bing,web_scrape,,1024,1024,1.0,RGB,False,True,
cha_thai_kw01_bing_000072.jpg,cha_thai/cha_thai_kw01_bing_000072.jpg,cha_thai,kw01,1,ชาเย็น ร้านชา,th,bing,web_scrape,,1920,1280,1.5,RGB,False,False,
cha_thai_kw01_bing_000074.jpg,cha_thai/cha_thai_kw01_bing_000074.jpg,cha_thai,kw01,1,ชาเย็น ร้านชา,th,bing,web_scrape,,1920,1275,1.5059,RGB,False,False,
cha_thai_kw01_bing_000075.jpg,cha_thai/cha_thai_kw01_bing_000075.jpg,cha_thai,kw01,1,ชาเย็น ร้านชา,th,bing,web_scrape,,1920,945,2.0317,RGB,False,True,
cha_thai_kw01_bing_000077.jpg,cha_thai/cha_thai_kw01_bing_000077.jpg,cha_thai,kw01,1,ชาเย็น ร้านชา,th,bing,web_scrape,,1200,628,1.9108,RGB,False,True,
cha_thai_kw01_bing_000078.jpg,cha_thai/cha_thai_kw01_bing_000078.jpg,cha_thai,kw01,1,ชาเย็น ร้านชา,th,bing,web_scrape,,512,512,1.0,RGB,False,False,
cha_thai_kw01_bing_000079.jpg,cha_thai/cha_thai_kw01_bing_000079.jpg,cha_thai,kw01,1,ชาเย็น ร้านชา,th,bing,web_scrape,,1425,1900,0.75,RGB,False,False,
cha_thai_kw01_bing_000084.jpg,cha_thai/cha_thai_kw01_bing_000084.jpg,cha_thai,kw01,1,ชาเย็น ร้านชา,th,bing,web_scrape,,512,512,1.0,RGB,False,False,
cha_thai_kw01_bing_000086.jpg,cha_thai/cha_thai_kw01_bing_000086.jpg,cha_thai,kw01,1,ชาเย็น ร้านชา,th,bing,web_scrape,,512,512,1.0,RGB,False,False,
cha_thai_kw01_bing_000087.jpg,cha_thai/cha_thai_kw01_bing_000087.jpg,cha_thai,kw01,1,ชาเย็น ร้านชา,th,bing,web_scrape,,720,1280,0.5625,RGB,False,False,
cha_thai_kw01_bing_000088.jpg,cha_thai/cha_thai_kw01_bing_000088.jpg,cha_thai,kw01,1,ชาเย็น ร้านชา,th,bing,web_scrape,,1425,1900,0.75,RGB,False,False,
cha_thai_kw01_bing_000089.jpg,cha_thai/cha_thai_kw01_bing_000089.jpg,cha_thai,kw01,1,ชาเย็น ร้านชา,th,bing,web_scrape,,648,473,1.37,RGB,False,False,
cha_thai_kw01_bing_000090.webp,cha_thai/cha_thai_kw01_bing_000090.webp,cha_thai,kw01,1,ชาเย็น ร้านชา,th,bing,web_scrape,,1654,2206,0.7498,RGB,False,False,
cha_thai_kw01_bing_000091.jpg,cha_thai/cha_thai_kw01_bing_000091.jpg,cha_thai,kw01,1,ชาเย็น ร้านชา,th,bing,web_scrape,,1920,1078,1.7811,RGB,False,True,
cha_thai_kw01_bing_000092.jpg,cha_thai/cha_thai_kw01_bing_000092.jpg,cha_thai,kw01,1,ชาเย็น ร้านชา,th,bing,web_scrape,,452,654,0.6911,RGB,False,True,
cha_thai_kw01_bing_000093.jpg,cha_thai/cha_thai_kw01_bing_000093.jpg,cha_thai,kw01,1,ชาเย็น ร้านชา,th,bing,web_scrape,,1024,1024,1.0,RGB,False,True,
cha_thai_kw01_bing_000094.jpg,cha_thai/cha_thai_kw01_bing_000094.jpg,cha_thai,kw01,1,ชาเย็น ร้านชา,th,bing,web_scrape,,1920,1440,1.3333,RGB,False,False,
cha_thai_kw01_bing_000096.jpg,cha_thai/cha_thai_kw01_bing_000096.jpg,cha_thai,kw01,1,ชาเย็น ร้านชา,th,bing,web_scrape,,1920,1080,1.7778,RGB,False,False,
cha_thai_kw01_bing_000098.jpg,cha_thai/cha_thai_kw01_bing_000098.jpg,cha_thai,kw01,1,ชาเย็น ร้านชา,th,bing,web_scrape,,1108,1477,0.7502,RGB,False,False,
cha_thai_kw01_bing_000099.jpg,cha_thai/cha_thai_kw01_bing_000099.jpg,cha_thai,kw01,1,ชาเย็น ร้านชา,th,bing,web_scrape,,1920,1079,1.7794,RGB,False,False,
cha_thai_kw01_bing_000100.jpg,cha_thai/cha_thai_kw01_bing_000100.jpg,cha_thai,kw01,1,ชาเย็น ร้านชา,th,bing,web_scrape,,512,512,1.0,RGB,False,False,
cha_thai_kw01_bing_000101.jpg,cha_thai/cha_thai_kw01_bing_000101.jpg,cha_thai,kw01,1,ชาเย็น ร้านชา,th,bing,web_scrape,,1080,1444,0.7479,RGB,False,True,
cha_thai_kw01_bing_000102.jpg,cha_thai/cha_thai_kw01_bing_000102.jpg,cha_thai,kw01,1,ชาเย็น ร้านชา,th,bing,web_scrape,,1068,1900,0.5621,RGB,False,False,
cha_thai_kw01_bing_000103.jpg,cha_thai/cha_thai_kw01_bing_000103.jpg,cha_thai,kw01,1,ชาเย็น ร้านชา,th,bing,web_scrape,,1200,600,2.0,RGB,False,True,
cha_thai_kw01_bing_000113.webp,cha_thai/cha_thai_kw01_bing_000113.webp,cha_thai,kw01,1,ชาเย็น ร้านชา,th,bing,web_scrape,,1200,1500,0.8,RGB,False,False,
cha_thai_kw01_bing_000118.jpg,cha_thai/cha_thai_kw01_bing_000118.jpg,cha_thai,kw01,1,ชาเย็น ร้านชา,th,bing,web_scrape,,1200,675,1.7778,RGB,False,False,
cha_thai_kw01_bing_000120.jpg,cha_thai/cha_thai_kw01_bing_000120.jpg,cha_thai,kw01,1,ชาเย็น ร้านชา,th,bing,web_scrape,,900,1900,0.4737,RGB,False,False,
cha_thai_kw01_bing_000123.jpg,cha_thai/cha_thai_kw01_bing_000123.jpg,cha_thai,kw01,1,ชาเย็น ร้านชา,th,bing,web_scrape,,900,900,1.0,RGB,False,False,
cha_thai_kw01_bing_000124.webp,cha_thai/cha_thai_kw01_bing_000124.webp,cha_thai,kw01,1,ชาเย็น ร้านชา,th,bing,web_scrape,,1200,1802,0.6659,RGB,False,False,
cha_thai_kw01_bing_000131.jpg,cha_thai/cha_thai_kw01_bing_000131.jpg,cha_thai,kw01,1,ชาเย็น ร้านชา,th,bing,web_scrape,,1425,1900,0.75,RGB,False,False,
cha_thai_kw01_bing_000146.webp,cha_thai/cha_thai_kw01_bing_000146.webp,cha_thai,kw01,1,ชาเย็น ร้านชา,th,bing,web_scrape,,1200,1500,0.8,RGB,False,True,
cha_thai_kw01_bing_000152.webp,cha_thai/cha_thai_kw01_bing_000152.webp,cha_thai,kw01,1,ชาเย็น ร้านชา,th,bing,web_scrape,,1200,1200,1.0,RGB,False,True,
cha_thai_kw02_bing_000000.jpg,cha_thai/cha_thai_kw02_bing_000000.jpg,cha_thai,kw02,1,ชานมไทย แก้วพลาสติก,th,bing,web_scrape,,683,1024,0.667,RGB,False,False,
cha_thai_kw02_bing_000001.jpg,cha_thai/cha_thai_kw02_bing_000001.jpg,cha_thai,kw02,1,ชานมไทย แก้วพลาสติก,th,bing,web_scrape,,683,1024,0.667,RGB,False,False,
cha_thai_kw02_bing_000002.jpg,cha_thai/cha_thai_kw02_bing_000002.jpg,cha_thai,kw02,1,ชานมไทย แก้วพลาสติก,th,bing,web_scrape,,800,800,1.0,RGB,False,False,
cha_thai_kw02_bing_000003.jpg,cha_thai/cha_thai_kw02_bing_000003.jpg,cha_thai,kw02,1,ชานมไทย แก้วพลาสติก,th,bing,web_scrape,,720,720,1.0,RGB,False,True,
cha_thai_kw02_bing_000004.jpg,cha_thai/cha_thai_kw02_bing_000004.jpg,cha_thai,kw02,1,ชานมไทย แก้วพลาสติก,th,bing,web_scrape,,1920,550,3.4909,RGB,False,False,
cha_thai_kw02_bing_000005.jpg,cha_thai/cha_thai_kw02_bing_000005.jpg,cha_thai,kw02,1,ชานมไทย แก้วพลาสติก,th,bing,web_scrape,,768,768,1.0,RGB,False,True,
cha_thai_kw02_bing_000006.jpg,cha_thai/cha_thai_kw02_bing_000006.jpg,cha_thai,kw02,1,ชานมไทย แก้วพลาสติก,th,bing,web_scrape,,3840,5760,0.6667,RGB,False,False,
cha_thai_kw02_bing_000007.jpg,cha_thai/cha_thai_kw02_bing_000007.jpg,cha_thai,kw02,1,ชานมไทย แก้วพลาสติก,th,bing,web_scrape,,1024,683,1.4993,RGB,False,False,
cha_thai_kw02_bing_000008.jpg,cha_thai/cha_thai_kw02_bing_000008.jpg,cha_thai,kw02,1,ชานมไทย แก้วพลาสติก,th,bing,web_scrape,,2048,2048,1.0,RGB,False,False,
cha_thai_kw02_bing_000009.jpg,cha_thai/cha_thai_kw02_bing_000009.jpg,cha_thai,kw02,1,ชานมไทย แก้วพลาสติก,th,bing,web_scrape,,1000,1000,1.0,RGB,False,True,
cha_thai_kw02_bing_000010.png,cha_thai/cha_thai_kw02_bing_000010.png,cha_thai,kw02,1,ชานมไทย แก้วพลาสติก,th,bing,web_scrape,,1024,1024,1.0,RGBA,False,True,
cha_thai_kw02_bing_000011.jpg,cha_thai/cha_thai_kw02_bing_000011.jpg,cha_thai,kw02,1,ชานมไทย แก้วพลาสติก,th,bing,web_scrape,,626,626,1.0,RGB,False,False,
cha_thai_kw02_bing_000013.jpg,cha_thai/cha_thai_kw02_bing_000013.jpg,cha_thai,kw02,1,ชานมไทย แก้วพลาสติก,th,bing,web_scrape,,408,612,0.6667,RGB,False,False,
cha_thai_kw02_bing_000014.jpg,cha_thai/cha_thai_kw02_bing_000014.jpg,cha_thai,kw02,1,ชานมไทย แก้วพลาสติก,th,bing,web_scrape,,800,800,1.0,RGB,False,False,
cha_thai_kw02_bing_000015.jpg,cha_thai/cha_thai_kw02_bing_000015.jpg,cha_thai,kw02,1,ชานมไทย แก้วพลาสติก,th,bing,web_scrape,,1198,1198,1.0,RGB,False,False,
cha_thai_kw02_bing_000016.jpg,cha_thai/cha_thai_kw02_bing_000016.jpg,cha_thai,kw02,1,ชานมไทย แก้วพลาสติก,th,bing,web_scrape,,1024,1024,1.0,RGB,False,True,
cha_thai_kw02_bing_000017.jpg,cha_thai/cha_thai_kw02_bing_000017.jpg,cha_thai,kw02,1,ชานมไทย แก้วพลาสติก,th,bing,web_scrape,,720,598,1.204,RGB,False,True,
cha_thai_kw02_bing_000018.jpg,cha_thai/cha_thai_kw02_bing_000018.jpg,cha_thai,kw02,1,ชานมไทย แก้วพลาสติก,th,bing,web_scrape,,800,800,1.0,RGB,False,False,
cha_thai_kw02_bing_000019.jpg,cha_thai/cha_thai_kw02_bing_000019.jpg,cha_thai,kw02,1,ชานมไทย แก้วพลาสติก,th,bing,web_scrape,,720,720,1.0,RGB,False,False,
cha_thai_kw02_bing_000020.jpg,cha_thai/cha_thai_kw02_bing_000020.jpg,cha_thai,kw02,1,ชานมไทย แก้วพลาสติก,th,bing,web_scrape,,1024,1024,1.0,RGB,False,True,
cha_thai_kw02_bing_000021.jpg,cha_thai/cha_thai_kw02_bing_000021.jpg,cha_thai,kw02,1,ชานมไทย แก้วพลาสติก,th,bing,web_scrape,,1024,1024,1.0,RGB,False,True,
cha_thai_kw02_bing_000022.jpg,cha_thai/cha_thai_kw02_bing_000022.jpg,cha_thai,kw02,1,ชานมไทย แก้วพลาสติก,th,bing,web_scrape,,1024,1024,1.0,RGB,False,True,
cha_thai_kw02_bing_000024.webp,cha_thai/cha_thai_kw02_bing_000024.webp,cha_thai,kw02,1,ชานมไทย แก้วพลาสติก,th,bing,web_scrape,,1656,2208,0.75,RGB,False,False,
cha_thai_kw02_bing_000025.jpg,cha_thai/cha_thai_kw02_bing_000025.jpg,cha_thai,kw02,1,ชานมไทย แก้วพลาสติก,th,bing,web_scrape,,860,860,1.0,RGB,False,False,
cha_thai_kw02_bing_000026.jpg,cha_thai/cha_thai_kw02_bing_000026.jpg,cha_thai,kw02,1,ชานมไทย แก้วพลาสติก,th,bing,web_scrape,,2560,2507,1.0211,RGB,False,False,
cha_thai_kw02_bing_000028.jpg,cha_thai/cha_thai_kw02_bing_000028.jpg,cha_thai,kw02,1,ชานมไทย แก้วพลาสติก,th,bing,web_scrape,,2560,1708,1.4988,RGB,False,True,
cha_thai_kw02_bing_000029.jpg,cha_thai/cha_thai_kw02_bing_000029.jpg,cha_thai,kw02,1,ชานมไทย แก้วพลาสติก,th,bing,web_scrape,,720,720,1.0,RGB,False,True,
cha_thai_kw02_bing_000030.jpg,cha_thai/cha_thai_kw02_bing_000030.jpg,cha_thai,kw02,1,ชานมไทย แก้วพลาสติก,th,bing,web_scrape,,1024,1024,1.0,RGB,False,False,
cha_thai_kw02_bing_000031.jpg,cha_thai/cha_thai_kw02_bing_000031.jpg,cha_thai,kw02,1,ชานมไทย แก้วพลาสติก,th,bing,web_scrape,,800,800,1.0,RGB,False,True,
cha_thai_kw02_bing_000032.jpg,cha_thai/cha_thai_kw02_bing_000032.jpg,cha_thai,kw02,1,ชานมไทย แก้วพลาสติก,th,bing,web_scrape,,800,800,1.0,RGB,False,False,
cha_thai_kw02_bing_000034.jpg,cha_thai/cha_thai_kw02_bing_000034.jpg,cha_thai,kw02,1,ชานมไทย แก้วพลาสติก,th,bing,web_scrape,,1440,720,2.0,RGB,False,True,
cha_thai_kw02_bing_000035.jpg,cha_thai/cha_thai_kw02_bing_000035.jpg,cha_thai,kw02,1,ชานมไทย แก้วพลาสติก,th,bing,web_scrape,,1500,1032,1.4535,RGB,False,True,
cha_thai_kw02_bing_000036.jpg,cha_thai/cha_thai_kw02_bing_000036.jpg,cha_thai,kw02,1,ชานมไทย แก้วพลาสติก,th,bing,web_scrape,,2000,2000,1.0,RGB,False,False,
cha_thai_kw02_bing_000038.jpg,cha_thai/cha_thai_kw02_bing_000038.jpg,cha_thai,kw02,1,ชานมไทย แก้วพลาสติก,th,bing,web_scrape,,1200,1200,1.0,RGB,False,True,
cha_thai_kw02_bing_000039.jpg,cha_thai/cha_thai_kw02_bing_000039.jpg,cha_thai,kw02,1,ชานมไทย แก้วพลาสติก,th,bing,web_scrape,,626,626,1.0,RGB,False,True,
cha_thai_kw02_bing_000040.webp,cha_thai/cha_thai_kw02_bing_000040.webp,cha_thai,kw02,1,ชานมไทย แก้วพลาสติก,th,bing,web_scrape,,1656,2208,0.75,RGB,False,False,
cha_thai_kw02_bing_000041.jpg,cha_thai/cha_thai_kw02_bing_000041.jpg,cha_thai,kw02,1,ชานมไทย แก้วพลาสติก,th,bing,web_scrape,,1024,1024,1.0,RGB,False,False,
cha_thai_kw02_bing_000042.jpg,cha_thai/cha_thai_kw02_bing_000042.jpg,cha_thai,kw02,1,ชานมไทย แก้วพลาสติก,th,bing,web_scrape,,1024,1024,1.0,RGB,False,False,
cha_thai_kw02_bing_000043.jpg,cha_thai/cha_thai_kw02_bing_000043.jpg,cha_thai,kw02,1,ชานมไทย แก้วพลาสติก,th,bing,web_scrape,,1024,1024,1.0,RGB,False,True,
cha_thai_kw02_bing_000044.webp,cha_thai/cha_thai_kw02_bing_000044.webp,cha_thai,kw02,1,ชานมไทย แก้วพลาสติก,th,bing,web_scrape,,1572,2096,0.75,RGB,False,True,
cha_thai_kw02_bing_000045.webp,cha_thai/cha_thai_kw02_bing_000045.webp,cha_thai,kw02,1,ชานมไทย แก้วพลาสติก,th,bing,web_scrape,,1040,1040,1.0,RGB,False,False,
cha_thai_kw02_bing_000046.jpg,cha_thai/cha_thai_kw02_bing_000046.jpg,cha_thai,kw02,1,ชานมไทย แก้วพลาสติก,th,bing,web_scrape,,640,640,1.0,RGB,False,True,
cha_thai_kw02_bing_000047.png,cha_thai/cha_thai_kw02_bing_000047.png,cha_thai,kw02,1,ชานมไทย แก้วพลาสติก,th,bing,web_scrape,,1080,1080,1.0,RGBA,False,True,
cha_thai_kw02_bing_000048.jpg,cha_thai/cha_thai_kw02_bing_000048.jpg,cha_thai,kw02,1,ชานมไทย แก้วพลาสติก,th,bing,web_scrape,,540,720,0.75,RGB,False,False,
cha_thai_kw02_bing_000049.jpg,cha_thai/cha_thai_kw02_bing_000049.jpg,cha_thai,kw02,1,ชานมไทย แก้วพลาสติก,th,bing,web_scrape,,1024,1024,1.0,RGB,False,False,
cha_thai_kw02_bing_000050.jpg,cha_thai/cha_thai_kw02_bing_000050.jpg,cha_thai,kw02,1,ชานมไทย แก้วพลาสติก,th,bing,web_scrape,,1200,628,1.9108,RGB,False,True,
cha_thai_kw02_bing_000051.jpg,cha_thai/cha_thai_kw02_bing_000051.jpg,cha_thai,kw02,1,ชานมไทย แก้วพลาสติก,th,bing,web_scrape,,1024,512,2.0,RGB,False,True,
cha_thai_kw02_bing_000052.jpg,cha_thai/cha_thai_kw02_bing_000052.jpg,cha_thai,kw02,1,ชานมไทย แก้วพลาสติก,th,bing,web_scrape,,1200,630,1.9048,RGB,False,True,
cha_thai_kw02_bing_000054.jpg,cha_thai/cha_thai_kw02_bing_000054.jpg,cha_thai,kw02,1,ชานมไทย แก้วพลาสติก,th,bing,web_scrape,,1024,683,1.4993,RGB,False,False,
cha_thai_kw02_bing_000055.webp,cha_thai/cha_thai_kw02_bing_000055.webp,cha_thai,kw02,1,ชานมไทย แก้วพลาสติก,th,bing,web_scrape,,1201,1201,1.0,RGB,False,False,
cha_thai_kw02_bing_000056.jpg,cha_thai/cha_thai_kw02_bing_000056.jpg,cha_thai,kw02,1,ชานมไทย แก้วพลาสติก,th,bing,web_scrape,,612,612,1.0,RGB,False,True,
cha_thai_kw02_bing_000057.jpg,cha_thai/cha_thai_kw02_bing_000057.jpg,cha_thai,kw02,1,ชานมไทย แก้วพลาสติก,th,bing,web_scrape,,1024,1024,1.0,RGB,False,False,
cha_thai_kw02_bing_000058.jpg,cha_thai/cha_thai_kw02_bing_000058.jpg,cha_thai,kw02,1,ชานมไทย แก้วพลาสติก,th,bing,web_scrape,,1024,1024,1.0,RGB,False,False,
cha_thai_kw02_bing_000059.jpg,cha_thai/cha_thai_kw02_bing_000059.jpg,cha_thai,kw02,1,ชานมไทย แก้วพลาสติก,th,bing,web_scrape,,1024,1024,1.0,RGB,False,True,
cha_thai_kw02_bing_000060.jpg,cha_thai/cha_thai_kw02_bing_000060.jpg,cha_thai,kw02,1,ชานมไทย แก้วพลาสติก,th,bing,web_scrape,,800,800,1.0,RGB,False,True,
cha_thai_kw02_bing_000061.webp,cha_thai/cha_thai_kw02_bing_000061.webp,cha_thai,kw02,1,ชานมไทย แก้วพลาสติก,th,bing,web_scrape,,1280,981,1.3048,RGB,False,False,
cha_thai_kw02_bing_000062.jpg,cha_thai/cha_thai_kw02_bing_000062.jpg,cha_thai,kw02,1,ชานมไทย แก้วพลาสติก,th,bing,web_scrape,,647,647,1.0,RGB,False,True,
cha_thai_kw02_bing_000064.jpg,cha_thai/cha_thai_kw02_bing_000064.jpg,cha_thai,kw02,1,ชานมไทย แก้วพลาสติก,th,bing,web_scrape,,1024,1024,1.0,RGB,False,False,
cha_thai_kw02_bing_000065.jpg,cha_thai/cha_thai_kw02_bing_000065.jpg,cha_thai,kw02,1,ชานมไทย แก้วพลาสติก,th,bing,web_scrape,,800,800,1.0,RGB,False,True,
cha_thai_kw02_bing_000066.png,cha_thai/cha_thai_kw02_bing_000066.png,cha_thai,kw02,1,ชานมไทย แก้วพลาสติก,th,bing,web_scrape,,512,512,1.0,RGBA,False,True,
cha_thai_kw02_bing_000067.jpg,cha_thai/cha_thai_kw02_bing_000067.jpg,cha_thai,kw02,1,ชานมไทย แก้วพลาสติก,th,bing,web_scrape,,800,800,1.0,RGB,False,True,
cha_thai_kw02_bing_000068.jpg,cha_thai/cha_thai_kw02_bing_000068.jpg,cha_thai,kw02,1,ชานมไทย แก้วพลาสติก,th,bing,web_scrape,,1000,1000,1.0,RGB,False,True,
cha_thai_kw02_bing_000069.jpg,cha_thai/cha_thai_kw02_bing_000069.jpg,cha_thai,kw02,1,ชานมไทย แก้วพลาสติก,th,bing,web_scrape,,1024,1024,1.0,RGB,False,False,
cha_thai_kw02_bing_000070.jpg,cha_thai/cha_thai_kw02_bing_000070.jpg,cha_thai,kw02,1,ชานมไทย แก้วพลาสติก,th,bing,web_scrape,,720,404,1.7822,RGB,False,False,
cha_thai_kw02_bing_000071.jpg,cha_thai/cha_thai_kw02_bing_000071.jpg,cha_thai,kw02,1,ชานมไทย แก้วพลาสติก,th,bing,web_scrape,,720,664,1.0843,RGB,False,False,
cha_thai_kw02_bing_000072.jpg,cha_thai/cha_thai_kw02_bing_000072.jpg,cha_thai,kw02,1,ชานมไทย แก้วพลาสติก,th,bing,web_scrape,,2953,2953,1.0,RGB,False,True,
cha_thai_kw02_bing_000074.webp,cha_thai/cha_thai_kw02_bing_000074.webp,cha_thai,kw02,1,ชานมไทย แก้วพลาสติก,th,bing,web_scrape,,960,720,1.3333,RGB,False,True,
cha_thai_kw02_bing_000075.jpg,cha_thai/cha_thai_kw02_bing_000075.jpg,cha_thai,kw02,1,ชานมไทย แก้วพลาสติก,th,bing,web_scrape,,640,640,1.0,RGB,False,True,
cha_thai_kw02_bing_000080.jpg,cha_thai/cha_thai_kw02_bing_000080.jpg,cha_thai,kw02,1,ชานมไทย แก้วพลาสติก,th,bing,web_scrape,,1024,1024,1.0,RGB,False,True,
cha_thai_kw02_bing_000081.jpg,cha_thai/cha_thai_kw02_bing_000081.jpg,cha_thai,kw02,1,ชานมไทย แก้วพลาสติก,th,bing,web_scrape,,448,448,1.0,RGB,False,True,
cha_thai_kw02_bing_000082.jpg,cha_thai/cha_thai_kw02_bing_000082.jpg,cha_thai,kw02,1,ชานมไทย แก้วพลาสติก,th,bing,web_scrape,,1024,1024,1.0,RGB,False,False,
cha_thai_kw02_bing_000085.webp,cha_thai/cha_thai_kw02_bing_000085.webp,cha_thai,kw02,1,ชานมไทย แก้วพลาสติก,th,bing,web_scrape,,1712,2283,0.7499,RGB,False,False,
cha_thai_kw02_bing_000086.png,cha_thai/cha_thai_kw02_bing_000086.png,cha_thai,kw02,1,ชานมไทย แก้วพลาสติก,th,bing,web_scrape,,720,720,1.0,RGBA,False,True,
cha_thai_kw02_bing_000087.png,cha_thai/cha_thai_kw02_bing_000087.png,cha_thai,kw02,1,ชานมไทย แก้วพลาสติก,th,bing,web_scrape,,800,800,1.0,RGBA,False,False,
cha_thai_kw02_bing_000089.webp,cha_thai/cha_thai_kw02_bing_000089.webp,cha_thai,kw02,1,ชานมไทย แก้วพลาสติก,th,bing,web_scrape,,1152,576,2.0,RGB,False,True,
cha_thai_kw02_bing_000090.jpg,cha_thai/cha_thai_kw02_bing_000090.jpg,cha_thai,kw02,1,ชานมไทย แก้วพลาสติก,th,bing,web_scrape,,600,460,1.3043,RGB,False,False,
cha_thai_kw02_bing_000091.jpg,cha_thai/cha_thai_kw02_bing_000091.jpg,cha_thai,kw02,1,ชานมไทย แก้วพลาสติก,th,bing,web_scrape,,3334,3335,0.9997,RGB,False,False,
cha_thai_kw02_bing_000092.png,cha_thai/cha_thai_kw02_bing_000092.png,cha_thai,kw02,1,ชานมไทย แก้วพลาสติก,th,bing,web_scrape,,1002,1002,1.0,RGBA,False,False,
cha_thai_kw02_bing_000093.jpg,cha_thai/cha_thai_kw02_bing_000093.jpg,cha_thai,kw02,1,ชานมไทย แก้วพลาสติก,th,bing,web_scrape,,1024,1024,1.0,RGB,False,False,
cha_thai_kw02_bing_000094.png,cha_thai/cha_thai_kw02_bing_000094.png,cha_thai,kw02,1,ชานมไทย แก้วพลาสติก,th,bing,web_scrape,,800,800,1.0,RGBA,False,False,
cha_thai_kw02_bing_000095.jpg,cha_thai/cha_thai_kw02_bing_000095.jpg,cha_thai,kw02,1,ชานมไทย แก้วพลาสติก,th,bing,web_scrape,,1200,628,1.9108,RGB,False,True,
cha_thai_kw02_bing_000096.webp,cha_thai/cha_thai_kw02_bing_000096.webp,cha_thai,kw02,1,ชานมไทย แก้วพลาสติก,th,bing,web_scrape,,800,800,1.0,RGB,False,False,
cha_thai_kw02_bing_000097.jpg,cha_thai/cha_thai_kw02_bing_000097.jpg,cha_thai,kw02,1,ชานมไทย แก้วพลาสติก,th,bing,web_scrape,,950,497,1.9115,RGB,False,False,
cha_thai_kw02_bing_000098.jpg,cha_thai/cha_thai_kw02_bing_000098.jpg,cha_thai,kw02,1,ชานมไทย แก้วพลาสติก,th,bing,web_scrape,,746,746,1.0,RGB,False,True,
cha_thai_kw02_bing_000099.jpg,cha_thai/cha_thai_kw02_bing_000099.jpg,cha_thai,kw02,1,ชานมไทย แก้วพลาสติก,th,bing,web_scrape,,1024,1024,1.0,RGB,False,True,
cha_thai_kw02_bing_000100.png,cha_thai/cha_thai_kw02_bing_000100.png,cha_thai,kw02,1,ชานมไทย แก้วพลาสติก,th,bing,web_scrape,,1200,1200,1.0,P,False,True,
cha_thai_kw02_bing_000101.jpg,cha_thai/cha_thai_kw02_bing_000101.jpg,cha_thai,kw02,1,ชานมไทย แก้วพลาสติก,th,bing,web_scrape,,1024,1024,1.0,RGB,False,True,
cha_thai_kw02_bing_000102.jpg,cha_thai/cha_thai_kw02_bing_000102.jpg,cha_thai,kw02,1,ชานมไทย แก้วพลาสติก,th,bing,web_scrape,,800,800,1.0,RGB,False,True,
cha_thai_kw02_bing_000103.jpg,cha_thai/cha_thai_kw02_bing_000103.jpg,cha_thai,kw02,1,ชานมไทย แก้วพลาสติก,th,bing,web_scrape,,720,720,1.0,RGB,False,False,
cha_thai_kw02_bing_000104.jpg,cha_thai/cha_thai_kw02_bing_000104.jpg,cha_thai,kw02,1,ชานมไทย แก้วพลาสติก,th,bing,web_scrape,,800,800,1.0,RGB,False,True,
cha_thai_kw02_bing_000106.png,cha_thai/cha_thai_kw02_bing_000106.png,cha_thai,kw02,1,ชานมไทย แก้วพลาสติก,th,bing,web_scrape,,1456,816,1.7843,RGBA,False,False,
cha_thai_kw02_bing_000107.jpg,cha_thai/cha_thai_kw02_bing_000107.jpg,cha_thai,kw02,1,ชานมไทย แก้วพลาสติก,th,bing,web_scrape,,720,404,1.7822,RGB,False,False,
cha_thai_kw02_bing_000108.jpg,cha_thai/cha_thai_kw02_bing_000108.jpg,cha_thai,kw02,1,ชานมไทย แก้วพลาสติก,th,bing,web_scrape,,626,626,1.0,RGB,False,True,
cha_thai_kw02_bing_000109.jpg,cha_thai/cha_thai_kw02_bing_000109.jpg,cha_thai,kw02,1,ชานมไทย แก้วพลาสติก,th,bing,web_scrape,,800,800,1.0,RGB,False,False,
cha_thai_kw02_bing_000110.jpg,cha_thai/cha_thai_kw02_bing_000110.jpg,cha_thai,kw02,1,ชานมไทย แก้วพลาสติก,th,bing,web_scrape,,800,800,1.0,RGB,False,False,
cha_thai_kw03_bing_000000.jpg,cha_thai/cha_thai_kw03_bing_000000.jpg,cha_thai,kw03,1,thai milk tea iced glass,en,bing,web_scrape,,418,626,0.6677,RGB,False,False,
cha_thai_kw03_bing_000001.jpg,cha_thai/cha_thai_kw03_bing_000001.jpg,cha_thai,kw03,1,thai milk tea iced glass,en,bing,web_scrape,,866,1390,0.623,RGB,False,False,
cha_thai_kw03_bing_000002.jpg,cha_thai/cha_thai_kw03_bing_000002.jpg,cha_thai,kw03,1,thai milk tea iced glass,en,bing,web_scrape,,866,1390,0.623,RGB,False,False,
cha_thai_kw03_bing_000003.jpg,cha_thai/cha_thai_kw03_bing_000003.jpg,cha_thai,kw03,1,thai milk tea iced glass,en,bing,web_scrape,,1200,1800,0.6667,RGB,False,False,
cha_thai_kw03_bing_000004.jpg,cha_thai/cha_thai_kw03_bing_000004.jpg,cha_thai,kw03,1,thai milk tea iced glass,en,bing,web_scrape,,1060,596,1.7785,RGB,False,False,
cha_thai_kw03_bing_000005.jpg,cha_thai/cha_thai_kw03_bing_000005.jpg,cha_thai,kw03,1,thai milk tea iced glass,en,bing,web_scrape,,800,534,1.4981,RGB,False,False,
cha_thai_kw03_bing_000006.jpg,cha_thai/cha_thai_kw03_bing_000006.jpg,cha_thai,kw03,1,thai milk tea iced glass,en,bing,web_scrape,,917,1390,0.6597,RGB,False,False,
cha_thai_kw03_bing_000007.jpg,cha_thai/cha_thai_kw03_bing_000007.jpg,cha_thai,kw03,1,thai milk tea iced glass,en,bing,web_scrape,,601,900,0.6678,RGB,False,False,
cha_thai_kw03_bing_000008.jpg,cha_thai/cha_thai_kw03_bing_000008.jpg,cha_thai,kw03,1,thai milk tea iced glass,en,bing,web_scrape,,654,980,0.6673,RGB,False,False,
cha_thai_kw03_bing_000009.jpg,cha_thai/cha_thai_kw03_bing_000009.jpg,cha_thai,kw03,1,thai milk tea iced glass,en,bing,web_scrape,,3483,1960,1.777,RGB,False,False,
cha_thai_kw03_bing_000010.jpg,cha_thai/cha_thai_kw03_bing_000010.jpg,cha_thai,kw03,1,thai milk tea iced glass,en,bing,web_scrape,,1500,2250,0.6667,RGB,False,True,
cha_thai_kw03_bing_000011.jpg,cha_thai/cha_thai_kw03_bing_000011.jpg,cha_thai,kw03,1,thai milk tea iced glass,en,bing,web_scrape,,626,352,1.7784,RGB,False,False,
cha_thai_kw03_bing_000012.jpg,cha_thai/cha_thai_kw03_bing_000012.jpg,cha_thai,kw03,1,thai milk tea iced glass,en,bing,web_scrape,,3483,1960,1.777,RGB,False,False,
cha_thai_kw03_bing_000013.jpg,cha_thai/cha_thai_kw03_bing_000013.jpg,cha_thai,kw03,1,thai milk tea iced glass,en,bing,web_scrape,,1000,1000,1.0,RGB,False,False,
cha_thai_kw03_bing_000014.jpg,cha_thai/cha_thai_kw03_bing_000014.jpg,cha_thai,kw03,1,thai milk tea iced glass,en,bing,web_scrape,,1200,1800,0.6667,RGB,False,True,
cha_thai_kw03_bing_000015.jpg,cha_thai/cha_thai_kw03_bing_000015.jpg,cha_thai,kw03,1,thai milk tea iced glass,en,bing,web_scrape,,600,900,0.6667,RGB,False,False,
cha_thai_kw03_bing_000016.jpg,cha_thai/cha_thai_kw03_bing_000016.jpg,cha_thai,kw03,1,thai milk tea iced glass,en,bing,web_scrape,,418,626,0.6677,RGB,False,False,
cha_thai_kw03_bing_000017.jpg,cha_thai/cha_thai_kw03_bing_000017.jpg,cha_thai,kw03,1,thai milk tea iced glass,en,bing,web_scrape,,600,900,0.6667,RGB,False,False,
cha_thai_kw03_bing_000018.jpg,cha_thai/cha_thai_kw03_bing_000018.jpg,cha_thai,kw03,1,thai milk tea iced glass,en,bing,web_scrape,,866,1390,0.623,RGB,False,False,
cha_thai_kw03_bing_000019.jpg,cha_thai/cha_thai_kw03_bing_000019.jpg,cha_thai,kw03,1,thai milk tea iced glass,en,bing,web_scrape,,1000,931,1.0741,RGB,False,True,
cha_thai_kw03_bing_000020.jpg,cha_thai/cha_thai_kw03_bing_000020.jpg,cha_thai,kw03,1,thai milk tea iced glass,en,bing,web_scrape,,1024,1024,1.0,RGB,False,False,
cha_thai_kw03_bing_000021.jpg,cha_thai/cha_thai_kw03_bing_000021.jpg,cha_thai,kw03,1,thai milk tea iced glass,en,bing,web_scrape,,923,1390,0.664,RGB,False,False,
cha_thai_kw03_bing_000022.jpg,cha_thai/cha_thai_kw03_bing_000022.jpg,cha_thai,kw03,1,thai milk tea iced glass,en,bing,web_scrape,,600,900,0.6667,RGB,False,False,
cha_thai_kw03_bing_000023.jpg,cha_thai/cha_thai_kw03_bing_000023.jpg,cha_thai,kw03,1,thai milk tea iced glass,en,bing,web_scrape,,707,1000,0.707,RGB,False,True,
cha_thai_kw03_bing_000024.jpg,cha_thai/cha_thai_kw03_bing_000024.jpg,cha_thai,kw03,1,thai milk tea iced glass,en,bing,web_scrape,,3483,1960,1.777,RGB,False,False,
cha_thai_kw03_bing_000025.jpg,cha_thai/cha_thai_kw03_bing_000025.jpg,cha_thai,kw03,1,thai milk tea iced glass,en,bing,web_scrape,,1749,980,1.7847,RGB,False,False,
cha_thai_kw03_bing_000026.jpg,cha_thai/cha_thai_kw03_bing_000026.jpg,cha_thai,kw03,1,thai milk tea iced glass,en,bing,web_scrape,,626,352,1.7784,RGB,False,False,
cha_thai_kw03_bing_000027.jpg,cha_thai/cha_thai_kw03_bing_000027.jpg,cha_thai,kw03,1,thai milk tea iced glass,en,bing,web_scrape,,1307,1960,0.6668,RGB,False,False,
cha_thai_kw03_bing_000028.jpg,cha_thai/cha_thai_kw03_bing_000028.jpg,cha_thai,kw03,1,thai milk tea iced glass,en,bing,web_scrape,,600,900,0.6667,RGB,False,False,
cha_thai_kw03_bing_000029.png,cha_thai/cha_thai_kw03_bing_000029.png,cha_thai,kw03,1,thai milk tea iced glass,en,bing,web_scrape,,1280,1920,0.6667,RGB,False,False,
cha_thai_kw03_bing_000030.jpg,cha_thai/cha_thai_kw03_bing_000030.jpg,cha_thai,kw03,1,thai milk tea iced glass,en,bing,web_scrape,,780,438,1.7808,RGB,False,True,
cha_thai_kw03_bing_000031.jpg,cha_thai/cha_thai_kw03_bing_000031.jpg,cha_thai,kw03,1,thai milk tea iced glass,en,bing,web_scrape,,800,549,1.4572,RGB,False,False,
cha_thai_kw03_bing_000032.jpg,cha_thai/cha_thai_kw03_bing_000032.jpg,cha_thai,kw03,1,thai milk tea iced glass,en,bing,web_scrape,,626,352,1.7784,RGB,False,False,
cha_thai_kw03_bing_000033.jpg,cha_thai/cha_thai_kw03_bing_000033.jpg,cha_thai,kw03,1,thai milk tea iced glass,en,bing,web_scrape,,1300,956,1.3598,RGB,False,False,
cha_thai_kw03_bing_000034.jpg,cha_thai/cha_thai_kw03_bing_000034.jpg,cha_thai,kw03,1,thai milk tea iced glass,en,bing,web_scrape,,1000,563,1.7762,RGB,False,False,
cha_thai_kw03_bing_000035.jpg,cha_thai/cha_thai_kw03_bing_000035.jpg,cha_thai,kw03,1,thai milk tea iced glass,en,bing,web_scrape,,1742,980,1.7776,RGB,False,False,
cha_thai_kw03_bing_000036.jpg,cha_thai/cha_thai_kw03_bing_000036.jpg,cha_thai,kw03,1,thai milk tea iced glass,en,bing,web_scrape,,1200,1500,0.8,RGB,False,False,
cha_thai_kw03_bing_000037.jpg,cha_thai/cha_thai_kw03_bing_000037.jpg,cha_thai,kw03,1,thai milk tea iced glass,en,bing,web_scrape,,626,417,1.5012,RGB,False,False,
cha_thai_kw03_bing_000038.jpg,cha_thai/cha_thai_kw03_bing_000038.jpg,cha_thai,kw03,1,thai milk tea iced glass,en,bing,web_scrape,,600,900,0.6667,RGB,False,False,
cha_thai_kw03_bing_000039.jpg,cha_thai/cha_thai_kw03_bing_000039.jpg,cha_thai,kw03,1,thai milk tea iced glass,en,bing,web_scrape,,800,533,1.5009,RGB,False,False,
cha_thai_kw03_bing_000040.jpg,cha_thai/cha_thai_kw03_bing_000040.jpg,cha_thai,kw03,1,thai milk tea iced glass,en,bing,web_scrape,,626,352,1.7784,RGB,False,False,
cha_thai_kw03_bing_000041.jpg,cha_thai/cha_thai_kw03_bing_000041.jpg,cha_thai,kw03,1,thai milk tea iced glass,en,bing,web_scrape,,800,534,1.4981,RGB,False,False,
cha_thai_kw03_bing_000042.jpg,cha_thai/cha_thai_kw03_bing_000042.jpg,cha_thai,kw03,1,thai milk tea iced glass,en,bing,web_scrape,,626,352,1.7784,RGB,False,True,
cha_thai_kw03_bing_000043.jpg,cha_thai/cha_thai_kw03_bing_000043.jpg,cha_thai,kw03,1,thai milk tea iced glass,en,bing,web_scrape,,800,533,1.5009,RGB,False,False,
cha_thai_kw03_bing_000044.jpg,cha_thai/cha_thai_kw03_bing_000044.jpg,cha_thai,kw03,1,thai milk tea iced glass,en,bing,web_scrape,,800,534,1.4981,RGB,False,False,
cha_thai_kw03_bing_000045.jpg,cha_thai/cha_thai_kw03_bing_000045.jpg,cha_thai,kw03,1,thai milk tea iced glass,en,bing,web_scrape,,800,534,1.4981,RGB,False,False,
cha_thai_kw03_bing_000046.jpg,cha_thai/cha_thai_kw03_bing_000046.jpg,cha_thai,kw03,1,thai milk tea iced glass,en,bing,web_scrape,,721,900,0.8011,RGB,False,False,
cha_thai_kw03_bing_000047.jpg,cha_thai/cha_thai_kw03_bing_000047.jpg,cha_thai,kw03,1,thai milk tea iced glass,en,bing,web_scrape,,800,534,1.4981,RGB,False,False,
cha_thai_kw03_bing_000048.jpg,cha_thai/cha_thai_kw03_bing_000048.jpg,cha_thai,kw03,1,thai milk tea iced glass,en,bing,web_scrape,,800,534,1.4981,RGB,False,False,
cha_thai_kw03_bing_000049.jpg,cha_thai/cha_thai_kw03_bing_000049.jpg,cha_thai,kw03,1,thai milk tea iced glass,en,bing,web_scrape,,1200,1200,1.0,RGB,False,True,
cha_thai_kw03_bing_000051.jpg,cha_thai/cha_thai_kw03_bing_000051.jpg,cha_thai,kw03,1,thai milk tea iced glass,en,bing,web_scrape,,1068,1690,0.632,RGB,False,False,
cha_thai_kw03_bing_000053.jpg,cha_thai/cha_thai_kw03_bing_000053.jpg,cha_thai,kw03,1,thai milk tea iced glass,en,bing,web_scrape,,800,534,1.4981,RGB,False,False,
cha_thai_kw03_bing_000054.jpg,cha_thai/cha_thai_kw03_bing_000054.jpg,cha_thai,kw03,1,thai milk tea iced glass,en,bing,web_scrape,,2680,1960,1.3673,RGB,False,False,
cha_thai_kw03_bing_000055.jpg,cha_thai/cha_thai_kw03_bing_000055.jpg,cha_thai,kw03,1,thai milk tea iced glass,en,bing,web_scrape,,600,900,0.6667,RGB,False,False,
cha_thai_kw03_bing_000057.jpg,cha_thai/cha_thai_kw03_bing_000057.jpg,cha_thai,kw03,1,thai milk tea iced glass,en,bing,web_scrape,,600,900,0.6667,RGB,False,False,
cha_thai_kw03_bing_000058.jpg,cha_thai/cha_thai_kw03_bing_000058.jpg,cha_thai,kw03,1,thai milk tea iced glass,en,bing,web_scrape,,600,900,0.6667,RGB,False,False,
cha_thai_kw03_bing_000059.jpg,cha_thai/cha_thai_kw03_bing_000059.jpg,cha_thai,kw03,1,thai milk tea iced glass,en,bing,web_scrape,,598,900,0.6644,RGB,False,False,
cha_thai_kw03_bing_000061.jpg,cha_thai/cha_thai_kw03_bing_000061.jpg,cha_thai,kw03,1,thai milk tea iced glass,en,bing,web_scrape,,3483,1960,1.777,RGB,False,False,
cha_thai_kw03_bing_000062.jpg,cha_thai/cha_thai_kw03_bing_000062.jpg,cha_thai,kw03,1,thai milk tea iced glass,en,bing,web_scrape,,1024,683,1.4993,RGB,False,False,
cha_thai_kw03_bing_000063.jpg,cha_thai/cha_thai_kw03_bing_000063.jpg,cha_thai,kw03,1,thai milk tea iced glass,en,bing,web_scrape,,601,900,0.6678,RGB,False,False,
cha_thai_kw03_bing_000064.jpg,cha_thai/cha_thai_kw03_bing_000064.jpg,cha_thai,kw03,1,thai milk tea iced glass,en,bing,web_scrape,,1500,1500,1.0,RGB,False,True,
cha_thai_kw03_bing_000065.jpg,cha_thai/cha_thai_kw03_bing_000065.jpg,cha_thai,kw03,1,thai milk tea iced glass,en,bing,web_scrape,,1500,1125,1.3333,RGB,False,True,
cha_thai_kw03_bing_000069.jpg,cha_thai/cha_thai_kw03_bing_000069.jpg,cha_thai,kw03,1,thai milk tea iced glass,en,bing,web_scrape,,1000,628,1.5924,RGB,False,False,
cha_thai_kw03_bing_000070.png,cha_thai/cha_thai_kw03_bing_000070.png,cha_thai,kw03,1,thai milk tea iced glass,en,bing,web_scrape,,1200,1200,1.0,P,False,True,
cha_thai_kw03_bing_000071.jpg,cha_thai/cha_thai_kw03_bing_000071.jpg,cha_thai,kw03,1,thai milk tea iced glass,en,bing,web_scrape,,1300,1065,1.2207,RGB,False,True,
cha_thai_kw03_bing_000072.jpg,cha_thai/cha_thai_kw03_bing_000072.jpg,cha_thai,kw03,1,thai milk tea iced glass,en,bing,web_scrape,,800,532,1.5038,RGB,False,False,
cha_thai_kw03_bing_000073.jpg,cha_thai/cha_thai_kw03_bing_000073.jpg,cha_thai,kw03,1,thai milk tea iced glass,en,bing,web_scrape,,1000,1500,0.6667,RGB,False,False,
cha_thai_kw03_bing_000074.jpg,cha_thai/cha_thai_kw03_bing_000074.jpg,cha_thai,kw03,1,thai milk tea iced glass,en,bing,web_scrape,,600,900,0.6667,RGB,False,False,
cha_thai_kw03_bing_000075.jpg,cha_thai/cha_thai_kw03_bing_000075.jpg,cha_thai,kw03,1,thai milk tea iced glass,en,bing,web_scrape,,800,533,1.5009,RGB,False,False,
cha_thai_kw03_bing_000076.jpg,cha_thai/cha_thai_kw03_bing_000076.jpg,cha_thai,kw03,1,thai milk tea iced glass,en,bing,web_scrape,,1200,1800,0.6667,RGB,False,True,
cha_thai_kw03_bing_000077.jpg,cha_thai/cha_thai_kw03_bing_000077.jpg,cha_thai,kw03,1,thai milk tea iced glass,en,bing,web_scrape,,868,1390,0.6245,RGB,False,False,
cha_thai_kw03_bing_000078.png,cha_thai/cha_thai_kw03_bing_000078.png,cha_thai,kw03,1,thai milk tea iced glass,en,bing,web_scrape,,1920,1625,1.1815,RGBA,False,False,
cha_thai_kw03_bing_000079.jpg,cha_thai/cha_thai_kw03_bing_000079.jpg,cha_thai,kw03,1,thai milk tea iced glass,en,bing,web_scrape,,1400,1976,0.7085,RGB,False,False,
cha_thai_kw03_bing_000080.jpg,cha_thai/cha_thai_kw03_bing_000080.jpg,cha_thai,kw03,1,thai milk tea iced glass,en,bing,web_scrape,,2560,1709,1.498,RGB,False,False,
cha_thai_kw03_bing_000081.png,cha_thai/cha_thai_kw03_bing_000081.png,cha_thai,kw03,1,thai milk tea iced glass,en,bing,web_scrape,,1920,1745,1.1003,RGBA,False,True,
cha_thai_kw03_bing_000082.jpg,cha_thai/cha_thai_kw03_bing_000082.jpg,cha_thai,kw03,1,thai milk tea iced glass,en,bing,web_scrape,,1521,2000,0.7605,RGB,False,True,
cha_thai_kw03_bing_000083.jpg,cha_thai/cha_thai_kw03_bing_000083.jpg,cha_thai,kw03,1,thai milk tea iced glass,en,bing,web_scrape,,1500,1000,1.5,RGB,False,True,
cha_thai_kw03_bing_000084.jpg,cha_thai/cha_thai_kw03_bing_000084.jpg,cha_thai,kw03,1,thai milk tea iced glass,en,bing,web_scrape,,1300,956,1.3598,RGB,False,False,
cha_thai_kw03_bing_000085.jpg,cha_thai/cha_thai_kw03_bing_000085.jpg,cha_thai,kw03,1,thai milk tea iced glass,en,bing,web_scrape,,600,900,0.6667,RGB,False,False,
cha_thai_kw03_bing_000086.jpg,cha_thai/cha_thai_kw03_bing_000086.jpg,cha_thai,kw03,1,thai milk tea iced glass,en,bing,web_scrape,,1200,1800,0.6667,RGB,False,True,
cha_thai_kw03_bing_000087.jpg,cha_thai/cha_thai_kw03_bing_000087.jpg,cha_thai,kw03,1,thai milk tea iced glass,en,bing,web_scrape,,1300,994,1.3078,RGB,False,False,
cha_thai_kw03_bing_000088.png,cha_thai/cha_thai_kw03_bing_000088.png,cha_thai,kw03,1,thai milk tea iced glass,en,bing,web_scrape,,1660,1920,0.8646,RGBA,False,False,
cha_thai_kw03_bing_000091.png,cha_thai/cha_thai_kw03_bing_000091.png,cha_thai,kw03,1,thai milk tea iced glass,en,bing,web_scrape,,980,980,1.0,RGBA,False,True,
cha_thai_kw03_bing_000093.jpg,cha_thai/cha_thai_kw03_bing_000093.jpg,cha_thai,kw03,1,thai milk tea iced glass,en,bing,web_scrape,,2000,1126,1.7762,RGB,False,True,
cha_thai_kw03_bing_000094.jpg,cha_thai/cha_thai_kw03_bing_000094.jpg,cha_thai,kw03,1,thai milk tea iced glass,en,bing,web_scrape,,600,900,0.6667,RGB,False,True,
cha_thai_kw03_bing_000095.jpg,cha_thai/cha_thai_kw03_bing_000095.jpg,cha_thai,kw03,1,thai milk tea iced glass,en,bing,web_scrape,,1200,1200,1.0,RGB,False,True,
cha_thai_kw03_bing_000096.jpg,cha_thai/cha_thai_kw03_bing_000096.jpg,cha_thai,kw03,1,thai milk tea iced glass,en,bing,web_scrape,,632,1000,0.632,RGB,False,True,
cha_thai_kw03_bing_000097.jpg,cha_thai/cha_thai_kw03_bing_000097.jpg,cha_thai,kw03,1,thai milk tea iced glass,en,bing,web_scrape,,506,900,0.5622,RGB,False,False,
cha_thai_kw03_bing_000098.jpg,cha_thai/cha_thai_kw03_bing_000098.jpg,cha_thai,kw03,1,thai milk tea iced glass,en,bing,web_scrape,,1500,1101,1.3624,RGB,False,True,
cha_thai_kw03_bing_000099.jpg,cha_thai/cha_thai_kw03_bing_000099.jpg,cha_thai,kw03,1,thai milk tea iced glass,en,bing,web_scrape,,4837,6046,0.8,RGB,False,False,
cha_thai_kw03_bing_000100.jpg,cha_thai/cha_thai_kw03_bing_000100.jpg,cha_thai,kw03,1,thai milk tea iced glass,en,bing,web_scrape,,768,590,1.3017,RGB,False,True,
cha_thai_kw03_bing_000101.jpg,cha_thai/cha_thai_kw03_bing_000101.jpg,cha_thai,kw03,1,thai milk tea iced glass,en,bing,web_scrape,,576,576,1.0,RGB,False,False,
cha_thai_kw03_bing_000102.jpg,cha_thai/cha_thai_kw03_bing_000102.jpg,cha_thai,kw03,1,thai milk tea iced glass,en,bing,web_scrape,,646,646,1.0,RGB,False,False,
cha_thai_kw03_baidu_000001.jpg,cha_thai/cha_thai_kw03_baidu_000001.jpg,cha_thai,kw03,1,thai milk tea iced glass,en,baidu,web_scrape,,1500,1101,1.3624,RGB,False,False,
cha_thai_kw03_baidu_000002.jpg,cha_thai/cha_thai_kw03_baidu_000002.jpg,cha_thai,kw03,1,thai milk tea iced glass,en,baidu,web_scrape,,1500,1101,1.3624,RGB,False,False,
cha_thai_kw03_baidu_000003.jpg,cha_thai/cha_thai_kw03_baidu_000003.jpg,cha_thai,kw03,1,thai milk tea iced glass,en,baidu,web_scrape,,1500,1102,1.3612,RGB,False,False,
cha_thai_kw03_baidu_000004.jpg,cha_thai/cha_thai_kw03_baidu_000004.jpg,cha_thai,kw03,1,thai milk tea iced glass,en,baidu,web_scrape,,1001,1600,0.6256,RGB,False,True,
cha_thai_kw03_baidu_000005.jpg,cha_thai/cha_thai_kw03_baidu_000005.jpg,cha_thai,kw03,1,thai milk tea iced glass,en,baidu,web_scrape,,1500,1101,1.3624,RGB,False,False,
cha_thai_kw03_baidu_000006.jpg,cha_thai/cha_thai_kw03_baidu_000006.jpg,cha_thai,kw03,1,thai milk tea iced glass,en,baidu,web_scrape,,1125,1600,0.7031,RGB,False,True,
cha_thai_kw03_baidu_000007.jpg,cha_thai/cha_thai_kw03_baidu_000007.jpg,cha_thai,kw03,1,thai milk tea iced glass,en,baidu,web_scrape,,1001,1600,0.6256,RGB,False,True,
cha_thai_kw03_baidu_000008.jpg,cha_thai/cha_thai_kw03_baidu_000008.jpg,cha_thai,kw03,1,thai milk tea iced glass,en,baidu,web_scrape,,1001,1600,0.6256,RGB,False,False,
cha_thai_kw03_baidu_000009.jpg,cha_thai/cha_thai_kw03_baidu_000009.jpg,cha_thai,kw03,1,thai milk tea iced glass,en,baidu,web_scrape,,1500,1101,1.3624,RGB,False,False,
cha_thai_kw03_baidu_000010.jpg,cha_thai/cha_thai_kw03_baidu_000010.jpg,cha_thai,kw03,1,thai milk tea iced glass,en,baidu,web_scrape,,1500,1101,1.3624,RGB,False,False,
cha_thai_kw03_baidu_000011.jpg,cha_thai/cha_thai_kw03_baidu_000011.jpg,cha_thai,kw03,1,thai milk tea iced glass,en,baidu,web_scrape,,1500,1101,1.3624,RGB,False,False,
cha_thai_kw03_baidu_000012.jpg,cha_thai/cha_thai_kw03_baidu_000012.jpg,cha_thai,kw03,1,thai milk tea iced glass,en,baidu,web_scrape,,1001,1600,0.6256,RGB,False,False,
cha_thai_kw03_baidu_000013.jpg,cha_thai/cha_thai_kw03_baidu_000013.jpg,cha_thai,kw03,1,thai milk tea iced glass,en,baidu,web_scrape,,1500,1101,1.3624,RGB,False,True,
cha_thai_kw03_baidu_000014.jpg,cha_thai/cha_thai_kw03_baidu_000014.jpg,cha_thai,kw03,1,thai milk tea iced glass,en,baidu,web_scrape,,1500,943,1.5907,RGB,False,False,
cha_thai_kw03_baidu_000015.jpg,cha_thai/cha_thai_kw03_baidu_000015.jpg,cha_thai,kw03,1,thai milk tea iced glass,en,baidu,web_scrape,,1500,1101,1.3624,RGB,False,False,
cha_thai_kw03_baidu_000016.jpg,cha_thai/cha_thai_kw03_baidu_000016.jpg,cha_thai,kw03,1,thai milk tea iced glass,en,baidu,web_scrape,,1500,1101,1.3624,RGB,False,False,
cha_thai_kw03_baidu_000017.jpg,cha_thai/cha_thai_kw03_baidu_000017.jpg,cha_thai,kw03,1,thai milk tea iced glass,en,baidu,web_scrape,,1500,1101,1.3624,RGB,False,False,
cha_thai_kw03_baidu_000018.jpg,cha_thai/cha_thai_kw03_baidu_000018.jpg,cha_thai,kw03,1,thai milk tea iced glass,en,baidu,web_scrape,,2048,2730,0.7502,RGB,False,True,
cha_thai_kw03_baidu_000019.jpg,cha_thai/cha_thai_kw03_baidu_000019.jpg,cha_thai,kw03,1,thai milk tea iced glass,en,baidu,web_scrape,,1088,1600,0.68,RGB,False,False,
cha_thai_kw03_baidu_000020.jpg,cha_thai/cha_thai_kw03_baidu_000020.jpg,cha_thai,kw03,1,thai milk tea iced glass,en,baidu,web_scrape,,1500,1251,1.199,RGB,False,False,
cha_thai_kw03_baidu_000021.jpg,cha_thai/cha_thai_kw03_baidu_000021.jpg,cha_thai,kw03,1,thai milk tea iced glass,en,baidu,web_scrape,,1001,1600,0.6256,RGB,False,False,
cha_thai_kw03_baidu_000022.jpg,cha_thai/cha_thai_kw03_baidu_000022.jpg,cha_thai,kw03,1,thai milk tea iced glass,en,baidu,web_scrape,,1500,1101,1.3624,RGB,False,False,
cha_thai_kw03_baidu_000023.jpg,cha_thai/cha_thai_kw03_baidu_000023.jpg,cha_thai,kw03,1,thai milk tea iced glass,en,baidu,web_scrape,,1001,1600,0.6256,RGB,False,False,
cha_thai_kw03_baidu_000024.jpg,cha_thai/cha_thai_kw03_baidu_000024.jpg,cha_thai,kw03,1,thai milk tea iced glass,en,baidu,web_scrape,,1001,1600,0.6256,RGB,False,True,
cha_thai_kw03_baidu_000025.jpg,cha_thai/cha_thai_kw03_baidu_000025.jpg,cha_thai,kw03,1,thai milk tea iced glass,en,baidu,web_scrape,,993,1600,0.6206,RGB,False,True,
cha_thai_kw03_baidu_000026.jpg,cha_thai/cha_thai_kw03_baidu_000026.jpg,cha_thai,kw03,1,thai milk tea iced glass,en,baidu,web_scrape,,1001,1600,0.6256,RGB,False,True,
cha_thai_kw03_baidu_000027.jpg,cha_thai/cha_thai_kw03_baidu_000027.jpg,cha_thai,kw03,1,thai milk tea iced glass,en,baidu,web_scrape,,1500,1101,1.3624,RGB,False,False,
cha_thai_kw03_baidu_000028.jpg,cha_thai/cha_thai_kw03_baidu_000028.jpg,cha_thai,kw03,1,thai milk tea iced glass,en,baidu,web_scrape,,1004,1600,0.6275,RGB,False,True,
cha_thai_kw03_baidu_000029.jpg,cha_thai/cha_thai_kw03_baidu_000029.jpg,cha_thai,kw03,1,thai milk tea iced glass,en,baidu,web_scrape,,1500,1101,1.3624,RGB,False,True,
cha_thai_kw03_baidu_000030.jpg,cha_thai/cha_thai_kw03_baidu_000030.jpg,cha_thai,kw03,1,thai milk tea iced glass,en,baidu,web_scrape,,1500,1101,1.3624,RGB,False,True,
cha_thai_kw03_baidu_000031.jpg,cha_thai/cha_thai_kw03_baidu_000031.jpg,cha_thai,kw03,1,thai milk tea iced glass,en,baidu,web_scrape,,1001,1600,0.6256,RGB,False,True,
cha_thai_kw03_baidu_000032.jpg,cha_thai/cha_thai_kw03_baidu_000032.jpg,cha_thai,kw03,1,thai milk tea iced glass,en,baidu,web_scrape,,1001,1600,0.6256,RGB,False,True,
cha_thai_kw03_baidu_000033.jpg,cha_thai/cha_thai_kw03_baidu_000033.jpg,cha_thai,kw03,1,thai milk tea iced glass,en,baidu,web_scrape,,1500,1101,1.3624,RGB,False,False,
cha_thai_kw03_baidu_000034.jpg,cha_thai/cha_thai_kw03_baidu_000034.jpg,cha_thai,kw03,1,thai milk tea iced glass,en,baidu,web_scrape,,533,800,0.6663,RGB,False,False,
cha_thai_kw03_baidu_000035.jpg,cha_thai/cha_thai_kw03_baidu_000035.jpg,cha_thai,kw03,1,thai milk tea iced glass,en,baidu,web_scrape,,1500,1101,1.3624,RGB,False,False,
cha_thai_kw03_baidu_000036.jpg,cha_thai/cha_thai_kw03_baidu_000036.jpg,cha_thai,kw03,1,thai milk tea iced glass,en,baidu,web_scrape,,905,1600,0.5656,RGB,False,True,
cha_thai_kw03_baidu_000037.png,cha_thai/cha_thai_kw03_baidu_000037.png,cha_thai,kw03,1,thai milk tea iced glass,en,baidu,web_scrape,,720,720,1.0,RGBA,False,True,
cha_thai_kw03_baidu_000038.jpg,cha_thai/cha_thai_kw03_baidu_000038.jpg,cha_thai,kw03,1,thai milk tea iced glass,en,baidu,web_scrape,,1001,1600,0.6256,RGB,False,True,
cha_thai_kw03_baidu_000039.jpg,cha_thai/cha_thai_kw03_baidu_000039.jpg,cha_thai,kw03,1,thai milk tea iced glass,en,baidu,web_scrape,,1500,1101,1.3624,RGB,False,False,
cha_thai_kw03_baidu_000040.jpg,cha_thai/cha_thai_kw03_baidu_000040.jpg,cha_thai,kw03,1,thai milk tea iced glass,en,baidu,web_scrape,,1500,1101,1.3624,RGB,False,True,
cha_thai_kw03_baidu_000041.jpg,cha_thai/cha_thai_kw03_baidu_000041.jpg,cha_thai,kw03,1,thai milk tea iced glass,en,baidu,web_scrape,,1080,1440,0.75,RGB,False,False,
cha_thai_kw03_baidu_000042.jpg,cha_thai/cha_thai_kw03_baidu_000042.jpg,cha_thai,kw03,1,thai milk tea iced glass,en,baidu,web_scrape,,1198,1570,0.7631,RGB,False,False,
cha_thai_kw03_baidu_000043.jpg,cha_thai/cha_thai_kw03_baidu_000043.jpg,cha_thai,kw03,1,thai milk tea iced glass,en,baidu,web_scrape,,2200,2200,1.0,RGB,False,True,
cha_thai_kw03_baidu_000044.jpg,cha_thai/cha_thai_kw03_baidu_000044.jpg,cha_thai,kw03,1,thai milk tea iced glass,en,baidu,web_scrape,,2048,2730,0.7502,RGB,False,True,
cha_thai_kw03_baidu_000045.jpg,cha_thai/cha_thai_kw03_baidu_000045.jpg,cha_thai,kw03,1,thai milk tea iced glass,en,baidu,web_scrape,,2200,2200,1.0,RGB,False,True,
cha_thai_kw03_baidu_000046.jpg,cha_thai/cha_thai_kw03_baidu_000046.jpg,cha_thai,kw03,1,thai milk tea iced glass,en,baidu,web_scrape,,1125,1600,0.7031,RGB,False,True,
cha_thai_kw03_baidu_000047.jpg,cha_thai/cha_thai_kw03_baidu_000047.jpg,cha_thai,kw03,1,thai milk tea iced glass,en,baidu,web_scrape,,720,720,1.0,RGB,False,True,
cha_thai_kw03_baidu_000048.jpg,cha_thai/cha_thai_kw03_baidu_000048.jpg,cha_thai,kw03,1,thai milk tea iced glass,en,baidu,web_scrape,,1500,1101,1.3624,RGB,False,True,
cha_thai_kw03_baidu_000049.jpg,cha_thai/cha_thai_kw03_baidu_000049.jpg,cha_thai,kw03,1,thai milk tea iced glass,en,baidu,web_scrape,,1500,1101,1.3624,RGB,False,False,
cha_thai_kw03_baidu_000050.jpg,cha_thai/cha_thai_kw03_baidu_000050.jpg,cha_thai,kw03,1,thai milk tea iced glass,en,baidu,web_scrape,,1001,1600,0.6256,RGB,False,False,
cha_thai_kw03_baidu_000051.jpg,cha_thai/cha_thai_kw03_baidu_000051.jpg,cha_thai,kw03,1,thai milk tea iced glass,en,baidu,web_scrape,,1001,1600,0.6256,RGB,False,False,
cha_thai_kw03_baidu_000052.jpg,cha_thai/cha_thai_kw03_baidu_000052.jpg,cha_thai,kw03,1,thai milk tea iced glass,en,baidu,web_scrape,,1500,1392,1.0776,RGB,False,False,
cha_thai_kw04_bing_000000.jpg,cha_thai/cha_thai_kw04_bing_000000.jpg,cha_thai,kw04,1,thai tea orange drink cup,en,bing,web_scrape,,1380,1380,1.0,RGB,False,False,
cha_thai_kw04_bing_000001.jpg,cha_thai/cha_thai_kw04_bing_000001.jpg,cha_thai,kw04,1,thai tea orange drink cup,en,bing,web_scrape,,736,1308,0.5627,RGB,False,False,
cha_thai_kw04_bing_000003.jpg,cha_thai/cha_thai_kw04_bing_000003.jpg,cha_thai,kw04,1,thai tea orange drink cup,en,bing,web_scrape,,1063,1690,0.629,RGB,False,False,
cha_thai_kw04_bing_000004.jpg,cha_thai/cha_thai_kw04_bing_000004.jpg,cha_thai,kw04,1,thai tea orange drink cup,en,bing,web_scrape,,417,626,0.6661,RGB,False,False,
cha_thai_kw04_bing_000005.jpg,cha_thai/cha_thai_kw04_bing_000005.jpg,cha_thai,kw04,1,thai tea orange drink cup,en,bing,web_scrape,,1749,980,1.7847,RGB,False,True,
cha_thai_kw04_bing_000006.jpg,cha_thai/cha_thai_kw04_bing_000006.jpg,cha_thai,kw04,1,thai tea orange drink cup,en,bing,web_scrape,,1200,800,1.5,RGB,False,False,
cha_thai_kw04_bing_000007.jpg,cha_thai/cha_thai_kw04_bing_000007.jpg,cha_thai,kw04,1,thai tea orange drink cup,en,bing,web_scrape,,626,471,1.3291,RGB,False,False,
cha_thai_kw04_bing_000008.jpg,cha_thai/cha_thai_kw04_bing_000008.jpg,cha_thai,kw04,1,thai tea orange drink cup,en,bing,web_scrape,,705,1000,0.705,RGB,False,False,
cha_thai_kw04_bing_000009.jpg,cha_thai/cha_thai_kw04_bing_000009.jpg,cha_thai,kw04,1,thai tea orange drink cup,en,bing,web_scrape,,1001,1600,0.6256,RGB,False,False,
cha_thai_kw04_bing_000010.jpg,cha_thai/cha_thai_kw04_bing_000010.jpg,cha_thai,kw04,1,thai tea orange drink cup,en,bing,web_scrape,,700,560,1.25,RGB,False,False,
cha_thai_kw04_bing_000013.jpg,cha_thai/cha_thai_kw04_bing_000013.jpg,cha_thai,kw04,1,thai tea orange drink cup,en,bing,web_scrape,,1098,1960,0.5602,RGB,False,False,
cha_thai_kw04_bing_000014.png,cha_thai/cha_thai_kw04_bing_000014.png,cha_thai,kw04,1,thai tea orange drink cup,en,bing,web_scrape,,835,1181,0.707,RGBA,False,False,
cha_thai_kw04_bing_000015.jpg,cha_thai/cha_thai_kw04_bing_000015.jpg,cha_thai,kw04,1,thai tea orange drink cup,en,bing,web_scrape,,1200,1800,0.6667,RGB,False,False,
cha_thai_kw04_bing_000016.jpg,cha_thai/cha_thai_kw04_bing_000016.jpg,cha_thai,kw04,1,thai tea orange drink cup,en,bing,web_scrape,,1200,1172,1.0239,RGB,False,False,
cha_thai_kw04_bing_000017.jpg,cha_thai/cha_thai_kw04_bing_000017.jpg,cha_thai,kw04,1,thai tea orange drink cup,en,bing,web_scrape,,1067,1690,0.6314,RGB,False,False,
cha_thai_kw04_bing_000018.jpg,cha_thai/cha_thai_kw04_bing_000018.jpg,cha_thai,kw04,1,thai tea orange drink cup,en,bing,web_scrape,,626,626,1.0,RGB,False,False,
cha_thai_kw04_bing_000020.jpg,cha_thai/cha_thai_kw04_bing_000020.jpg,cha_thai,kw04,1,thai tea orange drink cup,en,bing,web_scrape,,1440,2160,0.6667,RGB,False,False,
cha_thai_kw04_bing_000023.jpg,cha_thai/cha_thai_kw04_bing_000023.jpg,cha_thai,kw04,1,thai tea orange drink cup,en,bing,web_scrape,,1536,1024,1.5,RGB,False,False,
cha_thai_kw04_bing_000024.png,cha_thai/cha_thai_kw04_bing_000024.png,cha_thai,kw04,1,thai tea orange drink cup,en,bing,web_scrape,,1660,1920,0.8646,RGBA,False,False,
cha_thai_kw04_bing_000025.jpg,cha_thai/cha_thai_kw04_bing_000025.jpg,cha_thai,kw04,1,thai tea orange drink cup,en,bing,web_scrape,,1250,1250,1.0,RGB,False,False,
cha_thai_kw04_bing_000026.jpg,cha_thai/cha_thai_kw04_bing_000026.jpg,cha_thai,kw04,1,thai tea orange drink cup,en,bing,web_scrape,,626,471,1.3291,RGB,False,False,
cha_thai_kw04_bing_000028.jpg,cha_thai/cha_thai_kw04_bing_000028.jpg,cha_thai,kw04,1,thai tea orange drink cup,en,bing,web_scrape,,417,626,0.6661,RGB,False,False,
cha_thai_kw04_bing_000029.jpg,cha_thai/cha_thai_kw04_bing_000029.jpg,cha_thai,kw04,1,thai tea orange drink cup,en,bing,web_scrape,,2000,1333,1.5004,RGB,False,True,
cha_thai_kw04_bing_000030.jpg,cha_thai/cha_thai_kw04_bing_000030.jpg,cha_thai,kw04,1,thai tea orange drink cup,en,bing,web_scrape,,675,900,0.75,RGB,False,False,
cha_thai_kw04_bing_000031.jpg,cha_thai/cha_thai_kw04_bing_000031.jpg,cha_thai,kw04,1,thai tea orange drink cup,en,bing,web_scrape,,667,1000,0.667,RGB,False,False,
cha_thai_kw04_bing_000032.jpg,cha_thai/cha_thai_kw04_bing_000032.jpg,cha_thai,kw04,1,thai tea orange drink cup,en,bing,web_scrape,,800,775,1.0323,RGB,False,False,
cha_thai_kw04_bing_000033.png,cha_thai/cha_thai_kw04_bing_000033.png,cha_thai,kw04,1,thai tea orange drink cup,en,bing,web_scrape,,1920,1280,1.5,RGBA,False,False,
cha_thai_kw04_bing_000036.jpg,cha_thai/cha_thai_kw04_bing_000036.jpg,cha_thai,kw04,1,thai tea orange drink cup,en,bing,web_scrape,,612,408,1.5,RGB,False,False,
cha_thai_kw04_bing_000039.jpg,cha_thai/cha_thai_kw04_bing_000039.jpg,cha_thai,kw04,1,thai tea orange drink cup,en,bing,web_scrape,,645,1000,0.645,RGB,False,True,
cha_thai_kw04_bing_000040.jpg,cha_thai/cha_thai_kw04_bing_000040.jpg,cha_thai,kw04,1,thai tea orange drink cup,en,bing,web_scrape,,603,1000,0.603,RGB,False,False,
cha_thai_kw04_bing_000041.jpg,cha_thai/cha_thai_kw04_bing_000041.jpg,cha_thai,kw04,1,thai tea orange drink cup,en,bing,web_scrape,,1050,700,1.5,RGB,False,False,
cha_thai_kw04_bing_000042.jpg,cha_thai/cha_thai_kw04_bing_000042.jpg,cha_thai,kw04,1,thai tea orange drink cup,en,bing,web_scrape,,1080,720,1.5,RGB,False,False,
cha_thai_kw04_bing_000044.jpg,cha_thai/cha_thai_kw04_bing_000044.jpg,cha_thai,kw04,1,thai tea orange drink cup,en,bing,web_scrape,,988,700,1.4114,RGB,False,False,
cha_thai_kw04_bing_000045.jpg,cha_thai/cha_thai_kw04_bing_000045.jpg,cha_thai,kw04,1,thai tea orange drink cup,en,bing,web_scrape,,736,1840,0.4,RGB,False,False,
cha_thai_kw04_bing_000046.jpg,cha_thai/cha_thai_kw04_bing_000046.jpg,cha_thai,kw04,1,thai tea orange drink cup,en,bing,web_scrape,,669,900,0.7433,RGB,False,False,
cha_thai_kw04_bing_000047.jpg,cha_thai/cha_thai_kw04_bing_000047.jpg,cha_thai,kw04,1,thai tea orange drink cup,en,bing,web_scrape,,1000,1000,1.0,RGB,False,False,
cha_thai_kw04_bing_000048.jpg,cha_thai/cha_thai_kw04_bing_000048.jpg,cha_thai,kw04,1,thai tea orange drink cup,en,bing,web_scrape,,626,391,1.601,RGB,False,False,
cha_thai_kw04_bing_000051.jpg,cha_thai/cha_thai_kw04_bing_000051.jpg,cha_thai,kw04,1,thai tea orange drink cup,en,bing,web_scrape,,674,960,0.7021,RGB,False,False,
cha_thai_kw04_bing_000052.jpg,cha_thai/cha_thai_kw04_bing_000052.jpg,cha_thai,kw04,1,thai tea orange drink cup,en,bing,web_scrape,,1000,739,1.3532,RGB,False,False,
cha_thai_kw04_bing_000054.jpg,cha_thai/cha_thai_kw04_bing_000054.jpg,cha_thai,kw04,1,thai tea orange drink cup,en,bing,web_scrape,,605,700,0.8643,RGB,False,False,
cha_thai_kw04_bing_000055.jpg,cha_thai/cha_thai_kw04_bing_000055.jpg,cha_thai,kw04,1,thai tea orange drink cup,en,bing,web_scrape,,527,700,0.7529,RGB,False,False,
cha_thai_kw04_bing_000056.jpg,cha_thai/cha_thai_kw04_bing_000056.jpg,cha_thai,kw04,1,thai tea orange drink cup,en,bing,web_scrape,,845,1600,0.5281,RGB,False,False,
cha_thai_kw04_bing_000057.webp,cha_thai/cha_thai_kw04_bing_000057.webp,cha_thai,kw04,1,thai tea orange drink cup,en,bing,web_scrape,,1080,720,1.5,RGB,False,False,
cha_thai_kw04_bing_000061.jpg,cha_thai/cha_thai_kw04_bing_000061.jpg,cha_thai,kw04,1,thai tea orange drink cup,en,bing,web_scrape,,1366,746,1.8311,RGB,False,False,
cha_thai_kw04_bing_000062.jpg,cha_thai/cha_thai_kw04_bing_000062.jpg,cha_thai,kw04,1,thai tea orange drink cup,en,bing,web_scrape,,800,585,1.3675,RGB,False,False,
cha_thai_kw04_bing_000063.jpg,cha_thai/cha_thai_kw04_bing_000063.jpg,cha_thai,kw04,1,thai tea orange drink cup,en,bing,web_scrape,,1960,1960,1.0,RGB,False,False,
cha_thai_kw04_bing_000064.jpg,cha_thai/cha_thai_kw04_bing_000064.jpg,cha_thai,kw04,1,thai tea orange drink cup,en,bing,web_scrape,,1152,576,2.0,RGB,False,False,
cha_thai_kw04_bing_000065.jpg,cha_thai/cha_thai_kw04_bing_000065.jpg,cha_thai,kw04,1,thai tea orange drink cup,en,bing,web_scrape,,1000,923,1.0834,RGB,False,False,
cha_thai_kw04_bing_000066.png,cha_thai/cha_thai_kw04_bing_000066.png,cha_thai,kw04,1,thai tea orange drink cup,en,bing,web_scrape,,1733,1747,0.992,RGBA,False,False,
cha_thai_kw04_bing_000067.jpg,cha_thai/cha_thai_kw04_bing_000067.jpg,cha_thai,kw04,1,thai tea orange drink cup,en,bing,web_scrape,,1240,1257,0.9865,RGB,False,False,
cha_thai_kw04_bing_000068.jpg,cha_thai/cha_thai_kw04_bing_000068.jpg,cha_thai,kw04,1,thai tea orange drink cup,en,bing,web_scrape,,2560,1707,1.4997,RGB,False,False,
cha_thai_kw04_bing_000069.jpg,cha_thai/cha_thai_kw04_bing_000069.jpg,cha_thai,kw04,1,thai tea orange drink cup,en,bing,web_scrape,,1280,720,1.7778,RGB,False,False,
cha_thai_kw04_bing_000070.jpg,cha_thai/cha_thai_kw04_bing_000070.jpg,cha_thai,kw04,1,thai tea orange drink cup,en,bing,web_scrape,,800,534,1.4981,RGB,False,False,
cha_thai_kw04_bing_000071.webp,cha_thai/cha_thai_kw04_bing_000071.webp,cha_thai,kw04,1,thai tea orange drink cup,en,bing,web_scrape,,2000,1333,1.5004,RGB,False,False,
cha_thai_kw04_bing_000072.jpg,cha_thai/cha_thai_kw04_bing_000072.jpg,cha_thai,kw04,1,thai tea orange drink cup,en,bing,web_scrape,,512,512,1.0,RGB,False,False,
cha_thai_kw04_bing_000074.jpg,cha_thai/cha_thai_kw04_bing_000074.jpg,cha_thai,kw04,1,thai tea orange drink cup,en,bing,web_scrape,,626,608,1.0296,RGB,False,False,
cha_thai_kw04_bing_000075.jpg,cha_thai/cha_thai_kw04_bing_000075.jpg,cha_thai,kw04,1,thai tea orange drink cup,en,bing,web_scrape,,626,626,1.0,RGB,False,False,
cha_thai_kw04_bing_000077.jpg,cha_thai/cha_thai_kw04_bing_000077.jpg,cha_thai,kw04,1,thai tea orange drink cup,en,bing,web_scrape,,1280,1920,0.6667,RGB,False,False,
cha_thai_kw04_bing_000078.png,cha_thai/cha_thai_kw04_bing_000078.png,cha_thai,kw04,1,thai tea orange drink cup,en,bing,web_scrape,,1080,1300,0.8308,P,False,False,
cha_thai_kw04_bing_000082.jpg,cha_thai/cha_thai_kw04_bing_000082.jpg,cha_thai,kw04,1,thai tea orange drink cup,en,bing,web_scrape,,960,569,1.6872,RGB,False,False,
cha_thai_kw04_bing_000083.jpg,cha_thai/cha_thai_kw04_bing_000083.jpg,cha_thai,kw04,1,thai tea orange drink cup,en,bing,web_scrape,,736,736,1.0,RGB,False,False,
cha_thai_kw04_bing_000084.jpg,cha_thai/cha_thai_kw04_bing_000084.jpg,cha_thai,kw04,1,thai tea orange drink cup,en,bing,web_scrape,,1600,1153,1.3877,RGB,False,False,
cha_thai_kw04_bing_000085.jpg,cha_thai/cha_thai_kw04_bing_000085.jpg,cha_thai,kw04,1,thai tea orange drink cup,en,bing,web_scrape,,736,552,1.3333,RGB,False,False,
cha_thai_kw04_bing_000086.jpg,cha_thai/cha_thai_kw04_bing_000086.jpg,cha_thai,kw04,1,thai tea orange drink cup,en,bing,web_scrape,,1280,720,1.7778,RGB,False,False,
cha_thai_kw04_bing_000087.jpg,cha_thai/cha_thai_kw04_bing_000087.jpg,cha_thai,kw04,1,thai tea orange drink cup,en,bing,web_scrape,,700,980,0.7143,RGB,False,False,
cha_thai_kw04_bing_000088.jpg,cha_thai/cha_thai_kw04_bing_000088.jpg,cha_thai,kw04,1,thai tea orange drink cup,en,bing,web_scrape,,667,1000,0.667,RGB,False,False,
cha_thai_kw04_bing_000090.jpg,cha_thai/cha_thai_kw04_bing_000090.jpg,cha_thai,kw04,1,thai tea orange drink cup,en,bing,web_scrape,,768,512,1.5,RGB,False,False,
cha_thai_kw04_bing_000092.jpg,cha_thai/cha_thai_kw04_bing_000092.jpg,cha_thai,kw04,1,thai tea orange drink cup,en,bing,web_scrape,,768,768,1.0,RGB,False,False,
cha_thai_kw04_bing_000094.jpg,cha_thai/cha_thai_kw04_bing_000094.jpg,cha_thai,kw04,1,thai tea orange drink cup,en,bing,web_scrape,,1440,960,1.5,RGB,False,False,
cha_thai_kw04_bing_000096.jpg,cha_thai/cha_thai_kw04_bing_000096.jpg,cha_thai,kw04,1,thai tea orange drink cup,en,bing,web_scrape,,1200,900,1.3333,RGB,False,False,
cha_thai_kw04_bing_000104.jpg,cha_thai/cha_thai_kw04_bing_000104.jpg,cha_thai,kw04,1,thai tea orange drink cup,en,bing,web_scrape,,1707,960,1.7781,RGB,False,False,
cha_thai_kw04_bing_000105.jpg,cha_thai/cha_thai_kw04_bing_000105.jpg,cha_thai,kw04,1,thai tea orange drink cup,en,bing,web_scrape,,3840,3393,1.1317,RGB,False,False,
cha_thai_kw04_bing_000106.png,cha_thai/cha_thai_kw04_bing_000106.png,cha_thai,kw04,1,thai tea orange drink cup,en,bing,web_scrape,,3840,2160,1.7778,P,False,False,
cha_thai_kw04_bing_000107.jpg,cha_thai/cha_thai_kw04_bing_000107.jpg,cha_thai,kw04,1,thai tea orange drink cup,en,bing,web_scrape,,2000,1005,1.99,RGB,False,False,
cha_thai_kw04_bing_000108.jpg,cha_thai/cha_thai_kw04_bing_000108.jpg,cha_thai,kw04,1,thai tea orange drink cup,en,bing,web_scrape,,2000,1334,1.4993,RGB,False,False,
cha_thai_kw04_bing_000109.jpg,cha_thai/cha_thai_kw04_bing_000109.jpg,cha_thai,kw04,1,thai tea orange drink cup,en,bing,web_scrape,,2560,1707,1.4997,RGB,False,False,
cha_thai_kw04_bing_000110.jpg,cha_thai/cha_thai_kw04_bing_000110.jpg,cha_thai,kw04,1,thai tea orange drink cup,en,bing,web_scrape,,1024,682,1.5015,RGB,False,False,
cha_thai_kw04_bing_000111.jpg,cha_thai/cha_thai_kw04_bing_000111.jpg,cha_thai,kw04,1,thai tea orange drink cup,en,bing,web_scrape,,2400,1800,1.3333,RGB,False,False,
cha_thai_kw04_bing_000112.jpg,cha_thai/cha_thai_kw04_bing_000112.jpg,cha_thai,kw04,1,thai tea orange drink cup,en,bing,web_scrape,,4000,3000,1.3333,RGB,False,False,
cha_thai_kw04_bing_000113.jpg,cha_thai/cha_thai_kw04_bing_000113.jpg,cha_thai,kw04,1,thai tea orange drink cup,en,bing,web_scrape,,4459,2973,1.4998,RGB,False,False,
cha_thai_kw04_bing_000114.jpg,cha_thai/cha_thai_kw04_bing_000114.jpg,cha_thai,kw04,1,thai tea orange drink cup,en,bing,web_scrape,,3625,2370,1.5295,RGB,False,False,
cha_thai_kw04_bing_000115.jpg,cha_thai/cha_thai_kw04_bing_000115.jpg,cha_thai,kw04,1,thai tea orange drink cup,en,bing,web_scrape,,846,591,1.4315,RGB,False,False,
cha_thai_kw04_bing_000116.jpg,cha_thai/cha_thai_kw04_bing_000116.jpg,cha_thai,kw04,1,thai tea orange drink cup,en,bing,web_scrape,,1200,630,1.9048,RGB,False,False,
cha_thai_kw04_bing_000117.jpg,cha_thai/cha_thai_kw04_bing_000117.jpg,cha_thai,kw04,1,thai tea orange drink cup,en,bing,web_scrape,,1920,1280,1.5,RGB,False,False,
cha_thai_kw04_bing_000118.jpg,cha_thai/cha_thai_kw04_bing_000118.jpg,cha_thai,kw04,1,thai tea orange drink cup,en,bing,web_scrape,,2000,1333,1.5004,RGB,False,False,
cha_thai_kw04_baidu_000002.jpg,cha_thai/cha_thai_kw04_baidu_000002.jpg,cha_thai,kw04,1,thai tea orange drink cup,en,baidu,web_scrape,,1001,1600,0.6256,RGB,False,False,
cha_thai_kw04_baidu_000003.jpg,cha_thai/cha_thai_kw04_baidu_000003.jpg,cha_thai,kw04,1,thai tea orange drink cup,en,baidu,web_scrape,,2730,2048,1.333,RGB,False,False,
cha_thai_kw04_baidu_000004.jpg,cha_thai/cha_thai_kw04_baidu_000004.jpg,cha_thai,kw04,1,thai tea orange drink cup,en,baidu,web_scrape,,2048,2730,0.7502,RGB,False,False,
cha_thai_kw04_baidu_000005.jpg,cha_thai/cha_thai_kw04_baidu_000005.jpg,cha_thai,kw04,1,thai tea orange drink cup,en,baidu,web_scrape,,2048,2730,0.7502,RGB,False,False,
cha_thai_kw04_baidu_000006.jpg,cha_thai/cha_thai_kw04_baidu_000006.jpg,cha_thai,kw04,1,thai tea orange drink cup,en,baidu,web_scrape,,845,1600,0.5281,RGB,False,False,
cha_thai_kw04_baidu_000007.jpg,cha_thai/cha_thai_kw04_baidu_000007.jpg,cha_thai,kw04,1,thai tea orange drink cup,en,baidu,web_scrape,,1001,1600,0.6256,RGB,False,False,
cha_thai_kw04_baidu_000008.jpg,cha_thai/cha_thai_kw04_baidu_000008.jpg,cha_thai,kw04,1,thai tea orange drink cup,en,baidu,web_scrape,,1125,1600,0.7031,RGB,False,False,
cha_thai_kw04_baidu_000009.jpg,cha_thai/cha_thai_kw04_baidu_000009.jpg,cha_thai,kw04,1,thai tea orange drink cup,en,baidu,web_scrape,,1500,1093,1.3724,RGB,False,False,
cha_thai_kw04_baidu_000010.jpg,cha_thai/cha_thai_kw04_baidu_000010.jpg,cha_thai,kw04,1,thai tea orange drink cup,en,baidu,web_scrape,,1500,1102,1.3612,RGB,False,False,
cha_thai_kw04_baidu_000011.jpg,cha_thai/cha_thai_kw04_baidu_000011.jpg,cha_thai,kw04,1,thai tea orange drink cup,en,baidu,web_scrape,,2048,2730,0.7502,RGB,False,False,
cha_thai_kw04_baidu_000012.jpg,cha_thai/cha_thai_kw04_baidu_000012.jpg,cha_thai,kw04,1,thai tea orange drink cup,en,baidu,web_scrape,,1000,647,1.5456,RGB,False,False,
cha_thai_kw04_baidu_000013.jpg,cha_thai/cha_thai_kw04_baidu_000013.jpg,cha_thai,kw04,1,thai tea orange drink cup,en,baidu,web_scrape,,1500,1093,1.3724,RGB,False,False,
cha_thai_kw04_baidu_000014.jpg,cha_thai/cha_thai_kw04_baidu_000014.jpg,cha_thai,kw04,1,thai tea orange drink cup,en,baidu,web_scrape,,1001,1600,0.6256,RGB,False,False,
cha_thai_kw04_baidu_000015.jpg,cha_thai/cha_thai_kw04_baidu_000015.jpg,cha_thai,kw04,1,thai tea orange drink cup,en,baidu,web_scrape,,1500,1101,1.3624,RGB,False,False,
cha_thai_kw04_baidu_000016.jpg,cha_thai/cha_thai_kw04_baidu_000016.jpg,cha_thai,kw04,1,thai tea orange drink cup,en,baidu,web_scrape,,1500,1128,1.3298,RGB,False,False,
cha_thai_kw04_baidu_000017.jpg,cha_thai/cha_thai_kw04_baidu_000017.jpg,cha_thai,kw04,1,thai tea orange drink cup,en,baidu,web_scrape,,1500,1101,1.3624,RGB,False,False,
cha_thai_kw04_baidu_000018.jpg,cha_thai/cha_thai_kw04_baidu_000018.jpg,cha_thai,kw04,1,thai tea orange drink cup,en,baidu,web_scrape,,2048,2731,0.7499,RGB,False,False,
cha_thai_kw04_baidu_000019.jpg,cha_thai/cha_thai_kw04_baidu_000019.jpg,cha_thai,kw04,1,thai tea orange drink cup,en,baidu,web_scrape,,1500,1084,1.3838,RGB,False,False,
cha_thai_kw04_baidu_000020.jpg,cha_thai/cha_thai_kw04_baidu_000020.jpg,cha_thai,kw04,1,thai tea orange drink cup,en,baidu,web_scrape,,1001,1600,0.6256,RGB,False,False,
cha_thai_kw04_baidu_000021.jpg,cha_thai/cha_thai_kw04_baidu_000021.jpg,cha_thai,kw04,1,thai tea orange drink cup,en,baidu,web_scrape,,1500,1075,1.3953,RGB,False,False,
cha_thai_kw04_baidu_000022.jpg,cha_thai/cha_thai_kw04_baidu_000022.jpg,cha_thai,kw04,1,thai tea orange drink cup,en,baidu,web_scrape,,1500,1225,1.2245,RGB,False,False,
cha_thai_kw04_baidu_000023.jpg,cha_thai/cha_thai_kw04_baidu_000023.jpg,cha_thai,kw04,1,thai tea orange drink cup,en,baidu,web_scrape,,1500,1101,1.3624,RGB,False,False,
cha_thai_kw04_baidu_000024.jpg,cha_thai/cha_thai_kw04_baidu_000024.jpg,cha_thai,kw04,1,thai tea orange drink cup,en,baidu,web_scrape,,1125,1600,0.7031,RGB,False,True,
cha_thai_kw04_baidu_000026.jpg,cha_thai/cha_thai_kw04_baidu_000026.jpg,cha_thai,kw04,1,thai tea orange drink cup,en,baidu,web_scrape,,1500,1093,1.3724,RGB,False,False,
cha_thai_kw04_baidu_000027.jpg,cha_thai/cha_thai_kw04_baidu_000027.jpg,cha_thai,kw04,1,thai tea orange drink cup,en,baidu,web_scrape,,1500,1096,1.3686,RGB,False,True,
cha_thai_kw04_baidu_000028.jpg,cha_thai/cha_thai_kw04_baidu_000028.jpg,cha_thai,kw04,1,thai tea orange drink cup,en,baidu,web_scrape,,1500,1165,1.2876,RGB,False,False,
cha_thai_kw04_baidu_000029.jpg,cha_thai/cha_thai_kw04_baidu_000029.jpg,cha_thai,kw04,1,thai tea orange drink cup,en,baidu,web_scrape,,1664,928,1.7931,RGB,False,True,
cha_thai_kw04_baidu_000030.jpg,cha_thai/cha_thai_kw04_baidu_000030.jpg,cha_thai,kw04,1,thai tea orange drink cup,en,baidu,web_scrape,,2048,2730,0.7502,RGB,False,False,
cha_thai_kw04_baidu_000031.jpg,cha_thai/cha_thai_kw04_baidu_000031.jpg,cha_thai,kw04,1,thai tea orange drink cup,en,baidu,web_scrape,,1500,1100,1.3636,RGB,False,False,
cha_thai_kw04_baidu_000032.jpg,cha_thai/cha_thai_kw04_baidu_000032.jpg,cha_thai,kw04,1,thai tea orange drink cup,en,baidu,web_scrape,,800,800,1.0,RGB,False,False,
cha_thai_kw04_baidu_000033.png,cha_thai/cha_thai_kw04_baidu_000033.png,cha_thai,kw04,1,thai tea orange drink cup,en,baidu,web_scrape,,1080,1410,0.766,RGBA,False,False,
cha_thai_kw04_baidu_000034.jpg,cha_thai/cha_thai_kw04_baidu_000034.jpg,cha_thai,kw04,1,thai tea orange drink cup,en,baidu,web_scrape,,1500,1600,0.9375,RGB,False,False,
cha_thai_kw04_baidu_000036.jpg,cha_thai/cha_thai_kw04_baidu_000036.jpg,cha_thai,kw04,1,thai tea orange drink cup,en,baidu,web_scrape,,1080,1080,1.0,RGB,False,False,
cha_thai_kw04_baidu_000037.jpg,cha_thai/cha_thai_kw04_baidu_000037.jpg,cha_thai,kw04,1,thai tea orange drink cup,en,baidu,web_scrape,,2048,2731,0.7499,RGB,False,False,
cha_thai_kw04_baidu_000038.png,cha_thai/cha_thai_kw04_baidu_000038.png,cha_thai,kw04,1,thai tea orange drink cup,en,baidu,web_scrape,,1484,1067,1.3908,RGBA,False,False,
cha_thai_kw04_baidu_000039.jpg,cha_thai/cha_thai_kw04_baidu_000039.jpg,cha_thai,kw04,1,thai tea orange drink cup,en,baidu,web_scrape,,750,750,1.0,RGB,False,False,
cha_thai_kw04_baidu_000040.jpg,cha_thai/cha_thai_kw04_baidu_000040.jpg,cha_thai,kw04,1,thai tea orange drink cup,en,baidu,web_scrape,,1001,1600,0.6256,RGB,False,False,
cha_thai_kw04_baidu_000041.jpg,cha_thai/cha_thai_kw04_baidu_000041.jpg,cha_thai,kw04,1,thai tea orange drink cup,en,baidu,web_scrape,,2730,2048,1.333,RGB,False,False,
cha_thai_kw04_baidu_000042.jpg,cha_thai/cha_thai_kw04_baidu_000042.jpg,cha_thai,kw04,1,thai tea orange drink cup,en,baidu,web_scrape,,1001,1600,0.6256,RGB,False,False,
cha_thai_kw04_baidu_000043.jpg,cha_thai/cha_thai_kw04_baidu_000043.jpg,cha_thai,kw04,1,thai tea orange drink cup,en,baidu,web_scrape,,1059,1009,1.0496,RGB,False,False,
cha_thai_kw04_baidu_000044.jpg,cha_thai/cha_thai_kw04_baidu_000044.jpg,cha_thai,kw04,1,thai tea orange drink cup,en,baidu,web_scrape,,2048,2730,0.7502,RGB,False,False,
cha_thai_kw04_baidu_000045.jpg,cha_thai/cha_thai_kw04_baidu_000045.jpg,cha_thai,kw04,1,thai tea orange drink cup,en,baidu,web_scrape,,1001,1600,0.6256,RGB,False,False,
cha_thai_kw04_baidu_000046.jpg,cha_thai/cha_thai_kw04_baidu_000046.jpg,cha_thai,kw04,1,thai tea orange drink cup,en,baidu,web_scrape,,1500,1101,1.3624,RGB,False,False,
cha_thai_kw04_baidu_000047.jpg,cha_thai/cha_thai_kw04_baidu_000047.jpg,cha_thai,kw04,1,thai tea orange drink cup,en,baidu,web_scrape,,1001,1600,0.6256,RGB,False,False,
cha_thai_kw04_baidu_000048.jpg,cha_thai/cha_thai_kw04_baidu_000048.jpg,cha_thai,kw04,1,thai tea orange drink cup,en,baidu,web_scrape,,1080,808,1.3366,RGB,False,False,
cha_thai_kw04_baidu_000049.jpg,cha_thai/cha_thai_kw04_baidu_000049.jpg,cha_thai,kw04,1,thai tea orange drink cup,en,baidu,web_scrape,,2048,2730,0.7502,RGB,False,False,
cha_thai_kw04_baidu_000050.jpg,cha_thai/cha_thai_kw04_baidu_000050.jpg,cha_thai,kw04,1,thai tea orange drink cup,en,baidu,web_scrape,,1500,1100,1.3636,RGB,False,False,
cha_thai_kw04_baidu_000052.jpg,cha_thai/cha_thai_kw04_baidu_000052.jpg,cha_thai,kw04,1,thai tea orange drink cup,en,baidu,web_scrape,,2048,2730,0.7502,RGB,False,False,
cha_thai_kw04_baidu_000053.jpg,cha_thai/cha_thai_kw04_baidu_000053.jpg,cha_thai,kw04,1,thai tea orange drink cup,en,baidu,web_scrape,,1001,1600,0.6256,RGB,False,False,
cha_thai_kw04_baidu_000054.jpg,cha_thai/cha_thai_kw04_baidu_000054.jpg,cha_thai,kw04,1,thai tea orange drink cup,en,baidu,web_scrape,,1500,1096,1.3686,RGB,False,False,
cha_thai_kw04_baidu_000055.png,cha_thai/cha_thai_kw04_baidu_000055.png,cha_thai,kw04,1,thai tea orange drink cup,en,baidu,web_scrape,,1197,863,1.387,RGBA,False,False,
cha_thai_kw04_baidu_000056.jpg,cha_thai/cha_thai_kw04_baidu_000056.jpg,cha_thai,kw04,1,thai tea orange drink cup,en,baidu,web_scrape,,3237,2291,1.4129,RGB,False,False,
cha_thai_kw05_bing_000000.png,cha_thai/cha_thai_kw05_bing_000000.png,cha_thai,kw05,2,ชาเย็น แก้วพลาสติก ใส่น้ำแข็ง,th,bing,web_scrape,,720,720,1.0,RGBA,False,True,
cha_thai_kw05_bing_000001.png,cha_thai/cha_thai_kw05_bing_000001.png,cha_thai,kw05,2,ชาเย็น แก้วพลาสติก ใส่น้ำแข็ง,th,bing,web_scrape,,360,360,1.0,P,False,True,
cha_thai_kw05_bing_000003.jpg,cha_thai/cha_thai_kw05_bing_000003.jpg,cha_thai,kw05,2,ชาเย็น แก้วพลาสติก ใส่น้ำแข็ง,th,bing,web_scrape,,800,800,1.0,RGB,False,False,
cha_thai_kw05_bing_000005.jpg,cha_thai/cha_thai_kw05_bing_000005.jpg,cha_thai,kw05,2,ชาเย็น แก้วพลาสติก ใส่น้ำแข็ง,th,bing,web_scrape,,800,800,1.0,RGB,False,False,
cha_thai_kw05_bing_000006.jpg,cha_thai/cha_thai_kw05_bing_000006.jpg,cha_thai,kw05,2,ชาเย็น แก้วพลาสติก ใส่น้ำแข็ง,th,bing,web_scrape,,960,1280,0.75,RGB,False,True,
cha_thai_kw05_bing_000007.jpg,cha_thai/cha_thai_kw05_bing_000007.jpg,cha_thai,kw05,2,ชาเย็น แก้วพลาสติก ใส่น้ำแข็ง,th,bing,web_scrape,,960,960,1.0,RGB,False,True,
cha_thai_kw05_bing_000008.jpg,cha_thai/cha_thai_kw05_bing_000008.jpg,cha_thai,kw05,2,ชาเย็น แก้วพลาสติก ใส่น้ำแข็ง,th,bing,web_scrape,,800,800,1.0,RGB,False,True,
cha_thai_kw05_bing_000009.jpg,cha_thai/cha_thai_kw05_bing_000009.jpg,cha_thai,kw05,2,ชาเย็น แก้วพลาสติก ใส่น้ำแข็ง,th,bing,web_scrape,,800,800,1.0,RGB,False,True,
cha_thai_kw05_bing_000010.jpg,cha_thai/cha_thai_kw05_bing_000010.jpg,cha_thai,kw05,2,ชาเย็น แก้วพลาสติก ใส่น้ำแข็ง,th,bing,web_scrape,,1000,1000,1.0,RGB,False,True,
cha_thai_kw05_bing_000011.jpg,cha_thai/cha_thai_kw05_bing_000011.jpg,cha_thai,kw05,2,ชาเย็น แก้วพลาสติก ใส่น้ำแข็ง,th,bing,web_scrape,,1024,1024,1.0,RGB,False,False,
cha_thai_kw05_bing_000012.jpg,cha_thai/cha_thai_kw05_bing_000012.jpg,cha_thai,kw05,2,ชาเย็น แก้วพลาสติก ใส่น้ำแข็ง,th,bing,web_scrape,,800,800,1.0,RGB,False,False,
cha_thai_kw05_bing_000013.jpg,cha_thai/cha_thai_kw05_bing_000013.jpg,cha_thai,kw05,2,ชาเย็น แก้วพลาสติก ใส่น้ำแข็ง,th,bing,web_scrape,,720,720,1.0,RGB,False,True,
cha_thai_kw05_bing_000014.jpg,cha_thai/cha_thai_kw05_bing_000014.jpg,cha_thai,kw05,2,ชาเย็น แก้วพลาสติก ใส่น้ำแข็ง,th,bing,web_scrape,,1920,1920,1.0,RGB,False,True,
cha_thai_kw05_bing_000015.jpg,cha_thai/cha_thai_kw05_bing_000015.jpg,cha_thai,kw05,2,ชาเย็น แก้วพลาสติก ใส่น้ำแข็ง,th,bing,web_scrape,,1024,1024,1.0,RGB,False,True,
cha_thai_kw05_bing_000016.jpg,cha_thai/cha_thai_kw05_bing_000016.jpg,cha_thai,kw05,2,ชาเย็น แก้วพลาสติก ใส่น้ำแข็ง,th,bing,web_scrape,,720,518,1.39,RGB,False,False,
cha_thai_kw05_bing_000017.jpg,cha_thai/cha_thai_kw05_bing_000017.jpg,cha_thai,kw05,2,ชาเย็น แก้วพลาสติก ใส่น้ำแข็ง,th,bing,web_scrape,,900,900,1.0,RGB,False,False,
cha_thai_kw05_bing_000018.jpg,cha_thai/cha_thai_kw05_bing_000018.jpg,cha_thai,kw05,2,ชาเย็น แก้วพลาสติก ใส่น้ำแข็ง,th,bing,web_scrape,,800,800,1.0,RGB,False,True,
cha_thai_kw05_bing_000019.webp,cha_thai/cha_thai_kw05_bing_000019.webp,cha_thai,kw05,2,ชาเย็น แก้วพลาสติก ใส่น้ำแข็ง,th,bing,web_scrape,,800,572,1.3986,RGB,False,True,
cha_thai_kw05_bing_000020.jpg,cha_thai/cha_thai_kw05_bing_000020.jpg,cha_thai,kw05,2,ชาเย็น แก้วพลาสติก ใส่น้ำแข็ง,th,bing,web_scrape,,1024,1024,1.0,RGB,False,False,
cha_thai_kw05_bing_000021.png,cha_thai/cha_thai_kw05_bing_000021.png,cha_thai,kw05,2,ชาเย็น แก้วพลาสติก ใส่น้ำแข็ง,th,bing,web_scrape,,720,720,1.0,RGBA,False,True,
cha_thai_kw05_bing_000024.jpg,cha_thai/cha_thai_kw05_bing_000024.jpg,cha_thai,kw05,2,ชาเย็น แก้วพลาสติก ใส่น้ำแข็ง,th,bing,web_scrape,,1000,1000,1.0,RGB,False,True,
cha_thai_kw05_bing_000025.jpg,cha_thai/cha_thai_kw05_bing_000025.jpg,cha_thai,kw05,2,ชาเย็น แก้วพลาสติก ใส่น้ำแข็ง,th,bing,web_scrape,,800,800,1.0,RGB,False,True,
cha_thai_kw05_bing_000026.webp,cha_thai/cha_thai_kw05_bing_000026.webp,cha_thai,kw05,2,ชาเย็น แก้วพลาสติก ใส่น้ำแข็ง,th,bing,web_scrape,,1000,1000,1.0,RGB,False,True,
cha_thai_kw05_bing_000028.jpg,cha_thai/cha_thai_kw05_bing_000028.jpg,cha_thai,kw05,2,ชาเย็น แก้วพลาสติก ใส่น้ำแข็ง,th,bing,web_scrape,,800,800,1.0,RGB,False,False,
cha_thai_kw05_bing_000029.jpg,cha_thai/cha_thai_kw05_bing_000029.jpg,cha_thai,kw05,2,ชาเย็น แก้วพลาสติก ใส่น้ำแข็ง,th,bing,web_scrape,,800,800,1.0,RGB,False,True,
cha_thai_kw05_bing_000030.jpg,cha_thai/cha_thai_kw05_bing_000030.jpg,cha_thai,kw05,2,ชาเย็น แก้วพลาสติก ใส่น้ำแข็ง,th,bing,web_scrape,,1024,1024,1.0,RGB,False,True,
cha_thai_kw05_bing_000031.jpg,cha_thai/cha_thai_kw05_bing_000031.jpg,cha_thai,kw05,2,ชาเย็น แก้วพลาสติก ใส่น้ำแข็ง,th,bing,web_scrape,,1024,1024,1.0,RGB,False,True,
cha_thai_kw05_bing_000033.jpg,cha_thai/cha_thai_kw05_bing_000033.jpg,cha_thai,kw05,2,ชาเย็น แก้วพลาสติก ใส่น้ำแข็ง,th,bing,web_scrape,,800,800,1.0,RGB,False,True,
cha_thai_kw05_bing_000034.jpg,cha_thai/cha_thai_kw05_bing_000034.jpg,cha_thai,kw05,2,ชาเย็น แก้วพลาสติก ใส่น้ำแข็ง,th,bing,web_scrape,,720,720,1.0,RGB,False,True,
cha_thai_kw05_bing_000036.jpg,cha_thai/cha_thai_kw05_bing_000036.jpg,cha_thai,kw05,2,ชาเย็น แก้วพลาสติก ใส่น้ำแข็ง,th,bing,web_scrape,,700,700,1.0,RGB,False,True,
cha_thai_kw05_bing_000037.jpg,cha_thai/cha_thai_kw05_bing_000037.jpg,cha_thai,kw05,2,ชาเย็น แก้วพลาสติก ใส่น้ำแข็ง,th,bing,web_scrape,,800,800,1.0,RGB,False,False,
cha_thai_kw05_bing_000038.jpg,cha_thai/cha_thai_kw05_bing_000038.jpg,cha_thai,kw05,2,ชาเย็น แก้วพลาสติก ใส่น้ำแข็ง,th,bing,web_scrape,,720,720,1.0,RGB,False,False,
cha_thai_kw05_bing_000039.jpg,cha_thai/cha_thai_kw05_bing_000039.jpg,cha_thai,kw05,2,ชาเย็น แก้วพลาสติก ใส่น้ำแข็ง,th,bing,web_scrape,,640,960,0.6667,RGB,False,True,
cha_thai_kw05_bing_000040.jpg,cha_thai/cha_thai_kw05_bing_000040.jpg,cha_thai,kw05,2,ชาเย็น แก้วพลาสติก ใส่น้ำแข็ง,th,bing,web_scrape,,5278,4105,1.2857,RGB,False,True,
cha_thai_kw05_bing_000041.jpg,cha_thai/cha_thai_kw05_bing_000041.jpg,cha_thai,kw05,2,ชาเย็น แก้วพลาสติก ใส่น้ำแข็ง,th,bing,web_scrape,,850,850,1.0,RGB,False,False,
cha_thai_kw05_bing_000042.jpg,cha_thai/cha_thai_kw05_bing_000042.jpg,cha_thai,kw05,2,ชาเย็น แก้วพลาสติก ใส่น้ำแข็ง,th,bing,web_scrape,,800,800,1.0,RGB,False,False,
cha_thai_kw05_bing_000043.jpg,cha_thai/cha_thai_kw05_bing_000043.jpg,cha_thai,kw05,2,ชาเย็น แก้วพลาสติก ใส่น้ำแข็ง,th,bing,web_scrape,,1024,1024,1.0,RGB,False,True,
cha_thai_kw05_bing_000044.jpg,cha_thai/cha_thai_kw05_bing_000044.jpg,cha_thai,kw05,2,ชาเย็น แก้วพลาสติก ใส่น้ำแข็ง,th,bing,web_scrape,,800,800,1.0,RGB,False,True,
cha_thai_kw05_bing_000045.jpg,cha_thai/cha_thai_kw05_bing_000045.jpg,cha_thai,kw05,2,ชาเย็น แก้วพลาสติก ใส่น้ำแข็ง,th,bing,web_scrape,,540,720,0.75,RGB,False,True,
cha_thai_kw05_bing_000047.jpg,cha_thai/cha_thai_kw05_bing_000047.jpg,cha_thai,kw05,2,ชาเย็น แก้วพลาสติก ใส่น้ำแข็ง,th,bing,web_scrape,,600,600,1.0,RGB,False,True,
cha_thai_kw05_bing_000048.jpg,cha_thai/cha_thai_kw05_bing_000048.jpg,cha_thai,kw05,2,ชาเย็น แก้วพลาสติก ใส่น้ำแข็ง,th,bing,web_scrape,,1200,628,1.9108,RGB,False,True,
cha_thai_kw05_bing_000049.jpg,cha_thai/cha_thai_kw05_bing_000049.jpg,cha_thai,kw05,2,ชาเย็น แก้วพลาสติก ใส่น้ำแข็ง,th,bing,web_scrape,,600,600,1.0,RGB,False,True,
cha_thai_kw05_bing_000052.jpg,cha_thai/cha_thai_kw05_bing_000052.jpg,cha_thai,kw05,2,ชาเย็น แก้วพลาสติก ใส่น้ำแข็ง,th,bing,web_scrape,,720,720,1.0,RGB,False,False,
cha_thai_kw05_bing_000053.jpg,cha_thai/cha_thai_kw05_bing_000053.jpg,cha_thai,kw05,2,ชาเย็น แก้วพลาสติก ใส่น้ำแข็ง,th,bing,web_scrape,,800,800,1.0,RGB,False,True,
cha_thai_kw05_bing_000054.jpg,cha_thai/cha_thai_kw05_bing_000054.jpg,cha_thai,kw05,2,ชาเย็น แก้วพลาสติก ใส่น้ำแข็ง,th,bing,web_scrape,,1200,600,2.0,RGB,False,False,
cha_thai_kw05_bing_000055.jpg,cha_thai/cha_thai_kw05_bing_000055.jpg,cha_thai,kw05,2,ชาเย็น แก้วพลาสติก ใส่น้ำแข็ง,th,bing,web_scrape,,800,800,1.0,RGB,False,False,
cha_thai_kw05_bing_000056.jpg,cha_thai/cha_thai_kw05_bing_000056.jpg,cha_thai,kw05,2,ชาเย็น แก้วพลาสติก ใส่น้ำแข็ง,th,bing,web_scrape,,720,720,1.0,RGB,False,False,
cha_thai_kw05_bing_000057.png,cha_thai/cha_thai_kw05_bing_000057.png,cha_thai,kw05,2,ชาเย็น แก้วพลาสติก ใส่น้ำแข็ง,th,bing,web_scrape,,980,980,1.0,RGBA,False,True,
cha_thai_kw05_bing_000058.jpg,cha_thai/cha_thai_kw05_bing_000058.jpg,cha_thai,kw05,2,ชาเย็น แก้วพลาสติก ใส่น้ำแข็ง,th,bing,web_scrape,,1024,1024,1.0,RGB,False,True,
cha_thai_kw05_bing_000059.jpg,cha_thai/cha_thai_kw05_bing_000059.jpg,cha_thai,kw05,2,ชาเย็น แก้วพลาสติก ใส่น้ำแข็ง,th,bing,web_scrape,,1024,1024,1.0,RGB,False,False,
cha_thai_kw05_bing_000062.jpg,cha_thai/cha_thai_kw05_bing_000062.jpg,cha_thai,kw05,2,ชาเย็น แก้วพลาสติก ใส่น้ำแข็ง,th,bing,web_scrape,,1024,1024,1.0,RGB,False,True,
cha_thai_kw05_bing_000063.jpg,cha_thai/cha_thai_kw05_bing_000063.jpg,cha_thai,kw05,2,ชาเย็น แก้วพลาสติก ใส่น้ำแข็ง,th,bing,web_scrape,,717,720,0.9958,RGB,False,True,
cha_thai_kw05_bing_000065.jpg,cha_thai/cha_thai_kw05_bing_000065.jpg,cha_thai,kw05,2,ชาเย็น แก้วพลาสติก ใส่น้ำแข็ง,th,bing,web_scrape,,800,800,1.0,RGB,False,False,
cha_thai_kw05_bing_000066.png,cha_thai/cha_thai_kw05_bing_000066.png,cha_thai,kw05,2,ชาเย็น แก้วพลาสติก ใส่น้ำแข็ง,th,bing,web_scrape,,670,688,0.9738,RGBA,False,True,
cha_thai_kw05_bing_000067.jpg,cha_thai/cha_thai_kw05_bing_000067.jpg,cha_thai,kw05,2,ชาเย็น แก้วพลาสติก ใส่น้ำแข็ง,th,bing,web_scrape,,720,720,1.0,RGB,False,False,
cha_thai_kw05_bing_000069.jpg,cha_thai/cha_thai_kw05_bing_000069.jpg,cha_thai,kw05,2,ชาเย็น แก้วพลาสติก ใส่น้ำแข็ง,th,bing,web_scrape,,700,727,0.9629,RGB,False,False,
cha_thai_kw05_bing_000070.jpg,cha_thai/cha_thai_kw05_bing_000070.jpg,cha_thai,kw05,2,ชาเย็น แก้วพลาสติก ใส่น้ำแข็ง,th,bing,web_scrape,,1000,1000,1.0,RGB,False,False,
cha_thai_kw05_bing_000072.jpg,cha_thai/cha_thai_kw05_bing_000072.jpg,cha_thai,kw05,2,ชาเย็น แก้วพลาสติก ใส่น้ำแข็ง,th,bing,web_scrape,,736,736,1.0,RGB,False,True,
cha_thai_kw05_bing_000073.jpg,cha_thai/cha_thai_kw05_bing_000073.jpg,cha_thai,kw05,2,ชาเย็น แก้วพลาสติก ใส่น้ำแข็ง,th,bing,web_scrape,,400,400,1.0,RGB,False,False,
cha_thai_kw05_bing_000077.jpg,cha_thai/cha_thai_kw05_bing_000077.jpg,cha_thai,kw05,2,ชาเย็น แก้วพลาสติก ใส่น้ำแข็ง,th,bing,web_scrape,,1300,1300,1.0,RGB,False,True,
cha_thai_kw05_bing_000078.jpg,cha_thai/cha_thai_kw05_bing_000078.jpg,cha_thai,kw05,2,ชาเย็น แก้วพลาสติก ใส่น้ำแข็ง,th,bing,web_scrape,,800,800,1.0,RGB,False,False,
cha_thai_kw05_bing_000079.jpg,cha_thai/cha_thai_kw05_bing_000079.jpg,cha_thai,kw05,2,ชาเย็น แก้วพลาสติก ใส่น้ำแข็ง,th,bing,web_scrape,,675,1200,0.5625,RGB,False,True,
cha_thai_kw05_bing_000081.jpg,cha_thai/cha_thai_kw05_bing_000081.jpg,cha_thai,kw05,2,ชาเย็น แก้วพลาสติก ใส่น้ำแข็ง,th,bing,web_scrape,,800,800,1.0,RGB,False,False,
cha_thai_kw05_bing_000083.jpg,cha_thai/cha_thai_kw05_bing_000083.jpg,cha_thai,kw05,2,ชาเย็น แก้วพลาสติก ใส่น้ำแข็ง,th,bing,web_scrape,,736,981,0.7503,RGB,False,True,
cha_thai_kw05_bing_000084.png,cha_thai/cha_thai_kw05_bing_000084.png,cha_thai,kw05,2,ชาเย็น แก้วพลาสติก ใส่น้ำแข็ง,th,bing,web_scrape,,655,409,1.6015,RGBA,False,True,
cha_thai_kw05_bing_000085.jpg,cha_thai/cha_thai_kw05_bing_000085.jpg,cha_thai,kw05,2,ชาเย็น แก้วพลาสติก ใส่น้ำแข็ง,th,bing,web_scrape,,800,800,1.0,RGB,False,False,
cha_thai_kw05_bing_000086.jpg,cha_thai/cha_thai_kw05_bing_000086.jpg,cha_thai,kw05,2,ชาเย็น แก้วพลาสติก ใส่น้ำแข็ง,th,bing,web_scrape,,720,540,1.3333,RGB,False,True,
cha_thai_kw05_bing_000087.jpg,cha_thai/cha_thai_kw05_bing_000087.jpg,cha_thai,kw05,2,ชาเย็น แก้วพลาสติก ใส่น้ำแข็ง,th,bing,web_scrape,,1000,750,1.3333,RGB,False,True,
cha_thai_kw05_bing_000091.jpg,cha_thai/cha_thai_kw05_bing_000091.jpg,cha_thai,kw05,2,ชาเย็น แก้วพลาสติก ใส่น้ำแข็ง,th,bing,web_scrape,,640,640,1.0,RGB,False,False,
cha_thai_kw05_bing_000093.jpg,cha_thai/cha_thai_kw05_bing_000093.jpg,cha_thai,kw05,2,ชาเย็น แก้วพลาสติก ใส่น้ำแข็ง,th,bing,web_scrape,,800,800,1.0,RGB,False,True,
cha_thai_kw05_bing_000094.jpg,cha_thai/cha_thai_kw05_bing_000094.jpg,cha_thai,kw05,2,ชาเย็น แก้วพลาสติก ใส่น้ำแข็ง,th,bing,web_scrape,,640,640,1.0,RGB,False,True,
cha_thai_kw05_bing_000096.webp,cha_thai/cha_thai_kw05_bing_000096.webp,cha_thai,kw05,2,ชาเย็น แก้วพลาสติก ใส่น้ำแข็ง,th,bing,web_scrape,,730,730,1.0,RGB,False,False,
cha_thai_kw05_bing_000097.png,cha_thai/cha_thai_kw05_bing_000097.png,cha_thai,kw05,2,ชาเย็น แก้วพลาสติก ใส่น้ำแข็ง,th,bing,web_scrape,,600,600,1.0,RGBA,False,False,
cha_thai_kw05_bing_000098.webp,cha_thai/cha_thai_kw05_bing_000098.webp,cha_thai,kw05,2,ชาเย็น แก้วพลาสติก ใส่น้ำแข็ง,th,bing,web_scrape,,580,435,1.3333,RGB,False,False,
cha_thai_kw05_bing_000099.jpg,cha_thai/cha_thai_kw05_bing_000099.jpg,cha_thai,kw05,2,ชาเย็น แก้วพลาสติก ใส่น้ำแข็ง,th,bing,web_scrape,,600,450,1.3333,RGB,True,True,
cha_thai_kw05_bing_000100.webp,cha_thai/cha_thai_kw05_bing_000100.webp,cha_thai,kw05,2,ชาเย็น แก้วพลาสติก ใส่น้ำแข็ง,th,bing,web_scrape,,1600,1600,1.0,RGB,False,True,
cha_thai_kw05_bing_000101.jpg,cha_thai/cha_thai_kw05_bing_000101.jpg,cha_thai,kw05,2,ชาเย็น แก้วพลาสติก ใส่น้ำแข็ง,th,bing,web_scrape,,2000,2000,1.0,RGB,False,False,
cha_thai_kw05_bing_000102.jpg,cha_thai/cha_thai_kw05_bing_000102.jpg,cha_thai,kw05,2,ชาเย็น แก้วพลาสติก ใส่น้ำแข็ง,th,bing,web_scrape,,1181,1181,1.0,RGB,False,False,
cha_thai_kw05_bing_000103.webp,cha_thai/cha_thai_kw05_bing_000103.webp,cha_thai,kw05,2,ชาเย็น แก้วพลาสติก ใส่น้ำแข็ง,th,bing,web_scrape,,800,800,1.0,RGB,False,True,
cha_thai_kw06_bing_000014.jpg,cha_thai/cha_thai_kw06_bing_000014.jpg,cha_thai,kw06,2,ชาไทยเย็น ร้านชาริมทาง,th,bing,web_scrape,,1300,971,1.3388,RGB,False,True,
cha_thai_kw06_bing_000015.jpg,cha_thai/cha_thai_kw06_bing_000015.jpg,cha_thai,kw06,2,ชาไทยเย็น ร้านชาริมทาง,th,bing,web_scrape,,570,384,1.4844,RGB,False,True,
cha_thai_kw06_bing_000017.jpg,cha_thai/cha_thai_kw06_bing_000017.jpg,cha_thai,kw06,2,ชาไทยเย็น ร้านชาริมทาง,th,bing,web_scrape,,1717,2048,0.8384,RGB,False,True,
cha_thai_kw06_bing_000020.jpg,cha_thai/cha_thai_kw06_bing_000020.jpg,cha_thai,kw06,2,ชาไทยเย็น ร้านชาริมทาง,th,bing,web_scrape,,1235,1235,1.0,RGB,False,True,
cha_thai_kw06_bing_000023.jpg,cha_thai/cha_thai_kw06_bing_000023.jpg,cha_thai,kw06,2,ชาไทยเย็น ร้านชาริมทาง,th,bing,web_scrape,,1920,1080,1.7778,RGB,False,True,
cha_thai_kw06_bing_000025.jpg,cha_thai/cha_thai_kw06_bing_000025.jpg,cha_thai,kw06,2,ชาไทยเย็น ร้านชาริมทาง,th,bing,web_scrape,,640,640,1.0,RGB,False,True,
cha_thai_kw06_bing_000026.png,cha_thai/cha_thai_kw06_bing_000026.png,cha_thai,kw06,2,ชาไทยเย็น ร้านชาริมทาง,th,bing,web_scrape,,1400,1400,1.0,RGBA,False,True,
cha_thai_kw06_bing_000027.jpg,cha_thai/cha_thai_kw06_bing_000027.jpg,cha_thai,kw06,2,ชาไทยเย็น ร้านชาริมทาง,th,bing,web_scrape,,853,1280,0.6664,RGB,False,True,
cha_thai_kw06_bing_000028.jpg,cha_thai/cha_thai_kw06_bing_000028.jpg,cha_thai,kw06,2,ชาไทยเย็น ร้านชาริมทาง,th,bing,web_scrape,,960,960,1.0,RGB,False,True,
cha_thai_kw06_bing_000029.jpg,cha_thai/cha_thai_kw06_bing_000029.jpg,cha_thai,kw06,2,ชาไทยเย็น ร้านชาริมทาง,th,bing,web_scrape,,612,467,1.3105,RGB,False,True,
cha_thai_kw06_bing_000030.jpg,cha_thai/cha_thai_kw06_bing_000030.jpg,cha_thai,kw06,2,ชาไทยเย็น ร้านชาริมทาง,th,bing,web_scrape,,1080,1080,1.0,RGB,False,True,
cha_thai_kw06_bing_000031.jpg,cha_thai/cha_thai_kw06_bing_000031.jpg,cha_thai,kw06,2,ชาไทยเย็น ร้านชาริมทาง,th,bing,web_scrape,,800,800,1.0,RGB,False,True,
cha_thai_kw06_bing_000033.jpg,cha_thai/cha_thai_kw06_bing_000033.jpg,cha_thai,kw06,2,ชาไทยเย็น ร้านชาริมทาง,th,bing,web_scrape,,1200,1200,1.0,RGB,False,True,
cha_thai_kw06_bing_000035.jpg,cha_thai/cha_thai_kw06_bing_000035.jpg,cha_thai,kw06,2,ชาไทยเย็น ร้านชาริมทาง,th,bing,web_scrape,,720,720,1.0,RGB,False,False,
cha_thai_kw06_bing_000036.jpg,cha_thai/cha_thai_kw06_bing_000036.jpg,cha_thai,kw06,2,ชาไทยเย็น ร้านชาริมทาง,th,bing,web_scrape,,1248,936,1.3333,RGB,False,False,
cha_thai_kw06_bing_000039.webp,cha_thai/cha_thai_kw06_bing_000039.webp,cha_thai,kw06,2,ชาไทยเย็น ร้านชาริมทาง,th,bing,web_scrape,,3000,4000,0.75,RGB,False,False,
cha_thai_kw06_bing_000041.webp,cha_thai/cha_thai_kw06_bing_000041.webp,cha_thai,kw06,2,ชาไทยเย็น ร้านชาริมทาง,th,bing,web_scrape,,1560,1561,0.9994,RGB,False,True,
cha_thai_kw06_bing_000042.jpg,cha_thai/cha_thai_kw06_bing_000042.jpg,cha_thai,kw06,2,ชาไทยเย็น ร้านชาริมทาง,th,bing,web_scrape,,1248,936,1.3333,RGB,False,False,
cha_thai_kw06_bing_000043.jpg,cha_thai/cha_thai_kw06_bing_000043.jpg,cha_thai,kw06,2,ชาไทยเย็น ร้านชาริมทาง,th,bing,web_scrape,,1248,936,1.3333,RGB,False,True,
cha_thai_kw06_bing_000044.jpg,cha_thai/cha_thai_kw06_bing_000044.jpg,cha_thai,kw06,2,ชาไทยเย็น ร้านชาริมทาง,th,bing,web_scrape,,1108,1477,0.7502,RGB,False,False,
cha_thai_kw06_bing_000046.jpg,cha_thai/cha_thai_kw06_bing_000046.jpg,cha_thai,kw06,2,ชาไทยเย็น ร้านชาริมทาง,th,bing,web_scrape,,1248,832,1.5,RGB,False,False,
cha_thai_kw06_bing_000047.jpg,cha_thai/cha_thai_kw06_bing_000047.jpg,cha_thai,kw06,2,ชาไทยเย็น ร้านชาริมทาง,th,bing,web_scrape,,800,600,1.3333,RGB,False,False,
cha_thai_kw06_bing_000048.jpg,cha_thai/cha_thai_kw06_bing_000048.jpg,cha_thai,kw06,2,ชาไทยเย็น ร้านชาริมทาง,th,bing,web_scrape,,1248,1248,1.0,RGB,False,False,
cha_thai_kw06_bing_000049.webp,cha_thai/cha_thai_kw06_bing_000049.webp,cha_thai,kw06,2,ชาไทยเย็น ร้านชาริมทาง,th,bing,web_scrape,,1560,2080,0.75,RGB,False,False,
cha_thai_kw06_bing_000052.jpg,cha_thai/cha_thai_kw06_bing_000052.jpg,cha_thai,kw06,2,ชาไทยเย็น ร้านชาริมทาง,th,bing,web_scrape,,1248,1664,0.75,RGB,False,False,
cha_thai_kw06_bing_000053.jpg,cha_thai/cha_thai_kw06_bing_000053.jpg,cha_thai,kw06,2,ชาไทยเย็น ร้านชาริมทาง,th,bing,web_scrape,,512,512,1.0,RGB,False,False,
cha_thai_kw06_bing_000054.webp,cha_thai/cha_thai_kw06_bing_000054.webp,cha_thai,kw06,2,ชาไทยเย็น ร้านชาริมทาง,th,bing,web_scrape,,1560,1950,0.8,RGB,False,False,
cha_thai_kw06_bing_000055.jpg,cha_thai/cha_thai_kw06_bing_000055.jpg,cha_thai,kw06,2,ชาไทยเย็น ร้านชาริมทาง,th,bing,web_scrape,,1920,1080,1.7778,RGB,False,True,
cha_thai_kw06_bing_000057.jpg,cha_thai/cha_thai_kw06_bing_000057.jpg,cha_thai,kw06,2,ชาไทยเย็น ร้านชาริมทาง,th,bing,web_scrape,,512,512,1.0,RGB,False,False,
cha_thai_kw06_bing_000058.jpg,cha_thai/cha_thai_kw06_bing_000058.jpg,cha_thai,kw06,2,ชาไทยเย็น ร้านชาริมทาง,th,bing,web_scrape,,1248,892,1.3991,RGB,False,False,
cha_thai_kw06_bing_000059.jpg,cha_thai/cha_thai_kw06_bing_000059.jpg,cha_thai,kw06,2,ชาไทยเย็น ร้านชาริมทาง,th,bing,web_scrape,,1248,1664,0.75,RGB,False,False,
cha_thai_kw06_bing_000060.jpg,cha_thai/cha_thai_kw06_bing_000060.jpg,cha_thai,kw06,2,ชาไทยเย็น ร้านชาริมทาง,th,bing,web_scrape,,512,512,1.0,RGB,False,False,
cha_thai_kw06_bing_000061.jpg,cha_thai/cha_thai_kw06_bing_000061.jpg,cha_thai,kw06,2,ชาไทยเย็น ร้านชาริมทาง,th,bing,web_scrape,,512,512,1.0,RGB,False,False,
cha_thai_kw06_bing_000063.webp,cha_thai/cha_thai_kw06_bing_000063.webp,cha_thai,kw06,2,ชาไทยเย็น ร้านชาริมทาง,th,bing,web_scrape,,1288,1719,0.7493,RGB,False,False,
cha_thai_kw06_bing_000064.jpg,cha_thai/cha_thai_kw06_bing_000064.jpg,cha_thai,kw06,2,ชาไทยเย็น ร้านชาริมทาง,th,bing,web_scrape,,1248,1664,0.75,RGB,False,True,
cha_thai_kw06_bing_000065.webp,cha_thai/cha_thai_kw06_bing_000065.webp,cha_thai,kw06,2,ชาไทยเย็น ร้านชาริมทาง,th,bing,web_scrape,,1712,2283,0.7499,RGB,False,False,
cha_thai_kw06_bing_000066.webp,cha_thai/cha_thai_kw06_bing_000066.webp,cha_thai,kw06,2,ชาไทยเย็น ร้านชาริมทาง,th,bing,web_scrape,,1560,1950,0.8,RGB,False,False,
cha_thai_kw06_bing_000067.jpg,cha_thai/cha_thai_kw06_bing_000067.jpg,cha_thai,kw06,2,ชาไทยเย็น ร้านชาริมทาง,th,bing,web_scrape,,800,1065,0.7512,RGB,False,False,
cha_thai_kw06_bing_000069.webp,cha_thai/cha_thai_kw06_bing_000069.webp,cha_thai,kw06,2,ชาไทยเย็น ร้านชาริมทาง,th,bing,web_scrape,,1656,2208,0.75,RGB,False,False,
cha_thai_kw06_bing_000071.jpg,cha_thai/cha_thai_kw06_bing_000071.jpg,cha_thai,kw06,2,ชาไทยเย็น ร้านชาริมทาง,th,bing,web_scrape,,1425,1900,0.75,RGB,False,False,
cha_thai_kw06_bing_000072.webp,cha_thai/cha_thai_kw06_bing_000072.webp,cha_thai,kw06,2,ชาไทยเย็น ร้านชาริมทาง,th,bing,web_scrape,,1188,1584,0.75,RGB,False,False,
cha_thai_kw06_bing_000073.jpg,cha_thai/cha_thai_kw06_bing_000073.jpg,cha_thai,kw06,2,ชาไทยเย็น ร้านชาริมทาง,th,bing,web_scrape,,1425,1900,0.75,RGB,False,True,
cha_thai_kw06_bing_000075.webp,cha_thai/cha_thai_kw06_bing_000075.webp,cha_thai,kw06,2,ชาไทยเย็น ร้านชาริมทาง,th,bing,web_scrape,,1200,1200,1.0,RGB,False,False,
cha_thai_kw06_bing_000077.jpg,cha_thai/cha_thai_kw06_bing_000077.jpg,cha_thai,kw06,2,ชาไทยเย็น ร้านชาริมทาง,th,bing,web_scrape,,1920,1440,1.3333,RGB,False,False,
cha_thai_kw06_bing_000078.jpg,cha_thai/cha_thai_kw06_bing_000078.jpg,cha_thai,kw06,2,ชาไทยเย็น ร้านชาริมทาง,th,bing,web_scrape,,1920,1080,1.7778,RGB,False,True,
cha_thai_kw06_bing_000079.webp,cha_thai/cha_thai_kw06_bing_000079.webp,cha_thai,kw06,2,ชาไทยเย็น ร้านชาริมทาง,th,bing,web_scrape,,1560,1560,1.0,RGB,False,False,
cha_thai_kw06_bing_000080.jpg,cha_thai/cha_thai_kw06_bing_000080.jpg,cha_thai,kw06,2,ชาไทยเย็น ร้านชาริมทาง,th,bing,web_scrape,,1248,937,1.3319,RGB,False,False,
cha_thai_kw06_bing_000082.jpg,cha_thai/cha_thai_kw06_bing_000082.jpg,cha_thai,kw06,2,ชาไทยเย็น ร้านชาริมทาง,th,bing,web_scrape,,800,533,1.5009,RGB,False,True,
cha_thai_kw06_bing_000083.jpg,cha_thai/cha_thai_kw06_bing_000083.jpg,cha_thai,kw06,2,ชาไทยเย็น ร้านชาริมทาง,th,bing,web_scrape,,565,800,0.7063,RGB,False,True,
cha_thai_kw06_bing_000088.jpg,cha_thai/cha_thai_kw06_bing_000088.jpg,cha_thai,kw06,2,ชาไทยเย็น ร้านชาริมทาง,th,bing,web_scrape,,1425,1900,0.75,RGB,False,True,
cha_thai_kw06_bing_000089.webp,cha_thai/cha_thai_kw06_bing_000089.webp,cha_thai,kw06,2,ชาไทยเย็น ร้านชาริมทาง,th,bing,web_scrape,,1560,2080,0.75,RGB,False,False,
cha_thai_kw06_bing_000091.webp,cha_thai/cha_thai_kw06_bing_000091.webp,cha_thai,kw06,2,ชาไทยเย็น ร้านชาริมทาง,th,bing,web_scrape,,1560,1560,1.0,RGB,False,False,
cha_thai_kw06_bing_000092.jpg,cha_thai/cha_thai_kw06_bing_000092.jpg,cha_thai,kw06,2,ชาไทยเย็น ร้านชาริมทาง,th,bing,web_scrape,,512,512,1.0,RGB,False,False,
cha_thai_kw06_bing_000093.jpg,cha_thai/cha_thai_kw06_bing_000093.jpg,cha_thai,kw06,2,ชาไทยเย็น ร้านชาริมทาง,th,bing,web_scrape,,512,512,1.0,RGB,False,False,
cha_thai_kw06_bing_000094.webp,cha_thai/cha_thai_kw06_bing_000094.webp,cha_thai,kw06,2,ชาไทยเย็น ร้านชาริมทาง,th,bing,web_scrape,,1560,2080,0.75,RGB,False,False,
cha_thai_kw06_bing_000096.jpg,cha_thai/cha_thai_kw06_bing_000096.jpg,cha_thai,kw06,2,ชาไทยเย็น ร้านชาริมทาง,th,bing,web_scrape,,1425,1900,0.75,RGB,False,True,
cha_thai_kw06_bing_000098.jpg,cha_thai/cha_thai_kw06_bing_000098.jpg,cha_thai,kw06,2,ชาไทยเย็น ร้านชาริมทาง,th,bing,web_scrape,,1920,2560,0.75,RGB,False,True,
cha_thai_kw06_bing_000099.jpg,cha_thai/cha_thai_kw06_bing_000099.jpg,cha_thai,kw06,2,ชาไทยเย็น ร้านชาริมทาง,th,bing,web_scrape,,900,1200,0.75,RGB,False,True,
cha_thai_kw06_bing_000106.jpg,cha_thai/cha_thai_kw06_bing_000106.jpg,cha_thai,kw06,2,ชาไทยเย็น ร้านชาริมทาง,th,bing,web_scrape,,660,440,1.5,RGB,False,False,
cha_thai_kw06_bing_000110.jpg,cha_thai/cha_thai_kw06_bing_000110.jpg,cha_thai,kw06,2,ชาไทยเย็น ร้านชาริมทาง,th,bing,web_scrape,,512,512,1.0,RGB,False,False,
cha_thai_kw06_bing_000112.jpg,cha_thai/cha_thai_kw06_bing_000112.jpg,cha_thai,kw06,2,ชาไทยเย็น ร้านชาริมทาง,th,bing,web_scrape,,512,512,1.0,RGB,False,False,
cha_thai_kw06_bing_000128.jpg,cha_thai/cha_thai_kw06_bing_000128.jpg,cha_thai,kw06,2,ชาไทยเย็น ร้านชาริมทาง,th,bing,web_scrape,,512,512,1.0,RGB,False,False,
cha_thai_kw06_bing_000134.jpg,cha_thai/cha_thai_kw06_bing_000134.jpg,cha_thai,kw06,2,ชาไทยเย็น ร้านชาริมทาง,th,bing,web_scrape,,1024,683,1.4993,RGB,False,False,
cha_thai_kw06_bing_000149.png,cha_thai/cha_thai_kw06_bing_000149.png,cha_thai,kw06,2,ชาไทยเย็น ร้านชาริมทาง,th,bing,web_scrape,,1200,630,1.9048,P,False,False,
cha_thai_kw07_bing_000002.jpg,cha_thai/cha_thai_kw07_bing_000002.jpg,cha_thai,kw07,2,ชานมเย็น สีส้ม แก้ว,th,bing,web_scrape,,720,1280,0.5625,RGB,False,False,
cha_thai_kw07_bing_000003.png,cha_thai/cha_thai_kw07_bing_000003.png,cha_thai,kw07,2,ชานมเย็น สีส้ม แก้ว,th,bing,web_scrape,,415,482,0.861,RGB,False,False,
cha_thai_kw07_bing_000005.webp,cha_thai/cha_thai_kw07_bing_000005.webp,cha_thai,kw07,2,ชานมเย็น สีส้ม แก้ว,th,bing,web_scrape,,860,450,1.9111,RGB,False,False,
cha_thai_kw07_bing_000006.jpg,cha_thai/cha_thai_kw07_bing_000006.jpg,cha_thai,kw07,2,ชานมเย็น สีส้ม แก้ว,th,bing,web_scrape,,4026,3019,1.3336,RGB,False,False,
cha_thai_kw07_bing_000007.webp,cha_thai/cha_thai_kw07_bing_000007.webp,cha_thai,kw07,2,ชานมเย็น สีส้ม แก้ว,th,bing,web_scrape,,1201,1201,1.0,RGB,False,False,
cha_thai_kw07_bing_000008.webp,cha_thai/cha_thai_kw07_bing_000008.webp,cha_thai,kw07,2,ชานมเย็น สีส้ม แก้ว,th,bing,web_scrape,,350,386,0.9067,RGB,False,False,
cha_thai_kw07_bing_000009.webp,cha_thai/cha_thai_kw07_bing_000009.webp,cha_thai,kw07,2,ชานมเย็น สีส้ม แก้ว,th,bing,web_scrape,,1500,1500,1.0,RGB,False,False,
cha_thai_kw07_bing_000010.jpg,cha_thai/cha_thai_kw07_bing_000010.jpg,cha_thai,kw07,2,ชานมเย็น สีส้ม แก้ว,th,bing,web_scrape,,1280,720,1.7778,RGB,False,False,
cha_thai_kw07_bing_000011.jpg,cha_thai/cha_thai_kw07_bing_000011.jpg,cha_thai,kw07,2,ชานมเย็น สีส้ม แก้ว,th,bing,web_scrape,,1200,630,1.9048,RGB,False,False,
cha_thai_kw07_bing_000012.jpg,cha_thai/cha_thai_kw07_bing_000012.jpg,cha_thai,kw07,2,ชานมเย็น สีส้ม แก้ว,th,bing,web_scrape,,1440,1920,0.75,RGB,False,False,
cha_thai_kw07_bing_000014.jpg,cha_thai/cha_thai_kw07_bing_000014.jpg,cha_thai,kw07,2,ชานมเย็น สีส้ม แก้ว,th,bing,web_scrape,,960,960,1.0,RGB,False,False,
cha_thai_kw07_bing_000017.jpg,cha_thai/cha_thai_kw07_bing_000017.jpg,cha_thai,kw07,2,ชานมเย็น สีส้ม แก้ว,th,bing,web_scrape,,800,800,1.0,RGB,False,False,
cha_thai_kw07_bing_000022.jpg,cha_thai/cha_thai_kw07_bing_000022.jpg,cha_thai,kw07,2,ชานมเย็น สีส้ม แก้ว,th,bing,web_scrape,,700,465,1.5054,RGB,False,False,
cha_thai_kw07_bing_000023.jpg,cha_thai/cha_thai_kw07_bing_000023.jpg,cha_thai,kw07,2,ชานมเย็น สีส้ม แก้ว,th,bing,web_scrape,,1600,1600,1.0,RGB,False,False,
cha_thai_kw07_bing_000025.jpg,cha_thai/cha_thai_kw07_bing_000025.jpg,cha_thai,kw07,2,ชานมเย็น สีส้ม แก้ว,th,bing,web_scrape,,720,720,1.0,RGB,False,False,
cha_thai_kw07_bing_000030.jpg,cha_thai/cha_thai_kw07_bing_000030.jpg,cha_thai,kw07,2,ชานมเย็น สีส้ม แก้ว,th,bing,web_scrape,,1920,1440,1.3333,RGB,False,False,
cha_thai_kw07_bing_000031.jpg,cha_thai/cha_thai_kw07_bing_000031.jpg,cha_thai,kw07,2,ชานมเย็น สีส้ม แก้ว,th,bing,web_scrape,,850,850,1.0,RGB,False,False,
cha_thai_kw07_bing_000033.jpg,cha_thai/cha_thai_kw07_bing_000033.jpg,cha_thai,kw07,2,ชานมเย็น สีส้ม แก้ว,th,bing,web_scrape,,800,800,1.0,RGB,False,False,
cha_thai_kw07_bing_000034.jpg,cha_thai/cha_thai_kw07_bing_000034.jpg,cha_thai,kw07,2,ชานมเย็น สีส้ม แก้ว,th,bing,web_scrape,,850,850,1.0,RGB,False,False,
cha_thai_kw07_bing_000035.jpg,cha_thai/cha_thai_kw07_bing_000035.jpg,cha_thai,kw07,2,ชานมเย็น สีส้ม แก้ว,th,bing,web_scrape,,1200,628,1.9108,RGB,False,False,
cha_thai_kw07_bing_000038.jpg,cha_thai/cha_thai_kw07_bing_000038.jpg,cha_thai,kw07,2,ชานมเย็น สีส้ม แก้ว,th,bing,web_scrape,,850,850,1.0,RGB,False,False,
cha_thai_kw07_bing_000039.jpg,cha_thai/cha_thai_kw07_bing_000039.jpg,cha_thai,kw07,2,ชานมเย็น สีส้ม แก้ว,th,bing,web_scrape,,1918,1080,1.7759,RGB,False,True,
cha_thai_kw07_bing_000040.jpg,cha_thai/cha_thai_kw07_bing_000040.jpg,cha_thai,kw07,2,ชานมเย็น สีส้ม แก้ว,th,bing,web_scrape,,1920,1080,1.7778,RGB,False,False,
cha_thai_kw07_bing_000041.jpg,cha_thai/cha_thai_kw07_bing_000041.jpg,cha_thai,kw07,2,ชานมเย็น สีส้ม แก้ว,th,bing,web_scrape,,1122,1139,0.9851,RGB,False,False,
cha_thai_kw07_bing_000042.jpg,cha_thai/cha_thai_kw07_bing_000042.jpg,cha_thai,kw07,2,ชานมเย็น สีส้ม แก้ว,th,bing,web_scrape,,1313,1969,0.6668,RGB,False,False,
cha_thai_kw07_bing_000045.jpg,cha_thai/cha_thai_kw07_bing_000045.jpg,cha_thai,kw07,2,ชานมเย็น สีส้ม แก้ว,th,bing,web_scrape,,1108,1478,0.7497,RGB,False,False,
cha_thai_kw07_bing_000051.jpg,cha_thai/cha_thai_kw07_bing_000051.jpg,cha_thai,kw07,2,ชานมเย็น สีส้ม แก้ว,th,bing,web_scrape,,1152,576,2.0,RGB,False,False,
cha_thai_kw07_bing_000053.jpg,cha_thai/cha_thai_kw07_bing_000053.jpg,cha_thai,kw07,2,ชานมเย็น สีส้ม แก้ว,th,bing,web_scrape,,1425,1900,0.75,RGB,False,False,
cha_thai_kw07_bing_000054.jpg,cha_thai/cha_thai_kw07_bing_000054.jpg,cha_thai,kw07,2,ชานมเย็น สีส้ม แก้ว,th,bing,web_scrape,,850,850,1.0,RGB,False,False,
cha_thai_kw07_bing_000057.jpg,cha_thai/cha_thai_kw07_bing_000057.jpg,cha_thai,kw07,2,ชานมเย็น สีส้ม แก้ว,th,bing,web_scrape,,1920,1077,1.7827,RGB,False,False,
cha_thai_kw07_bing_000058.jpg,cha_thai/cha_thai_kw07_bing_000058.jpg,cha_thai,kw07,2,ชานมเย็น สีส้ม แก้ว,th,bing,web_scrape,,800,800,1.0,RGB,False,False,
cha_thai_kw07_bing_000059.jpg,cha_thai/cha_thai_kw07_bing_000059.jpg,cha_thai,kw07,2,ชานมเย็น สีส้ม แก้ว,th,bing,web_scrape,,1440,1920,0.75,RGB,False,False,
cha_thai_kw07_bing_000060.webp,cha_thai/cha_thai_kw07_bing_000060.webp,cha_thai,kw07,2,ชานมเย็น สีส้ม แก้ว,th,bing,web_scrape,,1536,2048,0.75,RGB,False,False,
cha_thai_kw07_bing_000061.jpg,cha_thai/cha_thai_kw07_bing_000061.jpg,cha_thai,kw07,2,ชานมเย็น สีส้ม แก้ว,th,bing,web_scrape,,1478,1108,1.3339,RGB,False,False,
cha_thai_kw07_bing_000062.jpg,cha_thai/cha_thai_kw07_bing_000062.jpg,cha_thai,kw07,2,ชานมเย็น สีส้ม แก้ว,th,bing,web_scrape,,1108,1477,0.7502,RGB,False,False,
cha_thai_kw07_bing_000063.jpg,cha_thai/cha_thai_kw07_bing_000063.jpg,cha_thai,kw07,2,ชานมเย็น สีส้ม แก้ว,th,bing,web_scrape,,950,497,1.9115,RGB,False,False,
cha_thai_kw07_bing_000064.jpg,cha_thai/cha_thai_kw07_bing_000064.jpg,cha_thai,kw07,2,ชานมเย็น สีส้ม แก้ว,th,bing,web_scrape,,512,512,1.0,RGB,False,False,
cha_thai_kw07_bing_000065.webp,cha_thai/cha_thai_kw07_bing_000065.webp,cha_thai,kw07,2,ชานมเย็น สีส้ม แก้ว,th,bing,web_scrape,,1284,1699,0.7557,RGB,False,False,
cha_thai_kw07_bing_000071.webp,cha_thai/cha_thai_kw07_bing_000071.webp,cha_thai,kw07,2,ชานมเย็น สีส้ม แก้ว,th,bing,web_scrape,,3024,4032,0.75,RGB,False,False,
cha_thai_kw07_bing_000072.jpg,cha_thai/cha_thai_kw07_bing_000072.jpg,cha_thai,kw07,2,ชานมเย็น สีส้ม แก้ว,th,bing,web_scrape,,720,720,1.0,RGB,False,False,
cha_thai_kw07_bing_000074.webp,cha_thai/cha_thai_kw07_bing_000074.webp,cha_thai,kw07,2,ชานมเย็น สีส้ม แก้ว,th,bing,web_scrape,,1560,2080,0.75,RGB,False,False,
cha_thai_kw07_bing_000076.jpg,cha_thai/cha_thai_kw07_bing_000076.jpg,cha_thai,kw07,2,ชานมเย็น สีส้ม แก้ว,th,bing,web_scrape,,800,800,1.0,RGB,False,False,
cha_thai_kw07_bing_000077.jpg,cha_thai/cha_thai_kw07_bing_000077.jpg,cha_thai,kw07,2,ชานมเย็น สีส้ม แก้ว,th,bing,web_scrape,,736,920,0.8,RGB,False,True,
cha_thai_kw07_bing_000079.jpg,cha_thai/cha_thai_kw07_bing_000079.jpg,cha_thai,kw07,2,ชานมเย็น สีส้ม แก้ว,th,bing,web_scrape,,945,945,1.0,RGB,False,False,
cha_thai_kw07_bing_000082.jpg,cha_thai/cha_thai_kw07_bing_000082.jpg,cha_thai,kw07,2,ชานมเย็น สีส้ม แก้ว,th,bing,web_scrape,,736,738,0.9973,RGB,False,False,
cha_thai_kw07_bing_000084.jpg,cha_thai/cha_thai_kw07_bing_000084.jpg,cha_thai,kw07,2,ชานมเย็น สีส้ม แก้ว,th,bing,web_scrape,,826,806,1.0248,RGB,False,False,
cha_thai_kw07_bing_000085.webp,cha_thai/cha_thai_kw07_bing_000085.webp,cha_thai,kw07,2,ชานมเย็น สีส้ม แก้ว,th,bing,web_scrape,,700,936,0.7479,RGBA,False,False,
cha_thai_kw07_bing_000086.jpg,cha_thai/cha_thai_kw07_bing_000086.jpg,cha_thai,kw07,2,ชานมเย็น สีส้ม แก้ว,th,bing,web_scrape,,850,850,1.0,RGB,False,True,
cha_thai_kw07_bing_000087.jpg,cha_thai/cha_thai_kw07_bing_000087.jpg,cha_thai,kw07,2,ชานมเย็น สีส้ม แก้ว,th,bing,web_scrape,,400,400,1.0,RGB,False,False,
cha_thai_kw07_bing_000092.jpg,cha_thai/cha_thai_kw07_bing_000092.jpg,cha_thai,kw07,2,ชานมเย็น สีส้ม แก้ว,th,bing,web_scrape,,1024,1024,1.0,RGB,False,True,
cha_thai_kw07_bing_000100.jpg,cha_thai/cha_thai_kw07_bing_000100.jpg,cha_thai,kw07,2,ชานมเย็น สีส้ม แก้ว,th,bing,web_scrape,,1024,1024,1.0,RGB,False,False,
cha_thai_kw07_bing_000101.jpg,cha_thai/cha_thai_kw07_bing_000101.jpg,cha_thai,kw07,2,ชานมเย็น สีส้ม แก้ว,th,bing,web_scrape,,753,753,1.0,RGB,False,False,
cha_thai_kw07_bing_000113.png,cha_thai/cha_thai_kw07_bing_000113.png,cha_thai,kw07,2,ชานมเย็น สีส้ม แก้ว,th,bing,web_scrape,,1700,1700,1.0,RGBA,False,True,
cha_thai_kw07_bing_000116.jpg,cha_thai/cha_thai_kw07_bing_000116.jpg,cha_thai,kw07,2,ชานมเย็น สีส้ม แก้ว,th,bing,web_scrape,,640,640,1.0,RGB,False,False,
cha_thai_kw07_bing_000123.jpg,cha_thai/cha_thai_kw07_bing_000123.jpg,cha_thai,kw07,2,ชานมเย็น สีส้ม แก้ว,th,bing,web_scrape,,720,720,1.0,RGB,False,False,
cha_dam_yen_kw00_bing_000001.jpg,cha_dam_yen/cha_dam_yen_kw00_bing_000001.jpg,cha_dam_yen,kw00,1,ชาดำเย็น แก้ว,th,bing,web_scrape,,1425,1900,0.75,RGB,False,False,
cha_dam_yen_kw00_bing_000002.png,cha_dam_yen/cha_dam_yen_kw00_bing_000002.png,cha_dam_yen,kw00,1,ชาดำเย็น แก้ว,th,bing,web_scrape,,1140,597,1.9095,P,False,False,
cha_dam_yen_kw00_bing_000003.jpg,cha_dam_yen/cha_dam_yen_kw00_bing_000003.jpg,cha_dam_yen,kw00,1,ชาดำเย็น แก้ว,th,bing,web_scrape,,2160,1720,1.2558,RGB,False,False,
cha_dam_yen_kw00_bing_000005.jpg,cha_dam_yen/cha_dam_yen_kw00_bing_000005.jpg,cha_dam_yen,kw00,1,ชาดำเย็น แก้ว,th,bing,web_scrape,,1280,720,1.7778,RGB,False,False,
cha_dam_yen_kw00_bing_000006.jpg,cha_dam_yen/cha_dam_yen_kw00_bing_000006.jpg,cha_dam_yen,kw00,1,ชาดำเย็น แก้ว,th,bing,web_scrape,,720,720,1.0,RGB,False,False,
cha_dam_yen_kw00_bing_000007.jpg,cha_dam_yen/cha_dam_yen_kw00_bing_000007.jpg,cha_dam_yen,kw00,1,ชาดำเย็น แก้ว,th,bing,web_scrape,,1500,870,1.7241,RGB,False,False,
cha_dam_yen_kw00_bing_000009.jpg,cha_dam_yen/cha_dam_yen_kw00_bing_000009.jpg,cha_dam_yen,kw00,1,ชาดำเย็น แก้ว,th,bing,web_scrape,,1280,720,1.7778,RGB,False,False,
cha_dam_yen_kw00_bing_000010.jpg,cha_dam_yen/cha_dam_yen_kw00_bing_000010.jpg,cha_dam_yen,kw00,1,ชาดำเย็น แก้ว,th,bing,web_scrape,,960,1706,0.5627,RGB,False,False,
cha_dam_yen_kw00_bing_000011.jpg,cha_dam_yen/cha_dam_yen_kw00_bing_000011.jpg,cha_dam_yen,kw00,1,ชาดำเย็น แก้ว,th,bing,web_scrape,,1024,1024,1.0,RGB,False,False,
cha_dam_yen_kw00_bing_000012.jpg,cha_dam_yen/cha_dam_yen_kw00_bing_000012.jpg,cha_dam_yen,kw00,1,ชาดำเย็น แก้ว,th,bing,web_scrape,,1500,1186,1.2648,RGB,False,False,
cha_dam_yen_kw00_bing_000013.jpg,cha_dam_yen/cha_dam_yen_kw00_bing_000013.jpg,cha_dam_yen,kw00,1,ชาดำเย็น แก้ว,th,bing,web_scrape,,1242,1225,1.0139,RGB,False,False,
cha_dam_yen_kw00_bing_000014.jpg,cha_dam_yen/cha_dam_yen_kw00_bing_000014.jpg,cha_dam_yen,kw00,1,ชาดำเย็น แก้ว,th,bing,web_scrape,,500,500,1.0,RGB,False,False,
cha_dam_yen_kw00_bing_000015.jpg,cha_dam_yen/cha_dam_yen_kw00_bing_000015.jpg,cha_dam_yen,kw00,1,ชาดำเย็น แก้ว,th,bing,web_scrape,,728,546,1.3333,RGB,False,False,
cha_dam_yen_kw00_bing_000017.jpg,cha_dam_yen/cha_dam_yen_kw00_bing_000017.jpg,cha_dam_yen,kw00,1,ชาดำเย็น แก้ว,th,bing,web_scrape,,640,640,1.0,RGB,False,False,
cha_dam_yen_kw00_bing_000018.jpg,cha_dam_yen/cha_dam_yen_kw00_bing_000018.jpg,cha_dam_yen,kw00,1,ชาดำเย็น แก้ว,th,bing,web_scrape,,1920,2560,0.75,RGB,False,False,
cha_dam_yen_kw00_bing_000019.jpg,cha_dam_yen/cha_dam_yen_kw00_bing_000019.jpg,cha_dam_yen,kw00,1,ชาดำเย็น แก้ว,th,bing,web_scrape,,1280,720,1.7778,RGB,False,False,
cha_dam_yen_kw00_bing_000020.jpg,cha_dam_yen/cha_dam_yen_kw00_bing_000020.jpg,cha_dam_yen,kw00,1,ชาดำเย็น แก้ว,th,bing,web_scrape,,1280,720,1.7778,RGB,False,False,
cha_dam_yen_kw00_bing_000021.jpg,cha_dam_yen/cha_dam_yen_kw00_bing_000021.jpg,cha_dam_yen,kw00,1,ชาดำเย็น แก้ว,th,bing,web_scrape,,1024,1024,1.0,RGB,False,False,
cha_dam_yen_kw00_bing_000022.jpg,cha_dam_yen/cha_dam_yen_kw00_bing_000022.jpg,cha_dam_yen,kw00,1,ชาดำเย็น แก้ว,th,bing,web_scrape,,1280,720,1.7778,RGB,False,False,
cha_dam_yen_kw00_bing_000023.jpg,cha_dam_yen/cha_dam_yen_kw00_bing_000023.jpg,cha_dam_yen,kw00,1,ชาดำเย็น แก้ว,th,bing,web_scrape,,1280,720,1.7778,RGB,False,False,
cha_dam_yen_kw00_bing_000024.jpg,cha_dam_yen/cha_dam_yen_kw00_bing_000024.jpg,cha_dam_yen,kw00,1,ชาดำเย็น แก้ว,th,bing,web_scrape,,1440,1920,0.75,RGB,False,False,
cha_dam_yen_kw00_bing_000025.png,cha_dam_yen/cha_dam_yen_kw00_bing_000025.png,cha_dam_yen,kw00,1,ชาดำเย็น แก้ว,th,bing,web_scrape,,1024,536,1.9104,P,False,False,
cha_dam_yen_kw00_bing_000027.jpg,cha_dam_yen/cha_dam_yen_kw00_bing_000027.jpg,cha_dam_yen,kw00,1,ชาดำเย็น แก้ว,th,bing,web_scrape,,800,800,1.0,RGB,False,False,
cha_dam_yen_kw00_bing_000028.jpg,cha_dam_yen/cha_dam_yen_kw00_bing_000028.jpg,cha_dam_yen,kw00,1,ชาดำเย็น แก้ว,th,bing,web_scrape,,1200,1200,1.0,RGB,False,False,
cha_dam_yen_kw00_bing_000029.jpg,cha_dam_yen/cha_dam_yen_kw00_bing_000029.jpg,cha_dam_yen,kw00,1,ชาดำเย็น แก้ว,th,bing,web_scrape,,1500,1000,1.5,RGB,False,False,
cha_dam_yen_kw00_bing_000030.webp,cha_dam_yen/cha_dam_yen_kw00_bing_000030.webp,cha_dam_yen,kw00,1,ชาดำเย็น แก้ว,th,bing,web_scrape,,938,1043,0.8993,RGB,False,False,
cha_dam_yen_kw00_bing_000031.jpg,cha_dam_yen/cha_dam_yen_kw00_bing_000031.jpg,cha_dam_yen,kw00,1,ชาดำเย็น แก้ว,th,bing,web_scrape,,800,1195,0.6695,RGB,False,False,
cha_dam_yen_kw00_bing_000032.jpg,cha_dam_yen/cha_dam_yen_kw00_bing_000032.jpg,cha_dam_yen,kw00,1,ชาดำเย็น แก้ว,th,bing,web_scrape,,1280,720,1.7778,RGB,False,False,
cha_dam_yen_kw00_bing_000033.jpg,cha_dam_yen/cha_dam_yen_kw00_bing_000033.jpg,cha_dam_yen,kw00,1,ชาดำเย็น แก้ว,th,bing,web_scrape,,1500,1445,1.0381,RGB,False,True,
cha_dam_yen_kw00_bing_000034.png,cha_dam_yen/cha_dam_yen_kw00_bing_000034.png,cha_dam_yen,kw00,1,ชาดำเย็น แก้ว,th,bing,web_scrape,,768,768,1.0,RGBA,False,False,
cha_dam_yen_kw00_bing_000035.jpg,cha_dam_yen/cha_dam_yen_kw00_bing_000035.jpg,cha_dam_yen,kw00,1,ชาดำเย็น แก้ว,th,bing,web_scrape,,1166,1169,0.9974,RGB,False,False,
cha_dam_yen_kw00_bing_000036.jpg,cha_dam_yen/cha_dam_yen_kw00_bing_000036.jpg,cha_dam_yen,kw00,1,ชาดำเย็น แก้ว,th,bing,web_scrape,,700,700,1.0,RGB,False,False,
cha_dam_yen_kw00_bing_000037.jpg,cha_dam_yen/cha_dam_yen_kw00_bing_000037.jpg,cha_dam_yen,kw00,1,ชาดำเย็น แก้ว,th,bing,web_scrape,,491,624,0.7869,RGB,False,False,
cha_dam_yen_kw00_bing_000038.jpg,cha_dam_yen/cha_dam_yen_kw00_bing_000038.jpg,cha_dam_yen,kw00,1,ชาดำเย็น แก้ว,th,bing,web_scrape,,1280,720,1.7778,RGB,False,False,
cha_dam_yen_kw00_bing_000039.jpg,cha_dam_yen/cha_dam_yen_kw00_bing_000039.jpg,cha_dam_yen,kw00,1,ชาดำเย็น แก้ว,th,bing,web_scrape,,1280,720,1.7778,RGB,False,False,
cha_dam_yen_kw00_bing_000040.png,cha_dam_yen/cha_dam_yen_kw00_bing_000040.png,cha_dam_yen,kw00,1,ชาดำเย็น แก้ว,th,bing,web_scrape,,1024,1024,1.0,RGBA,False,False,
cha_dam_yen_kw00_bing_000042.jpg,cha_dam_yen/cha_dam_yen_kw00_bing_000042.jpg,cha_dam_yen,kw00,1,ชาดำเย็น แก้ว,th,bing,web_scrape,,1440,1920,0.75,RGB,False,False,
cha_dam_yen_kw00_bing_000043.jpg,cha_dam_yen/cha_dam_yen_kw00_bing_000043.jpg,cha_dam_yen,kw00,1,ชาดำเย็น แก้ว,th,bing,web_scrape,,1900,1900,1.0,RGB,False,False,
cha_dam_yen_kw00_bing_000044.jpg,cha_dam_yen/cha_dam_yen_kw00_bing_000044.jpg,cha_dam_yen,kw00,1,ชาดำเย็น แก้ว,th,bing,web_scrape,,1668,1900,0.8779,RGB,False,False,
cha_dam_yen_kw00_bing_000046.jpg,cha_dam_yen/cha_dam_yen_kw00_bing_000046.jpg,cha_dam_yen,kw00,1,ชาดำเย็น แก้ว,th,bing,web_scrape,,1280,720,1.7778,RGB,False,False,
cha_dam_yen_kw00_bing_000047.jpg,cha_dam_yen/cha_dam_yen_kw00_bing_000047.jpg,cha_dam_yen,kw00,1,ชาดำเย็น แก้ว,th,bing,web_scrape,,1200,628,1.9108,RGB,False,False,
cha_dam_yen_kw00_bing_000048.jpg,cha_dam_yen/cha_dam_yen_kw00_bing_000048.jpg,cha_dam_yen,kw00,1,ชาดำเย็น แก้ว,th,bing,web_scrape,,800,800,1.0,RGB,False,False,
cha_dam_yen_kw00_bing_000049.jpg,cha_dam_yen/cha_dam_yen_kw00_bing_000049.jpg,cha_dam_yen,kw00,1,ชาดำเย็น แก้ว,th,bing,web_scrape,,1500,1500,1.0,RGB,False,False,
cha_dam_yen_kw00_bing_000050.webp,cha_dam_yen/cha_dam_yen_kw00_bing_000050.webp,cha_dam_yen,kw00,1,ชาดำเย็น แก้ว,th,bing,web_scrape,,600,600,1.0,RGB,False,False,
cha_dam_yen_kw00_bing_000051.jpg,cha_dam_yen/cha_dam_yen_kw00_bing_000051.jpg,cha_dam_yen,kw00,1,ชาดำเย็น แก้ว,th,bing,web_scrape,,700,700,1.0,RGB,False,False,
cha_dam_yen_kw00_bing_000052.webp,cha_dam_yen/cha_dam_yen_kw00_bing_000052.webp,cha_dam_yen,kw00,1,ชาดำเย็น แก้ว,th,bing,web_scrape,,1080,1920,0.5625,RGB,False,False,
cha_dam_yen_kw00_bing_000053.jpg,cha_dam_yen/cha_dam_yen_kw00_bing_000053.jpg,cha_dam_yen,kw00,1,ชาดำเย็น แก้ว,th,bing,web_scrape,,720,720,1.0,RGB,False,False,
cha_dam_yen_kw00_bing_000054.jpg,cha_dam_yen/cha_dam_yen_kw00_bing_000054.jpg,cha_dam_yen,kw00,1,ชาดำเย็น แก้ว,th,bing,web_scrape,,720,720,1.0,RGB,False,False,
cha_dam_yen_kw00_bing_000055.png,cha_dam_yen/cha_dam_yen_kw00_bing_000055.png,cha_dam_yen,kw00,1,ชาดำเย็น แก้ว,th,bing,web_scrape,,502,437,1.1487,RGBA,False,False,
cha_dam_yen_kw00_bing_000056.jpg,cha_dam_yen/cha_dam_yen_kw00_bing_000056.jpg,cha_dam_yen,kw00,1,ชาดำเย็น แก้ว,th,bing,web_scrape,,600,600,1.0,RGB,False,True,
cha_dam_yen_kw00_bing_000057.jpg,cha_dam_yen/cha_dam_yen_kw00_bing_000057.jpg,cha_dam_yen,kw00,1,ชาดำเย็น แก้ว,th,bing,web_scrape,,640,537,1.1918,RGB,False,False,
cha_dam_yen_kw00_bing_000058.png,cha_dam_yen/cha_dam_yen_kw00_bing_000058.png,cha_dam_yen,kw00,1,ชาดำเย็น แก้ว,th,bing,web_scrape,,800,800,1.0,RGBA,False,False,
cha_dam_yen_kw00_bing_000060.jpg,cha_dam_yen/cha_dam_yen_kw00_bing_000060.jpg,cha_dam_yen,kw00,1,ชาดำเย็น แก้ว,th,bing,web_scrape,,728,437,1.6659,RGB,False,False,
cha_dam_yen_kw00_bing_000061.jpg,cha_dam_yen/cha_dam_yen_kw00_bing_000061.jpg,cha_dam_yen,kw00,1,ชาดำเย็น แก้ว,th,bing,web_scrape,,1353,714,1.895,RGB,False,False,
cha_dam_yen_kw00_bing_000062.jpg,cha_dam_yen/cha_dam_yen_kw00_bing_000062.jpg,cha_dam_yen,kw00,1,ชาดำเย็น แก้ว,th,bing,web_scrape,,1200,800,1.5,RGB,False,True,
cha_dam_yen_kw00_bing_000063.jpg,cha_dam_yen/cha_dam_yen_kw00_bing_000063.jpg,cha_dam_yen,kw00,1,ชาดำเย็น แก้ว,th,bing,web_scrape,,2560,2560,1.0,RGB,False,False,
cha_dam_yen_kw00_bing_000064.jpg,cha_dam_yen/cha_dam_yen_kw00_bing_000064.jpg,cha_dam_yen,kw00,1,ชาดำเย็น แก้ว,th,bing,web_scrape,,1200,628,1.9108,RGB,False,True,
cha_dam_yen_kw00_bing_000066.jpg,cha_dam_yen/cha_dam_yen_kw00_bing_000066.jpg,cha_dam_yen,kw00,1,ชาดำเย็น แก้ว,th,bing,web_scrape,,1080,1080,1.0,RGB,False,False,
cha_dam_yen_kw00_bing_000069.jpg,cha_dam_yen/cha_dam_yen_kw00_bing_000069.jpg,cha_dam_yen,kw00,1,ชาดำเย็น แก้ว,th,bing,web_scrape,,600,400,1.5,RGB,False,False,
cha_dam_yen_kw00_bing_000070.jpg,cha_dam_yen/cha_dam_yen_kw00_bing_000070.jpg,cha_dam_yen,kw00,1,ชาดำเย็น แก้ว,th,bing,web_scrape,,1080,1080,1.0,RGB,False,True,
cha_dam_yen_kw00_bing_000071.jpg,cha_dam_yen/cha_dam_yen_kw00_bing_000071.jpg,cha_dam_yen,kw00,1,ชาดำเย็น แก้ว,th,bing,web_scrape,,1200,929,1.2917,RGB,False,False,
cha_dam_yen_kw00_bing_000072.jpg,cha_dam_yen/cha_dam_yen_kw00_bing_000072.jpg,cha_dam_yen,kw00,1,ชาดำเย็น แก้ว,th,bing,web_scrape,,1080,1074,1.0056,RGB,False,False,
cha_dam_yen_kw00_bing_000073.jpg,cha_dam_yen/cha_dam_yen_kw00_bing_000073.jpg,cha_dam_yen,kw00,1,ชาดำเย็น แก้ว,th,bing,web_scrape,,1500,875,1.7143,RGB,False,True,
cha_dam_yen_kw00_bing_000075.jpg,cha_dam_yen/cha_dam_yen_kw00_bing_000075.jpg,cha_dam_yen,kw00,1,ชาดำเย็น แก้ว,th,bing,web_scrape,,405,405,1.0,RGB,False,False,
cha_dam_yen_kw00_bing_000079.jpg,cha_dam_yen/cha_dam_yen_kw00_bing_000079.jpg,cha_dam_yen,kw00,1,ชาดำเย็น แก้ว,th,bing,web_scrape,,1080,1080,1.0,RGB,False,True,
cha_dam_yen_kw00_bing_000081.webp,cha_dam_yen/cha_dam_yen_kw00_bing_000081.webp,cha_dam_yen,kw00,1,ชาดำเย็น แก้ว,th,bing,web_scrape,,1024,684,1.4971,RGB,False,False,
cha_dam_yen_kw00_bing_000083.jpg,cha_dam_yen/cha_dam_yen_kw00_bing_000083.jpg,cha_dam_yen,kw00,1,ชาดำเย็น แก้ว,th,bing,web_scrape,,5616,3744,1.5,RGB,False,False,
cha_dam_yen_kw00_bing_000084.jpg,cha_dam_yen/cha_dam_yen_kw00_bing_000084.jpg,cha_dam_yen,kw00,1,ชาดำเย็น แก้ว,th,bing,web_scrape,,960,640,1.5,RGB,False,False,
cha_dam_yen_kw00_bing_000087.jpg,cha_dam_yen/cha_dam_yen_kw00_bing_000087.jpg,cha_dam_yen,kw00,1,ชาดำเย็น แก้ว,th,bing,web_scrape,,1200,929,1.2917,RGB,False,False,
cha_dam_yen_kw00_bing_000088.jpg,cha_dam_yen/cha_dam_yen_kw00_bing_000088.jpg,cha_dam_yen,kw00,1,ชาดำเย็น แก้ว,th,bing,web_scrape,,1200,700,1.7143,RGB,False,False,
cha_dam_yen_kw00_bing_000093.jpg,cha_dam_yen/cha_dam_yen_kw00_bing_000093.jpg,cha_dam_yen,kw00,1,ชาดำเย็น แก้ว,th,bing,web_scrape,,3024,3024,1.0,RGB,False,True,
cha_dam_yen_kw00_bing_000094.jpg,cha_dam_yen/cha_dam_yen_kw00_bing_000094.jpg,cha_dam_yen,kw00,1,ชาดำเย็น แก้ว,th,bing,web_scrape,,1108,1477,0.7502,RGB,False,False,
cha_dam_yen_kw00_bing_000095.webp,cha_dam_yen/cha_dam_yen_kw00_bing_000095.webp,cha_dam_yen,kw00,1,ชาดำเย็น แก้ว,th,bing,web_scrape,,1000,1000,1.0,RGBA,False,False,
cha_dam_yen_kw00_bing_000096.jpg,cha_dam_yen/cha_dam_yen_kw00_bing_000096.jpg,cha_dam_yen,kw00,1,ชาดำเย็น แก้ว,th,bing,web_scrape,,800,800,1.0,RGB,False,False,
cha_dam_yen_kw00_bing_000097.jpg,cha_dam_yen/cha_dam_yen_kw00_bing_000097.jpg,cha_dam_yen,kw00,1,ชาดำเย็น แก้ว,th,bing,web_scrape,,728,483,1.5072,RGB,False,False,
cha_dam_yen_kw00_bing_000101.jpg,cha_dam_yen/cha_dam_yen_kw00_bing_000101.jpg,cha_dam_yen,kw00,1,ชาดำเย็น แก้ว,th,bing,web_scrape,,1440,1920,0.75,RGB,False,False,
cha_dam_yen_kw00_bing_000105.jpg,cha_dam_yen/cha_dam_yen_kw00_bing_000105.jpg,cha_dam_yen,kw00,1,ชาดำเย็น แก้ว,th,bing,web_scrape,,1920,2558,0.7506,RGB,False,True,
cha_dam_yen_kw00_bing_000111.jpg,cha_dam_yen/cha_dam_yen_kw00_bing_000111.jpg,cha_dam_yen,kw00,1,ชาดำเย็น แก้ว,th,bing,web_scrape,,800,800,1.0,RGB,False,False,
cha_dam_yen_kw00_bing_000114.jpg,cha_dam_yen/cha_dam_yen_kw00_bing_000114.jpg,cha_dam_yen,kw00,1,ชาดำเย็น แก้ว,th,bing,web_scrape,,1024,1024,1.0,RGB,False,False,
cha_dam_yen_kw00_bing_000119.jpg,cha_dam_yen/cha_dam_yen_kw00_bing_000119.jpg,cha_dam_yen,kw00,1,ชาดำเย็น แก้ว,th,bing,web_scrape,,800,800,1.0,RGB,False,False,
cha_dam_yen_kw00_bing_000124.jpg,cha_dam_yen/cha_dam_yen_kw00_bing_000124.jpg,cha_dam_yen,kw00,1,ชาดำเย็น แก้ว,th,bing,web_scrape,,1108,1478,0.7497,RGB,False,False,
cha_dam_yen_kw01_bing_000002.jpg,cha_dam_yen/cha_dam_yen_kw01_bing_000002.jpg,cha_dam_yen,kw01,1,ชาดำเย็น ร้านกาแฟ,th,bing,web_scrape,,1440,1920,0.75,RGB,False,False,
cha_dam_yen_kw01_bing_000006.jpg,cha_dam_yen/cha_dam_yen_kw01_bing_000006.jpg,cha_dam_yen,kw01,1,ชาดำเย็น ร้านกาแฟ,th,bing,web_scrape,,1440,1920,0.75,RGB,False,False,
cha_dam_yen_kw01_bing_000007.jpg,cha_dam_yen/cha_dam_yen_kw01_bing_000007.jpg,cha_dam_yen,kw01,1,ชาดำเย็น ร้านกาแฟ,th,bing,web_scrape,,1920,1080,1.7778,RGB,False,False,
cha_dam_yen_kw01_bing_000010.jpg,cha_dam_yen/cha_dam_yen_kw01_bing_000010.jpg,cha_dam_yen,kw01,1,ชาดำเย็น ร้านกาแฟ,th,bing,web_scrape,,512,512,1.0,RGB,False,False,
cha_dam_yen_kw01_bing_000013.jpg,cha_dam_yen/cha_dam_yen_kw01_bing_000013.jpg,cha_dam_yen,kw01,1,ชาดำเย็น ร้านกาแฟ,th,bing,web_scrape,,1440,1920,0.75,RGB,False,False,
cha_dam_yen_kw01_bing_000016.jpg,cha_dam_yen/cha_dam_yen_kw01_bing_000016.jpg,cha_dam_yen,kw01,1,ชาดำเย็น ร้านกาแฟ,th,bing,web_scrape,,420,537,0.7821,RGB,False,False,
cha_dam_yen_kw01_bing_000017.jpg,cha_dam_yen/cha_dam_yen_kw01_bing_000017.jpg,cha_dam_yen,kw01,1,ชาดำเย็น ร้านกาแฟ,th,bing,web_scrape,,1440,1920,0.75,RGB,False,False,
cha_dam_yen_kw01_bing_000018.jpg,cha_dam_yen/cha_dam_yen_kw01_bing_000018.jpg,cha_dam_yen,kw01,1,ชาดำเย็น ร้านกาแฟ,th,bing,web_scrape,,800,800,1.0,RGB,False,False,
cha_dam_yen_kw01_bing_000019.jpg,cha_dam_yen/cha_dam_yen_kw01_bing_000019.jpg,cha_dam_yen,kw01,1,ชาดำเย็น ร้านกาแฟ,th,bing,web_scrape,,1024,1024,1.0,RGB,False,False,
cha_dam_yen_kw01_bing_000020.jpg,cha_dam_yen/cha_dam_yen_kw01_bing_000020.jpg,cha_dam_yen,kw01,1,ชาดำเย็น ร้านกาแฟ,th,bing,web_scrape,,1928,1007,1.9146,RGB,False,False,
cha_dam_yen_kw01_bing_000022.jpg,cha_dam_yen/cha_dam_yen_kw01_bing_000022.jpg,cha_dam_yen,kw01,1,ชาดำเย็น ร้านกาแฟ,th,bing,web_scrape,,1024,1024,1.0,RGB,False,False,
cha_dam_yen_kw01_bing_000023.png,cha_dam_yen/cha_dam_yen_kw01_bing_000023.png,cha_dam_yen,kw01,1,ชาดำเย็น ร้านกาแฟ,th,bing,web_scrape,,1200,1200,1.0,RGBA,False,False,
cha_dam_yen_kw01_bing_000026.png,cha_dam_yen/cha_dam_yen_kw01_bing_000026.png,cha_dam_yen,kw01,1,ชาดำเย็น ร้านกาแฟ,th,bing,web_scrape,,1080,1080,1.0,RGBA,False,False,
cha_dam_yen_kw01_bing_000027.jpg,cha_dam_yen/cha_dam_yen_kw01_bing_000027.jpg,cha_dam_yen,kw01,1,ชาดำเย็น ร้านกาแฟ,th,bing,web_scrape,,512,512,1.0,RGB,False,False,
cha_dam_yen_kw01_bing_000028.jpg,cha_dam_yen/cha_dam_yen_kw01_bing_000028.jpg,cha_dam_yen,kw01,1,ชาดำเย็น ร้านกาแฟ,th,bing,web_scrape,,1900,1415,1.3428,RGB,False,False,
cha_dam_yen_kw01_bing_000030.jpg,cha_dam_yen/cha_dam_yen_kw01_bing_000030.jpg,cha_dam_yen,kw01,1,ชาดำเย็น ร้านกาแฟ,th,bing,web_scrape,,800,800,1.0,RGB,False,False,
cha_dam_yen_kw01_bing_000031.jpg,cha_dam_yen/cha_dam_yen_kw01_bing_000031.jpg,cha_dam_yen,kw01,1,ชาดำเย็น ร้านกาแฟ,th,bing,web_scrape,,1024,1024,1.0,RGB,False,False,
cha_dam_yen_kw01_bing_000032.jpg,cha_dam_yen/cha_dam_yen_kw01_bing_000032.jpg,cha_dam_yen,kw01,1,ชาดำเย็น ร้านกาแฟ,th,bing,web_scrape,,1024,1024,1.0,RGB,False,False,
cha_dam_yen_kw01_bing_000033.jpg,cha_dam_yen/cha_dam_yen_kw01_bing_000033.jpg,cha_dam_yen,kw01,1,ชาดำเย็น ร้านกาแฟ,th,bing,web_scrape,,1024,1024,1.0,RGB,False,False,
cha_dam_yen_kw01_bing_000034.jpg,cha_dam_yen/cha_dam_yen_kw01_bing_000034.jpg,cha_dam_yen,kw01,1,ชาดำเย็น ร้านกาแฟ,th,bing,web_scrape,,4000,2925,1.3675,RGB,False,False,
cha_dam_yen_kw01_bing_000038.jpg,cha_dam_yen/cha_dam_yen_kw01_bing_000038.jpg,cha_dam_yen,kw01,1,ชาดำเย็น ร้านกาแฟ,th,bing,web_scrape,,1024,1024,1.0,RGB,False,False,
cha_dam_yen_kw01_bing_000039.jpg,cha_dam_yen/cha_dam_yen_kw01_bing_000039.jpg,cha_dam_yen,kw01,1,ชาดำเย็น ร้านกาแฟ,th,bing,web_scrape,,2560,1707,1.4997,RGB,True,False,
cha_dam_yen_kw01_bing_000040.jpg,cha_dam_yen/cha_dam_yen_kw01_bing_000040.jpg,cha_dam_yen,kw01,1,ชาดำเย็น ร้านกาแฟ,th,bing,web_scrape,,1248,1664,0.75,RGB,False,False,
cha_dam_yen_kw01_bing_000042.jpg,cha_dam_yen/cha_dam_yen_kw01_bing_000042.jpg,cha_dam_yen,kw01,1,ชาดำเย็น ร้านกาแฟ,th,bing,web_scrape,,1248,1664,0.75,RGB,False,False,
cha_dam_yen_kw01_bing_000043.jpg,cha_dam_yen/cha_dam_yen_kw01_bing_000043.jpg,cha_dam_yen,kw01,1,ชาดำเย็น ร้านกาแฟ,th,bing,web_scrape,,1248,829,1.5054,RGB,False,False,
cha_dam_yen_kw01_bing_000046.png,cha_dam_yen/cha_dam_yen_kw01_bing_000046.png,cha_dam_yen,kw01,1,ชาดำเย็น ร้านกาแฟ,th,bing,web_scrape,,720,720,1.0,RGBA,False,False,
cha_dam_yen_kw01_bing_000047.jpg,cha_dam_yen/cha_dam_yen_kw01_bing_000047.jpg,cha_dam_yen,kw01,1,ชาดำเย็น ร้านกาแฟ,th,bing,web_scrape,,1920,1080,1.7778,RGB,False,False,
cha_dam_yen_kw01_bing_000048.jpg,cha_dam_yen/cha_dam_yen_kw01_bing_000048.jpg,cha_dam_yen,kw01,1,ชาดำเย็น ร้านกาแฟ,th,bing,web_scrape,,512,512,1.0,RGB,False,True,
cha_dam_yen_kw01_bing_000049.png,cha_dam_yen/cha_dam_yen_kw01_bing_000049.png,cha_dam_yen,kw01,1,ชาดำเย็น ร้านกาแฟ,th,bing,web_scrape,,800,951,0.8412,RGBA,False,True,
cha_dam_yen_kw01_bing_000051.jpg,cha_dam_yen/cha_dam_yen_kw01_bing_000051.jpg,cha_dam_yen,kw01,1,ชาดำเย็น ร้านกาแฟ,th,bing,web_scrape,,1425,1900,0.75,RGB,False,False,
cha_dam_yen_kw01_bing_000052.jpg,cha_dam_yen/cha_dam_yen_kw01_bing_000052.jpg,cha_dam_yen,kw01,1,ชาดำเย็น ร้านกาแฟ,th,bing,web_scrape,,1000,1000,1.0,RGB,False,False,
cha_dam_yen_kw01_bing_000053.jpg,cha_dam_yen/cha_dam_yen_kw01_bing_000053.jpg,cha_dam_yen,kw01,1,ชาดำเย็น ร้านกาแฟ,th,bing,web_scrape,,1024,1024,1.0,RGB,False,False,
cha_dam_yen_kw01_bing_000054.jpg,cha_dam_yen/cha_dam_yen_kw01_bing_000054.jpg,cha_dam_yen,kw01,1,ชาดำเย็น ร้านกาแฟ,th,bing,web_scrape,,1024,1024,1.0,RGB,False,False,
cha_dam_yen_kw01_bing_000056.jpg,cha_dam_yen/cha_dam_yen_kw01_bing_000056.jpg,cha_dam_yen,kw01,1,ชาดำเย็น ร้านกาแฟ,th,bing,web_scrape,,1440,1920,0.75,RGB,False,False,
cha_dam_yen_kw01_bing_000057.jpg,cha_dam_yen/cha_dam_yen_kw01_bing_000057.jpg,cha_dam_yen,kw01,1,ชาดำเย็น ร้านกาแฟ,th,bing,web_scrape,,1425,1900,0.75,RGB,False,False,
cha_dam_yen_kw01_bing_000059.jpg,cha_dam_yen/cha_dam_yen_kw01_bing_000059.jpg,cha_dam_yen,kw01,1,ชาดำเย็น ร้านกาแฟ,th,bing,web_scrape,,1024,1024,1.0,RGB,False,False,
cha_dam_yen_kw01_bing_000060.jpg,cha_dam_yen/cha_dam_yen_kw01_bing_000060.jpg,cha_dam_yen,kw01,1,ชาดำเย็น ร้านกาแฟ,th,bing,web_scrape,,1440,1920,0.75,RGB,False,False,
cha_dam_yen_kw01_bing_000061.jpg,cha_dam_yen/cha_dam_yen_kw01_bing_000061.jpg,cha_dam_yen,kw01,1,ชาดำเย็น ร้านกาแฟ,th,bing,web_scrape,,1068,1900,0.5621,RGB,False,False,
cha_dam_yen_kw01_bing_000062.jpg,cha_dam_yen/cha_dam_yen_kw01_bing_000062.jpg,cha_dam_yen,kw01,1,ชาดำเย็น ร้านกาแฟ,th,bing,web_scrape,,720,720,1.0,RGB,False,False,
cha_dam_yen_kw01_bing_000063.jpg,cha_dam_yen/cha_dam_yen_kw01_bing_000063.jpg,cha_dam_yen,kw01,1,ชาดำเย็น ร้านกาแฟ,th,bing,web_scrape,,1080,1080,1.0,RGB,False,False,
cha_dam_yen_kw01_bing_000064.jpg,cha_dam_yen/cha_dam_yen_kw01_bing_000064.jpg,cha_dam_yen,kw01,1,ชาดำเย็น ร้านกาแฟ,th,bing,web_scrape,,554,554,1.0,RGB,False,False,
cha_dam_yen_kw01_bing_000066.jpg,cha_dam_yen/cha_dam_yen_kw01_bing_000066.jpg,cha_dam_yen,kw01,1,ชาดำเย็น ร้านกาแฟ,th,bing,web_scrape,,1080,736,1.4674,RGB,False,False,
cha_dam_yen_kw01_bing_000067.jpg,cha_dam_yen/cha_dam_yen_kw01_bing_000067.jpg,cha_dam_yen,kw01,1,ชาดำเย็น ร้านกาแฟ,th,bing,web_scrape,,1200,628,1.9108,RGB,False,False,
cha_dam_yen_kw01_bing_000069.jpg,cha_dam_yen/cha_dam_yen_kw01_bing_000069.jpg,cha_dam_yen,kw01,1,ชาดำเย็น ร้านกาแฟ,th,bing,web_scrape,,1200,800,1.5,RGB,False,False,
cha_dam_yen_kw01_bing_000071.jpg,cha_dam_yen/cha_dam_yen_kw01_bing_000071.jpg,cha_dam_yen,kw01,1,ชาดำเย็น ร้านกาแฟ,th,bing,web_scrape,,1200,627,1.9139,RGB,False,True,
cha_dam_yen_kw01_bing_000072.jpg,cha_dam_yen/cha_dam_yen_kw01_bing_000072.jpg,cha_dam_yen,kw01,1,ชาดำเย็น ร้านกาแฟ,th,bing,web_scrape,,512,512,1.0,RGB,False,False,
cha_dam_yen_kw01_bing_000073.jpg,cha_dam_yen/cha_dam_yen_kw01_bing_000073.jpg,cha_dam_yen,kw01,1,ชาดำเย็น ร้านกาแฟ,th,bing,web_scrape,,512,512,1.0,RGB,False,False,
cha_dam_yen_kw01_bing_000074.jpg,cha_dam_yen/cha_dam_yen_kw01_bing_000074.jpg,cha_dam_yen,kw01,1,ชาดำเย็น ร้านกาแฟ,th,bing,web_scrape,,512,512,1.0,RGB,False,False,
cha_dam_yen_kw01_bing_000075.jpg,cha_dam_yen/cha_dam_yen_kw01_bing_000075.jpg,cha_dam_yen,kw01,1,ชาดำเย็น ร้านกาแฟ,th,bing,web_scrape,,512,512,1.0,RGB,False,False,
cha_dam_yen_kw01_bing_000076.jpg,cha_dam_yen/cha_dam_yen_kw01_bing_000076.jpg,cha_dam_yen,kw01,1,ชาดำเย็น ร้านกาแฟ,th,bing,web_scrape,,1080,1080,1.0,RGB,False,False,
cha_dam_yen_kw01_bing_000078.webp,cha_dam_yen/cha_dam_yen_kw01_bing_000078.webp,cha_dam_yen,kw01,1,ชาดำเย็น ร้านกาแฟ,th,bing,web_scrape,,1560,2080,0.75,RGB,False,False,
cha_dam_yen_kw01_bing_000079.jpg,cha_dam_yen/cha_dam_yen_kw01_bing_000079.jpg,cha_dam_yen,kw01,1,ชาดำเย็น ร้านกาแฟ,th,bing,web_scrape,,1600,788,2.0305,RGB,False,False,
cha_dam_yen_kw01_bing_000080.jpg,cha_dam_yen/cha_dam_yen_kw01_bing_000080.jpg,cha_dam_yen,kw01,1,ชาดำเย็น ร้านกาแฟ,th,bing,web_scrape,,1920,1080,1.7778,RGB,False,False,
cha_dam_yen_kw01_bing_000081.jpg,cha_dam_yen/cha_dam_yen_kw01_bing_000081.jpg,cha_dam_yen,kw01,1,ชาดำเย็น ร้านกาแฟ,th,bing,web_scrape,,1425,1900,0.75,RGB,False,False,
cha_dam_yen_kw01_bing_000082.jpg,cha_dam_yen/cha_dam_yen_kw01_bing_000082.jpg,cha_dam_yen,kw01,1,ชาดำเย็น ร้านกาแฟ,th,bing,web_scrape,,1109,1479,0.7498,RGB,False,False,
cha_dam_yen_kw01_bing_000084.jpg,cha_dam_yen/cha_dam_yen_kw01_bing_000084.jpg,cha_dam_yen,kw01,1,ชาดำเย็น ร้านกาแฟ,th,bing,web_scrape,,1266,1900,0.6663,RGB,False,False,
cha_dam_yen_kw01_bing_000089.jpg,cha_dam_yen/cha_dam_yen_kw01_bing_000089.jpg,cha_dam_yen,kw01,1,ชาดำเย็น ร้านกาแฟ,th,bing,web_scrape,,1024,1024,1.0,RGB,False,False,
cha_dam_yen_kw01_bing_000091.jpg,cha_dam_yen/cha_dam_yen_kw01_bing_000091.jpg,cha_dam_yen,kw01,1,ชาดำเย็น ร้านกาแฟ,th,bing,web_scrape,,4001,4000,1.0003,RGB,False,True,
cha_dam_yen_kw01_bing_000092.webp,cha_dam_yen/cha_dam_yen_kw01_bing_000092.webp,cha_dam_yen,kw01,1,ชาดำเย็น ร้านกาแฟ,th,bing,web_scrape,,1200,628,1.9108,RGB,False,False,
cha_dam_yen_kw01_bing_000093.jpg,cha_dam_yen/cha_dam_yen_kw01_bing_000093.jpg,cha_dam_yen,kw01,1,ชาดำเย็น ร้านกาแฟ,th,bing,web_scrape,,1072,1264,0.8481,RGB,False,False,
cha_dam_yen_kw01_bing_000095.jpg,cha_dam_yen/cha_dam_yen_kw01_bing_000095.jpg,cha_dam_yen,kw01,1,ชาดำเย็น ร้านกาแฟ,th,bing,web_scrape,,1024,1024,1.0,RGB,False,False,
cha_dam_yen_kw01_bing_000097.jpg,cha_dam_yen/cha_dam_yen_kw01_bing_000097.jpg,cha_dam_yen,kw01,1,ชาดำเย็น ร้านกาแฟ,th,bing,web_scrape,,2048,1365,1.5004,RGB,False,False,
cha_dam_yen_kw01_bing_000099.png,cha_dam_yen/cha_dam_yen_kw01_bing_000099.png,cha_dam_yen,kw01,1,ชาดำเย็น ร้านกาแฟ,th,bing,web_scrape,,1232,928,1.3276,RGB,False,False,
cha_dam_yen_kw01_bing_000100.jpg,cha_dam_yen/cha_dam_yen_kw01_bing_000100.jpg,cha_dam_yen,kw01,1,ชาดำเย็น ร้านกาแฟ,th,bing,web_scrape,,1024,1024,1.0,RGB,False,False,
cha_dam_yen_kw01_bing_000101.webp,cha_dam_yen/cha_dam_yen_kw01_bing_000101.webp,cha_dam_yen,kw01,1,ชาดำเย็น ร้านกาแฟ,th,bing,web_scrape,,1560,2080,0.75,RGB,False,False,
cha_dam_yen_kw01_bing_000102.jpg,cha_dam_yen/cha_dam_yen_kw01_bing_000102.jpg,cha_dam_yen,kw01,1,ชาดำเย็น ร้านกาแฟ,th,bing,web_scrape,,1431,1144,1.2509,RGB,False,False,
cha_dam_yen_kw01_bing_000103.jpg,cha_dam_yen/cha_dam_yen_kw01_bing_000103.jpg,cha_dam_yen,kw01,1,ชาดำเย็น ร้านกาแฟ,th,bing,web_scrape,,750,1281,0.5855,RGB,False,False,
cha_dam_yen_kw01_bing_000105.jpg,cha_dam_yen/cha_dam_yen_kw01_bing_000105.jpg,cha_dam_yen,kw01,1,ชาดำเย็น ร้านกาแฟ,th,bing,web_scrape,,750,1277,0.5873,RGB,False,False,
cha_dam_yen_kw01_bing_000106.jpg,cha_dam_yen/cha_dam_yen_kw01_bing_000106.jpg,cha_dam_yen,kw01,1,ชาดำเย็น ร้านกาแฟ,th,bing,web_scrape,,750,1252,0.599,RGB,False,False,
cha_dam_yen_kw01_bing_000107.jpg,cha_dam_yen/cha_dam_yen_kw01_bing_000107.jpg,cha_dam_yen,kw01,1,ชาดำเย็น ร้านกาแฟ,th,bing,web_scrape,,512,512,1.0,RGB,True,False,
cha_dam_yen_kw01_bing_000108.jpg,cha_dam_yen/cha_dam_yen_kw01_bing_000108.jpg,cha_dam_yen,kw01,1,ชาดำเย็น ร้านกาแฟ,th,bing,web_scrape,,750,1289,0.5818,RGB,False,False,
cha_dam_yen_kw02_bing_000000.jpg,cha_dam_yen/cha_dam_yen_kw02_bing_000000.jpg,cha_dam_yen,kw02,1,ชาดำเย็นไม่ใส่นม,th,bing,web_scrape,,768,768,1.0,RGB,False,False,
cha_dam_yen_kw02_bing_000002.jpg,cha_dam_yen/cha_dam_yen_kw02_bing_000002.jpg,cha_dam_yen,kw02,1,ชาดำเย็นไม่ใส่นม,th,bing,web_scrape,,768,402,1.9104,RGB,False,False,
cha_dam_yen_kw02_bing_000005.jpg,cha_dam_yen/cha_dam_yen_kw02_bing_000005.jpg,cha_dam_yen,kw02,1,ชาดำเย็นไม่ใส่นม,th,bing,web_scrape,,2160,1729,1.2493,RGB,False,False,
cha_dam_yen_kw02_bing_000006.webp,cha_dam_yen/cha_dam_yen_kw02_bing_000006.webp,cha_dam_yen,kw02,1,ชาดำเย็นไม่ใส่นม,th,bing,web_scrape,,500,500,1.0,RGB,False,False,
cha_dam_yen_kw02_bing_000014.jpg,cha_dam_yen/cha_dam_yen_kw02_bing_000014.jpg,cha_dam_yen,kw02,1,ชาดำเย็นไม่ใส่นม,th,bing,web_scrape,,1024,1024,1.0,RGB,False,False,
cha_dam_yen_kw02_bing_000018.jpg,cha_dam_yen/cha_dam_yen_kw02_bing_000018.jpg,cha_dam_yen,kw02,1,ชาดำเย็นไม่ใส่นม,th,bing,web_scrape,,800,800,1.0,RGB,False,False,
cha_dam_yen_kw02_bing_000023.jpg,cha_dam_yen/cha_dam_yen_kw02_bing_000023.jpg,cha_dam_yen,kw02,1,ชาดำเย็นไม่ใส่นม,th,bing,web_scrape,,1200,675,1.7778,RGB,False,False,
cha_dam_yen_kw02_bing_000024.jpg,cha_dam_yen/cha_dam_yen_kw02_bing_000024.jpg,cha_dam_yen,kw02,1,ชาดำเย็นไม่ใส่นม,th,bing,web_scrape,,2245,1587,1.4146,RGB,False,False,
cha_dam_yen_kw02_bing_000027.jpg,cha_dam_yen/cha_dam_yen_kw02_bing_000027.jpg,cha_dam_yen,kw02,1,ชาดำเย็นไม่ใส่นม,th,bing,web_scrape,,5472,3648,1.5,RGB,False,False,
cha_dam_yen_kw02_bing_000029.jpg,cha_dam_yen/cha_dam_yen_kw02_bing_000029.jpg,cha_dam_yen,kw02,1,ชาดำเย็นไม่ใส่นม,th,bing,web_scrape,,800,800,1.0,RGB,False,False,
cha_dam_yen_kw02_bing_000030.webp,cha_dam_yen/cha_dam_yen_kw02_bing_000030.webp,cha_dam_yen,kw02,1,ชาดำเย็นไม่ใส่นม,th,bing,web_scrape,,1654,2206,0.7498,RGB,False,False,
cha_dam_yen_kw02_bing_000032.jpg,cha_dam_yen/cha_dam_yen_kw02_bing_000032.jpg,cha_dam_yen,kw02,1,ชาดำเย็นไม่ใส่นม,th,bing,web_scrape,,960,960,1.0,RGB,False,False,
cha_dam_yen_kw02_bing_000033.webp,cha_dam_yen/cha_dam_yen_kw02_bing_000033.webp,cha_dam_yen,kw02,1,ชาดำเย็นไม่ใส่นม,th,bing,web_scrape,,900,1000,0.9,RGB,False,True,
cha_dam_yen_kw02_bing_000038.jpg,cha_dam_yen/cha_dam_yen_kw02_bing_000038.jpg,cha_dam_yen,kw02,1,ชาดำเย็นไม่ใส่นม,th,bing,web_scrape,,1920,1280,1.5,RGB,False,False,
cha_dam_yen_kw02_bing_000043.jpg,cha_dam_yen/cha_dam_yen_kw02_bing_000043.jpg,cha_dam_yen,kw02,1,ชาดำเย็นไม่ใส่นม,th,bing,web_scrape,,700,366,1.9126,RGB,False,False,
cha_dam_yen_kw02_bing_000046.jpg,cha_dam_yen/cha_dam_yen_kw02_bing_000046.jpg,cha_dam_yen,kw02,1,ชาดำเย็นไม่ใส่นม,th,bing,web_scrape,,683,1024,0.667,RGB,False,False,
cha_dam_yen_kw02_bing_000047.jpg,cha_dam_yen/cha_dam_yen_kw02_bing_000047.jpg,cha_dam_yen,kw02,1,ชาดำเย็นไม่ใส่นม,th,bing,web_scrape,,848,477,1.7778,RGB,False,False,
cha_dam_yen_kw02_bing_000048.jpg,cha_dam_yen/cha_dam_yen_kw02_bing_000048.jpg,cha_dam_yen,kw02,1,ชาดำเย็นไม่ใส่นม,th,bing,web_scrape,,1024,576,1.7778,RGB,False,True,
cha_dam_yen_kw02_bing_000049.webp,cha_dam_yen/cha_dam_yen_kw02_bing_000049.webp,cha_dam_yen,kw02,1,ชาดำเย็นไม่ใส่นม,th,bing,web_scrape,,1200,628,1.9108,RGB,False,False,
cha_dam_yen_kw02_bing_000050.jpg,cha_dam_yen/cha_dam_yen_kw02_bing_000050.jpg,cha_dam_yen,kw02,1,ชาดำเย็นไม่ใส่นม,th,bing,web_scrape,,614,614,1.0,RGB,False,False,
cha_dam_yen_kw02_bing_000051.jpg,cha_dam_yen/cha_dam_yen_kw02_bing_000051.jpg,cha_dam_yen,kw02,1,ชาดำเย็นไม่ใส่นม,th,bing,web_scrape,,600,600,1.0,RGB,False,False,
cha_dam_yen_kw02_bing_000052.jpg,cha_dam_yen/cha_dam_yen_kw02_bing_000052.jpg,cha_dam_yen,kw02,1,ชาดำเย็นไม่ใส่นม,th,bing,web_scrape,,500,750,0.6667,RGB,False,True,
cha_dam_yen_kw02_bing_000056.webp,cha_dam_yen/cha_dam_yen_kw02_bing_000056.webp,cha_dam_yen,kw02,1,ชาดำเย็นไม่ใส่นม,th,bing,web_scrape,,1024,1024,1.0,RGB,False,False,
cha_dam_yen_kw02_bing_000057.jpg,cha_dam_yen/cha_dam_yen_kw02_bing_000057.jpg,cha_dam_yen,kw02,1,ชาดำเย็นไม่ใส่นม,th,bing,web_scrape,,1440,1920,0.75,RGB,False,False,
cha_dam_yen_kw02_bing_000058.png,cha_dam_yen/cha_dam_yen_kw02_bing_000058.png,cha_dam_yen,kw02,1,ชาดำเย็นไม่ใส่นม,th,bing,web_scrape,,675,675,1.0,P,False,True,
cha_dam_yen_kw02_bing_000060.jpg,cha_dam_yen/cha_dam_yen_kw02_bing_000060.jpg,cha_dam_yen,kw02,1,ชาดำเย็นไม่ใส่นม,th,bing,web_scrape,,1536,2048,0.75,RGB,False,False,
cha_dam_yen_kw02_bing_000061.jpg,cha_dam_yen/cha_dam_yen_kw02_bing_000061.jpg,cha_dam_yen,kw02,1,ชาดำเย็นไม่ใส่นม,th,bing,web_scrape,,1200,675,1.7778,RGB,False,False,
cha_dam_yen_kw02_bing_000064.jpg,cha_dam_yen/cha_dam_yen_kw02_bing_000064.jpg,cha_dam_yen,kw02,1,ชาดำเย็นไม่ใส่นม,th,bing,web_scrape,,540,400,1.35,RGB,False,False,
cha_dam_yen_kw02_bing_000065.webp,cha_dam_yen/cha_dam_yen_kw02_bing_000065.webp,cha_dam_yen,kw02,1,ชาดำเย็นไม่ใส่นม,th,bing,web_scrape,,750,750,1.0,RGBA,False,False,
cha_dam_yen_kw02_bing_000066.jpg,cha_dam_yen/cha_dam_yen_kw02_bing_000066.jpg,cha_dam_yen,kw02,1,ชาดำเย็นไม่ใส่นม,th,bing,web_scrape,,800,800,1.0,RGB,False,True,
cha_dam_yen_kw02_bing_000067.jpg,cha_dam_yen/cha_dam_yen_kw02_bing_000067.jpg,cha_dam_yen,kw02,1,ชาดำเย็นไม่ใส่นม,th,bing,web_scrape,,720,720,1.0,RGB,False,False,
cha_dam_yen_kw02_bing_000068.jpg,cha_dam_yen/cha_dam_yen_kw02_bing_000068.jpg,cha_dam_yen,kw02,1,ชาดำเย็นไม่ใส่นม,th,bing,web_scrape,,800,800,1.0,RGB,False,False,
cha_dam_yen_kw02_bing_000069.jpg,cha_dam_yen/cha_dam_yen_kw02_bing_000069.jpg,cha_dam_yen,kw02,1,ชาดำเย็นไม่ใส่นม,th,bing,web_scrape,,1080,1080,1.0,RGB,False,False,
cha_dam_yen_kw02_bing_000070.jpg,cha_dam_yen/cha_dam_yen_kw02_bing_000070.jpg,cha_dam_yen,kw02,1,ชาดำเย็นไม่ใส่นม,th,bing,web_scrape,,960,538,1.7844,RGB,False,True,
cha_dam_yen_kw02_bing_000071.webp,cha_dam_yen/cha_dam_yen_kw02_bing_000071.webp,cha_dam_yen,kw02,1,ชาดำเย็นไม่ใส่นม,th,bing,web_scrape,,500,500,1.0,RGB,False,False,
cha_dam_yen_kw02_bing_000072.jpg,cha_dam_yen/cha_dam_yen_kw02_bing_000072.jpg,cha_dam_yen,kw02,1,ชาดำเย็นไม่ใส่นม,th,bing,web_scrape,,2048,1536,1.3333,RGB,False,False,
cha_dam_yen_kw02_bing_000073.jpg,cha_dam_yen/cha_dam_yen_kw02_bing_000073.jpg,cha_dam_yen,kw02,1,ชาดำเย็นไม่ใส่นม,th,bing,web_scrape,,1440,1920,0.75,RGB,False,False,
cha_dam_yen_kw02_bing_000074.jpg,cha_dam_yen/cha_dam_yen_kw02_bing_000074.jpg,cha_dam_yen,kw02,1,ชาดำเย็นไม่ใส่นม,th,bing,web_scrape,,800,534,1.4981,RGB,False,False,
cha_dam_yen_kw02_bing_000076.png,cha_dam_yen/cha_dam_yen_kw02_bing_000076.png,cha_dam_yen,kw02,1,ชาดำเย็นไม่ใส่นม,th,bing,web_scrape,,800,800,1.0,RGBA,False,False,
cha_dam_yen_kw02_bing_000077.jpg,cha_dam_yen/cha_dam_yen_kw02_bing_000077.jpg,cha_dam_yen,kw02,1,ชาดำเย็นไม่ใส่นม,th,bing,web_scrape,,2953,2953,1.0,RGB,False,True,
cha_dam_yen_kw02_bing_000078.jpg,cha_dam_yen/cha_dam_yen_kw02_bing_000078.jpg,cha_dam_yen,kw02,1,ชาดำเย็นไม่ใส่นม,th,bing,web_scrape,,640,640,1.0,RGB,False,True,
cha_dam_yen_kw02_bing_000079.jpg,cha_dam_yen/cha_dam_yen_kw02_bing_000079.jpg,cha_dam_yen,kw02,1,ชาดำเย็นไม่ใส่นม,th,bing,web_scrape,,960,960,1.0,RGB,False,False,
cha_dam_yen_kw02_bing_000080.jpg,cha_dam_yen/cha_dam_yen_kw02_bing_000080.jpg,cha_dam_yen,kw02,1,ชาดำเย็นไม่ใส่นม,th,bing,web_scrape,,1000,1000,1.0,RGB,False,False,
cha_dam_yen_kw02_bing_000082.webp,cha_dam_yen/cha_dam_yen_kw02_bing_000082.webp,cha_dam_yen,kw02,1,ชาดำเย็นไม่ใส่นม,th,bing,web_scrape,,720,960,0.75,RGB,False,False,
cha_dam_yen_kw02_bing_000083.jpg,cha_dam_yen/cha_dam_yen_kw02_bing_000083.jpg,cha_dam_yen,kw02,1,ชาดำเย็นไม่ใส่นม,th,bing,web_scrape,,736,1308,0.5627,RGB,False,True,
cha_dam_yen_kw02_bing_000084.jpg,cha_dam_yen/cha_dam_yen_kw02_bing_000084.jpg,cha_dam_yen,kw02,1,ชาดำเย็นไม่ใส่นม,th,bing,web_scrape,,800,640,1.25,RGB,False,False,
cha_dam_yen_kw02_bing_000086.webp,cha_dam_yen/cha_dam_yen_kw02_bing_000086.webp,cha_dam_yen,kw02,1,ชาดำเย็นไม่ใส่นม,th,bing,web_scrape,,720,960,0.75,RGB,False,False,
cha_dam_yen_kw02_bing_000087.jpg,cha_dam_yen/cha_dam_yen_kw02_bing_000087.jpg,cha_dam_yen,kw02,1,ชาดำเย็นไม่ใส่นม,th,bing,web_scrape,,800,800,1.0,RGB,False,True,
cha_dam_yen_kw02_bing_000088.jpg,cha_dam_yen/cha_dam_yen_kw02_bing_000088.jpg,cha_dam_yen,kw02,1,ชาดำเย็นไม่ใส่นม,th,bing,web_scrape,,1500,877,1.7104,RGB,False,True,
cha_dam_yen_kw02_bing_000089.jpg,cha_dam_yen/cha_dam_yen_kw02_bing_000089.jpg,cha_dam_yen,kw02,1,ชาดำเย็นไม่ใส่นม,th,bing,web_scrape,,1166,1172,0.9949,RGB,False,False,
cha_dam_yen_kw02_bing_000092.webp,cha_dam_yen/cha_dam_yen_kw02_bing_000092.webp,cha_dam_yen,kw02,1,ชาดำเย็นไม่ใส่นม,th,bing,web_scrape,,1656,1656,1.0,RGB,False,False,
cha_dam_yen_kw03_bing_000000.jpg,cha_dam_yen/cha_dam_yen_kw03_bing_000000.jpg,cha_dam_yen,kw03,1,thai iced black tea glass,en,bing,web_scrape,,601,900,0.6678,RGB,False,False,
cha_dam_yen_kw03_bing_000001.jpg,cha_dam_yen/cha_dam_yen_kw03_bing_000001.jpg,cha_dam_yen,kw03,1,thai iced black tea glass,en,bing,web_scrape,,576,865,0.6659,RGB,False,False,
cha_dam_yen_kw03_bing_000002.jpg,cha_dam_yen/cha_dam_yen_kw03_bing_000002.jpg,cha_dam_yen,kw03,1,thai iced black tea glass,en,bing,web_scrape,,1200,1800,0.6667,RGB,False,False,
cha_dam_yen_kw03_bing_000003.jpg,cha_dam_yen/cha_dam_yen_kw03_bing_000003.jpg,cha_dam_yen,kw03,1,thai iced black tea glass,en,bing,web_scrape,,600,900,0.6667,RGB,False,False,
cha_dam_yen_kw03_bing_000005.jpg,cha_dam_yen/cha_dam_yen_kw03_bing_000005.jpg,cha_dam_yen,kw03,1,thai iced black tea glass,en,bing,web_scrape,,801,1200,0.6675,RGB,False,False,
cha_dam_yen_kw03_bing_000006.jpg,cha_dam_yen/cha_dam_yen_kw03_bing_000006.jpg,cha_dam_yen,kw03,1,thai iced black tea glass,en,bing,web_scrape,,626,417,1.5012,RGB,False,False,
cha_dam_yen_kw03_bing_000007.jpg,cha_dam_yen/cha_dam_yen_kw03_bing_000007.jpg,cha_dam_yen,kw03,1,thai iced black tea glass,en,bing,web_scrape,,612,408,1.5,RGB,False,False,
cha_dam_yen_kw03_bing_000008.jpg,cha_dam_yen/cha_dam_yen_kw03_bing_000008.jpg,cha_dam_yen,kw03,1,thai iced black tea glass,en,bing,web_scrape,,683,1024,0.667,RGB,False,False,
cha_dam_yen_kw03_bing_000009.jpg,cha_dam_yen/cha_dam_yen_kw03_bing_000009.jpg,cha_dam_yen,kw03,1,thai iced black tea glass,en,bing,web_scrape,,800,533,1.5009,RGB,False,False,
cha_dam_yen_kw03_bing_000010.jpg,cha_dam_yen/cha_dam_yen_kw03_bing_000010.jpg,cha_dam_yen,kw03,1,thai iced black tea glass,en,bing,web_scrape,,667,1000,0.667,RGB,False,False,
cha_dam_yen_kw03_bing_000011.jpg,cha_dam_yen/cha_dam_yen_kw03_bing_000011.jpg,cha_dam_yen,kw03,1,thai iced black tea glass,en,bing,web_scrape,,1200,1800,0.6667,RGB,False,False,
cha_dam_yen_kw03_bing_000012.jpg,cha_dam_yen/cha_dam_yen_kw03_bing_000012.jpg,cha_dam_yen,kw03,1,thai iced black tea glass,en,bing,web_scrape,,626,417,1.5012,RGB,False,False,
cha_dam_yen_kw03_bing_000013.jpg,cha_dam_yen/cha_dam_yen_kw03_bing_000013.jpg,cha_dam_yen,kw03,1,thai iced black tea glass,en,bing,web_scrape,,800,534,1.4981,RGB,False,False,
cha_dam_yen_kw03_bing_000016.jpg,cha_dam_yen/cha_dam_yen_kw03_bing_000016.jpg,cha_dam_yen,kw03,1,thai iced black tea glass,en,bing,web_scrape,,626,417,1.5012,RGB,False,False,
cha_dam_yen_kw03_bing_000018.jpg,cha_dam_yen/cha_dam_yen_kw03_bing_000018.jpg,cha_dam_yen,kw03,1,thai iced black tea glass,en,bing,web_scrape,,600,900,0.6667,RGB,False,False,
cha_dam_yen_kw03_bing_000020.jpg,cha_dam_yen/cha_dam_yen_kw03_bing_000020.jpg,cha_dam_yen,kw03,1,thai iced black tea glass,en,bing,web_scrape,,1456,1820,0.8,RGB,False,False,
cha_dam_yen_kw03_bing_000021.jpg,cha_dam_yen/cha_dam_yen_kw03_bing_000021.jpg,cha_dam_yen,kw03,1,thai iced black tea glass,en,bing,web_scrape,,626,358,1.7486,RGB,False,False,
cha_dam_yen_kw03_bing_000022.jpg,cha_dam_yen/cha_dam_yen_kw03_bing_000022.jpg,cha_dam_yen,kw03,1,thai iced black tea glass,en,bing,web_scrape,,1600,1600,1.0,RGB,False,False,
cha_dam_yen_kw03_bing_000024.jpg,cha_dam_yen/cha_dam_yen_kw03_bing_000024.jpg,cha_dam_yen,kw03,1,thai iced black tea glass,en,bing,web_scrape,,459,612,0.75,RGB,False,False,
cha_dam_yen_kw03_bing_000025.jpg,cha_dam_yen/cha_dam_yen_kw03_bing_000025.jpg,cha_dam_yen,kw03,1,thai iced black tea glass,en,bing,web_scrape,,626,626,1.0,RGB,False,False,
cha_dam_yen_kw03_bing_000028.jpg,cha_dam_yen/cha_dam_yen_kw03_bing_000028.jpg,cha_dam_yen,kw03,1,thai iced black tea glass,en,bing,web_scrape,,1200,1800,0.6667,RGB,False,False,
cha_dam_yen_kw03_bing_000029.jpg,cha_dam_yen/cha_dam_yen_kw03_bing_000029.jpg,cha_dam_yen,kw03,1,thai iced black tea glass,en,bing,web_scrape,,626,626,1.0,RGB,False,False,
cha_dam_yen_kw03_bing_000031.jpg,cha_dam_yen/cha_dam_yen_kw03_bing_000031.jpg,cha_dam_yen,kw03,1,thai iced black tea glass,en,bing,web_scrape,,2116,1405,1.506,RGB,False,False,
cha_dam_yen_kw03_bing_000032.webp,cha_dam_yen/cha_dam_yen_kw03_bing_000032.webp,cha_dam_yen,kw03,1,thai iced black tea glass,en,bing,web_scrape,,1024,1024,1.0,RGB,False,False,
cha_dam_yen_kw03_bing_000033.jpg,cha_dam_yen/cha_dam_yen_kw03_bing_000033.jpg,cha_dam_yen,kw03,1,thai iced black tea glass,en,bing,web_scrape,,612,400,1.53,RGB,False,False,
cha_dam_yen_kw03_bing_000035.jpg,cha_dam_yen/cha_dam_yen_kw03_bing_000035.jpg,cha_dam_yen,kw03,1,thai iced black tea glass,en,bing,web_scrape,,1456,2049,0.7106,RGB,False,False,
cha_dam_yen_kw03_bing_000036.jpg,cha_dam_yen/cha_dam_yen_kw03_bing_000036.jpg,cha_dam_yen,kw03,1,thai iced black tea glass,en,bing,web_scrape,,1500,1000,1.5,RGB,False,False,
cha_dam_yen_kw03_bing_000037.jpg,cha_dam_yen/cha_dam_yen_kw03_bing_000037.jpg,cha_dam_yen,kw03,1,thai iced black tea glass,en,bing,web_scrape,,780,438,1.7808,RGB,False,False,
cha_dam_yen_kw03_bing_000038.jpg,cha_dam_yen/cha_dam_yen_kw03_bing_000038.jpg,cha_dam_yen,kw03,1,thai iced black tea glass,en,bing,web_scrape,,4000,2667,1.4998,RGB,False,False,
cha_dam_yen_kw03_bing_000039.jpg,cha_dam_yen/cha_dam_yen_kw03_bing_000039.jpg,cha_dam_yen,kw03,1,thai iced black tea glass,en,bing,web_scrape,,665,900,0.7389,RGB,False,False,
cha_dam_yen_kw03_bing_000040.png,cha_dam_yen/cha_dam_yen_kw03_bing_000040.png,cha_dam_yen,kw03,1,thai iced black tea glass,en,bing,web_scrape,,900,900,1.0,P,False,False,
cha_dam_yen_kw03_bing_000041.jpg,cha_dam_yen/cha_dam_yen_kw03_bing_000041.jpg,cha_dam_yen,kw03,1,thai iced black tea glass,en,bing,web_scrape,,1300,956,1.3598,RGB,False,False,
cha_dam_yen_kw03_bing_000044.jpg,cha_dam_yen/cha_dam_yen_kw03_bing_000044.jpg,cha_dam_yen,kw03,1,thai iced black tea glass,en,bing,web_scrape,,600,900,0.6667,RGB,False,False,
cha_dam_yen_kw03_bing_000050.jpg,cha_dam_yen/cha_dam_yen_kw03_bing_000050.jpg,cha_dam_yen,kw03,1,thai iced black tea glass,en,bing,web_scrape,,626,417,1.5012,RGB,False,False,
cha_dam_yen_kw03_bing_000051.jpg,cha_dam_yen/cha_dam_yen_kw03_bing_000051.jpg,cha_dam_yen,kw03,1,thai iced black tea glass,en,bing,web_scrape,,626,417,1.5012,RGB,False,False,
cha_dam_yen_kw03_bing_000052.jpg,cha_dam_yen/cha_dam_yen_kw03_bing_000052.jpg,cha_dam_yen,kw03,1,thai iced black tea glass,en,bing,web_scrape,,1200,1800,0.6667,RGB,False,False,
cha_dam_yen_kw03_bing_000053.jpg,cha_dam_yen/cha_dam_yen_kw03_bing_000053.jpg,cha_dam_yen,kw03,1,thai iced black tea glass,en,bing,web_scrape,,1200,1800,0.6667,RGB,False,False,
cha_dam_yen_kw03_bing_000054.jpg,cha_dam_yen/cha_dam_yen_kw03_bing_000054.jpg,cha_dam_yen,kw03,1,thai iced black tea glass,en,bing,web_scrape,,626,417,1.5012,RGB,False,False,
cha_dam_yen_kw03_bing_000055.jpg,cha_dam_yen/cha_dam_yen_kw03_bing_000055.jpg,cha_dam_yen,kw03,1,thai iced black tea glass,en,bing,web_scrape,,1200,1800,0.6667,RGB,False,False,
cha_dam_yen_kw03_bing_000057.jpg,cha_dam_yen/cha_dam_yen_kw03_bing_000057.jpg,cha_dam_yen,kw03,1,thai iced black tea glass,en,bing,web_scrape,,800,800,1.0,RGB,False,False,
cha_dam_yen_kw03_bing_000058.png,cha_dam_yen/cha_dam_yen_kw03_bing_000058.png,cha_dam_yen,kw03,1,thai iced black tea glass,en,bing,web_scrape,,512,512,1.0,RGB,False,False,
cha_dam_yen_kw03_bing_000060.jpg,cha_dam_yen/cha_dam_yen_kw03_bing_000060.jpg,cha_dam_yen,kw03,1,thai iced black tea glass,en,bing,web_scrape,,800,450,1.7778,RGB,False,False,
cha_dam_yen_kw03_bing_000062.jpg,cha_dam_yen/cha_dam_yen_kw03_bing_000062.jpg,cha_dam_yen,kw03,1,thai iced black tea glass,en,bing,web_scrape,,1300,956,1.3598,RGB,False,False,
cha_dam_yen_kw03_bing_000063.jpg,cha_dam_yen/cha_dam_yen_kw03_bing_000063.jpg,cha_dam_yen,kw03,1,thai iced black tea glass,en,bing,web_scrape,,1213,662,1.8323,RGB,False,False,
cha_dam_yen_kw03_bing_000064.jpg,cha_dam_yen/cha_dam_yen_kw03_bing_000064.jpg,cha_dam_yen,kw03,1,thai iced black tea glass,en,bing,web_scrape,,350,350,1.0,RGB,False,False,
cha_dam_yen_kw03_bing_000065.jpg,cha_dam_yen/cha_dam_yen_kw03_bing_000065.jpg,cha_dam_yen,kw03,1,thai iced black tea glass,en,bing,web_scrape,,1300,1907,0.6817,RGB,False,False,
cha_dam_yen_kw03_bing_000068.png,cha_dam_yen/cha_dam_yen_kw03_bing_000068.png,cha_dam_yen,kw03,1,thai iced black tea glass,en,bing,web_scrape,,906,603,1.5025,RGBA,False,False,
cha_dam_yen_kw03_bing_000069.jpg,cha_dam_yen/cha_dam_yen_kw03_bing_000069.jpg,cha_dam_yen,kw03,1,thai iced black tea glass,en,bing,web_scrape,,1280,720,1.7778,RGB,False,False,
cha_dam_yen_kw03_bing_000070.jpg,cha_dam_yen/cha_dam_yen_kw03_bing_000070.jpg,cha_dam_yen,kw03,1,thai iced black tea glass,en,bing,web_scrape,,800,534,1.4981,RGB,False,False,
cha_dam_yen_kw03_bing_000071.jpg,cha_dam_yen/cha_dam_yen_kw03_bing_000071.jpg,cha_dam_yen,kw03,1,thai iced black tea glass,en,bing,web_scrape,,720,1080,0.6667,RGB,False,False,
cha_dam_yen_kw03_bing_000072.jpg,cha_dam_yen/cha_dam_yen_kw03_bing_000072.jpg,cha_dam_yen,kw03,1,thai iced black tea glass,en,bing,web_scrape,,626,458,1.3668,RGB,False,False,
cha_dam_yen_kw03_bing_000073.jpg,cha_dam_yen/cha_dam_yen_kw03_bing_000073.jpg,cha_dam_yen,kw03,1,thai iced black tea glass,en,bing,web_scrape,,1182,1182,1.0,RGB,False,False,
cha_dam_yen_kw03_bing_000074.jpg,cha_dam_yen/cha_dam_yen_kw03_bing_000074.jpg,cha_dam_yen,kw03,1,thai iced black tea glass,en,bing,web_scrape,,1200,675,1.7778,RGB,False,False,
cha_dam_yen_kw03_bing_000076.jpg,cha_dam_yen/cha_dam_yen_kw03_bing_000076.jpg,cha_dam_yen,kw03,1,thai iced black tea glass,en,bing,web_scrape,,1000,1000,1.0,RGB,False,False,
cha_dam_yen_kw03_bing_000077.jpg,cha_dam_yen/cha_dam_yen_kw03_bing_000077.jpg,cha_dam_yen,kw03,1,thai iced black tea glass,en,bing,web_scrape,,1117,1390,0.8036,RGB,False,False,
cha_dam_yen_kw03_bing_000081.png,cha_dam_yen/cha_dam_yen_kw03_bing_000081.png,cha_dam_yen,kw03,1,thai iced black tea glass,en,bing,web_scrape,,1200,1200,1.0,P,False,False,
cha_dam_yen_kw03_bing_000082.jpg,cha_dam_yen/cha_dam_yen_kw03_bing_000082.jpg,cha_dam_yen,kw03,1,thai iced black tea glass,en,bing,web_scrape,,2100,1200,1.75,RGB,False,False,
cha_dam_yen_kw03_bing_000083.jpg,cha_dam_yen/cha_dam_yen_kw03_bing_000083.jpg,cha_dam_yen,kw03,1,thai iced black tea glass,en,bing,web_scrape,,768,512,1.5,RGB,False,False,
cha_dam_yen_kw03_bing_000086.jpg,cha_dam_yen/cha_dam_yen_kw03_bing_000086.jpg,cha_dam_yen,kw03,1,thai iced black tea glass,en,bing,web_scrape,,1500,1000,1.5,RGB,False,False,
cha_dam_yen_kw03_bing_000087.jpg,cha_dam_yen/cha_dam_yen_kw03_bing_000087.jpg,cha_dam_yen,kw03,1,thai iced black tea glass,en,bing,web_scrape,,740,1110,0.6667,RGB,False,False,
cha_dam_yen_kw03_bing_000088.png,cha_dam_yen/cha_dam_yen_kw03_bing_000088.png,cha_dam_yen,kw03,1,thai iced black tea glass,en,bing,web_scrape,,907,672,1.3497,RGBA,False,False,
cha_dam_yen_kw03_bing_000089.webp,cha_dam_yen/cha_dam_yen_kw03_bing_000089.webp,cha_dam_yen,kw03,1,thai iced black tea glass,en,bing,web_scrape,,1024,1024,1.0,RGB,False,False,
cha_dam_yen_kw03_bing_000090.jpg,cha_dam_yen/cha_dam_yen_kw03_bing_000090.jpg,cha_dam_yen,kw03,1,thai iced black tea glass,en,bing,web_scrape,,550,730,0.7534,RGB,False,False,
cha_dam_yen_kw03_bing_000091.jpg,cha_dam_yen/cha_dam_yen_kw03_bing_000091.jpg,cha_dam_yen,kw03,1,thai iced black tea glass,en,bing,web_scrape,,800,800,1.0,RGB,False,False,
cha_dam_yen_kw03_bing_000092.jpg,cha_dam_yen/cha_dam_yen_kw03_bing_000092.jpg,cha_dam_yen,kw03,1,thai iced black tea glass,en,bing,web_scrape,,1080,1080,1.0,RGB,False,False,
cha_dam_yen_kw03_bing_000095.jpg,cha_dam_yen/cha_dam_yen_kw03_bing_000095.jpg,cha_dam_yen,kw03,1,thai iced black tea glass,en,bing,web_scrape,,500,500,1.0,RGB,False,False,
cha_dam_yen_kw03_bing_000097.jpg,cha_dam_yen/cha_dam_yen_kw03_bing_000097.jpg,cha_dam_yen,kw03,1,thai iced black tea glass,en,bing,web_scrape,,1200,1200,1.0,RGB,False,False,
cha_dam_yen_kw03_bing_000098.jpg,cha_dam_yen/cha_dam_yen_kw03_bing_000098.jpg,cha_dam_yen,kw03,1,thai iced black tea glass,en,bing,web_scrape,,1024,1024,1.0,RGB,False,False,
cha_dam_yen_kw03_bing_000099.jpg,cha_dam_yen/cha_dam_yen_kw03_bing_000099.jpg,cha_dam_yen,kw03,1,thai iced black tea glass,en,bing,web_scrape,,810,1080,0.75,RGB,False,False,
cha_dam_yen_kw03_bing_000101.jpg,cha_dam_yen/cha_dam_yen_kw03_bing_000101.jpg,cha_dam_yen,kw03,1,thai iced black tea glass,en,bing,web_scrape,,900,900,1.0,RGB,False,False,
cha_dam_yen_kw03_bing_000103.jpg,cha_dam_yen/cha_dam_yen_kw03_bing_000103.jpg,cha_dam_yen,kw03,1,thai iced black tea glass,en,bing,web_scrape,,576,384,1.5,RGB,False,False,
cha_dam_yen_kw03_bing_000104.png,cha_dam_yen/cha_dam_yen_kw03_bing_000104.png,cha_dam_yen,kw03,1,thai iced black tea glass,en,bing,web_scrape,,576,576,1.0,P,False,False,
cha_dam_yen_kw03_bing_000105.jpg,cha_dam_yen/cha_dam_yen_kw03_bing_000105.jpg,cha_dam_yen,kw03,1,thai iced black tea glass,en,bing,web_scrape,,1464,600,2.44,RGB,False,False,
cha_dam_yen_kw03_baidu_000001.jpg,cha_dam_yen/cha_dam_yen_kw03_baidu_000001.jpg,cha_dam_yen,kw03,1,thai iced black tea glass,en,baidu,web_scrape,,1500,1101,1.3624,RGB,False,False,
cha_dam_yen_kw03_baidu_000003.jpg,cha_dam_yen/cha_dam_yen_kw03_baidu_000003.jpg,cha_dam_yen,kw03,1,thai iced black tea glass,en,baidu,web_scrape,,993,1600,0.6206,RGB,False,False,
cha_dam_yen_kw03_baidu_000004.jpg,cha_dam_yen/cha_dam_yen_kw03_baidu_000004.jpg,cha_dam_yen,kw03,1,thai iced black tea glass,en,baidu,web_scrape,,1001,1600,0.6256,RGB,False,False,
cha_dam_yen_kw03_baidu_000005.jpg,cha_dam_yen/cha_dam_yen_kw03_baidu_000005.jpg,cha_dam_yen,kw03,1,thai iced black tea glass,en,baidu,web_scrape,,1074,1600,0.6713,RGB,False,False,
cha_dam_yen_kw03_baidu_000006.jpg,cha_dam_yen/cha_dam_yen_kw03_baidu_000006.jpg,cha_dam_yen,kw03,1,thai iced black tea glass,en,baidu,web_scrape,,1500,1203,1.2469,RGB,False,False,
cha_dam_yen_kw03_baidu_000007.jpg,cha_dam_yen/cha_dam_yen_kw03_baidu_000007.jpg,cha_dam_yen,kw03,1,thai iced black tea glass,en,baidu,web_scrape,,1600,1600,1.0,RGB,False,False,
cha_dam_yen_kw03_baidu_000009.jpg,cha_dam_yen/cha_dam_yen_kw03_baidu_000009.jpg,cha_dam_yen,kw03,1,thai iced black tea glass,en,baidu,web_scrape,,1500,1101,1.3624,RGB,False,False,
cha_dam_yen_kw03_baidu_000010.jpg,cha_dam_yen/cha_dam_yen_kw03_baidu_000010.jpg,cha_dam_yen,kw03,1,thai iced black tea glass,en,baidu,web_scrape,,1040,1600,0.65,RGB,False,False,
cha_dam_yen_kw03_baidu_000011.jpg,cha_dam_yen/cha_dam_yen_kw03_baidu_000011.jpg,cha_dam_yen,kw03,1,thai iced black tea glass,en,baidu,web_scrape,,1500,1101,1.3624,RGB,False,False,
cha_dam_yen_kw03_baidu_000013.jpg,cha_dam_yen/cha_dam_yen_kw03_baidu_000013.jpg,cha_dam_yen,kw03,1,thai iced black tea glass,en,baidu,web_scrape,,1500,1101,1.3624,RGB,False,False,
cha_dam_yen_kw03_baidu_000014.jpg,cha_dam_yen/cha_dam_yen_kw03_baidu_000014.jpg,cha_dam_yen,kw03,1,thai iced black tea glass,en,baidu,web_scrape,,1500,1102,1.3612,RGB,False,False,
cha_dam_yen_kw03_baidu_000015.jpg,cha_dam_yen/cha_dam_yen_kw03_baidu_000015.jpg,cha_dam_yen,kw03,1,thai iced black tea glass,en,baidu,web_scrape,,1500,1236,1.2136,RGB,False,False,
cha_dam_yen_kw03_baidu_000016.jpg,cha_dam_yen/cha_dam_yen_kw03_baidu_000016.jpg,cha_dam_yen,kw03,1,thai iced black tea glass,en,baidu,web_scrape,,1001,1600,0.6256,RGB,False,False,
cha_dam_yen_kw03_baidu_000017.jpg,cha_dam_yen/cha_dam_yen_kw03_baidu_000017.jpg,cha_dam_yen,kw03,1,thai iced black tea glass,en,baidu,web_scrape,,1500,1149,1.3055,RGB,False,False,
cha_dam_yen_kw03_baidu_000019.jpg,cha_dam_yen/cha_dam_yen_kw03_baidu_000019.jpg,cha_dam_yen,kw03,1,thai iced black tea glass,en,baidu,web_scrape,,1001,1600,0.6256,RGB,False,False,
cha_dam_yen_kw03_baidu_000020.jpg,cha_dam_yen/cha_dam_yen_kw03_baidu_000020.jpg,cha_dam_yen,kw03,1,thai iced black tea glass,en,baidu,web_scrape,,1500,1101,1.3624,RGB,False,False,
cha_dam_yen_kw03_baidu_000021.jpg,cha_dam_yen/cha_dam_yen_kw03_baidu_000021.jpg,cha_dam_yen,kw03,1,thai iced black tea glass,en,baidu,web_scrape,,993,1600,0.6206,RGB,False,False,
cha_dam_yen_kw03_baidu_000022.jpg,cha_dam_yen/cha_dam_yen_kw03_baidu_000022.jpg,cha_dam_yen,kw03,1,thai iced black tea glass,en,baidu,web_scrape,,1500,1225,1.2245,RGB,False,False,
cha_dam_yen_kw03_baidu_000024.jpg,cha_dam_yen/cha_dam_yen_kw03_baidu_000024.jpg,cha_dam_yen,kw03,1,thai iced black tea glass,en,baidu,web_scrape,,1500,1585,0.9464,RGB,False,False,
cha_dam_yen_kw03_baidu_000025.jpg,cha_dam_yen/cha_dam_yen_kw03_baidu_000025.jpg,cha_dam_yen,kw03,1,thai iced black tea glass,en,baidu,web_scrape,,1500,1101,1.3624,RGB,False,True,
cha_dam_yen_kw03_baidu_000026.jpg,cha_dam_yen/cha_dam_yen_kw03_baidu_000026.jpg,cha_dam_yen,kw03,1,thai iced black tea glass,en,baidu,web_scrape,,1500,1104,1.3587,RGB,False,False,
cha_dam_yen_kw03_baidu_000028.jpg,cha_dam_yen/cha_dam_yen_kw03_baidu_000028.jpg,cha_dam_yen,kw03,1,thai iced black tea glass,en,baidu,web_scrape,,1001,1600,0.6256,RGB,False,False,
cha_dam_yen_kw03_baidu_000029.jpg,cha_dam_yen/cha_dam_yen_kw03_baidu_000029.jpg,cha_dam_yen,kw03,1,thai iced black tea glass,en,baidu,web_scrape,,1500,1102,1.3612,RGB,False,False,
cha_dam_yen_kw03_baidu_000030.jpg,cha_dam_yen/cha_dam_yen_kw03_baidu_000030.jpg,cha_dam_yen,kw03,1,thai iced black tea glass,en,baidu,web_scrape,,1000,1600,0.625,RGB,False,False,
cha_dam_yen_kw03_baidu_000031.jpg,cha_dam_yen/cha_dam_yen_kw03_baidu_000031.jpg,cha_dam_yen,kw03,1,thai iced black tea glass,en,baidu,web_scrape,,1500,1101,1.3624,RGB,False,False,
cha_dam_yen_kw03_baidu_000032.jpg,cha_dam_yen/cha_dam_yen_kw03_baidu_000032.jpg,cha_dam_yen,kw03,1,thai iced black tea glass,en,baidu,web_scrape,,1500,1101,1.3624,RGB,False,False,
cha_dam_yen_kw03_baidu_000033.jpg,cha_dam_yen/cha_dam_yen_kw03_baidu_000033.jpg,cha_dam_yen,kw03,1,thai iced black tea glass,en,baidu,web_scrape,,1500,1096,1.3686,RGB,False,False,
cha_dam_yen_kw03_baidu_000034.jpg,cha_dam_yen/cha_dam_yen_kw03_baidu_000034.jpg,cha_dam_yen,kw03,1,thai iced black tea glass,en,baidu,web_scrape,,1125,1600,0.7031,RGB,False,False,
cha_dam_yen_kw03_baidu_000036.jpg,cha_dam_yen/cha_dam_yen_kw03_baidu_000036.jpg,cha_dam_yen,kw03,1,thai iced black tea glass,en,baidu,web_scrape,,1067,1600,0.6669,RGB,False,False,
cha_dam_yen_kw03_baidu_000038.jpg,cha_dam_yen/cha_dam_yen_kw03_baidu_000038.jpg,cha_dam_yen,kw03,1,thai iced black tea glass,en,baidu,web_scrape,,1500,1101,1.3624,RGB,False,False,
cha_dam_yen_kw03_baidu_000039.jpg,cha_dam_yen/cha_dam_yen_kw03_baidu_000039.jpg,cha_dam_yen,kw03,1,thai iced black tea glass,en,baidu,web_scrape,,1001,1600,0.6256,RGB,False,False,
cha_dam_yen_kw03_baidu_000040.jpg,cha_dam_yen/cha_dam_yen_kw03_baidu_000040.jpg,cha_dam_yen,kw03,1,thai iced black tea glass,en,baidu,web_scrape,,1500,1101,1.3624,RGB,False,False,
cha_dam_yen_kw03_baidu_000041.jpg,cha_dam_yen/cha_dam_yen_kw03_baidu_000041.jpg,cha_dam_yen,kw03,1,thai iced black tea glass,en,baidu,web_scrape,,1000,1600,0.625,RGB,False,False,
cha_dam_yen_kw03_baidu_000042.jpg,cha_dam_yen/cha_dam_yen_kw03_baidu_000042.jpg,cha_dam_yen,kw03,1,thai iced black tea glass,en,baidu,web_scrape,,1000,1600,0.625,RGB,False,False,
cha_dam_yen_kw03_baidu_000045.jpg,cha_dam_yen/cha_dam_yen_kw03_baidu_000045.jpg,cha_dam_yen,kw03,1,thai iced black tea glass,en,baidu,web_scrape,,1001,1600,0.6256,RGB,False,False,
cha_dam_yen_kw03_baidu_000046.jpg,cha_dam_yen/cha_dam_yen_kw03_baidu_000046.jpg,cha_dam_yen,kw03,1,thai iced black tea glass,en,baidu,web_scrape,,1500,1600,0.9375,RGB,False,False,
cha_dam_yen_kw03_baidu_000048.jpg,cha_dam_yen/cha_dam_yen_kw03_baidu_000048.jpg,cha_dam_yen,kw03,1,thai iced black tea glass,en,baidu,web_scrape,,450,450,1.0,RGB,False,False,
cha_dam_yen_kw03_baidu_000049.jpg,cha_dam_yen/cha_dam_yen_kw03_baidu_000049.jpg,cha_dam_yen,kw03,1,thai iced black tea glass,en,baidu,web_scrape,,1001,1600,0.6256,RGB,False,False,
cha_dam_yen_kw03_baidu_000050.jpg,cha_dam_yen/cha_dam_yen_kw03_baidu_000050.jpg,cha_dam_yen,kw03,1,thai iced black tea glass,en,baidu,web_scrape,,1500,1101,1.3624,RGB,False,False,
cha_dam_yen_kw03_baidu_000051.jpg,cha_dam_yen/cha_dam_yen_kw03_baidu_000051.jpg,cha_dam_yen,kw03,1,thai iced black tea glass,en,baidu,web_scrape,,1185,1600,0.7406,RGB,False,False,
cha_dam_yen_kw03_baidu_000052.jpg,cha_dam_yen/cha_dam_yen_kw03_baidu_000052.jpg,cha_dam_yen,kw03,1,thai iced black tea glass,en,baidu,web_scrape,,1500,1102,1.3612,RGB,False,False,
cha_dam_yen_kw03_baidu_000053.jpg,cha_dam_yen/cha_dam_yen_kw03_baidu_000053.jpg,cha_dam_yen,kw03,1,thai iced black tea glass,en,baidu,web_scrape,,1001,1600,0.6256,RGB,False,False,
cha_dam_yen_kw03_baidu_000054.jpg,cha_dam_yen/cha_dam_yen_kw03_baidu_000054.jpg,cha_dam_yen,kw03,1,thai iced black tea glass,en,baidu,web_scrape,,1500,1170,1.2821,RGB,False,False,
cha_dam_yen_kw03_baidu_000055.jpg,cha_dam_yen/cha_dam_yen_kw03_baidu_000055.jpg,cha_dam_yen,kw03,1,thai iced black tea glass,en,baidu,web_scrape,,500,750,0.6667,RGB,False,False,
cha_dam_yen_kw03_baidu_000056.jpg,cha_dam_yen/cha_dam_yen_kw03_baidu_000056.jpg,cha_dam_yen,kw03,1,thai iced black tea glass,en,baidu,web_scrape,,2848,4272,0.6667,RGB,False,False,
cha_dam_yen_kw04_bing_000000.jpg,cha_dam_yen/cha_dam_yen_kw04_bing_000000.jpg,cha_dam_yen,kw04,1,iced black tea no milk cup,en,bing,web_scrape,,1200,1200,1.0,RGB,False,False,
cha_dam_yen_kw04_bing_000001.jpg,cha_dam_yen/cha_dam_yen_kw04_bing_000001.jpg,cha_dam_yen,kw04,1,iced black tea no milk cup,en,bing,web_scrape,,1600,1156,1.3841,RGB,False,False,
cha_dam_yen_kw04_bing_000002.jpg,cha_dam_yen/cha_dam_yen_kw04_bing_000002.jpg,cha_dam_yen,kw04,1,iced black tea no milk cup,en,bing,web_scrape,,700,802,0.8728,RGB,False,False,
cha_dam_yen_kw04_bing_000003.jpg,cha_dam_yen/cha_dam_yen_kw04_bing_000003.jpg,cha_dam_yen,kw04,1,iced black tea no milk cup,en,bing,web_scrape,,736,1472,0.5,RGB,False,False,
cha_dam_yen_kw04_bing_000004.webp,cha_dam_yen/cha_dam_yen_kw04_bing_000004.webp,cha_dam_yen,kw04,1,iced black tea no milk cup,en,bing,web_scrape,,408,728,0.5604,RGB,False,False,
cha_dam_yen_kw04_bing_000005.webp,cha_dam_yen/cha_dam_yen_kw04_bing_000005.webp,cha_dam_yen,kw04,1,iced black tea no milk cup,en,bing,web_scrape,,640,774,0.8269,RGB,False,False,
cha_dam_yen_kw04_bing_000006.jpg,cha_dam_yen/cha_dam_yen_kw04_bing_000006.jpg,cha_dam_yen,kw04,1,iced black tea no milk cup,en,bing,web_scrape,,600,896,0.6696,RGB,False,False,
cha_dam_yen_kw04_bing_000008.jpg,cha_dam_yen/cha_dam_yen_kw04_bing_000008.jpg,cha_dam_yen,kw04,1,iced black tea no milk cup,en,bing,web_scrape,,418,626,0.6677,RGB,False,False,
cha_dam_yen_kw04_bing_000009.png,cha_dam_yen/cha_dam_yen_kw04_bing_000009.png,cha_dam_yen,kw04,1,iced black tea no milk cup,en,bing,web_scrape,,1200,750,1.6,RGB,False,False,
cha_dam_yen_kw04_bing_000010.jpg,cha_dam_yen/cha_dam_yen_kw04_bing_000010.jpg,cha_dam_yen,kw04,1,iced black tea no milk cup,en,bing,web_scrape,,1198,1198,1.0,RGB,False,False,
cha_dam_yen_kw04_bing_000011.jpg,cha_dam_yen/cha_dam_yen_kw04_bing_000011.jpg,cha_dam_yen,kw04,1,iced black tea no milk cup,en,bing,web_scrape,,1024,1536,0.6667,RGB,False,False,
cha_dam_yen_kw04_bing_000013.png,cha_dam_yen/cha_dam_yen_kw04_bing_000013.png,cha_dam_yen,kw04,1,iced black tea no milk cup,en,bing,web_scrape,,1200,1798,0.6674,P,False,False,
cha_dam_yen_kw04_bing_000014.jpg,cha_dam_yen/cha_dam_yen_kw04_bing_000014.jpg,cha_dam_yen,kw04,1,iced black tea no milk cup,en,bing,web_scrape,,500,500,1.0,RGB,False,False,
cha_dam_yen_kw04_bing_000015.png,cha_dam_yen/cha_dam_yen_kw04_bing_000015.png,cha_dam_yen,kw04,1,iced black tea no milk cup,en,bing,web_scrape,,1500,1500,1.0,RGBA,False,False,
cha_dam_yen_kw04_bing_000016.webp,cha_dam_yen/cha_dam_yen_kw04_bing_000016.webp,cha_dam_yen,kw04,1,iced black tea no milk cup,en,bing,web_scrape,,1344,768,1.75,RGB,False,False,
cha_dam_yen_kw04_bing_000017.jpg,cha_dam_yen/cha_dam_yen_kw04_bing_000017.jpg,cha_dam_yen,kw04,1,iced black tea no milk cup,en,bing,web_scrape,,1280,1159,1.1044,RGB,False,False,
cha_dam_yen_kw04_bing_000018.jpg,cha_dam_yen/cha_dam_yen_kw04_bing_000018.jpg,cha_dam_yen,kw04,1,iced black tea no milk cup,en,bing,web_scrape,,2000,2000,1.0,RGB,False,False,
cha_dam_yen_kw04_bing_000019.jpg,cha_dam_yen/cha_dam_yen_kw04_bing_000019.jpg,cha_dam_yen,kw04,1,iced black tea no milk cup,en,bing,web_scrape,,1500,1101,1.3624,RGB,False,False,
cha_dam_yen_kw04_bing_000020.jpg,cha_dam_yen/cha_dam_yen_kw04_bing_000020.jpg,cha_dam_yen,kw04,1,iced black tea no milk cup,en,bing,web_scrape,,1300,1040,1.25,RGB,False,False,
cha_dam_yen_kw04_bing_000021.jpg,cha_dam_yen/cha_dam_yen_kw04_bing_000021.jpg,cha_dam_yen,kw04,1,iced black tea no milk cup,en,bing,web_scrape,,1307,1960,0.6668,RGB,False,False,
cha_dam_yen_kw04_bing_000023.webp,cha_dam_yen/cha_dam_yen_kw04_bing_000023.webp,cha_dam_yen,kw04,1,iced black tea no milk cup,en,bing,web_scrape,,896,1344,0.6667,RGB,False,False,
cha_dam_yen_kw04_bing_000025.jpg,cha_dam_yen/cha_dam_yen_kw04_bing_000025.jpg,cha_dam_yen,kw04,1,iced black tea no milk cup,en,bing,web_scrape,,630,630,1.0,RGB,False,False,
cha_dam_yen_kw04_bing_000026.jpg,cha_dam_yen/cha_dam_yen_kw04_bing_000026.jpg,cha_dam_yen,kw04,1,iced black tea no milk cup,en,bing,web_scrape,,1416,2410,0.5876,RGB,False,False,
cha_dam_yen_kw04_bing_000027.jpg,cha_dam_yen/cha_dam_yen_kw04_bing_000027.jpg,cha_dam_yen,kw04,1,iced black tea no milk cup,en,bing,web_scrape,,1200,1800,0.6667,RGB,False,False,
cha_dam_yen_kw04_bing_000029.png,cha_dam_yen/cha_dam_yen_kw04_bing_000029.png,cha_dam_yen,kw04,1,iced black tea no milk cup,en,bing,web_scrape,,819,1024,0.7998,P,False,False,
cha_dam_yen_kw04_bing_000030.jpg,cha_dam_yen/cha_dam_yen_kw04_bing_000030.jpg,cha_dam_yen,kw04,1,iced black tea no milk cup,en,bing,web_scrape,,736,1308,0.5627,RGB,False,False,
cha_dam_yen_kw04_bing_000032.jpg,cha_dam_yen/cha_dam_yen_kw04_bing_000032.jpg,cha_dam_yen,kw04,1,iced black tea no milk cup,en,bing,web_scrape,,1500,1000,1.5,RGB,False,False,
cha_dam_yen_kw04_bing_000034.webp,cha_dam_yen/cha_dam_yen_kw04_bing_000034.webp,cha_dam_yen,kw04,1,iced black tea no milk cup,en,bing,web_scrape,,800,800,1.0,RGB,False,False,
cha_dam_yen_kw04_bing_000035.jpg,cha_dam_yen/cha_dam_yen_kw04_bing_000035.jpg,cha_dam_yen,kw04,1,iced black tea no milk cup,en,bing,web_scrape,,1632,1632,1.0,RGB,False,False,
cha_dam_yen_kw04_bing_000036.jpg,cha_dam_yen/cha_dam_yen_kw04_bing_000036.jpg,cha_dam_yen,kw04,1,iced black tea no milk cup,en,bing,web_scrape,,474,711,0.6667,RGB,False,False,
cha_dam_yen_kw04_bing_000037.png,cha_dam_yen/cha_dam_yen_kw04_bing_000037.png,cha_dam_yen,kw04,1,iced black tea no milk cup,en,bing,web_scrape,,980,980,1.0,RGBA,False,False,
cha_dam_yen_kw04_bing_000039.jpg,cha_dam_yen/cha_dam_yen_kw04_bing_000039.jpg,cha_dam_yen,kw04,1,iced black tea no milk cup,en,bing,web_scrape,,351,626,0.5607,RGB,False,True,
cha_dam_yen_kw04_bing_000040.jpg,cha_dam_yen/cha_dam_yen_kw04_bing_000040.jpg,cha_dam_yen,kw04,1,iced black tea no milk cup,en,bing,web_scrape,,2000,1333,1.5004,RGB,False,False,
cha_dam_yen_kw04_bing_000041.jpg,cha_dam_yen/cha_dam_yen_kw04_bing_000041.jpg,cha_dam_yen,kw04,1,iced black tea no milk cup,en,bing,web_scrape,,1200,1200,1.0,RGB,False,False,
cha_dam_yen_kw04_bing_000042.webp,cha_dam_yen/cha_dam_yen_kw04_bing_000042.webp,cha_dam_yen,kw04,1,iced black tea no milk cup,en,bing,web_scrape,,896,1344,0.6667,RGB,False,False,
cha_dam_yen_kw04_bing_000043.jpg,cha_dam_yen/cha_dam_yen_kw04_bing_000043.jpg,cha_dam_yen,kw04,1,iced black tea no milk cup,en,bing,web_scrape,,1110,1272,0.8726,RGB,False,False,
cha_dam_yen_kw04_bing_000044.jpg,cha_dam_yen/cha_dam_yen_kw04_bing_000044.jpg,cha_dam_yen,kw04,1,iced black tea no milk cup,en,bing,web_scrape,,360,540,0.6667,RGB,False,False,
cha_dam_yen_kw04_bing_000045.jpg,cha_dam_yen/cha_dam_yen_kw04_bing_000045.jpg,cha_dam_yen,kw04,1,iced black tea no milk cup,en,bing,web_scrape,,2000,1333,1.5004,RGB,False,False,
cha_dam_yen_kw04_bing_000046.jpg,cha_dam_yen/cha_dam_yen_kw04_bing_000046.jpg,cha_dam_yen,kw04,1,iced black tea no milk cup,en,bing,web_scrape,,996,664,1.5,RGB,False,False,
cha_dam_yen_kw04_bing_000047.jpg,cha_dam_yen/cha_dam_yen_kw04_bing_000047.jpg,cha_dam_yen,kw04,1,iced black tea no milk cup,en,bing,web_scrape,,1300,956,1.3598,RGB,False,False,
cha_dam_yen_kw04_bing_000049.jpg,cha_dam_yen/cha_dam_yen_kw04_bing_000049.jpg,cha_dam_yen,kw04,1,iced black tea no milk cup,en,bing,web_scrape,,459,612,0.75,RGB,False,False,
cha_dam_yen_kw04_bing_000050.png,cha_dam_yen/cha_dam_yen_kw04_bing_000050.png,cha_dam_yen,kw04,1,iced black tea no milk cup,en,bing,web_scrape,,1024,1024,1.0,RGB,False,False,
cha_dam_yen_kw04_bing_000052.png,cha_dam_yen/cha_dam_yen_kw04_bing_000052.png,cha_dam_yen,kw04,1,iced black tea no milk cup,en,bing,web_scrape,,2500,2500,1.0,P,False,False,
cha_dam_yen_kw04_bing_000053.jpg,cha_dam_yen/cha_dam_yen_kw04_bing_000053.jpg,cha_dam_yen,kw04,1,iced black tea no milk cup,en,bing,web_scrape,,2680,1960,1.3673,RGB,False,False,
cha_dam_yen_kw04_bing_000055.webp,cha_dam_yen/cha_dam_yen_kw04_bing_000055.webp,cha_dam_yen,kw04,1,iced black tea no milk cup,en,bing,web_scrape,,896,1344,0.6667,RGB,False,False,
cha_dam_yen_kw04_bing_000056.jpg,cha_dam_yen/cha_dam_yen_kw04_bing_000056.jpg,cha_dam_yen,kw04,1,iced black tea no milk cup,en,bing,web_scrape,,740,1480,0.5,RGB,False,False,
cha_dam_yen_kw04_bing_000057.jpg,cha_dam_yen/cha_dam_yen_kw04_bing_000057.jpg,cha_dam_yen,kw04,1,iced black tea no milk cup,en,bing,web_scrape,,768,1024,0.75,RGB,False,False,
cha_dam_yen_kw04_bing_000058.jpg,cha_dam_yen/cha_dam_yen_kw04_bing_000058.jpg,cha_dam_yen,kw04,1,iced black tea no milk cup,en,bing,web_scrape,,1600,900,1.7778,RGB,False,False,
cha_dam_yen_kw04_bing_000060.jpg,cha_dam_yen/cha_dam_yen_kw04_bing_000060.jpg,cha_dam_yen,kw04,1,iced black tea no milk cup,en,bing,web_scrape,,2000,1463,1.3671,RGB,False,False,
cha_dam_yen_kw04_bing_000061.jpg,cha_dam_yen/cha_dam_yen_kw04_bing_000061.jpg,cha_dam_yen,kw04,1,iced black tea no milk cup,en,bing,web_scrape,,600,900,0.6667,RGB,False,False,
cha_dam_yen_kw04_bing_000062.jpg,cha_dam_yen/cha_dam_yen_kw04_bing_000062.jpg,cha_dam_yen,kw04,1,iced black tea no milk cup,en,bing,web_scrape,,820,672,1.2202,RGB,False,False,
cha_dam_yen_kw04_bing_000064.jpg,cha_dam_yen/cha_dam_yen_kw04_bing_000064.jpg,cha_dam_yen,kw04,1,iced black tea no milk cup,en,bing,web_scrape,,600,900,0.6667,RGB,False,False,
cha_dam_yen_kw04_bing_000066.jpg,cha_dam_yen/cha_dam_yen_kw04_bing_000066.jpg,cha_dam_yen,kw04,1,iced black tea no milk cup,en,bing,web_scrape,,650,350,1.8571,RGB,False,True,
cha_dam_yen_kw04_bing_000067.jpg,cha_dam_yen/cha_dam_yen_kw04_bing_000067.jpg,cha_dam_yen,kw04,1,iced black tea no milk cup,en,bing,web_scrape,,1464,600,2.44,RGB,False,False,
cha_dam_yen_kw04_bing_000068.jpg,cha_dam_yen/cha_dam_yen_kw04_bing_000068.jpg,cha_dam_yen,kw04,1,iced black tea no milk cup,en,bing,web_scrape,,650,350,1.8571,RGB,False,True,
cha_dam_yen_kw04_bing_000071.jpg,cha_dam_yen/cha_dam_yen_kw04_bing_000071.jpg,cha_dam_yen,kw04,1,iced black tea no milk cup,en,bing,web_scrape,,1600,1157,1.3829,RGB,False,False,
cha_dam_yen_kw04_bing_000072.jpg,cha_dam_yen/cha_dam_yen_kw04_bing_000072.jpg,cha_dam_yen,kw04,1,iced black tea no milk cup,en,bing,web_scrape,,800,533,1.5009,RGB,False,False,
cha_dam_yen_kw04_bing_000073.jpg,cha_dam_yen/cha_dam_yen_kw04_bing_000073.jpg,cha_dam_yen,kw04,1,iced black tea no milk cup,en,bing,web_scrape,,2000,1331,1.5026,RGB,False,False,
cha_dam_yen_kw04_bing_000074.jpg,cha_dam_yen/cha_dam_yen_kw04_bing_000074.jpg,cha_dam_yen,kw04,1,iced black tea no milk cup,en,bing,web_scrape,,1000,1000,1.0,RGB,False,False,
cha_dam_yen_kw04_bing_000075.jpg,cha_dam_yen/cha_dam_yen_kw04_bing_000075.jpg,cha_dam_yen,kw04,1,iced black tea no milk cup,en,bing,web_scrape,,800,533,1.5009,RGB,False,False,
cha_dam_yen_kw04_bing_000076.jpg,cha_dam_yen/cha_dam_yen_kw04_bing_000076.jpg,cha_dam_yen,kw04,1,iced black tea no milk cup,en,bing,web_scrape,,1000,1000,1.0,RGB,False,False,
cha_dam_yen_kw04_bing_000077.jpg,cha_dam_yen/cha_dam_yen_kw04_bing_000077.jpg,cha_dam_yen,kw04,1,iced black tea no milk cup,en,bing,web_scrape,,1000,1000,1.0,RGB,False,False,
cha_dam_yen_kw04_bing_000078.jpg,cha_dam_yen/cha_dam_yen_kw04_bing_000078.jpg,cha_dam_yen,kw04,1,iced black tea no milk cup,en,bing,web_scrape,,600,900,0.6667,RGB,False,False,
cha_dam_yen_kw04_bing_000080.png,cha_dam_yen/cha_dam_yen_kw04_bing_000080.png,cha_dam_yen,kw04,1,iced black tea no milk cup,en,bing,web_scrape,,827,980,0.8439,RGBA,False,True,
cha_dam_yen_kw04_bing_000082.jpg,cha_dam_yen/cha_dam_yen_kw04_bing_000082.jpg,cha_dam_yen,kw04,1,iced black tea no milk cup,en,bing,web_scrape,,492,740,0.6649,RGB,False,False,
cha_dam_yen_kw04_bing_000083.jpg,cha_dam_yen/cha_dam_yen_kw04_bing_000083.jpg,cha_dam_yen,kw04,1,iced black tea no milk cup,en,bing,web_scrape,,626,418,1.4976,RGB,False,False,
cha_dam_yen_kw04_bing_000084.jpg,cha_dam_yen/cha_dam_yen_kw04_bing_000084.jpg,cha_dam_yen,kw04,1,iced black tea no milk cup,en,bing,web_scrape,,417,626,0.6661,RGB,False,False,
cha_dam_yen_kw04_bing_000085.jpg,cha_dam_yen/cha_dam_yen_kw04_bing_000085.jpg,cha_dam_yen,kw04,1,iced black tea no milk cup,en,bing,web_scrape,,800,600,1.3333,RGB,False,False,
cha_dam_yen_kw04_bing_000087.jpg,cha_dam_yen/cha_dam_yen_kw04_bing_000087.jpg,cha_dam_yen,kw04,1,iced black tea no milk cup,en,bing,web_scrape,,1400,785,1.7834,RGB,False,False,
cha_dam_yen_kw04_bing_000091.jpg,cha_dam_yen/cha_dam_yen_kw04_bing_000091.jpg,cha_dam_yen,kw04,1,iced black tea no milk cup,en,bing,web_scrape,,626,417,1.5012,RGB,False,False,
cha_dam_yen_kw04_bing_000092.jpg,cha_dam_yen/cha_dam_yen_kw04_bing_000092.jpg,cha_dam_yen,kw04,1,iced black tea no milk cup,en,bing,web_scrape,,600,420,1.4286,RGB,False,False,
cha_dam_yen_kw04_bing_000093.jpg,cha_dam_yen/cha_dam_yen_kw04_bing_000093.jpg,cha_dam_yen,kw04,1,iced black tea no milk cup,en,bing,web_scrape,,640,853,0.7503,RGB,False,False,
cha_dam_yen_kw04_bing_000094.jpg,cha_dam_yen/cha_dam_yen_kw04_bing_000094.jpg,cha_dam_yen,kw04,1,iced black tea no milk cup,en,bing,web_scrape,,1004,675,1.4874,RGB,False,False,
cha_dam_yen_kw04_bing_000096.png,cha_dam_yen/cha_dam_yen_kw04_bing_000096.png,cha_dam_yen,kw04,1,iced black tea no milk cup,en,bing,web_scrape,,874,527,1.6584,P,False,False,
cha_dam_yen_kw04_bing_000098.png,cha_dam_yen/cha_dam_yen_kw04_bing_000098.png,cha_dam_yen,kw04,1,iced black tea no milk cup,en,bing,web_scrape,,1280,670,1.9104,P,False,False,
cha_dam_yen_kw04_bing_000101.png,cha_dam_yen/cha_dam_yen_kw04_bing_000101.png,cha_dam_yen,kw04,1,iced black tea no milk cup,en,bing,web_scrape,,874,513,1.7037,P,False,False,
cha_dam_yen_kw04_bing_000102.jpg,cha_dam_yen/cha_dam_yen_kw04_bing_000102.jpg,cha_dam_yen,kw04,1,iced black tea no milk cup,en,bing,web_scrape,,800,533,1.5009,RGB,False,False,
cha_dam_yen_kw04_bing_000104.jpg,cha_dam_yen/cha_dam_yen_kw04_bing_000104.jpg,cha_dam_yen,kw04,1,iced black tea no milk cup,en,bing,web_scrape,,400,400,1.0,RGB,False,False,
cha_dam_yen_kw04_bing_000107.jpg,cha_dam_yen/cha_dam_yen_kw04_bing_000107.jpg,cha_dam_yen,kw04,1,iced black tea no milk cup,en,bing,web_scrape,,960,960,1.0,RGB,False,False,
cha_dam_yen_kw04_bing_000108.jpg,cha_dam_yen/cha_dam_yen_kw04_bing_000108.jpg,cha_dam_yen,kw04,1,iced black tea no milk cup,en,bing,web_scrape,,780,438,1.7808,RGB,False,False,
cha_dam_yen_kw04_bing_000109.jpg,cha_dam_yen/cha_dam_yen_kw04_bing_000109.jpg,cha_dam_yen,kw04,1,iced black tea no milk cup,en,bing,web_scrape,,720,480,1.5,RGB,False,True,
cha_dam_yen_kw04_bing_000110.jpg,cha_dam_yen/cha_dam_yen_kw04_bing_000110.jpg,cha_dam_yen,kw04,1,iced black tea no milk cup,en,bing,web_scrape,,500,500,1.0,RGB,False,False,
cha_dam_yen_kw04_bing_000111.jpg,cha_dam_yen/cha_dam_yen_kw04_bing_000111.jpg,cha_dam_yen,kw04,1,iced black tea no milk cup,en,bing,web_scrape,,576,576,1.0,RGB,False,False,
cha_dam_yen_kw04_bing_000112.jpg,cha_dam_yen/cha_dam_yen_kw04_bing_000112.jpg,cha_dam_yen,kw04,1,iced black tea no milk cup,en,bing,web_scrape,,1600,1056,1.5152,RGB,False,False,
cha_dam_yen_kw04_bing_000113.jpg,cha_dam_yen/cha_dam_yen_kw04_bing_000113.jpg,cha_dam_yen,kw04,1,iced black tea no milk cup,en,bing,web_scrape,,800,533,1.5009,RGB,False,False,
cha_dam_yen_kw04_baidu_000003.jpg,cha_dam_yen/cha_dam_yen_kw04_baidu_000003.jpg,cha_dam_yen,kw04,1,iced black tea no milk cup,en,baidu,web_scrape,,1080,1409,0.7665,RGB,False,False,
cha_dam_yen_kw04_baidu_000004.jpg,cha_dam_yen/cha_dam_yen_kw04_baidu_000004.jpg,cha_dam_yen,kw04,1,iced black tea no milk cup,en,baidu,web_scrape,,2200,2200,1.0,RGB,False,False,
cha_dam_yen_kw04_baidu_000005.jpg,cha_dam_yen/cha_dam_yen_kw04_baidu_000005.jpg,cha_dam_yen,kw04,1,iced black tea no milk cup,en,baidu,web_scrape,,2048,2048,1.0,RGB,False,False,
cha_dam_yen_kw04_baidu_000006.jpg,cha_dam_yen/cha_dam_yen_kw04_baidu_000006.jpg,cha_dam_yen,kw04,1,iced black tea no milk cup,en,baidu,web_scrape,,1500,1102,1.3612,RGB,False,False,
cha_dam_yen_kw04_baidu_000007.jpg,cha_dam_yen/cha_dam_yen_kw04_baidu_000007.jpg,cha_dam_yen,kw04,1,iced black tea no milk cup,en,baidu,web_scrape,,2048,2730,0.7502,RGB,False,False,
cha_dam_yen_kw04_baidu_000008.jpg,cha_dam_yen/cha_dam_yen_kw04_baidu_000008.jpg,cha_dam_yen,kw04,1,iced black tea no milk cup,en,baidu,web_scrape,,1500,1101,1.3624,RGB,False,False,
cha_dam_yen_kw04_baidu_000009.jpg,cha_dam_yen/cha_dam_yen_kw04_baidu_000009.jpg,cha_dam_yen,kw04,1,iced black tea no milk cup,en,baidu,web_scrape,,2048,2731,0.7499,RGB,False,False,
cha_dam_yen_kw04_baidu_000010.jpg,cha_dam_yen/cha_dam_yen_kw04_baidu_000010.jpg,cha_dam_yen,kw04,1,iced black tea no milk cup,en,baidu,web_scrape,,2048,2731,0.7499,RGB,False,False,
cha_dam_yen_kw04_baidu_000011.jpg,cha_dam_yen/cha_dam_yen_kw04_baidu_000011.jpg,cha_dam_yen,kw04,1,iced black tea no milk cup,en,baidu,web_scrape,,2048,2730,0.7502,RGB,False,False,
cha_dam_yen_kw04_baidu_000013.jpg,cha_dam_yen/cha_dam_yen_kw04_baidu_000013.jpg,cha_dam_yen,kw04,1,iced black tea no milk cup,en,baidu,web_scrape,,1001,1600,0.6256,RGB,False,True,
cha_dam_yen_kw04_baidu_000014.jpg,cha_dam_yen/cha_dam_yen_kw04_baidu_000014.jpg,cha_dam_yen,kw04,1,iced black tea no milk cup,en,baidu,web_scrape,,2048,2730,0.7502,RGB,False,False,
cha_dam_yen_kw04_baidu_000015.jpg,cha_dam_yen/cha_dam_yen_kw04_baidu_000015.jpg,cha_dam_yen,kw04,1,iced black tea no milk cup,en,baidu,web_scrape,,1500,1171,1.281,RGB,False,False,
cha_dam_yen_kw04_baidu_000016.jpg,cha_dam_yen/cha_dam_yen_kw04_baidu_000016.jpg,cha_dam_yen,kw04,1,iced black tea no milk cup,en,baidu,web_scrape,,1076,1600,0.6725,RGB,False,False,
cha_dam_yen_kw04_baidu_000017.jpg,cha_dam_yen/cha_dam_yen_kw04_baidu_000017.jpg,cha_dam_yen,kw04,1,iced black tea no milk cup,en,baidu,web_scrape,,2048,2730,0.7502,RGB,False,False,
cha_dam_yen_kw04_baidu_000019.jpg,cha_dam_yen/cha_dam_yen_kw04_baidu_000019.jpg,cha_dam_yen,kw04,1,iced black tea no milk cup,en,baidu,web_scrape,,1500,1600,0.9375,RGB,False,False,
cha_dam_yen_kw04_baidu_000020.jpg,cha_dam_yen/cha_dam_yen_kw04_baidu_000020.jpg,cha_dam_yen,kw04,1,iced black tea no milk cup,en,baidu,web_scrape,,1170,1494,0.7831,RGB,False,False,
cha_dam_yen_kw04_baidu_000021.jpg,cha_dam_yen/cha_dam_yen_kw04_baidu_000021.jpg,cha_dam_yen,kw04,1,iced black tea no milk cup,en,baidu,web_scrape,,1200,1600,0.75,RGB,False,False,
cha_dam_yen_kw04_baidu_000023.jpg,cha_dam_yen/cha_dam_yen_kw04_baidu_000023.jpg,cha_dam_yen,kw04,1,iced black tea no milk cup,en,baidu,web_scrape,,1500,1101,1.3624,RGB,False,False,
cha_dam_yen_kw04_baidu_000024.jpg,cha_dam_yen/cha_dam_yen_kw04_baidu_000024.jpg,cha_dam_yen,kw04,1,iced black tea no milk cup,en,baidu,web_scrape,,2048,2048,1.0,RGB,False,False,
cha_dam_yen_kw04_baidu_000025.jpg,cha_dam_yen/cha_dam_yen_kw04_baidu_000025.jpg,cha_dam_yen,kw04,1,iced black tea no milk cup,en,baidu,web_scrape,,2048,2730,0.7502,RGB,False,False,
cha_dam_yen_kw04_baidu_000026.jpg,cha_dam_yen/cha_dam_yen_kw04_baidu_000026.jpg,cha_dam_yen,kw04,1,iced black tea no milk cup,en,baidu,web_scrape,,1280,1707,0.7499,RGB,False,False,
cha_dam_yen_kw04_baidu_000027.jpg,cha_dam_yen/cha_dam_yen_kw04_baidu_000027.jpg,cha_dam_yen,kw04,1,iced black tea no milk cup,en,baidu,web_scrape,,2048,2048,1.0,RGB,False,False,
cha_dam_yen_kw04_baidu_000028.jpg,cha_dam_yen/cha_dam_yen_kw04_baidu_000028.jpg,cha_dam_yen,kw04,1,iced black tea no milk cup,en,baidu,web_scrape,,2048,2731,0.7499,RGB,False,False,
cha_dam_yen_kw04_baidu_000029.jpg,cha_dam_yen/cha_dam_yen_kw04_baidu_000029.jpg,cha_dam_yen,kw04,1,iced black tea no milk cup,en,baidu,web_scrape,,1500,1093,1.3724,RGB,False,False,
cha_dam_yen_kw04_baidu_000030.jpg,cha_dam_yen/cha_dam_yen_kw04_baidu_000030.jpg,cha_dam_yen,kw04,1,iced black tea no milk cup,en,baidu,web_scrape,,1080,1409,0.7665,RGB,False,True,
cha_dam_yen_kw04_baidu_000031.jpg,cha_dam_yen/cha_dam_yen_kw04_baidu_000031.jpg,cha_dam_yen,kw04,1,iced black tea no milk cup,en,baidu,web_scrape,,1001,1600,0.6256,RGB,False,False,
cha_dam_yen_kw04_baidu_000032.jpg,cha_dam_yen/cha_dam_yen_kw04_baidu_000032.jpg,cha_dam_yen,kw04,1,iced black tea no milk cup,en,baidu,web_scrape,,2048,2730,0.7502,RGB,False,False,
cha_dam_yen_kw04_baidu_000033.jpg,cha_dam_yen/cha_dam_yen_kw04_baidu_000033.jpg,cha_dam_yen,kw04,1,iced black tea no milk cup,en,baidu,web_scrape,,2048,2730,0.7502,RGB,False,False,
cha_dam_yen_kw04_baidu_000034.jpg,cha_dam_yen/cha_dam_yen_kw04_baidu_000034.jpg,cha_dam_yen,kw04,1,iced black tea no milk cup,en,baidu,web_scrape,,750,1000,0.75,RGB,False,False,
cha_dam_yen_kw04_baidu_000035.jpg,cha_dam_yen/cha_dam_yen_kw04_baidu_000035.jpg,cha_dam_yen,kw04,1,iced black tea no milk cup,en,baidu,web_scrape,,1080,1410,0.766,RGB,False,False,
cha_dam_yen_kw04_baidu_000036.jpg,cha_dam_yen/cha_dam_yen_kw04_baidu_000036.jpg,cha_dam_yen,kw04,1,iced black tea no milk cup,en,baidu,web_scrape,,1500,1225,1.2245,RGB,False,False,
cha_dam_yen_kw04_baidu_000037.jpg,cha_dam_yen/cha_dam_yen_kw04_baidu_000037.jpg,cha_dam_yen,kw04,1,iced black tea no milk cup,en,baidu,web_scrape,,1926,2568,0.75,RGB,False,False,
cha_dam_yen_kw04_baidu_000038.jpg,cha_dam_yen/cha_dam_yen_kw04_baidu_000038.jpg,cha_dam_yen,kw04,1,iced black tea no milk cup,en,baidu,web_scrape,,1500,1101,1.3624,RGB,False,False,
cha_dam_yen_kw04_baidu_000040.jpg,cha_dam_yen/cha_dam_yen_kw04_baidu_000040.jpg,cha_dam_yen,kw04,1,iced black tea no milk cup,en,baidu,web_scrape,,998,1600,0.6238,RGB,False,False,
cha_dam_yen_kw04_baidu_000041.jpg,cha_dam_yen/cha_dam_yen_kw04_baidu_000041.jpg,cha_dam_yen,kw04,1,iced black tea no milk cup,en,baidu,web_scrape,,1001,1600,0.6256,RGB,False,True,
cha_dam_yen_kw04_baidu_000042.jpg,cha_dam_yen/cha_dam_yen_kw04_baidu_000042.jpg,cha_dam_yen,kw04,1,iced black tea no milk cup,en,baidu,web_scrape,,1001,1600,0.6256,RGB,False,False,
cha_dam_yen_kw04_baidu_000043.jpg,cha_dam_yen/cha_dam_yen_kw04_baidu_000043.jpg,cha_dam_yen,kw04,1,iced black tea no milk cup,en,baidu,web_scrape,,1500,1101,1.3624,RGB,False,False,
cha_dam_yen_kw04_baidu_000044.jpg,cha_dam_yen/cha_dam_yen_kw04_baidu_000044.jpg,cha_dam_yen,kw04,1,iced black tea no milk cup,en,baidu,web_scrape,,1500,1101,1.3624,RGB,False,False,
cha_dam_yen_kw04_baidu_000045.jpg,cha_dam_yen/cha_dam_yen_kw04_baidu_000045.jpg,cha_dam_yen,kw04,1,iced black tea no milk cup,en,baidu,web_scrape,,1500,1093,1.3724,RGB,False,False,
cha_dam_yen_kw04_baidu_000046.jpg,cha_dam_yen/cha_dam_yen_kw04_baidu_000046.jpg,cha_dam_yen,kw04,1,iced black tea no milk cup,en,baidu,web_scrape,,1500,1101,1.3624,RGB,False,False,
cha_dam_yen_kw04_baidu_000047.jpg,cha_dam_yen/cha_dam_yen_kw04_baidu_000047.jpg,cha_dam_yen,kw04,1,iced black tea no milk cup,en,baidu,web_scrape,,730,1095,0.6667,RGB,False,False,
cha_dam_yen_kw04_baidu_000048.jpg,cha_dam_yen/cha_dam_yen_kw04_baidu_000048.jpg,cha_dam_yen,kw04,1,iced black tea no milk cup,en,baidu,web_scrape,,2048,2731,0.7499,RGB,False,False,
cha_dam_yen_kw04_baidu_000049.jpg,cha_dam_yen/cha_dam_yen_kw04_baidu_000049.jpg,cha_dam_yen,kw04,1,iced black tea no milk cup,en,baidu,web_scrape,,1500,1101,1.3624,RGB,False,False,
cha_dam_yen_kw04_baidu_000050.jpg,cha_dam_yen/cha_dam_yen_kw04_baidu_000050.jpg,cha_dam_yen,kw04,1,iced black tea no milk cup,en,baidu,web_scrape,,1500,1101,1.3624,RGB,False,False,
cha_dam_yen_kw04_baidu_000051.jpg,cha_dam_yen/cha_dam_yen_kw04_baidu_000051.jpg,cha_dam_yen,kw04,1,iced black tea no milk cup,en,baidu,web_scrape,,3000,3000,1.0,RGB,False,False,
cha_dam_yen_kw04_baidu_000052.jpg,cha_dam_yen/cha_dam_yen_kw04_baidu_000052.jpg,cha_dam_yen,kw04,1,iced black tea no milk cup,en,baidu,web_scrape,,1500,1101,1.3624,RGB,False,False,
cha_dam_yen_kw04_baidu_000053.jpg,cha_dam_yen/cha_dam_yen_kw04_baidu_000053.jpg,cha_dam_yen,kw04,1,iced black tea no milk cup,en,baidu,web_scrape,,1500,1225,1.2245,RGB,False,False,
cha_dam_yen_kw04_baidu_000054.png,cha_dam_yen/cha_dam_yen_kw04_baidu_000054.png,cha_dam_yen,kw04,1,iced black tea no milk cup,en,baidu,web_scrape,,604,803,0.7522,RGBA,False,False,
cha_dam_yen_kw04_baidu_000055.jpg,cha_dam_yen/cha_dam_yen_kw04_baidu_000055.jpg,cha_dam_yen,kw04,1,iced black tea no milk cup,en,baidu,web_scrape,,658,860,0.7651,RGBA,False,False,
cha_dam_yen_kw04_baidu_000056.jpg,cha_dam_yen/cha_dam_yen_kw04_baidu_000056.jpg,cha_dam_yen,kw04,1,iced black tea no milk cup,en,baidu,web_scrape,,631,886,0.7122,RGBA,False,False,
cha_dam_yen_kw04_baidu_000057.png,cha_dam_yen/cha_dam_yen_kw04_baidu_000057.png,cha_dam_yen,kw04,1,iced black tea no milk cup,en,baidu,web_scrape,,1920,2530,0.7589,RGBA,False,False,
cha_dam_yen_kw05_bing_000009.webp,cha_dam_yen/cha_dam_yen_kw05_bing_000009.webp,cha_dam_yen,kw05,2,ชาดำเย็น ใส่น้ำแข็ง แก้วพลาสติก,th,bing,web_scrape,,700,392,1.7857,RGB,False,False,
cha_dam_yen_kw05_bing_000012.jpg,cha_dam_yen/cha_dam_yen_kw05_bing_000012.jpg,cha_dam_yen,kw05,2,ชาดำเย็น ใส่น้ำแข็ง แก้วพลาสติก,th,bing,web_scrape,,1024,1024,1.0,RGB,False,False,
cha_dam_yen_kw05_bing_000016.jpg,cha_dam_yen/cha_dam_yen_kw05_bing_000016.jpg,cha_dam_yen,kw05,2,ชาดำเย็น ใส่น้ำแข็ง แก้วพลาสติก,th,bing,web_scrape,,1024,1024,1.0,RGB,False,False,
cha_dam_yen_kw05_bing_000017.jpg,cha_dam_yen/cha_dam_yen_kw05_bing_000017.jpg,cha_dam_yen,kw05,2,ชาดำเย็น ใส่น้ำแข็ง แก้วพลาสติก,th,bing,web_scrape,,1024,1024,1.0,RGB,False,True,
cha_dam_yen_kw05_bing_000020.jpg,cha_dam_yen/cha_dam_yen_kw05_bing_000020.jpg,cha_dam_yen,kw05,2,ชาดำเย็น ใส่น้ำแข็ง แก้วพลาสติก,th,bing,web_scrape,,1024,1024,1.0,RGB,False,False,
cha_dam_yen_kw05_bing_000021.jpg,cha_dam_yen/cha_dam_yen_kw05_bing_000021.jpg,cha_dam_yen,kw05,2,ชาดำเย็น ใส่น้ำแข็ง แก้วพลาสติก,th,bing,web_scrape,,1024,1024,1.0,RGB,False,False,
cha_dam_yen_kw05_bing_000025.jpg,cha_dam_yen/cha_dam_yen_kw05_bing_000025.jpg,cha_dam_yen,kw05,2,ชาดำเย็น ใส่น้ำแข็ง แก้วพลาสติก,th,bing,web_scrape,,1024,1024,1.0,RGB,False,True,
cha_dam_yen_kw05_bing_000026.jpg,cha_dam_yen/cha_dam_yen_kw05_bing_000026.jpg,cha_dam_yen,kw05,2,ชาดำเย็น ใส่น้ำแข็ง แก้วพลาสติก,th,bing,web_scrape,,1024,1024,1.0,RGB,False,False,
cha_dam_yen_kw05_bing_000027.jpg,cha_dam_yen/cha_dam_yen_kw05_bing_000027.jpg,cha_dam_yen,kw05,2,ชาดำเย็น ใส่น้ำแข็ง แก้วพลาสติก,th,bing,web_scrape,,800,800,1.0,RGB,False,False,
cha_dam_yen_kw05_bing_000028.jpg,cha_dam_yen/cha_dam_yen_kw05_bing_000028.jpg,cha_dam_yen,kw05,2,ชาดำเย็น ใส่น้ำแข็ง แก้วพลาสติก,th,bing,web_scrape,,960,960,1.0,RGB,False,False,
cha_dam_yen_kw05_bing_000029.jpg,cha_dam_yen/cha_dam_yen_kw05_bing_000029.jpg,cha_dam_yen,kw05,2,ชาดำเย็น ใส่น้ำแข็ง แก้วพลาสติก,th,bing,web_scrape,,800,800,1.0,RGB,False,True,
cha_dam_yen_kw05_bing_000030.jpg,cha_dam_yen/cha_dam_yen_kw05_bing_000030.jpg,cha_dam_yen,kw05,2,ชาดำเย็น ใส่น้ำแข็ง แก้วพลาสติก,th,bing,web_scrape,,800,800,1.0,RGB,False,False,
cha_dam_yen_kw05_bing_000032.jpg,cha_dam_yen/cha_dam_yen_kw05_bing_000032.jpg,cha_dam_yen,kw05,2,ชาดำเย็น ใส่น้ำแข็ง แก้วพลาสติก,th,bing,web_scrape,,1024,1024,1.0,RGB,False,True,
cha_dam_yen_kw05_bing_000034.jpg,cha_dam_yen/cha_dam_yen_kw05_bing_000034.jpg,cha_dam_yen,kw05,2,ชาดำเย็น ใส่น้ำแข็ง แก้วพลาสติก,th,bing,web_scrape,,600,600,1.0,RGB,False,False,
cha_dam_yen_kw05_bing_000039.png,cha_dam_yen/cha_dam_yen_kw05_bing_000039.png,cha_dam_yen,kw05,2,ชาดำเย็น ใส่น้ำแข็ง แก้วพลาสติก,th,bing,web_scrape,,640,640,1.0,RGB,False,False,
cha_dam_yen_kw05_bing_000044.jpg,cha_dam_yen/cha_dam_yen_kw05_bing_000044.jpg,cha_dam_yen,kw05,2,ชาดำเย็น ใส่น้ำแข็ง แก้วพลาสติก,th,bing,web_scrape,,1000,1000,1.0,RGB,False,True,
cha_dam_yen_kw05_bing_000052.jpg,cha_dam_yen/cha_dam_yen_kw05_bing_000052.jpg,cha_dam_yen,kw05,2,ชาดำเย็น ใส่น้ำแข็ง แก้วพลาสติก,th,bing,web_scrape,,500,500,1.0,RGB,False,False,
cha_dam_yen_kw05_bing_000054.jpg,cha_dam_yen/cha_dam_yen_kw05_bing_000054.jpg,cha_dam_yen,kw05,2,ชาดำเย็น ใส่น้ำแข็ง แก้วพลาสติก,th,bing,web_scrape,,720,720,1.0,RGB,False,False,
cha_dam_yen_kw05_bing_000056.jpg,cha_dam_yen/cha_dam_yen_kw05_bing_000056.jpg,cha_dam_yen,kw05,2,ชาดำเย็น ใส่น้ำแข็ง แก้วพลาสติก,th,bing,web_scrape,,1024,1024,1.0,RGB,False,False,
cha_dam_yen_kw05_bing_000057.jpg,cha_dam_yen/cha_dam_yen_kw05_bing_000057.jpg,cha_dam_yen,kw05,2,ชาดำเย็น ใส่น้ำแข็ง แก้วพลาสติก,th,bing,web_scrape,,1517,1558,0.9737,RGB,False,False,
cha_dam_yen_kw05_bing_000059.jpg,cha_dam_yen/cha_dam_yen_kw05_bing_000059.jpg,cha_dam_yen,kw05,2,ชาดำเย็น ใส่น้ำแข็ง แก้วพลาสติก,th,bing,web_scrape,,1300,1300,1.0,RGB,False,False,
cha_dam_yen_kw05_bing_000060.jpg,cha_dam_yen/cha_dam_yen_kw05_bing_000060.jpg,cha_dam_yen,kw05,2,ชาดำเย็น ใส่น้ำแข็ง แก้วพลาสติก,th,bing,web_scrape,,1567,1596,0.9818,RGB,False,False,
cha_dam_yen_kw05_bing_000066.jpg,cha_dam_yen/cha_dam_yen_kw05_bing_000066.jpg,cha_dam_yen,kw05,2,ชาดำเย็น ใส่น้ำแข็ง แก้วพลาสติก,th,bing,web_scrape,,1200,628,1.9108,RGB,False,False,
cha_dam_yen_kw05_bing_000067.jpg,cha_dam_yen/cha_dam_yen_kw05_bing_000067.jpg,cha_dam_yen,kw05,2,ชาดำเย็น ใส่น้ำแข็ง แก้วพลาสติก,th,bing,web_scrape,,1333,1079,1.2354,RGB,True,False,
cha_dam_yen_kw05_bing_000068.jpg,cha_dam_yen/cha_dam_yen_kw05_bing_000068.jpg,cha_dam_yen,kw05,2,ชาดำเย็น ใส่น้ำแข็ง แก้วพลาสติก,th,bing,web_scrape,,800,800,1.0,RGB,False,False,
cha_dam_yen_kw05_bing_000076.jpg,cha_dam_yen/cha_dam_yen_kw05_bing_000076.jpg,cha_dam_yen,kw05,2,ชาดำเย็น ใส่น้ำแข็ง แก้วพลาสติก,th,bing,web_scrape,,800,800,1.0,RGB,False,True,
cha_dam_yen_kw05_bing_000077.jpg,cha_dam_yen/cha_dam_yen_kw05_bing_000077.jpg,cha_dam_yen,kw05,2,ชาดำเย็น ใส่น้ำแข็ง แก้วพลาสติก,th,bing,web_scrape,,800,800,1.0,RGB,False,False,
cha_dam_yen_kw05_bing_000078.jpg,cha_dam_yen/cha_dam_yen_kw05_bing_000078.jpg,cha_dam_yen,kw05,2,ชาดำเย็น ใส่น้ำแข็ง แก้วพลาสติก,th,bing,web_scrape,,1300,1300,1.0,RGB,False,False,
cha_dam_yen_kw05_bing_000080.jpg,cha_dam_yen/cha_dam_yen_kw05_bing_000080.jpg,cha_dam_yen,kw05,2,ชาดำเย็น ใส่น้ำแข็ง แก้วพลาสติก,th,bing,web_scrape,,800,800,1.0,RGB,False,False,
cha_dam_yen_kw05_bing_000081.jpg,cha_dam_yen/cha_dam_yen_kw05_bing_000081.jpg,cha_dam_yen,kw05,2,ชาดำเย็น ใส่น้ำแข็ง แก้วพลาสติก,th,bing,web_scrape,,800,800,1.0,RGB,False,False,
cha_dam_yen_kw05_bing_000085.jpg,cha_dam_yen/cha_dam_yen_kw05_bing_000085.jpg,cha_dam_yen,kw05,2,ชาดำเย็น ใส่น้ำแข็ง แก้วพลาสติก,th,bing,web_scrape,,800,800,1.0,RGB,False,False,
cha_dam_yen_kw05_bing_000088.jpg,cha_dam_yen/cha_dam_yen_kw05_bing_000088.jpg,cha_dam_yen,kw05,2,ชาดำเย็น ใส่น้ำแข็ง แก้วพลาสติก,th,bing,web_scrape,,800,800,1.0,RGB,False,False,
cha_dam_yen_kw05_bing_000089.jpg,cha_dam_yen/cha_dam_yen_kw05_bing_000089.jpg,cha_dam_yen,kw05,2,ชาดำเย็น ใส่น้ำแข็ง แก้วพลาสติก,th,bing,web_scrape,,800,800,1.0,RGB,False,False,
cha_dam_yen_kw05_bing_000091.jpg,cha_dam_yen/cha_dam_yen_kw05_bing_000091.jpg,cha_dam_yen,kw05,2,ชาดำเย็น ใส่น้ำแข็ง แก้วพลาสติก,th,bing,web_scrape,,800,800,1.0,RGB,False,False,
cha_dam_yen_kw05_bing_000092.jpg,cha_dam_yen/cha_dam_yen_kw05_bing_000092.jpg,cha_dam_yen,kw05,2,ชาดำเย็น ใส่น้ำแข็ง แก้วพลาสติก,th,bing,web_scrape,,626,626,1.0,RGB,False,True,
cha_dam_yen_kw05_bing_000099.jpg,cha_dam_yen/cha_dam_yen_kw05_bing_000099.jpg,cha_dam_yen,kw05,2,ชาดำเย็น ใส่น้ำแข็ง แก้วพลาสติก,th,bing,web_scrape,,500,500,1.0,RGB,False,False,
cha_dam_yen_kw06_bing_000000.jpg,cha_dam_yen/cha_dam_yen_kw06_bing_000000.jpg,cha_dam_yen,kw06,2,ชาดำเย็น ร้านชาริมทาง,th,bing,web_scrape,,865,1920,0.4505,RGB,False,False,
cha_dam_yen_kw06_bing_000002.jpg,cha_dam_yen/cha_dam_yen_kw06_bing_000002.jpg,cha_dam_yen,kw06,2,ชาดำเย็น ร้านชาริมทาง,th,bing,web_scrape,,2500,2500,1.0,RGB,False,False,
cha_dam_yen_kw06_bing_000009.jpg,cha_dam_yen/cha_dam_yen_kw06_bing_000009.jpg,cha_dam_yen,kw06,2,ชาดำเย็น ร้านชาริมทาง,th,bing,web_scrape,,750,1334,0.5622,RGB,False,True,
cha_dam_yen_kw06_bing_000010.jpg,cha_dam_yen/cha_dam_yen_kw06_bing_000010.jpg,cha_dam_yen,kw06,2,ชาดำเย็น ร้านชาริมทาง,th,bing,web_scrape,,800,800,1.0,RGB,False,False,
cha_dam_yen_kw06_bing_000012.jpg,cha_dam_yen/cha_dam_yen_kw06_bing_000012.jpg,cha_dam_yen,kw06,2,ชาดำเย็น ร้านชาริมทาง,th,bing,web_scrape,,1920,1080,1.7778,RGB,False,True,
cha_dam_yen_kw06_bing_000013.jpg,cha_dam_yen/cha_dam_yen_kw06_bing_000013.jpg,cha_dam_yen,kw06,2,ชาดำเย็น ร้านชาริมทาง,th,bing,web_scrape,,512,512,1.0,RGB,False,True,
cha_dam_yen_kw06_bing_000014.jpg,cha_dam_yen/cha_dam_yen_kw06_bing_000014.jpg,cha_dam_yen,kw06,2,ชาดำเย็น ร้านชาริมทาง,th,bing,web_scrape,,1071,1900,0.5637,RGB,False,True,
cha_dam_yen_kw06_bing_000015.jpg,cha_dam_yen/cha_dam_yen_kw06_bing_000015.jpg,cha_dam_yen,kw06,2,ชาดำเย็น ร้านชาริมทาง,th,bing,web_scrape,,512,512,1.0,RGB,False,False,
cha_dam_yen_kw06_bing_000017.jpg,cha_dam_yen/cha_dam_yen_kw06_bing_000017.jpg,cha_dam_yen,kw06,2,ชาดำเย็น ร้านชาริมทาง,th,bing,web_scrape,,512,512,1.0,RGB,False,True,
cha_dam_yen_kw06_bing_000018.jpg,cha_dam_yen/cha_dam_yen_kw06_bing_000018.jpg,cha_dam_yen,kw06,2,ชาดำเย็น ร้านชาริมทาง,th,bing,web_scrape,,1440,1920,0.75,RGB,False,True,
cha_dam_yen_kw06_bing_000019.jpg,cha_dam_yen/cha_dam_yen_kw06_bing_000019.jpg,cha_dam_yen,kw06,2,ชาดำเย็น ร้านชาริมทาง,th,bing,web_scrape,,1440,1920,0.75,RGB,False,False,
cha_dam_yen_kw06_bing_000023.jpg,cha_dam_yen/cha_dam_yen_kw06_bing_000023.jpg,cha_dam_yen,kw06,2,ชาดำเย็น ร้านชาริมทาง,th,bing,web_scrape,,1440,1920,0.75,RGB,False,False,
cha_dam_yen_kw06_bing_000024.jpg,cha_dam_yen/cha_dam_yen_kw06_bing_000024.jpg,cha_dam_yen,kw06,2,ชาดำเย็น ร้านชาริมทาง,th,bing,web_scrape,,1500,1500,1.0,RGB,False,False,
cha_dam_yen_kw06_bing_000025.jpg,cha_dam_yen/cha_dam_yen_kw06_bing_000025.jpg,cha_dam_yen,kw06,2,ชาดำเย็น ร้านชาริมทาง,th,bing,web_scrape,,1200,1200,1.0,RGB,False,False,
cha_dam_yen_kw06_bing_000027.jpg,cha_dam_yen/cha_dam_yen_kw06_bing_000027.jpg,cha_dam_yen,kw06,2,ชาดำเย็น ร้านชาริมทาง,th,bing,web_scrape,,1108,1477,0.7502,RGB,False,False,
cha_dam_yen_kw06_bing_000028.jpg,cha_dam_yen/cha_dam_yen_kw06_bing_000028.jpg,cha_dam_yen,kw06,2,ชาดำเย็น ร้านชาริมทาง,th,bing,web_scrape,,720,900,0.8,RGB,False,False,
cha_dam_yen_kw06_bing_000029.jpg,cha_dam_yen/cha_dam_yen_kw06_bing_000029.jpg,cha_dam_yen,kw06,2,ชาดำเย็น ร้านชาริมทาง,th,bing,web_scrape,,1000,1000,1.0,RGB,False,False,
cha_dam_yen_kw06_bing_000031.jpg,cha_dam_yen/cha_dam_yen_kw06_bing_000031.jpg,cha_dam_yen,kw06,2,ชาดำเย็น ร้านชาริมทาง,th,bing,web_scrape,,1108,1302,0.851,RGB,False,False,
cha_dam_yen_kw06_bing_000034.jpg,cha_dam_yen/cha_dam_yen_kw06_bing_000034.jpg,cha_dam_yen,kw06,2,ชาดำเย็น ร้านชาริมทาง,th,bing,web_scrape,,1266,1900,0.6663,RGB,False,False,
cha_dam_yen_kw06_bing_000037.jpg,cha_dam_yen/cha_dam_yen_kw06_bing_000037.jpg,cha_dam_yen,kw06,2,ชาดำเย็น ร้านชาริมทาง,th,bing,web_scrape,,512,512,1.0,RGB,False,False,
cha_dam_yen_kw06_bing_000041.jpg,cha_dam_yen/cha_dam_yen_kw06_bing_000041.jpg,cha_dam_yen,kw06,2,ชาดำเย็น ร้านชาริมทาง,th,bing,web_scrape,,512,512,1.0,RGB,False,True,
cha_dam_yen_kw06_bing_000042.jpg,cha_dam_yen/cha_dam_yen_kw06_bing_000042.jpg,cha_dam_yen,kw06,2,ชาดำเย็น ร้านชาริมทาง,th,bing,web_scrape,,1920,1080,1.7778,RGB,False,False,
cha_dam_yen_kw06_bing_000046.jpg,cha_dam_yen/cha_dam_yen_kw06_bing_000046.jpg,cha_dam_yen,kw06,2,ชาดำเย็น ร้านชาริมทาง,th,bing,web_scrape,,512,512,1.0,RGB,False,True,
cha_dam_yen_kw06_bing_000050.jpg,cha_dam_yen/cha_dam_yen_kw06_bing_000050.jpg,cha_dam_yen,kw06,2,ชาดำเย็น ร้านชาริมทาง,th,bing,web_scrape,,1920,1440,1.3333,RGB,False,True,
cha_dam_yen_kw06_bing_000051.jpg,cha_dam_yen/cha_dam_yen_kw06_bing_000051.jpg,cha_dam_yen,kw06,2,ชาดำเย็น ร้านชาริมทาง,th,bing,web_scrape,,1920,1076,1.7844,RGB,False,True,
cha_dam_yen_kw06_bing_000052.jpg,cha_dam_yen/cha_dam_yen_kw06_bing_000052.jpg,cha_dam_yen,kw06,2,ชาดำเย็น ร้านชาริมทาง,th,bing,web_scrape,,1080,1080,1.0,RGB,False,False,
cha_dam_yen_kw06_bing_000053.jpg,cha_dam_yen/cha_dam_yen_kw06_bing_000053.jpg,cha_dam_yen,kw06,2,ชาดำเย็น ร้านชาริมทาง,th,bing,web_scrape,,1920,946,2.0296,RGB,False,False,
cha_dam_yen_kw06_bing_000055.jpg,cha_dam_yen/cha_dam_yen_kw06_bing_000055.jpg,cha_dam_yen,kw06,2,ชาดำเย็น ร้านชาริมทาง,th,bing,web_scrape,,1425,1900,0.75,RGB,False,False,
cha_dam_yen_kw06_bing_000057.jpg,cha_dam_yen/cha_dam_yen_kw06_bing_000057.jpg,cha_dam_yen,kw06,2,ชาดำเย็น ร้านชาริมทาง,th,bing,web_scrape,,1920,2560,0.75,RGB,False,False,
cha_dam_yen_kw06_bing_000060.jpg,cha_dam_yen/cha_dam_yen_kw06_bing_000060.jpg,cha_dam_yen,kw06,2,ชาดำเย็น ร้านชาริมทาง,th,bing,web_scrape,,1440,1920,0.75,RGB,False,False,
cha_dam_yen_kw06_bing_000062.jpg,cha_dam_yen/cha_dam_yen_kw06_bing_000062.jpg,cha_dam_yen,kw06,2,ชาดำเย็น ร้านชาริมทาง,th,bing,web_scrape,,1108,1477,0.7502,RGB,False,True,
cha_dam_yen_kw06_bing_000063.jpg,cha_dam_yen/cha_dam_yen_kw06_bing_000063.jpg,cha_dam_yen,kw06,2,ชาดำเย็น ร้านชาริมทาง,th,bing,web_scrape,,960,1706,0.5627,RGB,False,True,
cha_dam_yen_kw06_bing_000064.jpg,cha_dam_yen/cha_dam_yen_kw06_bing_000064.jpg,cha_dam_yen,kw06,2,ชาดำเย็น ร้านชาริมทาง,th,bing,web_scrape,,1920,1080,1.7778,RGB,False,True,
cha_dam_yen_kw06_bing_000065.jpg,cha_dam_yen/cha_dam_yen_kw06_bing_000065.jpg,cha_dam_yen,kw06,2,ชาดำเย็น ร้านชาริมทาง,th,bing,web_scrape,,512,512,1.0,RGB,False,False,
cha_dam_yen_kw06_bing_000067.jpg,cha_dam_yen/cha_dam_yen_kw06_bing_000067.jpg,cha_dam_yen,kw06,2,ชาดำเย็น ร้านชาริมทาง,th,bing,web_scrape,,855,1900,0.45,RGB,False,True,
cha_dam_yen_kw06_bing_000072.jpg,cha_dam_yen/cha_dam_yen_kw06_bing_000072.jpg,cha_dam_yen,kw06,2,ชาดำเย็น ร้านชาริมทาง,th,bing,web_scrape,,1900,1579,1.2033,RGB,False,True,
cha_dam_yen_kw06_bing_000074.jpg,cha_dam_yen/cha_dam_yen_kw06_bing_000074.jpg,cha_dam_yen,kw06,2,ชาดำเย็น ร้านชาริมทาง,th,bing,web_scrape,,800,800,1.0,RGB,False,False,
cha_dam_yen_kw06_bing_000075.jpg,cha_dam_yen/cha_dam_yen_kw06_bing_000075.jpg,cha_dam_yen,kw06,2,ชาดำเย็น ร้านชาริมทาง,th,bing,web_scrape,,1920,1080,1.7778,RGB,False,False,
cha_dam_yen_kw06_bing_000076.jpg,cha_dam_yen/cha_dam_yen_kw06_bing_000076.jpg,cha_dam_yen,kw06,2,ชาดำเย็น ร้านชาริมทาง,th,bing,web_scrape,,512,512,1.0,RGB,False,True,
cha_dam_yen_kw06_bing_000078.png,cha_dam_yen/cha_dam_yen_kw06_bing_000078.png,cha_dam_yen,kw06,2,ชาดำเย็น ร้านชาริมทาง,th,bing,web_scrape,,1024,1024,1.0,P,False,False,
cha_dam_yen_kw06_bing_000079.jpg,cha_dam_yen/cha_dam_yen_kw06_bing_000079.jpg,cha_dam_yen,kw06,2,ชาดำเย็น ร้านชาริมทาง,th,bing,web_scrape,,1024,536,1.9104,RGB,False,True,
cha_dam_yen_kw06_bing_000080.jpg,cha_dam_yen/cha_dam_yen_kw06_bing_000080.jpg,cha_dam_yen,kw06,2,ชาดำเย็น ร้านชาริมทาง,th,bing,web_scrape,,1170,1808,0.6471,RGB,False,True,
cha_dam_yen_kw06_bing_000082.jpg,cha_dam_yen/cha_dam_yen_kw06_bing_000082.jpg,cha_dam_yen,kw06,2,ชาดำเย็น ร้านชาริมทาง,th,bing,web_scrape,,1200,675,1.7778,RGB,False,True,
cha_dam_yen_kw06_bing_000091.jpg,cha_dam_yen/cha_dam_yen_kw06_bing_000091.jpg,cha_dam_yen,kw06,2,ชาดำเย็น ร้านชาริมทาง,th,bing,web_scrape,,1024,768,1.3333,RGB,False,False,
cha_dam_yen_kw06_bing_000092.jpg,cha_dam_yen/cha_dam_yen_kw06_bing_000092.jpg,cha_dam_yen,kw06,2,ชาดำเย็น ร้านชาริมทาง,th,bing,web_scrape,,1920,1078,1.7811,RGB,False,True,
cha_dam_yen_kw06_bing_000094.jpg,cha_dam_yen/cha_dam_yen_kw06_bing_000094.jpg,cha_dam_yen,kw06,2,ชาดำเย็น ร้านชาริมทาง,th,bing,web_scrape,,1425,1900,0.75,RGB,False,False,
cha_dam_yen_kw06_bing_000095.jpg,cha_dam_yen/cha_dam_yen_kw06_bing_000095.jpg,cha_dam_yen,kw06,2,ชาดำเย็น ร้านชาริมทาง,th,bing,web_scrape,,512,512,1.0,RGB,False,True,
cha_dam_yen_kw06_bing_000096.jpg,cha_dam_yen/cha_dam_yen_kw06_bing_000096.jpg,cha_dam_yen,kw06,2,ชาดำเย็น ร้านชาริมทาง,th,bing,web_scrape,,512,512,1.0,RGB,False,False,
cha_dam_yen_kw06_bing_000098.jpg,cha_dam_yen/cha_dam_yen_kw06_bing_000098.jpg,cha_dam_yen,kw06,2,ชาดำเย็น ร้านชาริมทาง,th,bing,web_scrape,,512,512,1.0,RGB,False,False,
cha_dam_yen_kw06_bing_000099.jpg,cha_dam_yen/cha_dam_yen_kw06_bing_000099.jpg,cha_dam_yen,kw06,2,ชาดำเย็น ร้านชาริมทาง,th,bing,web_scrape,,1425,1900,0.75,RGB,False,False,
cha_dam_yen_kw06_bing_000101.jpg,cha_dam_yen/cha_dam_yen_kw06_bing_000101.jpg,cha_dam_yen,kw06,2,ชาดำเย็น ร้านชาริมทาง,th,bing,web_scrape,,512,512,1.0,RGB,False,False,
cha_dam_yen_kw07_bing_000007.jpg,cha_dam_yen/cha_dam_yen_kw07_bing_000007.jpg,cha_dam_yen,kw07,2,ชาดำใส่น้ำแข็ง ชาดำหวาน,th,bing,web_scrape,,640,480,1.3333,RGB,False,False,
cha_dam_yen_kw07_bing_000008.jpg,cha_dam_yen/cha_dam_yen_kw07_bing_000008.jpg,cha_dam_yen,kw07,2,ชาดำใส่น้ำแข็ง ชาดำหวาน,th,bing,web_scrape,,1280,720,1.7778,RGB,False,False,
cha_dam_yen_kw07_bing_000009.jpg,cha_dam_yen/cha_dam_yen_kw07_bing_000009.jpg,cha_dam_yen,kw07,2,ชาดำใส่น้ำแข็ง ชาดำหวาน,th,bing,web_scrape,,640,480,1.3333,RGB,False,False,
cha_dam_yen_kw07_bing_000011.jpg,cha_dam_yen/cha_dam_yen_kw07_bing_000011.jpg,cha_dam_yen,kw07,2,ชาดำใส่น้ำแข็ง ชาดำหวาน,th,bing,web_scrape,,1024,1024,1.0,RGB,False,False,
cha_dam_yen_kw07_bing_000013.jpg,cha_dam_yen/cha_dam_yen_kw07_bing_000013.jpg,cha_dam_yen,kw07,2,ชาดำใส่น้ำแข็ง ชาดำหวาน,th,bing,web_scrape,,728,546,1.3333,RGB,False,False,
cha_dam_yen_kw07_bing_000017.webp,cha_dam_yen/cha_dam_yen_kw07_bing_000017.webp,cha_dam_yen,kw07,2,ชาดำใส่น้ำแข็ง ชาดำหวาน,th,bing,web_scrape,,829,829,1.0,RGBA,False,False,
cha_dam_yen_kw07_bing_000019.webp,cha_dam_yen/cha_dam_yen_kw07_bing_000019.webp,cha_dam_yen,kw07,2,ชาดำใส่น้ำแข็ง ชาดำหวาน,th,bing,web_scrape,,500,500,1.0,RGB,False,False,
cha_dam_yen_kw07_bing_000022.webp,cha_dam_yen/cha_dam_yen_kw07_bing_000022.webp,cha_dam_yen,kw07,2,ชาดำใส่น้ำแข็ง ชาดำหวาน,th,bing,web_scrape,,500,500,1.0,RGB,False,False,
cha_dam_yen_kw07_bing_000023.jpg,cha_dam_yen/cha_dam_yen_kw07_bing_000023.jpg,cha_dam_yen,kw07,2,ชาดำใส่น้ำแข็ง ชาดำหวาน,th,bing,web_scrape,,1280,720,1.7778,RGB,False,False,
cha_dam_yen_kw07_bing_000024.jpg,cha_dam_yen/cha_dam_yen_kw07_bing_000024.jpg,cha_dam_yen,kw07,2,ชาดำใส่น้ำแข็ง ชาดำหวาน,th,bing,web_scrape,,640,480,1.3333,RGB,False,False,
cha_dam_yen_kw07_bing_000026.jpg,cha_dam_yen/cha_dam_yen_kw07_bing_000026.jpg,cha_dam_yen,kw07,2,ชาดำใส่น้ำแข็ง ชาดำหวาน,th,bing,web_scrape,,1280,720,1.7778,RGB,False,False,
cha_dam_yen_kw07_bing_000030.jpg,cha_dam_yen/cha_dam_yen_kw07_bing_000030.jpg,cha_dam_yen,kw07,2,ชาดำใส่น้ำแข็ง ชาดำหวาน,th,bing,web_scrape,,1280,720,1.7778,RGB,False,False,
cha_dam_yen_kw07_bing_000033.png,cha_dam_yen/cha_dam_yen_kw07_bing_000033.png,cha_dam_yen,kw07,2,ชาดำใส่น้ำแข็ง ชาดำหวาน,th,bing,web_scrape,,1200,800,1.5,RGBA,False,False,
cha_dam_yen_kw07_bing_000034.jpg,cha_dam_yen/cha_dam_yen_kw07_bing_000034.jpg,cha_dam_yen,kw07,2,ชาดำใส่น้ำแข็ง ชาดำหวาน,th,bing,web_scrape,,1425,1900,0.75,RGB,False,False,
cha_dam_yen_kw07_bing_000036.webp,cha_dam_yen/cha_dam_yen_kw07_bing_000036.webp,cha_dam_yen,kw07,2,ชาดำใส่น้ำแข็ง ชาดำหวาน,th,bing,web_scrape,,500,500,1.0,RGB,False,False,
cha_dam_yen_kw07_bing_000038.jpg,cha_dam_yen/cha_dam_yen_kw07_bing_000038.jpg,cha_dam_yen,kw07,2,ชาดำใส่น้ำแข็ง ชาดำหวาน,th,bing,web_scrape,,1440,1920,0.75,RGB,False,False,
cha_dam_yen_kw07_bing_000039.jpg,cha_dam_yen/cha_dam_yen_kw07_bing_000039.jpg,cha_dam_yen,kw07,2,ชาดำใส่น้ำแข็ง ชาดำหวาน,th,bing,web_scrape,,1500,1500,1.0,RGB,False,False,
cha_dam_yen_kw07_bing_000040.jpg,cha_dam_yen/cha_dam_yen_kw07_bing_000040.jpg,cha_dam_yen,kw07,2,ชาดำใส่น้ำแข็ง ชาดำหวาน,th,bing,web_scrape,,600,600,1.0,RGB,False,False,
cha_dam_yen_kw07_bing_000042.webp,cha_dam_yen/cha_dam_yen_kw07_bing_000042.webp,cha_dam_yen,kw07,2,ชาดำใส่น้ำแข็ง ชาดำหวาน,th,bing,web_scrape,,500,500,1.0,RGB,False,False,
cha_dam_yen_kw07_bing_000044.webp,cha_dam_yen/cha_dam_yen_kw07_bing_000044.webp,cha_dam_yen,kw07,2,ชาดำใส่น้ำแข็ง ชาดำหวาน,th,bing,web_scrape,,500,500,1.0,RGB,False,False,
cha_dam_yen_kw07_bing_000045.webp,cha_dam_yen/cha_dam_yen_kw07_bing_000045.webp,cha_dam_yen,kw07,2,ชาดำใส่น้ำแข็ง ชาดำหวาน,th,bing,web_scrape,,1200,1800,0.6667,RGB,False,False,
cha_dam_yen_kw07_bing_000049.jpg,cha_dam_yen/cha_dam_yen_kw07_bing_000049.jpg,cha_dam_yen,kw07,2,ชาดำใส่น้ำแข็ง ชาดำหวาน,th,bing,web_scrape,,800,800,1.0,RGB,False,False,
cha_dam_yen_kw07_bing_000051.jpg,cha_dam_yen/cha_dam_yen_kw07_bing_000051.jpg,cha_dam_yen,kw07,2,ชาดำใส่น้ำแข็ง ชาดำหวาน,th,bing,web_scrape,,800,800,1.0,RGB,False,False,
cha_dam_yen_kw07_bing_000052.png,cha_dam_yen/cha_dam_yen_kw07_bing_000052.png,cha_dam_yen,kw07,2,ชาดำใส่น้ำแข็ง ชาดำหวาน,th,bing,web_scrape,,1080,1080,1.0,RGBA,False,False,
cha_dam_yen_kw07_bing_000055.webp,cha_dam_yen/cha_dam_yen_kw07_bing_000055.webp,cha_dam_yen,kw07,2,ชาดำใส่น้ำแข็ง ชาดำหวาน,th,bing,web_scrape,,1080,1350,0.8,RGB,False,False,
cha_dam_yen_kw07_bing_000059.jpg,cha_dam_yen/cha_dam_yen_kw07_bing_000059.jpg,cha_dam_yen,kw07,2,ชาดำใส่น้ำแข็ง ชาดำหวาน,th,bing,web_scrape,,1280,720,1.7778,RGB,False,False,
cha_dam_yen_kw07_bing_000060.jpg,cha_dam_yen/cha_dam_yen_kw07_bing_000060.jpg,cha_dam_yen,kw07,2,ชาดำใส่น้ำแข็ง ชาดำหวาน,th,bing,web_scrape,,1024,1024,1.0,RGB,False,False,
cha_dam_yen_kw07_bing_000066.jpg,cha_dam_yen/cha_dam_yen_kw07_bing_000066.jpg,cha_dam_yen,kw07,2,ชาดำใส่น้ำแข็ง ชาดำหวาน,th,bing,web_scrape,,800,800,1.0,RGB,False,False,
cha_dam_yen_kw07_bing_000069.jpg,cha_dam_yen/cha_dam_yen_kw07_bing_000069.jpg,cha_dam_yen,kw07,2,ชาดำใส่น้ำแข็ง ชาดำหวาน,th,bing,web_scrape,,736,981,0.7503,RGB,False,True,
cha_dam_yen_kw07_bing_000072.webp,cha_dam_yen/cha_dam_yen_kw07_bing_000072.webp,cha_dam_yen,kw07,2,ชาดำใส่น้ำแข็ง ชาดำหวาน,th,bing,web_scrape,,1080,1350,0.8,RGB,False,False,
cha_dam_yen_kw07_bing_000074.webp,cha_dam_yen/cha_dam_yen_kw07_bing_000074.webp,cha_dam_yen,kw07,2,ชาดำใส่น้ำแข็ง ชาดำหวาน,th,bing,web_scrape,,1272,1272,1.0,RGB,False,False,
cha_dam_yen_kw07_bing_000078.jpg,cha_dam_yen/cha_dam_yen_kw07_bing_000078.jpg,cha_dam_yen,kw07,2,ชาดำใส่น้ำแข็ง ชาดำหวาน,th,bing,web_scrape,,1800,900,2.0,RGB,False,False,
cha_dam_yen_kw07_bing_000085.png,cha_dam_yen/cha_dam_yen_kw07_bing_000085.png,cha_dam_yen,kw07,2,ชาดำใส่น้ำแข็ง ชาดำหวาน,th,bing,web_scrape,,1200,803,1.4944,RGB,False,False,
cha_dam_yen_kw07_bing_000086.jpg,cha_dam_yen/cha_dam_yen_kw07_bing_000086.jpg,cha_dam_yen,kw07,2,ชาดำใส่น้ำแข็ง ชาดำหวาน,th,bing,web_scrape,,640,821,0.7795,RGB,False,False,
cha_dam_yen_kw07_bing_000092.jpg,cha_dam_yen/cha_dam_yen_kw07_bing_000092.jpg,cha_dam_yen,kw07,2,ชาดำใส่น้ำแข็ง ชาดำหวาน,th,bing,web_scrape,,1180,1180,1.0,RGB,False,False,
cha_dam_yen_kw07_bing_000093.webp,cha_dam_yen/cha_dam_yen_kw07_bing_000093.webp,cha_dam_yen,kw07,2,ชาดำใส่น้ำแข็ง ชาดำหวาน,th,bing,web_scrape,,1200,628,1.9108,RGB,False,False,
cha_dam_yen_kw07_bing_000096.webp,cha_dam_yen/cha_dam_yen_kw07_bing_000096.webp,cha_dam_yen,kw07,2,ชาดำใส่น้ำแข็ง ชาดำหวาน,th,bing,web_scrape,,1080,1350,0.8,RGB,False,False,
cha_khiao_nom_kw00_bing_000000.jpg,cha_khiao_nom/cha_khiao_nom_kw00_bing_000000.jpg,cha_khiao_nom,kw00,1,ชาเขียวนมเย็น แก้ว,th,bing,web_scrape,,639,960,0.6656,RGB,False,False,
cha_khiao_nom_kw00_bing_000001.jpg,cha_khiao_nom/cha_khiao_nom_kw00_bing_000001.jpg,cha_khiao_nom,kw00,1,ชาเขียวนมเย็น แก้ว,th,bing,web_scrape,,728,538,1.3532,RGB,False,False,
cha_khiao_nom_kw00_bing_000001.png,cha_khiao_nom/cha_khiao_nom_kw00_bing_000001.png,cha_khiao_nom,kw00,1,ชาเขียวนมเย็น แก้ว,th,bing,web_scrape,,1200,1813,0.6619,RGB,False,False,
cha_khiao_nom_kw00_bing_000002.jpg,cha_khiao_nom/cha_khiao_nom_kw00_bing_000002.jpg,cha_khiao_nom,kw00,1,ชาเขียวนมเย็น แก้ว,th,bing,web_scrape,,728,460,1.5826,RGB,False,False,
cha_khiao_nom_kw00_bing_000003.jpg,cha_khiao_nom/cha_khiao_nom_kw00_bing_000003.jpg,cha_khiao_nom,kw00,1,ชาเขียวนมเย็น แก้ว,th,bing,web_scrape,,1200,1600,0.75,RGB,False,False,
cha_khiao_nom_kw00_bing_000004.jpg,cha_khiao_nom/cha_khiao_nom_kw00_bing_000004.jpg,cha_khiao_nom,kw00,1,ชาเขียวนมเย็น แก้ว,th,bing,web_scrape,,1067,1600,0.6669,RGB,False,False,
cha_khiao_nom_kw00_bing_000005.jpg,cha_khiao_nom/cha_khiao_nom_kw00_bing_000005.jpg,cha_khiao_nom,kw00,1,ชาเขียวนมเย็น แก้ว,th,bing,web_scrape,,960,1280,0.75,RGB,False,False,
cha_khiao_nom_kw00_bing_000005.png,cha_khiao_nom/cha_khiao_nom_kw00_bing_000005.png,cha_khiao_nom,kw00,1,ชาเขียวนมเย็น แก้ว,th,bing,web_scrape,,1200,1200,1.0,P,False,True,
cha_khiao_nom_kw00_bing_000006.jpg,cha_khiao_nom/cha_khiao_nom_kw00_bing_000006.jpg,cha_khiao_nom,kw00,1,ชาเขียวนมเย็น แก้ว,th,bing,web_scrape,,1920,2560,0.75,RGB,False,False,
cha_khiao_nom_kw00_bing_000007.webp,cha_khiao_nom/cha_khiao_nom_kw00_bing_000007.webp,cha_khiao_nom,kw00,1,ชาเขียวนมเย็น แก้ว,th,bing,web_scrape,,1660,2214,0.7498,RGB,False,True,
cha_khiao_nom_kw00_bing_000008.png,cha_khiao_nom/cha_khiao_nom_kw00_bing_000008.png,cha_khiao_nom,kw00,1,ชาเขียวนมเย็น แก้ว,th,bing,web_scrape,,1200,800,1.5,RGB,False,False,
cha_khiao_nom_kw00_bing_000010.jpg,cha_khiao_nom/cha_khiao_nom_kw00_bing_000010.jpg,cha_khiao_nom,kw00,1,ชาเขียวนมเย็น แก้ว,th,bing,web_scrape,,1440,1920,0.75,RGB,False,False,
cha_khiao_nom_kw00_bing_000010.png,cha_khiao_nom/cha_khiao_nom_kw00_bing_000010.png,cha_khiao_nom,kw00,1,ชาเขียวนมเย็น แก้ว,th,bing,web_scrape,,1024,1024,1.0,RGBA,False,False,
cha_khiao_nom_kw00_bing_000011.jpg,cha_khiao_nom/cha_khiao_nom_kw00_bing_000011.jpg,cha_khiao_nom,kw00,1,ชาเขียวนมเย็น แก้ว,th,bing,web_scrape,,2048,2048,1.0,RGB,False,False,
cha_khiao_nom_kw00_bing_000012.jpg,cha_khiao_nom/cha_khiao_nom_kw00_bing_000012.jpg,cha_khiao_nom,kw00,1,ชาเขียวนมเย็น แก้ว,th,bing,web_scrape,,1280,720,1.7778,RGB,False,False,
cha_khiao_nom_kw00_bing_000013.jpg,cha_khiao_nom/cha_khiao_nom_kw00_bing_000013.jpg,cha_khiao_nom,kw00,1,ชาเขียวนมเย็น แก้ว,th,bing,web_scrape,,800,600,1.3333,RGB,False,False,
cha_khiao_nom_kw00_bing_000015.jpg,cha_khiao_nom/cha_khiao_nom_kw00_bing_000015.jpg,cha_khiao_nom,kw00,1,ชาเขียวนมเย็น แก้ว,th,bing,web_scrape,,1040,1040,1.0,RGB,False,True,
cha_khiao_nom_kw00_bing_000019.jpg,cha_khiao_nom/cha_khiao_nom_kw00_bing_000019.jpg,cha_khiao_nom,kw00,1,ชาเขียวนมเย็น แก้ว,th,bing,web_scrape,,1280,720,1.7778,RGB,False,False,
cha_khiao_nom_kw00_bing_000021.jpg,cha_khiao_nom/cha_khiao_nom_kw00_bing_000021.jpg,cha_khiao_nom,kw00,1,ชาเขียวนมเย็น แก้ว,th,bing,web_scrape,,1280,720,1.7778,RGB,False,True,
cha_khiao_nom_kw00_bing_000023.jpg,cha_khiao_nom/cha_khiao_nom_kw00_bing_000023.jpg,cha_khiao_nom,kw00,1,ชาเขียวนมเย็น แก้ว,th,bing,web_scrape,,600,900,0.6667,RGB,False,False,
cha_khiao_nom_kw00_bing_000027.jpg,cha_khiao_nom/cha_khiao_nom_kw00_bing_000027.jpg,cha_khiao_nom,kw00,1,ชาเขียวนมเย็น แก้ว,th,bing,web_scrape,,736,921,0.7991,RGB,False,False,
cha_khiao_nom_kw00_bing_000028.jpg,cha_khiao_nom/cha_khiao_nom_kw00_bing_000028.jpg,cha_khiao_nom,kw00,1,ชาเขียวนมเย็น แก้ว,th,bing,web_scrape,,1280,720,1.7778,RGB,False,False,
cha_khiao_nom_kw00_bing_000029.jpg,cha_khiao_nom/cha_khiao_nom_kw00_bing_000029.jpg,cha_khiao_nom,kw00,1,ชาเขียวนมเย็น แก้ว,th,bing,web_scrape,,1080,1130,0.9558,RGB,False,False,
cha_khiao_nom_kw00_bing_000030.jpg,cha_khiao_nom/cha_khiao_nom_kw00_bing_000030.jpg,cha_khiao_nom,kw00,1,ชาเขียวนมเย็น แก้ว,th,bing,web_scrape,,1280,1280,1.0,RGB,False,True,
cha_khiao_nom_kw00_bing_000031.jpg,cha_khiao_nom/cha_khiao_nom_kw00_bing_000031.jpg,cha_khiao_nom,kw00,1,ชาเขียวนมเย็น แก้ว,th,bing,web_scrape,,400,533,0.7505,RGB,False,False,
cha_khiao_nom_kw00_bing_000035.jpg,cha_khiao_nom/cha_khiao_nom_kw00_bing_000035.jpg,cha_khiao_nom,kw00,1,ชาเขียวนมเย็น แก้ว,th,bing,web_scrape,,600,600,1.0,RGB,False,True,
cha_khiao_nom_kw00_bing_000037.png,cha_khiao_nom/cha_khiao_nom_kw00_bing_000037.png,cha_khiao_nom,kw00,1,ชาเขียวนมเย็น แก้ว,th,bing,web_scrape,,1200,1200,1.0,P,False,False,
cha_khiao_nom_kw00_bing_000039.jpg,cha_khiao_nom/cha_khiao_nom_kw00_bing_000039.jpg,cha_khiao_nom,kw00,1,ชาเขียวนมเย็น แก้ว,th,bing,web_scrape,,752,423,1.7778,RGB,False,False,
cha_khiao_nom_kw00_bing_000040.jpg,cha_khiao_nom/cha_khiao_nom_kw00_bing_000040.jpg,cha_khiao_nom,kw00,1,ชาเขียวนมเย็น แก้ว,th,bing,web_scrape,,1920,1080,1.7778,RGB,False,True,
cha_khiao_nom_kw00_bing_000042.jpg,cha_khiao_nom/cha_khiao_nom_kw00_bing_000042.jpg,cha_khiao_nom,kw00,1,ชาเขียวนมเย็น แก้ว,th,bing,web_scrape,,1024,576,1.7778,RGB,False,False,
cha_khiao_nom_kw00_bing_000043.png,cha_khiao_nom/cha_khiao_nom_kw00_bing_000043.png,cha_khiao_nom,kw00,1,ชาเขียวนมเย็น แก้ว,th,bing,web_scrape,,1040,1040,1.0,RGBA,False,False,
cha_khiao_nom_kw00_bing_000045.jpg,cha_khiao_nom/cha_khiao_nom_kw00_bing_000045.jpg,cha_khiao_nom,kw00,1,ชาเขียวนมเย็น แก้ว,th,bing,web_scrape,,1425,1900,0.75,RGB,False,True,
cha_khiao_nom_kw00_bing_000049.jpg,cha_khiao_nom/cha_khiao_nom_kw00_bing_000049.jpg,cha_khiao_nom,kw00,1,ชาเขียวนมเย็น แก้ว,th,bing,web_scrape,,1045,1567,0.6669,RGB,False,False,
cha_khiao_nom_kw00_bing_000050.jpg,cha_khiao_nom/cha_khiao_nom_kw00_bing_000050.jpg,cha_khiao_nom,kw00,1,ชาเขียวนมเย็น แก้ว,th,bing,web_scrape,,1024,1024,1.0,RGB,False,False,
cha_khiao_nom_kw00_bing_000051.jpg,cha_khiao_nom/cha_khiao_nom_kw00_bing_000051.jpg,cha_khiao_nom,kw00,1,ชาเขียวนมเย็น แก้ว,th,bing,web_scrape,,1440,1920,0.75,RGB,False,True,
cha_khiao_nom_kw00_bing_000052.jpg,cha_khiao_nom/cha_khiao_nom_kw00_bing_000052.jpg,cha_khiao_nom,kw00,1,ชาเขียวนมเย็น แก้ว,th,bing,web_scrape,,1200,1600,0.75,RGB,False,False,
cha_khiao_nom_kw00_bing_000053.jpg,cha_khiao_nom/cha_khiao_nom_kw00_bing_000053.jpg,cha_khiao_nom,kw00,1,ชาเขียวนมเย็น แก้ว,th,bing,web_scrape,,800,800,1.0,RGB,False,False,
cha_khiao_nom_kw00_bing_000054.jpg,cha_khiao_nom/cha_khiao_nom_kw00_bing_000054.jpg,cha_khiao_nom,kw00,1,ชาเขียวนมเย็น แก้ว,th,bing,web_scrape,,2922,1824,1.602,RGB,False,True,
cha_khiao_nom_kw00_bing_000056.jpg,cha_khiao_nom/cha_khiao_nom_kw00_bing_000056.jpg,cha_khiao_nom,kw00,1,ชาเขียวนมเย็น แก้ว,th,bing,web_scrape,,350,466,0.7511,RGB,False,False,
cha_khiao_nom_kw00_bing_000058.jpg,cha_khiao_nom/cha_khiao_nom_kw00_bing_000058.jpg,cha_khiao_nom,kw00,1,ชาเขียวนมเย็น แก้ว,th,bing,web_scrape,,2463,1375,1.7913,RGB,False,True,
cha_khiao_nom_kw00_bing_000059.jpg,cha_khiao_nom/cha_khiao_nom_kw00_bing_000059.jpg,cha_khiao_nom,kw00,1,ชาเขียวนมเย็น แก้ว,th,bing,web_scrape,,1920,1080,1.7778,RGB,False,True,
cha_khiao_nom_kw00_bing_000060.jpg,cha_khiao_nom/cha_khiao_nom_kw00_bing_000060.jpg,cha_khiao_nom,kw00,1,ชาเขียวนมเย็น แก้ว,th,bing,web_scrape,,736,980,0.751,RGB,False,False,
cha_khiao_nom_kw00_bing_000062.webp,cha_khiao_nom/cha_khiao_nom_kw00_bing_000062.webp,cha_khiao_nom,kw00,1,ชาเขียวนมเย็น แก้ว,th,bing,web_scrape,,1716,2288,0.75,RGB,False,False,
cha_khiao_nom_kw00_bing_000067.webp,cha_khiao_nom/cha_khiao_nom_kw00_bing_000067.webp,cha_khiao_nom,kw00,1,ชาเขียวนมเย็น แก้ว,th,bing,web_scrape,,1024,1024,1.0,RGB,False,False,
cha_khiao_nom_kw00_bing_000070.jpg,cha_khiao_nom/cha_khiao_nom_kw00_bing_000070.jpg,cha_khiao_nom,kw00,1,ชาเขียวนมเย็น แก้ว,th,bing,web_scrape,,1024,1024,1.0,RGB,False,False,
cha_khiao_nom_kw00_bing_000071.jpg,cha_khiao_nom/cha_khiao_nom_kw00_bing_000071.jpg,cha_khiao_nom,kw00,1,ชาเขียวนมเย็น แก้ว,th,bing,web_scrape,,1024,1024,1.0,RGB,False,False,
cha_khiao_nom_kw00_bing_000076.png,cha_khiao_nom/cha_khiao_nom_kw00_bing_000076.png,cha_khiao_nom,kw00,1,ชาเขียวนมเย็น แก้ว,th,bing,web_scrape,,640,640,1.0,RGB,False,False,
cha_khiao_nom_kw00_bing_000078.jpg,cha_khiao_nom/cha_khiao_nom_kw00_bing_000078.jpg,cha_khiao_nom,kw00,1,ชาเขียวนมเย็น แก้ว,th,bing,web_scrape,,2048,2048,1.0,RGB,False,False,
cha_khiao_nom_kw00_bing_000079.png,cha_khiao_nom/cha_khiao_nom_kw00_bing_000079.png,cha_khiao_nom,kw00,1,ชาเขียวนมเย็น แก้ว,th,bing,web_scrape,,1200,1200,1.0,RGBA,False,False,
cha_khiao_nom_kw00_bing_000085.jpg,cha_khiao_nom/cha_khiao_nom_kw00_bing_000085.jpg,cha_khiao_nom,kw00,1,ชาเขียวนมเย็น แก้ว,th,bing,web_scrape,,1248,1872,0.6667,RGB,False,True,
cha_khiao_nom_kw00_bing_000087.jpg,cha_khiao_nom/cha_khiao_nom_kw00_bing_000087.jpg,cha_khiao_nom,kw00,1,ชาเขียวนมเย็น แก้ว,th,bing,web_scrape,,1292,1722,0.7503,RGB,False,True,
cha_khiao_nom_kw00_bing_000088.jpg,cha_khiao_nom/cha_khiao_nom_kw00_bing_000088.jpg,cha_khiao_nom,kw00,1,ชาเขียวนมเย็น แก้ว,th,bing,web_scrape,,1244,1316,0.9453,RGB,False,False,
cha_khiao_nom_kw00_bing_000091.jpg,cha_khiao_nom/cha_khiao_nom_kw00_bing_000091.jpg,cha_khiao_nom,kw00,1,ชาเขียวนมเย็น แก้ว,th,bing,web_scrape,,4000,2925,1.3675,RGB,False,False,
cha_khiao_nom_kw00_bing_000092.jpg,cha_khiao_nom/cha_khiao_nom_kw00_bing_000092.jpg,cha_khiao_nom,kw00,1,ชาเขียวนมเย็น แก้ว,th,bing,web_scrape,,1280,960,1.3333,RGB,False,False,
cha_khiao_nom_kw00_bing_000095.jpg,cha_khiao_nom/cha_khiao_nom_kw00_bing_000095.jpg,cha_khiao_nom,kw00,1,ชาเขียวนมเย็น แก้ว,th,bing,web_scrape,,1600,1067,1.4995,RGB,False,True,
cha_khiao_nom_kw00_bing_000096.webp,cha_khiao_nom/cha_khiao_nom_kw00_bing_000096.webp,cha_khiao_nom,kw00,1,ชาเขียวนมเย็น แก้ว,th,bing,web_scrape,,1200,628,1.9108,RGB,False,True,
cha_khiao_nom_kw00_bing_000097.jpg,cha_khiao_nom/cha_khiao_nom_kw00_bing_000097.jpg,cha_khiao_nom,kw00,1,ชาเขียวนมเย็น แก้ว,th,bing,web_scrape,,1108,1477,0.7502,RGB,False,True,
cha_khiao_nom_kw00_bing_000100.webp,cha_khiao_nom/cha_khiao_nom_kw00_bing_000100.webp,cha_khiao_nom,kw00,1,ชาเขียวนมเย็น แก้ว,th,bing,web_scrape,,1024,1024,1.0,RGB,False,True,
cha_khiao_nom_kw00_bing_000101.webp,cha_khiao_nom/cha_khiao_nom_kw00_bing_000101.webp,cha_khiao_nom,kw00,1,ชาเขียวนมเย็น แก้ว,th,bing,web_scrape,,1200,1500,0.8,RGB,False,True,
cha_khiao_nom_kw00_bing_000103.png,cha_khiao_nom/cha_khiao_nom_kw00_bing_000103.png,cha_khiao_nom,kw00,1,ชาเขียวนมเย็น แก้ว,th,bing,web_scrape,,728,431,1.6891,P,False,False,
cha_khiao_nom_kw00_bing_000130.jpg,cha_khiao_nom/cha_khiao_nom_kw00_bing_000130.jpg,cha_khiao_nom,kw00,1,ชาเขียวนมเย็น แก้ว,th,bing,web_scrape,,720,960,0.75,RGB,False,True,
cha_khiao_nom_kw01_bing_000000.jpg,cha_khiao_nom/cha_khiao_nom_kw01_bing_000000.jpg,cha_khiao_nom,kw01,1,ชาเขียวนม ร้านชา,th,bing,web_scrape,,1425,1900,0.75,RGB,False,False,
cha_khiao_nom_kw01_bing_000001.jpg,cha_khiao_nom/cha_khiao_nom_kw01_bing_000001.jpg,cha_khiao_nom,kw01,1,ชาเขียวนม ร้านชา,th,bing,web_scrape,,1706,1706,1.0,RGB,False,False,
cha_khiao_nom_kw01_bing_000002.jpg,cha_khiao_nom/cha_khiao_nom_kw01_bing_000002.jpg,cha_khiao_nom,kw01,1,ชาเขียวนม ร้านชา,th,bing,web_scrape,,960,640,1.5,RGB,False,False,
cha_khiao_nom_kw01_bing_000003.jpg,cha_khiao_nom/cha_khiao_nom_kw01_bing_000003.jpg,cha_khiao_nom,kw01,1,ชาเขียวนม ร้านชา,th,bing,web_scrape,,1040,1040,1.0,RGB,False,False,
cha_khiao_nom_kw01_bing_000004.jpg,cha_khiao_nom/cha_khiao_nom_kw01_bing_000004.jpg,cha_khiao_nom,kw01,1,ชาเขียวนม ร้านชา,th,bing,web_scrape,,736,981,0.7503,RGB,False,False,
cha_khiao_nom_kw01_bing_000006.jpg,cha_khiao_nom/cha_khiao_nom_kw01_bing_000006.jpg,cha_khiao_nom,kw01,1,ชาเขียวนม ร้านชา,th,bing,web_scrape,,1425,1900,0.75,RGB,False,False,
cha_khiao_nom_kw01_bing_000008.jpg,cha_khiao_nom/cha_khiao_nom_kw01_bing_000008.jpg,cha_khiao_nom,kw01,1,ชาเขียวนม ร้านชา,th,bing,web_scrape,,800,800,1.0,RGB,False,False,
cha_khiao_nom_kw01_bing_000010.jpg,cha_khiao_nom/cha_khiao_nom_kw01_bing_000010.jpg,cha_khiao_nom,kw01,1,ชาเขียวนม ร้านชา,th,bing,web_scrape,,1024,1024,1.0,RGB,False,False,
cha_khiao_nom_kw01_bing_000012.jpg,cha_khiao_nom/cha_khiao_nom_kw01_bing_000012.jpg,cha_khiao_nom,kw01,1,ชาเขียวนม ร้านชา,th,bing,web_scrape,,1024,1024,1.0,RGB,False,False,
cha_khiao_nom_kw01_bing_000016.jpg,cha_khiao_nom/cha_khiao_nom_kw01_bing_000016.jpg,cha_khiao_nom,kw01,1,ชาเขียวนม ร้านชา,th,bing,web_scrape,,1024,1024,1.0,RGB,False,False,
cha_khiao_nom_kw01_bing_000017.jpg,cha_khiao_nom/cha_khiao_nom_kw01_bing_000017.jpg,cha_khiao_nom,kw01,1,ชาเขียวนม ร้านชา,th,bing,web_scrape,,1024,1024,1.0,RGB,False,False,
cha_khiao_nom_kw01_bing_000018.jpg,cha_khiao_nom/cha_khiao_nom_kw01_bing_000018.jpg,cha_khiao_nom,kw01,1,ชาเขียวนม ร้านชา,th,bing,web_scrape,,1024,1024,1.0,RGB,False,False,
cha_khiao_nom_kw01_bing_000020.jpg,cha_khiao_nom/cha_khiao_nom_kw01_bing_000020.jpg,cha_khiao_nom,kw01,1,ชาเขียวนม ร้านชา,th,bing,web_scrape,,1190,1190,1.0,RGB,False,False,
cha_khiao_nom_kw01_bing_000021.jpg,cha_khiao_nom/cha_khiao_nom_kw01_bing_000021.jpg,cha_khiao_nom,kw01,1,ชาเขียวนม ร้านชา,th,bing,web_scrape,,1024,1024,1.0,RGB,False,False,
cha_khiao_nom_kw01_bing_000022.jpg,cha_khiao_nom/cha_khiao_nom_kw01_bing_000022.jpg,cha_khiao_nom,kw01,1,ชาเขียวนม ร้านชา,th,bing,web_scrape,,1024,1024,1.0,RGB,False,False,
cha_khiao_nom_kw01_bing_000023.jpg,cha_khiao_nom/cha_khiao_nom_kw01_bing_000023.jpg,cha_khiao_nom,kw01,1,ชาเขียวนม ร้านชา,th,bing,web_scrape,,1875,1326,1.414,RGB,False,True,
cha_khiao_nom_kw01_bing_000024.jpg,cha_khiao_nom/cha_khiao_nom_kw01_bing_000024.jpg,cha_khiao_nom,kw01,1,ชาเขียวนม ร้านชา,th,bing,web_scrape,,800,800,1.0,RGB,False,False,
cha_khiao_nom_kw01_bing_000025.jpg,cha_khiao_nom/cha_khiao_nom_kw01_bing_000025.jpg,cha_khiao_nom,kw01,1,ชาเขียวนม ร้านชา,th,bing,web_scrape,,800,800,1.0,RGB,False,False,
cha_khiao_nom_kw01_bing_000027.jpg,cha_khiao_nom/cha_khiao_nom_kw01_bing_000027.jpg,cha_khiao_nom,kw01,1,ชาเขียวนม ร้านชา,th,bing,web_scrape,,736,981,0.7503,RGB,False,False,
cha_khiao_nom_kw01_bing_000028.jpg,cha_khiao_nom/cha_khiao_nom_kw01_bing_000028.jpg,cha_khiao_nom,kw01,1,ชาเขียวนม ร้านชา,th,bing,web_scrape,,1024,1024,1.0,RGB,False,False,
cha_khiao_nom_kw01_bing_000030.jpg,cha_khiao_nom/cha_khiao_nom_kw01_bing_000030.jpg,cha_khiao_nom,kw01,1,ชาเขียวนม ร้านชา,th,bing,web_scrape,,1920,1080,1.7778,RGB,False,False,
cha_khiao_nom_kw01_bing_000031.jpg,cha_khiao_nom/cha_khiao_nom_kw01_bing_000031.jpg,cha_khiao_nom,kw01,1,ชาเขียวนม ร้านชา,th,bing,web_scrape,,1100,620,1.7742,RGB,False,True,
cha_khiao_nom_kw01_bing_000032.jpg,cha_khiao_nom/cha_khiao_nom_kw01_bing_000032.jpg,cha_khiao_nom,kw01,1,ชาเขียวนม ร้านชา,th,bing,web_scrape,,600,600,1.0,RGB,False,False,
cha_khiao_nom_kw01_bing_000033.jpg,cha_khiao_nom/cha_khiao_nom_kw01_bing_000033.jpg,cha_khiao_nom,kw01,1,ชาเขียวนม ร้านชา,th,bing,web_scrape,,1174,1182,0.9932,RGB,False,False,
cha_khiao_nom_kw01_bing_000034.jpg,cha_khiao_nom/cha_khiao_nom_kw01_bing_000034.jpg,cha_khiao_nom,kw01,1,ชาเขียวนม ร้านชา,th,bing,web_scrape,,720,1600,0.45,RGB,False,False,
cha_khiao_nom_kw01_bing_000036.jpg,cha_khiao_nom/cha_khiao_nom_kw01_bing_000036.jpg,cha_khiao_nom,kw01,1,ชาเขียวนม ร้านชา,th,bing,web_scrape,,1425,1900,0.75,RGB,False,False,
cha_khiao_nom_kw01_bing_000038.jpg,cha_khiao_nom/cha_khiao_nom_kw01_bing_000038.jpg,cha_khiao_nom,kw01,1,ชาเขียวนม ร้านชา,th,bing,web_scrape,,1488,1100,1.3527,RGB,False,True,
cha_khiao_nom_kw01_bing_000039.jpg,cha_khiao_nom/cha_khiao_nom_kw01_bing_000039.jpg,cha_khiao_nom,kw01,1,ชาเขียวนม ร้านชา,th,bing,web_scrape,,1920,944,2.0339,RGB,False,True,
cha_khiao_nom_kw01_bing_000040.jpg,cha_khiao_nom/cha_khiao_nom_kw01_bing_000040.jpg,cha_khiao_nom,kw01,1,ชาเขียวนม ร้านชา,th,bing,web_scrape,,580,705,0.8227,RGB,False,True,
cha_khiao_nom_kw01_bing_000041.jpg,cha_khiao_nom/cha_khiao_nom_kw01_bing_000041.jpg,cha_khiao_nom,kw01,1,ชาเขียวนม ร้านชา,th,bing,web_scrape,,1248,1664,0.75,RGB,False,True,
cha_khiao_nom_kw01_bing_000042.jpg,cha_khiao_nom/cha_khiao_nom_kw01_bing_000042.jpg,cha_khiao_nom,kw01,1,ชาเขียวนม ร้านชา,th,bing,web_scrape,,1534,1920,0.799,RGB,False,True,
cha_khiao_nom_kw01_bing_000044.png,cha_khiao_nom/cha_khiao_nom_kw01_bing_000044.png,cha_khiao_nom,kw01,1,ชาเขียวนม ร้านชา,th,bing,web_scrape,,720,720,1.0,RGBA,False,False,
cha_khiao_nom_kw01_bing_000048.jpg,cha_khiao_nom/cha_khiao_nom_kw01_bing_000048.jpg,cha_khiao_nom,kw01,1,ชาเขียวนม ร้านชา,th,bing,web_scrape,,877,1900,0.4616,RGB,False,False,
cha_khiao_nom_kw01_bing_000049.jpg,cha_khiao_nom/cha_khiao_nom_kw01_bing_000049.jpg,cha_khiao_nom,kw01,1,ชาเขียวนม ร้านชา,th,bing,web_scrape,,1200,1200,1.0,RGB,False,False,
cha_khiao_nom_kw01_bing_000050.jpg,cha_khiao_nom/cha_khiao_nom_kw01_bing_000050.jpg,cha_khiao_nom,kw01,1,ชาเขียวนม ร้านชา,th,bing,web_scrape,,2732,1536,1.7786,RGB,False,True,
cha_khiao_nom_kw01_bing_000051.webp,cha_khiao_nom/cha_khiao_nom_kw01_bing_000051.webp,cha_khiao_nom,kw01,1,ชาเขียวนม ร้านชา,th,bing,web_scrape,,1381,1841,0.7501,RGB,False,True,
cha_khiao_nom_kw01_bing_000054.jpg,cha_khiao_nom/cha_khiao_nom_kw01_bing_000054.jpg,cha_khiao_nom,kw01,1,ชาเขียวนม ร้านชา,th,bing,web_scrape,,1068,1900,0.5621,RGB,False,True,
cha_khiao_nom_kw01_bing_000055.jpg,cha_khiao_nom/cha_khiao_nom_kw01_bing_000055.jpg,cha_khiao_nom,kw01,1,ชาเขียวนม ร้านชา,th,bing,web_scrape,,512,512,1.0,RGB,False,False,
cha_khiao_nom_kw01_bing_000056.jpg,cha_khiao_nom/cha_khiao_nom_kw01_bing_000056.jpg,cha_khiao_nom,kw01,1,ชาเขียวนม ร้านชา,th,bing,web_scrape,,1440,1920,0.75,RGB,False,False,
cha_khiao_nom_kw01_bing_000057.jpg,cha_khiao_nom/cha_khiao_nom_kw01_bing_000057.jpg,cha_khiao_nom,kw01,1,ชาเขียวนม ร้านชา,th,bing,web_scrape,,512,512,1.0,RGB,False,False,
cha_khiao_nom_kw01_bing_000058.jpg,cha_khiao_nom/cha_khiao_nom_kw01_bing_000058.jpg,cha_khiao_nom,kw01,1,ชาเขียวนม ร้านชา,th,bing,web_scrape,,1000,1000,1.0,RGB,False,False,
cha_khiao_nom_kw01_bing_000059.webp,cha_khiao_nom/cha_khiao_nom_kw01_bing_000059.webp,cha_khiao_nom,kw01,1,ชาเขียวนม ร้านชา,th,bing,web_scrape,,690,1024,0.6738,RGB,False,True,
cha_khiao_nom_kw01_bing_000060.jpg,cha_khiao_nom/cha_khiao_nom_kw01_bing_000060.jpg,cha_khiao_nom,kw01,1,ชาเขียวนม ร้านชา,th,bing,web_scrape,,512,512,1.0,RGB,False,False,
cha_khiao_nom_kw01_bing_000063.jpg,cha_khiao_nom/cha_khiao_nom_kw01_bing_000063.jpg,cha_khiao_nom,kw01,1,ชาเขียวนม ร้านชา,th,bing,web_scrape,,1920,1079,1.7794,RGB,False,True,
cha_khiao_nom_kw01_bing_000064.jpg,cha_khiao_nom/cha_khiao_nom_kw01_bing_000064.jpg,cha_khiao_nom,kw01,1,ชาเขียวนม ร้านชา,th,bing,web_scrape,,1425,1900,0.75,RGB,False,False,
cha_khiao_nom_kw01_bing_000065.png,cha_khiao_nom/cha_khiao_nom_kw01_bing_000065.png,cha_khiao_nom,kw01,1,ชาเขียวนม ร้านชา,th,bing,web_scrape,,1080,1080,1.0,RGBA,False,True,
cha_khiao_nom_kw01_bing_000066.jpg,cha_khiao_nom/cha_khiao_nom_kw01_bing_000066.jpg,cha_khiao_nom,kw01,1,ชาเขียวนม ร้านชา,th,bing,web_scrape,,696,884,0.7873,RGB,False,False,
cha_khiao_nom_kw01_bing_000067.jpg,cha_khiao_nom/cha_khiao_nom_kw01_bing_000067.jpg,cha_khiao_nom,kw01,1,ชาเขียวนม ร้านชา,th,bing,web_scrape,,768,1024,0.75,RGB,False,True,
cha_khiao_nom_kw01_bing_000068.jpg,cha_khiao_nom/cha_khiao_nom_kw01_bing_000068.jpg,cha_khiao_nom,kw01,1,ชาเขียวนม ร้านชา,th,bing,web_scrape,,1425,1900,0.75,RGB,False,False,
cha_khiao_nom_kw01_bing_000069.jpg,cha_khiao_nom/cha_khiao_nom_kw01_bing_000069.jpg,cha_khiao_nom,kw01,1,ชาเขียวนม ร้านชา,th,bing,web_scrape,,1920,1440,1.3333,RGB,False,True,
cha_khiao_nom_kw01_bing_000075.jpg,cha_khiao_nom/cha_khiao_nom_kw01_bing_000075.jpg,cha_khiao_nom,kw01,1,ชาเขียวนม ร้านชา,th,bing,web_scrape,,1920,1756,1.0934,RGB,False,False,
cha_khiao_nom_kw01_bing_000076.jpg,cha_khiao_nom/cha_khiao_nom_kw01_bing_000076.jpg,cha_khiao_nom,kw01,1,ชาเขียวนม ร้านชา,th,bing,web_scrape,,989,1000,0.989,RGB,False,True,
cha_khiao_nom_kw01_bing_000079.jpg,cha_khiao_nom/cha_khiao_nom_kw01_bing_000079.jpg,cha_khiao_nom,kw01,1,ชาเขียวนม ร้านชา,th,bing,web_scrape,,1108,1478,0.7497,RGB,False,False,
cha_khiao_nom_kw01_bing_000080.jpg,cha_khiao_nom/cha_khiao_nom_kw01_bing_000080.jpg,cha_khiao_nom,kw01,1,ชาเขียวนม ร้านชา,th,bing,web_scrape,,1920,945,2.0317,RGB,False,False,
cha_khiao_nom_kw01_bing_000083.jpg,cha_khiao_nom/cha_khiao_nom_kw01_bing_000083.jpg,cha_khiao_nom,kw01,1,ชาเขียวนม ร้านชา,th,bing,web_scrape,,1511,2015,0.7499,RGB,False,True,
cha_khiao_nom_kw01_bing_000084.jpg,cha_khiao_nom/cha_khiao_nom_kw01_bing_000084.jpg,cha_khiao_nom,kw01,1,ชาเขียวนม ร้านชา,th,bing,web_scrape,,736,920,0.8,RGB,False,False,
cha_khiao_nom_kw01_bing_000085.jpg,cha_khiao_nom/cha_khiao_nom_kw01_bing_000085.jpg,cha_khiao_nom,kw01,1,ชาเขียวนม ร้านชา,th,bing,web_scrape,,1440,1920,0.75,RGB,False,True,
cha_khiao_nom_kw01_bing_000086.jpg,cha_khiao_nom/cha_khiao_nom_kw01_bing_000086.jpg,cha_khiao_nom,kw01,1,ชาเขียวนม ร้านชา,th,bing,web_scrape,,900,900,1.0,RGB,False,False,
cha_khiao_nom_kw01_bing_000088.jpg,cha_khiao_nom/cha_khiao_nom_kw01_bing_000088.jpg,cha_khiao_nom,kw01,1,ชาเขียวนม ร้านชา,th,bing,web_scrape,,1200,628,1.9108,RGB,False,False,
cha_khiao_nom_kw01_bing_000089.jpg,cha_khiao_nom/cha_khiao_nom_kw01_bing_000089.jpg,cha_khiao_nom,kw01,1,ชาเขียวนม ร้านชา,th,bing,web_scrape,,1900,1140,1.6667,RGB,False,True,
cha_khiao_nom_kw01_bing_000090.jpg,cha_khiao_nom/cha_khiao_nom_kw01_bing_000090.jpg,cha_khiao_nom,kw01,1,ชาเขียวนม ร้านชา,th,bing,web_scrape,,1040,1040,1.0,RGB,False,False,
cha_khiao_nom_kw01_bing_000091.jpg,cha_khiao_nom/cha_khiao_nom_kw01_bing_000091.jpg,cha_khiao_nom,kw01,1,ชาเขียวนม ร้านชา,th,bing,web_scrape,,512,512,1.0,RGB,False,False,
cha_khiao_nom_kw01_bing_000094.jpg,cha_khiao_nom/cha_khiao_nom_kw01_bing_000094.jpg,cha_khiao_nom,kw01,1,ชาเขียวนม ร้านชา,th,bing,web_scrape,,512,512,1.0,RGB,False,False,
cha_khiao_nom_kw01_bing_000095.jpg,cha_khiao_nom/cha_khiao_nom_kw01_bing_000095.jpg,cha_khiao_nom,kw01,1,ชาเขียวนม ร้านชา,th,bing,web_scrape,,1920,1078,1.7811,RGB,False,False,
cha_khiao_nom_kw01_bing_000096.jpg,cha_khiao_nom/cha_khiao_nom_kw01_bing_000096.jpg,cha_khiao_nom,kw01,1,ชาเขียวนม ร้านชา,th,bing,web_scrape,,512,512,1.0,RGB,False,False,
cha_khiao_nom_kw01_bing_000097.jpg,cha_khiao_nom/cha_khiao_nom_kw01_bing_000097.jpg,cha_khiao_nom,kw01,1,ชาเขียวนม ร้านชา,th,bing,web_scrape,,1144,1430,0.8,RGB,False,False,
cha_khiao_nom_kw01_bing_000098.jpg,cha_khiao_nom/cha_khiao_nom_kw01_bing_000098.jpg,cha_khiao_nom,kw01,1,ชาเขียวนม ร้านชา,th,bing,web_scrape,,1425,1900,0.75,RGB,False,False,
cha_khiao_nom_kw01_bing_000099.jpg,cha_khiao_nom/cha_khiao_nom_kw01_bing_000099.jpg,cha_khiao_nom,kw01,1,ชาเขียวนม ร้านชา,th,bing,web_scrape,,768,1024,0.75,RGB,False,False,
cha_khiao_nom_kw01_bing_000100.jpg,cha_khiao_nom/cha_khiao_nom_kw01_bing_000100.jpg,cha_khiao_nom,kw01,1,ชาเขียวนม ร้านชา,th,bing,web_scrape,,1911,1080,1.7694,RGB,False,True,
cha_khiao_nom_kw01_bing_000101.jpg,cha_khiao_nom/cha_khiao_nom_kw01_bing_000101.jpg,cha_khiao_nom,kw01,1,ชาเขียวนม ร้านชา,th,bing,web_scrape,,1200,628,1.9108,RGB,False,False,
cha_khiao_nom_kw01_bing_000102.png,cha_khiao_nom/cha_khiao_nom_kw01_bing_000102.png,cha_khiao_nom,kw01,1,ชาเขียวนม ร้านชา,th,bing,web_scrape,,1773,1773,1.0,P,False,True,
cha_khiao_nom_kw01_bing_000103.jpg,cha_khiao_nom/cha_khiao_nom_kw01_bing_000103.jpg,cha_khiao_nom,kw01,1,ชาเขียวนม ร้านชา,th,bing,web_scrape,,720,1280,0.5625,RGB,False,True,
cha_khiao_nom_kw01_bing_000104.jpg,cha_khiao_nom/cha_khiao_nom_kw01_bing_000104.jpg,cha_khiao_nom,kw01,1,ชาเขียวนม ร้านชา,th,bing,web_scrape,,720,1280,0.5625,RGB,False,True,
cha_khiao_nom_kw01_bing_000105.jpg,cha_khiao_nom/cha_khiao_nom_kw01_bing_000105.jpg,cha_khiao_nom,kw01,1,ชาเขียวนม ร้านชา,th,bing,web_scrape,,1900,1425,1.3333,RGB,False,False,
cha_khiao_nom_kw01_bing_000112.jpg,cha_khiao_nom/cha_khiao_nom_kw01_bing_000112.jpg,cha_khiao_nom,kw01,1,ชาเขียวนม ร้านชา,th,bing,web_scrape,,1080,1440,0.75,RGB,False,True,
cha_khiao_nom_kw01_bing_000119.webp,cha_khiao_nom/cha_khiao_nom_kw01_bing_000119.webp,cha_khiao_nom,kw01,1,ชาเขียวนม ร้านชา,th,bing,web_scrape,,900,900,1.0,RGB,False,False,
cha_khiao_nom_kw02_bing_000000.jpg,cha_khiao_nom/cha_khiao_nom_kw02_bing_000000.jpg,cha_khiao_nom,kw02,1,ชาเขียวมัทฉะลาเต้เย็น,th,bing,web_scrape,,1000,1000,1.0,RGB,False,False,
cha_khiao_nom_kw02_bing_000001.jpg,cha_khiao_nom/cha_khiao_nom_kw02_bing_000001.jpg,cha_khiao_nom,kw02,1,ชาเขียวมัทฉะลาเต้เย็น,th,bing,web_scrape,,1024,1024,1.0,RGB,False,False,
cha_khiao_nom_kw02_bing_000002.jpg,cha_khiao_nom/cha_khiao_nom_kw02_bing_000002.jpg,cha_khiao_nom,kw02,1,ชาเขียวมัทฉะลาเต้เย็น,th,bing,web_scrape,,800,800,1.0,RGB,False,False,
cha_khiao_nom_kw02_bing_000003.jpg,cha_khiao_nom/cha_khiao_nom_kw02_bing_000003.jpg,cha_khiao_nom,kw02,1,ชาเขียวมัทฉะลาเต้เย็น,th,bing,web_scrape,,1667,1667,1.0,RGB,False,False,
cha_khiao_nom_kw02_bing_000004.jpg,cha_khiao_nom/cha_khiao_nom_kw02_bing_000004.jpg,cha_khiao_nom,kw02,1,ชาเขียวมัทฉะลาเต้เย็น,th,bing,web_scrape,,600,600,1.0,RGB,False,False,
cha_khiao_nom_kw02_bing_000005.jpg,cha_khiao_nom/cha_khiao_nom_kw02_bing_000005.jpg,cha_khiao_nom,kw02,1,ชาเขียวมัทฉะลาเต้เย็น,th,bing,web_scrape,,1920,1920,1.0,RGB,False,False,
cha_khiao_nom_kw02_bing_000006.jpg,cha_khiao_nom/cha_khiao_nom_kw02_bing_000006.jpg,cha_khiao_nom,kw02,1,ชาเขียวมัทฉะลาเต้เย็น,th,bing,web_scrape,,1024,1024,1.0,RGB,False,False,
cha_khiao_nom_kw02_bing_000007.jpg,cha_khiao_nom/cha_khiao_nom_kw02_bing_000007.jpg,cha_khiao_nom,kw02,1,ชาเขียวมัทฉะลาเต้เย็น,th,bing,web_scrape,,1024,1024,1.0,RGB,False,False,
cha_khiao_nom_kw02_bing_000008.jpg,cha_khiao_nom/cha_khiao_nom_kw02_bing_000008.jpg,cha_khiao_nom,kw02,1,ชาเขียวมัทฉะลาเต้เย็น,th,bing,web_scrape,,945,945,1.0,RGB,False,False,
cha_khiao_nom_kw02_bing_000009.jpg,cha_khiao_nom/cha_khiao_nom_kw02_bing_000009.jpg,cha_khiao_nom,kw02,1,ชาเขียวมัทฉะลาเต้เย็น,th,bing,web_scrape,,1024,1024,1.0,RGB,False,False,
cha_khiao_nom_kw02_bing_000011.jpg,cha_khiao_nom/cha_khiao_nom_kw02_bing_000011.jpg,cha_khiao_nom,kw02,1,ชาเขียวมัทฉะลาเต้เย็น,th,bing,web_scrape,,720,720,1.0,RGB,False,False,
cha_khiao_nom_kw02_bing_000012.jpg,cha_khiao_nom/cha_khiao_nom_kw02_bing_000012.jpg,cha_khiao_nom,kw02,1,ชาเขียวมัทฉะลาเต้เย็น,th,bing,web_scrape,,800,800,1.0,RGB,False,False,
cha_khiao_nom_kw02_bing_000013.jpg,cha_khiao_nom/cha_khiao_nom_kw02_bing_000013.jpg,cha_khiao_nom,kw02,1,ชาเขียวมัทฉะลาเต้เย็น,th,bing,web_scrape,,1080,1440,0.75,RGB,False,False,
cha_khiao_nom_kw02_bing_000014.jpg,cha_khiao_nom/cha_khiao_nom_kw02_bing_000014.jpg,cha_khiao_nom,kw02,1,ชาเขียวมัทฉะลาเต้เย็น,th,bing,web_scrape,,720,720,1.0,RGB,False,False,
cha_khiao_nom_kw02_bing_000015.jpg,cha_khiao_nom/cha_khiao_nom_kw02_bing_000015.jpg,cha_khiao_nom,kw02,1,ชาเขียวมัทฉะลาเต้เย็น,th,bing,web_scrape,,1920,1919,1.0005,RGB,False,False,
cha_khiao_nom_kw02_bing_000016.jpg,cha_khiao_nom/cha_khiao_nom_kw02_bing_000016.jpg,cha_khiao_nom,kw02,1,ชาเขียวมัทฉะลาเต้เย็น,th,bing,web_scrape,,1024,1024,1.0,RGB,False,False,
cha_khiao_nom_kw02_bing_000017.jpg,cha_khiao_nom/cha_khiao_nom_kw02_bing_000017.jpg,cha_khiao_nom,kw02,1,ชาเขียวมัทฉะลาเต้เย็น,th,bing,web_scrape,,1024,1024,1.0,RGB,False,False,
cha_khiao_nom_kw02_bing_000018.jpg,cha_khiao_nom/cha_khiao_nom_kw02_bing_000018.jpg,cha_khiao_nom,kw02,1,ชาเขียวมัทฉะลาเต้เย็น,th,bing,web_scrape,,960,960,1.0,RGB,False,False,
cha_khiao_nom_kw02_bing_000019.png,cha_khiao_nom/cha_khiao_nom_kw02_bing_000019.png,cha_khiao_nom,kw02,1,ชาเขียวมัทฉะลาเต้เย็น,th,bing,web_scrape,,720,720,1.0,RGBA,False,False,
cha_khiao_nom_kw02_bing_000020.jpg,cha_khiao_nom/cha_khiao_nom_kw02_bing_000020.jpg,cha_khiao_nom,kw02,1,ชาเขียวมัทฉะลาเต้เย็น,th,bing,web_scrape,,938,938,1.0,RGB,False,False,
cha_khiao_nom_kw02_bing_000021.jpg,cha_khiao_nom/cha_khiao_nom_kw02_bing_000021.jpg,cha_khiao_nom,kw02,1,ชาเขียวมัทฉะลาเต้เย็น,th,bing,web_scrape,,1024,1024,1.0,RGB,False,False,
cha_khiao_nom_kw02_bing_000022.jpg,cha_khiao_nom/cha_khiao_nom_kw02_bing_000022.jpg,cha_khiao_nom,kw02,1,ชาเขียวมัทฉะลาเต้เย็น,th,bing,web_scrape,,720,720,1.0,RGB,False,False,
cha_khiao_nom_kw02_bing_000023.png,cha_khiao_nom/cha_khiao_nom_kw02_bing_000023.png,cha_khiao_nom,kw02,1,ชาเขียวมัทฉะลาเต้เย็น,th,bing,web_scrape,,720,720,1.0,RGBA,False,False,
cha_khiao_nom_kw02_bing_000024.jpg,cha_khiao_nom/cha_khiao_nom_kw02_bing_000024.jpg,cha_khiao_nom,kw02,1,ชาเขียวมัทฉะลาเต้เย็น,th,bing,web_scrape,,1024,1024,1.0,RGB,False,False,
cha_khiao_nom_kw02_bing_000025.jpg,cha_khiao_nom/cha_khiao_nom_kw02_bing_000025.jpg,cha_khiao_nom,kw02,1,ชาเขียวมัทฉะลาเต้เย็น,th,bing,web_scrape,,640,640,1.0,RGB,False,False,
cha_khiao_nom_kw02_bing_000026.jpg,cha_khiao_nom/cha_khiao_nom_kw02_bing_000026.jpg,cha_khiao_nom,kw02,1,ชาเขียวมัทฉะลาเต้เย็น,th,bing,web_scrape,,1024,1024,1.0,RGB,False,False,
cha_khiao_nom_kw02_bing_000027.jpg,cha_khiao_nom/cha_khiao_nom_kw02_bing_000027.jpg,cha_khiao_nom,kw02,1,ชาเขียวมัทฉะลาเต้เย็น,th,bing,web_scrape,,1667,1667,1.0,RGB,False,False,
cha_khiao_nom_kw02_bing_000028.jpg,cha_khiao_nom/cha_khiao_nom_kw02_bing_000028.jpg,cha_khiao_nom,kw02,1,ชาเขียวมัทฉะลาเต้เย็น,th,bing,web_scrape,,1600,1599,1.0006,RGB,False,False,
cha_khiao_nom_kw02_bing_000029.jpg,cha_khiao_nom/cha_khiao_nom_kw02_bing_000029.jpg,cha_khiao_nom,kw02,1,ชาเขียวมัทฉะลาเต้เย็น,th,bing,web_scrape,,900,2000,0.45,RGB,False,False,
cha_khiao_nom_kw02_bing_000030.jpg,cha_khiao_nom/cha_khiao_nom_kw02_bing_000030.jpg,cha_khiao_nom,kw02,1,ชาเขียวมัทฉะลาเต้เย็น,th,bing,web_scrape,,1024,1024,1.0,RGB,False,False,
cha_khiao_nom_kw02_bing_000031.jpg,cha_khiao_nom/cha_khiao_nom_kw02_bing_000031.jpg,cha_khiao_nom,kw02,1,ชาเขียวมัทฉะลาเต้เย็น,th,bing,web_scrape,,1024,1024,1.0,RGB,False,False,
cha_khiao_nom_kw02_bing_000032.jpg,cha_khiao_nom/cha_khiao_nom_kw02_bing_000032.jpg,cha_khiao_nom,kw02,1,ชาเขียวมัทฉะลาเต้เย็น,th,bing,web_scrape,,1024,1024,1.0,RGB,False,False,
cha_khiao_nom_kw02_bing_000033.jpg,cha_khiao_nom/cha_khiao_nom_kw02_bing_000033.jpg,cha_khiao_nom,kw02,1,ชาเขียวมัทฉะลาเต้เย็น,th,bing,web_scrape,,1024,1024,1.0,RGB,False,False,
cha_khiao_nom_kw02_bing_000034.jpg,cha_khiao_nom/cha_khiao_nom_kw02_bing_000034.jpg,cha_khiao_nom,kw02,1,ชาเขียวมัทฉะลาเต้เย็น,th,bing,web_scrape,,1000,1000,1.0,RGB,False,False,
cha_khiao_nom_kw02_bing_000035.jpg,cha_khiao_nom/cha_khiao_nom_kw02_bing_000035.jpg,cha_khiao_nom,kw02,1,ชาเขียวมัทฉะลาเต้เย็น,th,bing,web_scrape,,1920,1920,1.0,RGB,False,False,
cha_khiao_nom_kw02_bing_000036.jpg,cha_khiao_nom/cha_khiao_nom_kw02_bing_000036.jpg,cha_khiao_nom,kw02,1,ชาเขียวมัทฉะลาเต้เย็น,th,bing,web_scrape,,2160,2160,1.0,RGB,False,False,
cha_khiao_nom_kw02_bing_000037.webp,cha_khiao_nom/cha_khiao_nom_kw02_bing_000037.webp,cha_khiao_nom,kw02,1,ชาเขียวมัทฉะลาเต้เย็น,th,bing,web_scrape,,1024,1024,1.0,RGB,False,False,
cha_khiao_nom_kw02_bing_000038.jpg,cha_khiao_nom/cha_khiao_nom_kw02_bing_000038.jpg,cha_khiao_nom,kw02,1,ชาเขียวมัทฉะลาเต้เย็น,th,bing,web_scrape,,800,600,1.3333,RGB,False,False,
cha_khiao_nom_kw02_bing_000039.jpg,cha_khiao_nom/cha_khiao_nom_kw02_bing_000039.jpg,cha_khiao_nom,kw02,1,ชาเขียวมัทฉะลาเต้เย็น,th,bing,web_scrape,,1280,720,1.7778,RGB,False,False,
cha_khiao_nom_kw02_bing_000040.jpg,cha_khiao_nom/cha_khiao_nom_kw02_bing_000040.jpg,cha_khiao_nom,kw02,1,ชาเขียวมัทฉะลาเต้เย็น,th,bing,web_scrape,,800,800,1.0,RGB,False,False,
cha_khiao_nom_kw02_bing_000041.jpg,cha_khiao_nom/cha_khiao_nom_kw02_bing_000041.jpg,cha_khiao_nom,kw02,1,ชาเขียวมัทฉะลาเต้เย็น,th,bing,web_scrape,,1200,628,1.9108,RGB,False,False,
cha_khiao_nom_kw02_bing_000042.jpg,cha_khiao_nom/cha_khiao_nom_kw02_bing_000042.jpg,cha_khiao_nom,kw02,1,ชาเขียวมัทฉะลาเต้เย็น,th,bing,web_scrape,,1024,1024,1.0,RGB,False,False,
cha_khiao_nom_kw02_bing_000043.jpg,cha_khiao_nom/cha_khiao_nom_kw02_bing_000043.jpg,cha_khiao_nom,kw02,1,ชาเขียวมัทฉะลาเต้เย็น,th,bing,web_scrape,,640,640,1.0,RGB,False,False,
cha_khiao_nom_kw02_bing_000044.jpg,cha_khiao_nom/cha_khiao_nom_kw02_bing_000044.jpg,cha_khiao_nom,kw02,1,ชาเขียวมัทฉะลาเต้เย็น,th,bing,web_scrape,,1600,1600,1.0,RGB,False,False,
cha_khiao_nom_kw02_bing_000045.jpg,cha_khiao_nom/cha_khiao_nom_kw02_bing_000045.jpg,cha_khiao_nom,kw02,1,ชาเขียวมัทฉะลาเต้เย็น,th,bing,web_scrape,,1024,1024,1.0,RGB,False,False,
cha_khiao_nom_kw02_bing_000047.jpg,cha_khiao_nom/cha_khiao_nom_kw02_bing_000047.jpg,cha_khiao_nom,kw02,1,ชาเขียวมัทฉะลาเต้เย็น,th,bing,web_scrape,,1024,1024,1.0,RGB,False,False,
cha_khiao_nom_kw02_bing_000048.webp,cha_khiao_nom/cha_khiao_nom_kw02_bing_000048.webp,cha_khiao_nom,kw02,1,ชาเขียวมัทฉะลาเต้เย็น,th,bing,web_scrape,,1024,1024,1.0,RGB,False,False,
cha_khiao_nom_kw02_bing_000049.jpg,cha_khiao_nom/cha_khiao_nom_kw02_bing_000049.jpg,cha_khiao_nom,kw02,1,ชาเขียวมัทฉะลาเต้เย็น,th,bing,web_scrape,,1920,1920,1.0,RGB,False,False,
cha_khiao_nom_kw02_bing_000050.jpg,cha_khiao_nom/cha_khiao_nom_kw02_bing_000050.jpg,cha_khiao_nom,kw02,1,ชาเขียวมัทฉะลาเต้เย็น,th,bing,web_scrape,,940,940,1.0,RGB,False,False,
cha_khiao_nom_kw02_bing_000051.jpg,cha_khiao_nom/cha_khiao_nom_kw02_bing_000051.jpg,cha_khiao_nom,kw02,1,ชาเขียวมัทฉะลาเต้เย็น,th,bing,web_scrape,,736,1308,0.5627,RGB,False,False,
cha_khiao_nom_kw02_bing_000052.jpg,cha_khiao_nom/cha_khiao_nom_kw02_bing_000052.jpg,cha_khiao_nom,kw02,1,ชาเขียวมัทฉะลาเต้เย็น,th,bing,web_scrape,,2160,2160,1.0,RGB,False,False,
cha_khiao_nom_kw02_bing_000053.jpg,cha_khiao_nom/cha_khiao_nom_kw02_bing_000053.jpg,cha_khiao_nom,kw02,1,ชาเขียวมัทฉะลาเต้เย็น,th,bing,web_scrape,,1600,1600,1.0,RGB,False,False,
cha_khiao_nom_kw02_bing_000054.jpg,cha_khiao_nom/cha_khiao_nom_kw02_bing_000054.jpg,cha_khiao_nom,kw02,1,ชาเขียวมัทฉะลาเต้เย็น,th,bing,web_scrape,,1500,1491,1.006,RGB,False,False,
cha_khiao_nom_kw02_bing_000055.jpg,cha_khiao_nom/cha_khiao_nom_kw02_bing_000055.jpg,cha_khiao_nom,kw02,1,ชาเขียวมัทฉะลาเต้เย็น,th,bing,web_scrape,,957,1276,0.75,RGB,False,False,
cha_khiao_nom_kw02_bing_000056.jpg,cha_khiao_nom/cha_khiao_nom_kw02_bing_000056.jpg,cha_khiao_nom,kw02,1,ชาเขียวมัทฉะลาเต้เย็น,th,bing,web_scrape,,1024,1024,1.0,RGB,False,False,
cha_khiao_nom_kw02_bing_000058.png,cha_khiao_nom/cha_khiao_nom_kw02_bing_000058.png,cha_khiao_nom,kw02,1,ชาเขียวมัทฉะลาเต้เย็น,th,bing,web_scrape,,1120,1120,1.0,RGBA,False,False,
cha_khiao_nom_kw02_bing_000059.jpg,cha_khiao_nom/cha_khiao_nom_kw02_bing_000059.jpg,cha_khiao_nom,kw02,1,ชาเขียวมัทฉะลาเต้เย็น,th,bing,web_scrape,,650,650,1.0,RGB,False,False,
cha_khiao_nom_kw02_bing_000060.jpg,cha_khiao_nom/cha_khiao_nom_kw02_bing_000060.jpg,cha_khiao_nom,kw02,1,ชาเขียวมัทฉะลาเต้เย็น,th,bing,web_scrape,,1000,1000,1.0,RGB,False,False,
cha_khiao_nom_kw02_bing_000061.jpg,cha_khiao_nom/cha_khiao_nom_kw02_bing_000061.jpg,cha_khiao_nom,kw02,1,ชาเขียวมัทฉะลาเต้เย็น,th,bing,web_scrape,,1200,600,2.0,RGB,False,False,
cha_khiao_nom_kw02_bing_000062.jpg,cha_khiao_nom/cha_khiao_nom_kw02_bing_000062.jpg,cha_khiao_nom,kw02,1,ชาเขียวมัทฉะลาเต้เย็น,th,bing,web_scrape,,1600,1600,1.0,RGB,False,False,
cha_khiao_nom_kw02_bing_000063.webp,cha_khiao_nom/cha_khiao_nom_kw02_bing_000063.webp,cha_khiao_nom,kw02,1,ชาเขียวมัทฉะลาเต้เย็น,th,bing,web_scrape,,720,720,1.0,RGB,False,False,
cha_khiao_nom_kw02_bing_000065.jpg,cha_khiao_nom/cha_khiao_nom_kw02_bing_000065.jpg,cha_khiao_nom,kw02,1,ชาเขียวมัทฉะลาเต้เย็น,th,bing,web_scrape,,1920,1920,1.0,RGB,False,False,
cha_khiao_nom_kw02_bing_000067.webp,cha_khiao_nom/cha_khiao_nom_kw02_bing_000067.webp,cha_khiao_nom,kw02,1,ชาเขียวมัทฉะลาเต้เย็น,th,bing,web_scrape,,1010,1346,0.7504,RGB,False,False,
cha_khiao_nom_kw02_bing_000069.jpg,cha_khiao_nom/cha_khiao_nom_kw02_bing_000069.jpg,cha_khiao_nom,kw02,1,ชาเขียวมัทฉะลาเต้เย็น,th,bing,web_scrape,,2048,2048,1.0,RGB,False,False,
cha_khiao_nom_kw02_bing_000071.jpg,cha_khiao_nom/cha_khiao_nom_kw02_bing_000071.jpg,cha_khiao_nom,kw02,1,ชาเขียวมัทฉะลาเต้เย็น,th,bing,web_scrape,,1200,800,1.5,RGB,False,False,
cha_khiao_nom_kw02_bing_000072.jpg,cha_khiao_nom/cha_khiao_nom_kw02_bing_000072.jpg,cha_khiao_nom,kw02,1,ชาเขียวมัทฉะลาเต้เย็น,th,bing,web_scrape,,1024,576,1.7778,RGB,False,False,
cha_khiao_nom_kw02_bing_000074.jpg,cha_khiao_nom/cha_khiao_nom_kw02_bing_000074.jpg,cha_khiao_nom,kw02,1,ชาเขียวมัทฉะลาเต้เย็น,th,bing,web_scrape,,1024,536,1.9104,RGB,False,False,
cha_khiao_nom_kw02_bing_000075.jpg,cha_khiao_nom/cha_khiao_nom_kw02_bing_000075.jpg,cha_khiao_nom,kw02,1,ชาเขียวมัทฉะลาเต้เย็น,th,bing,web_scrape,,700,700,1.0,RGB,False,False,
cha_khiao_nom_kw02_bing_000076.jpg,cha_khiao_nom/cha_khiao_nom_kw02_bing_000076.jpg,cha_khiao_nom,kw02,1,ชาเขียวมัทฉะลาเต้เย็น,th,bing,web_scrape,,1200,628,1.9108,RGB,False,False,
cha_khiao_nom_kw02_bing_000077.jpg,cha_khiao_nom/cha_khiao_nom_kw02_bing_000077.jpg,cha_khiao_nom,kw02,1,ชาเขียวมัทฉะลาเต้เย็น,th,bing,web_scrape,,1024,536,1.9104,RGB,False,False,
cha_khiao_nom_kw02_bing_000079.jpg,cha_khiao_nom/cha_khiao_nom_kw02_bing_000079.jpg,cha_khiao_nom,kw02,1,ชาเขียวมัทฉะลาเต้เย็น,th,bing,web_scrape,,1280,720,1.7778,RGB,False,False,
cha_khiao_nom_kw02_bing_000080.jpg,cha_khiao_nom/cha_khiao_nom_kw02_bing_000080.jpg,cha_khiao_nom,kw02,1,ชาเขียวมัทฉะลาเต้เย็น,th,bing,web_scrape,,400,534,0.7491,RGB,False,False,
cha_khiao_nom_kw02_bing_000081.jpg,cha_khiao_nom/cha_khiao_nom_kw02_bing_000081.jpg,cha_khiao_nom,kw02,1,ชาเขียวมัทฉะลาเต้เย็น,th,bing,web_scrape,,1000,1000,1.0,RGB,False,False,
cha_khiao_nom_kw02_bing_000082.jpg,cha_khiao_nom/cha_khiao_nom_kw02_bing_000082.jpg,cha_khiao_nom,kw02,1,ชาเขียวมัทฉะลาเต้เย็น,th,bing,web_scrape,,1024,1024,1.0,RGB,False,False,
cha_khiao_nom_kw02_bing_000083.jpg,cha_khiao_nom/cha_khiao_nom_kw02_bing_000083.jpg,cha_khiao_nom,kw02,1,ชาเขียวมัทฉะลาเต้เย็น,th,bing,web_scrape,,4096,2286,1.7918,RGB,False,False,
cha_khiao_nom_kw02_bing_000084.jpg,cha_khiao_nom/cha_khiao_nom_kw02_bing_000084.jpg,cha_khiao_nom,kw02,1,ชาเขียวมัทฉะลาเต้เย็น,th,bing,web_scrape,,1000,1000,1.0,RGB,False,False,
cha_khiao_nom_kw02_bing_000085.jpg,cha_khiao_nom/cha_khiao_nom_kw02_bing_000085.jpg,cha_khiao_nom,kw02,1,ชาเขียวมัทฉะลาเต้เย็น,th,bing,web_scrape,,1024,1024,1.0,RGB,False,False,
cha_khiao_nom_kw02_bing_000086.webp,cha_khiao_nom/cha_khiao_nom_kw02_bing_000086.webp,cha_khiao_nom,kw02,1,ชาเขียวมัทฉะลาเต้เย็น,th,bing,web_scrape,,600,400,1.5,RGB,False,False,
cha_khiao_nom_kw02_bing_000088.jpg,cha_khiao_nom/cha_khiao_nom_kw02_bing_000088.jpg,cha_khiao_nom,kw02,1,ชาเขียวมัทฉะลาเต้เย็น,th,bing,web_scrape,,736,1104,0.6667,RGB,False,False,
cha_khiao_nom_kw02_bing_000089.jpg,cha_khiao_nom/cha_khiao_nom_kw02_bing_000089.jpg,cha_khiao_nom,kw02,1,ชาเขียวมัทฉะลาเต้เย็น,th,bing,web_scrape,,1024,1024,1.0,RGB,False,False,
cha_khiao_nom_kw02_bing_000091.png,cha_khiao_nom/cha_khiao_nom_kw02_bing_000091.png,cha_khiao_nom,kw02,1,ชาเขียวมัทฉะลาเต้เย็น,th,bing,web_scrape,,1200,1200,1.0,RGBA,False,False,
cha_khiao_nom_kw02_bing_000092.jpg,cha_khiao_nom/cha_khiao_nom_kw02_bing_000092.jpg,cha_khiao_nom,kw02,1,ชาเขียวมัทฉะลาเต้เย็น,th,bing,web_scrape,,800,800,1.0,RGB,False,False,
cha_khiao_nom_kw02_bing_000093.webp,cha_khiao_nom/cha_khiao_nom_kw02_bing_000093.webp,cha_khiao_nom,kw02,1,ชาเขียวมัทฉะลาเต้เย็น,th,bing,web_scrape,,1720,2294,0.7498,RGB,False,False,
cha_khiao_nom_kw02_bing_000096.jpg,cha_khiao_nom/cha_khiao_nom_kw02_bing_000096.jpg,cha_khiao_nom,kw02,1,ชาเขียวมัทฉะลาเต้เย็น,th,bing,web_scrape,,1920,944,2.0339,RGB,False,False,
cha_khiao_nom_kw02_bing_000097.jpg,cha_khiao_nom/cha_khiao_nom_kw02_bing_000097.jpg,cha_khiao_nom,kw02,1,ชาเขียวมัทฉะลาเต้เย็น,th,bing,web_scrape,,750,750,1.0,RGB,False,False,
cha_khiao_nom_kw02_bing_000098.webp,cha_khiao_nom/cha_khiao_nom_kw02_bing_000098.webp,cha_khiao_nom,kw02,1,ชาเขียวมัทฉะลาเต้เย็น,th,bing,web_scrape,,968,1292,0.7492,RGB,False,False,
cha_khiao_nom_kw02_bing_000099.jpg,cha_khiao_nom/cha_khiao_nom_kw02_bing_000099.jpg,cha_khiao_nom,kw02,1,ชาเขียวมัทฉะลาเต้เย็น,th,bing,web_scrape,,1110,1110,1.0,RGB,False,False,
cha_khiao_nom_kw02_bing_000101.webp,cha_khiao_nom/cha_khiao_nom_kw02_bing_000101.webp,cha_khiao_nom,kw02,1,ชาเขียวมัทฉะลาเต้เย็น,th,bing,web_scrape,,1200,675,1.7778,RGB,False,False,
cha_khiao_nom_kw02_bing_000107.webp,cha_khiao_nom/cha_khiao_nom_kw02_bing_000107.webp,cha_khiao_nom,kw02,1,ชาเขียวมัทฉะลาเต้เย็น,th,bing,web_scrape,,1415,1887,0.7499,RGB,False,True,
cha_khiao_nom_kw03_bing_000000.jpg,cha_khiao_nom/cha_khiao_nom_kw03_bing_000000.jpg,cha_khiao_nom,kw03,1,green milk tea iced cup,en,bing,web_scrape,,600,900,0.6667,RGB,False,False,
cha_khiao_nom_kw03_bing_000001.jpg,cha_khiao_nom/cha_khiao_nom_kw03_bing_000001.jpg,cha_khiao_nom,kw03,1,green milk tea iced cup,en,bing,web_scrape,,1200,1600,0.75,RGB,False,False,
cha_khiao_nom_kw03_bing_000002.jpg,cha_khiao_nom/cha_khiao_nom_kw03_bing_000002.jpg,cha_khiao_nom,kw03,1,green milk tea iced cup,en,bing,web_scrape,,1388,2000,0.694,RGB,False,False,
cha_khiao_nom_kw03_bing_000004.jpg,cha_khiao_nom/cha_khiao_nom_kw03_bing_000004.jpg,cha_khiao_nom,kw03,1,green milk tea iced cup,en,bing,web_scrape,,626,417,1.5012,RGB,False,False,
cha_khiao_nom_kw03_bing_000005.jpg,cha_khiao_nom/cha_khiao_nom_kw03_bing_000005.jpg,cha_khiao_nom,kw03,1,green milk tea iced cup,en,bing,web_scrape,,1500,2000,0.75,RGB,False,False,
cha_khiao_nom_kw03_bing_000006.jpg,cha_khiao_nom/cha_khiao_nom_kw03_bing_000006.jpg,cha_khiao_nom,kw03,1,green milk tea iced cup,en,bing,web_scrape,,1114,1480,0.7527,RGB,False,False,
cha_khiao_nom_kw03_bing_000007.jpg,cha_khiao_nom/cha_khiao_nom_kw03_bing_000007.jpg,cha_khiao_nom,kw03,1,green milk tea iced cup,en,bing,web_scrape,,2940,1960,1.5,RGB,False,False,
cha_khiao_nom_kw03_bing_000008.jpg,cha_khiao_nom/cha_khiao_nom_kw03_bing_000008.jpg,cha_khiao_nom,kw03,1,green milk tea iced cup,en,bing,web_scrape,,4000,2925,1.3675,RGB,False,False,
cha_khiao_nom_kw03_bing_000009.jpg,cha_khiao_nom/cha_khiao_nom_kw03_bing_000009.jpg,cha_khiao_nom,kw03,1,green milk tea iced cup,en,bing,web_scrape,,471,626,0.7524,RGB,False,False,
cha_khiao_nom_kw03_bing_000011.jpg,cha_khiao_nom/cha_khiao_nom_kw03_bing_000011.jpg,cha_khiao_nom,kw03,1,green milk tea iced cup,en,bing,web_scrape,,599,900,0.6656,RGB,False,False,
cha_khiao_nom_kw03_bing_000012.jpg,cha_khiao_nom/cha_khiao_nom_kw03_bing_000012.jpg,cha_khiao_nom,kw03,1,green milk tea iced cup,en,bing,web_scrape,,1300,1013,1.2833,RGB,False,False,
cha_khiao_nom_kw03_bing_000013.jpg,cha_khiao_nom/cha_khiao_nom_kw03_bing_000013.jpg,cha_khiao_nom,kw03,1,green milk tea iced cup,en,bing,web_scrape,,1470,980,1.5,RGB,False,False,
cha_khiao_nom_kw03_bing_000015.jpg,cha_khiao_nom/cha_khiao_nom_kw03_bing_000015.jpg,cha_khiao_nom,kw03,1,green milk tea iced cup,en,bing,web_scrape,,1200,1200,1.0,RGB,False,False,
cha_khiao_nom_kw03_bing_000016.jpg,cha_khiao_nom/cha_khiao_nom_kw03_bing_000016.jpg,cha_khiao_nom,kw03,1,green milk tea iced cup,en,bing,web_scrape,,1661,1960,0.8474,RGB,False,False,
cha_khiao_nom_kw03_bing_000017.png,cha_khiao_nom/cha_khiao_nom_kw03_bing_000017.png,cha_khiao_nom,kw03,1,green milk tea iced cup,en,bing,web_scrape,,1301,1920,0.6776,RGBA,False,False,
cha_khiao_nom_kw03_bing_000018.jpg,cha_khiao_nom/cha_khiao_nom_kw03_bing_000018.jpg,cha_khiao_nom,kw03,1,green milk tea iced cup,en,bing,web_scrape,,1121,2000,0.5605,RGB,False,False,
cha_khiao_nom_kw03_bing_000019.jpg,cha_khiao_nom/cha_khiao_nom_kw03_bing_000019.jpg,cha_khiao_nom,kw03,1,green milk tea iced cup,en,bing,web_scrape,,707,1000,0.707,RGB,False,False,
cha_khiao_nom_kw03_bing_000020.jpg,cha_khiao_nom/cha_khiao_nom_kw03_bing_000020.jpg,cha_khiao_nom,kw03,1,green milk tea iced cup,en,bing,web_scrape,,1506,2000,0.753,RGB,False,False,
cha_khiao_nom_kw03_bing_000021.jpg,cha_khiao_nom/cha_khiao_nom_kw03_bing_000021.jpg,cha_khiao_nom,kw03,1,green milk tea iced cup,en,bing,web_scrape,,1200,1800,0.6667,RGB,False,False,
cha_khiao_nom_kw03_bing_000022.png,cha_khiao_nom/cha_khiao_nom_kw03_bing_000022.png,cha_khiao_nom,kw03,1,green milk tea iced cup,en,bing,web_scrape,,1638,1920,0.8531,RGBA,False,False,
cha_khiao_nom_kw03_bing_000023.jpg,cha_khiao_nom/cha_khiao_nom_kw03_bing_000023.jpg,cha_khiao_nom,kw03,1,green milk tea iced cup,en,bing,web_scrape,,471,626,0.7524,RGB,False,False,
cha_khiao_nom_kw03_bing_000024.jpg,cha_khiao_nom/cha_khiao_nom_kw03_bing_000024.jpg,cha_khiao_nom,kw03,1,green milk tea iced cup,en,bing,web_scrape,,2849,1960,1.4536,RGB,False,False,
cha_khiao_nom_kw03_bing_000025.jpg,cha_khiao_nom/cha_khiao_nom_kw03_bing_000025.jpg,cha_khiao_nom,kw03,1,green milk tea iced cup,en,bing,web_scrape,,866,1390,0.623,RGB,False,False,
cha_khiao_nom_kw03_bing_000026.jpg,cha_khiao_nom/cha_khiao_nom_kw03_bing_000026.jpg,cha_khiao_nom,kw03,1,green milk tea iced cup,en,bing,web_scrape,,1000,667,1.4993,RGB,False,False,
cha_khiao_nom_kw03_bing_000027.jpg,cha_khiao_nom/cha_khiao_nom_kw03_bing_000027.jpg,cha_khiao_nom,kw03,1,green milk tea iced cup,en,bing,web_scrape,,600,900,0.6667,RGB,False,False,
cha_khiao_nom_kw03_bing_000028.jpg,cha_khiao_nom/cha_khiao_nom_kw03_bing_000028.jpg,cha_khiao_nom,kw03,1,green milk tea iced cup,en,bing,web_scrape,,1200,1798,0.6674,RGB,False,False,
cha_khiao_nom_kw03_bing_000029.jpg,cha_khiao_nom/cha_khiao_nom_kw03_bing_000029.jpg,cha_khiao_nom,kw03,1,green milk tea iced cup,en,bing,web_scrape,,600,900,0.6667,RGB,False,False,
cha_khiao_nom_kw03_bing_000030.jpg,cha_khiao_nom/cha_khiao_nom_kw03_bing_000030.jpg,cha_khiao_nom,kw03,1,green milk tea iced cup,en,bing,web_scrape,,1380,920,1.5,RGB,False,False,
cha_khiao_nom_kw03_bing_000031.jpg,cha_khiao_nom/cha_khiao_nom_kw03_bing_000031.jpg,cha_khiao_nom,kw03,1,green milk tea iced cup,en,bing,web_scrape,,1300,956,1.3598,RGB,False,False,
cha_khiao_nom_kw03_bing_000032.jpg,cha_khiao_nom/cha_khiao_nom_kw03_bing_000032.jpg,cha_khiao_nom,kw03,1,green milk tea iced cup,en,bing,web_scrape,,800,600,1.3333,RGB,False,False,
cha_khiao_nom_kw03_bing_000033.jpg,cha_khiao_nom/cha_khiao_nom_kw03_bing_000033.jpg,cha_khiao_nom,kw03,1,green milk tea iced cup,en,bing,web_scrape,,612,421,1.4537,RGB,False,False,
cha_khiao_nom_kw03_bing_000034.jpg,cha_khiao_nom/cha_khiao_nom_kw03_bing_000034.jpg,cha_khiao_nom,kw03,1,green milk tea iced cup,en,bing,web_scrape,,1480,986,1.501,RGB,False,False,
cha_khiao_nom_kw03_bing_000037.jpg,cha_khiao_nom/cha_khiao_nom_kw03_bing_000037.jpg,cha_khiao_nom,kw03,1,green milk tea iced cup,en,bing,web_scrape,,800,507,1.5779,RGB,False,False,
cha_khiao_nom_kw03_bing_000038.jpg,cha_khiao_nom/cha_khiao_nom_kw03_bing_000038.jpg,cha_khiao_nom,kw03,1,green milk tea iced cup,en,bing,web_scrape,,1625,1080,1.5046,RGB,False,False,
cha_khiao_nom_kw03_bing_000039.jpg,cha_khiao_nom/cha_khiao_nom_kw03_bing_000039.jpg,cha_khiao_nom,kw03,1,green milk tea iced cup,en,bing,web_scrape,,1160,1485,0.7811,RGB,False,False,
cha_khiao_nom_kw03_bing_000040.jpg,cha_khiao_nom/cha_khiao_nom_kw03_bing_000040.jpg,cha_khiao_nom,kw03,1,green milk tea iced cup,en,bing,web_scrape,,996,861,1.1568,RGB,False,False,
cha_khiao_nom_kw03_bing_000041.jpg,cha_khiao_nom/cha_khiao_nom_kw03_bing_000041.jpg,cha_khiao_nom,kw03,1,green milk tea iced cup,en,bing,web_scrape,,573,626,0.9153,RGB,False,False,
cha_khiao_nom_kw03_bing_000042.jpg,cha_khiao_nom/cha_khiao_nom_kw03_bing_000042.jpg,cha_khiao_nom,kw03,1,green milk tea iced cup,en,bing,web_scrape,,1322,1500,0.8813,RGB,False,False,
cha_khiao_nom_kw03_bing_000043.jpg,cha_khiao_nom/cha_khiao_nom_kw03_bing_000043.jpg,cha_khiao_nom,kw03,1,green milk tea iced cup,en,bing,web_scrape,,480,720,0.6667,RGB,False,False,
cha_khiao_nom_kw03_bing_000044.jpg,cha_khiao_nom/cha_khiao_nom_kw03_bing_000044.jpg,cha_khiao_nom,kw03,1,green milk tea iced cup,en,bing,web_scrape,,800,533,1.5009,RGB,False,False,
cha_khiao_nom_kw03_bing_000045.jpg,cha_khiao_nom/cha_khiao_nom_kw03_bing_000045.jpg,cha_khiao_nom,kw03,1,green milk tea iced cup,en,bing,web_scrape,,600,900,0.6667,RGB,False,False,
cha_khiao_nom_kw03_bing_000046.png,cha_khiao_nom/cha_khiao_nom_kw03_bing_000046.png,cha_khiao_nom,kw03,1,green milk tea iced cup,en,bing,web_scrape,,664,980,0.6776,RGBA,False,False,
cha_khiao_nom_kw03_bing_000047.jpg,cha_khiao_nom/cha_khiao_nom_kw03_bing_000047.jpg,cha_khiao_nom,kw03,1,green milk tea iced cup,en,bing,web_scrape,,800,585,1.3675,RGB,False,False,
cha_khiao_nom_kw03_bing_000048.jpg,cha_khiao_nom/cha_khiao_nom_kw03_bing_000048.jpg,cha_khiao_nom,kw03,1,green milk tea iced cup,en,bing,web_scrape,,692,1000,0.692,RGB,False,True,
cha_khiao_nom_kw03_bing_000050.jpg,cha_khiao_nom/cha_khiao_nom_kw03_bing_000050.jpg,cha_khiao_nom,kw03,1,green milk tea iced cup,en,bing,web_scrape,,768,900,0.8533,RGB,False,False,
cha_khiao_nom_kw03_bing_000051.jpg,cha_khiao_nom/cha_khiao_nom_kw03_bing_000051.jpg,cha_khiao_nom,kw03,1,green milk tea iced cup,en,bing,web_scrape,,1001,1600,0.6256,RGB,False,False,
cha_khiao_nom_kw03_bing_000052.jpg,cha_khiao_nom/cha_khiao_nom_kw03_bing_000052.jpg,cha_khiao_nom,kw03,1,green milk tea iced cup,en,bing,web_scrape,,800,533,1.5009,RGB,False,False,
cha_khiao_nom_kw03_bing_000053.jpg,cha_khiao_nom/cha_khiao_nom_kw03_bing_000053.jpg,cha_khiao_nom,kw03,1,green milk tea iced cup,en,bing,web_scrape,,865,1390,0.6223,RGB,False,False,
cha_khiao_nom_kw03_bing_000054.png,cha_khiao_nom/cha_khiao_nom_kw03_bing_000054.png,cha_khiao_nom,kw03,1,green milk tea iced cup,en,bing,web_scrape,,1500,1500,1.0,RGBA,False,False,
cha_khiao_nom_kw03_bing_000055.jpg,cha_khiao_nom/cha_khiao_nom_kw03_bing_000055.jpg,cha_khiao_nom,kw03,1,green milk tea iced cup,en,bing,web_scrape,,1300,1065,1.2207,RGB,False,False,
cha_khiao_nom_kw03_bing_000056.png,cha_khiao_nom/cha_khiao_nom_kw03_bing_000056.png,cha_khiao_nom,kw03,1,green milk tea iced cup,en,bing,web_scrape,,1078,980,1.1,RGBA,False,False,
cha_khiao_nom_kw03_bing_000057.png,cha_khiao_nom/cha_khiao_nom_kw03_bing_000057.png,cha_khiao_nom,kw03,1,green milk tea iced cup,en,bing,web_scrape,,1200,1200,1.0,P,False,False,
cha_khiao_nom_kw03_bing_000058.jpg,cha_khiao_nom/cha_khiao_nom_kw03_bing_000058.jpg,cha_khiao_nom,kw03,1,green milk tea iced cup,en,bing,web_scrape,,600,900,0.6667,RGB,False,False,
cha_khiao_nom_kw03_bing_000059.jpg,cha_khiao_nom/cha_khiao_nom_kw03_bing_000059.jpg,cha_khiao_nom,kw03,1,green milk tea iced cup,en,bing,web_scrape,,1200,800,1.5,RGB,False,False,
cha_khiao_nom_kw03_bing_000060.jpg,cha_khiao_nom/cha_khiao_nom_kw03_bing_000060.jpg,cha_khiao_nom,kw03,1,green milk tea iced cup,en,bing,web_scrape,,600,900,0.6667,RGB,False,False,
cha_khiao_nom_kw03_bing_000061.jpg,cha_khiao_nom/cha_khiao_nom_kw03_bing_000061.jpg,cha_khiao_nom,kw03,1,green milk tea iced cup,en,bing,web_scrape,,600,900,0.6667,RGB,False,False,
cha_khiao_nom_kw03_bing_000062.jpg,cha_khiao_nom/cha_khiao_nom_kw03_bing_000062.jpg,cha_khiao_nom,kw03,1,green milk tea iced cup,en,bing,web_scrape,,600,900,0.6667,RGB,False,False,
cha_khiao_nom_kw03_bing_000063.jpg,cha_khiao_nom/cha_khiao_nom_kw03_bing_000063.jpg,cha_khiao_nom,kw03,1,green milk tea iced cup,en,bing,web_scrape,,720,900,0.8,RGB,False,False,
cha_khiao_nom_kw03_bing_000066.png,cha_khiao_nom/cha_khiao_nom_kw03_bing_000066.png,cha_khiao_nom,kw03,1,green milk tea iced cup,en,bing,web_scrape,,750,394,1.9036,RGB,False,False,
cha_khiao_nom_kw03_bing_000069.png,cha_khiao_nom/cha_khiao_nom_kw03_bing_000069.png,cha_khiao_nom,kw03,1,green milk tea iced cup,en,bing,web_scrape,,980,1240,0.7903,RGBA,False,False,
cha_khiao_nom_kw03_bing_000071.jpg,cha_khiao_nom/cha_khiao_nom_kw03_bing_000071.jpg,cha_khiao_nom,kw03,1,green milk tea iced cup,en,bing,web_scrape,,768,562,1.3665,RGB,False,True,
cha_khiao_nom_kw03_bing_000074.jpg,cha_khiao_nom/cha_khiao_nom_kw03_bing_000074.jpg,cha_khiao_nom,kw03,1,green milk tea iced cup,en,bing,web_scrape,,1024,1024,1.0,RGB,False,False,
cha_khiao_nom_kw03_bing_000075.jpg,cha_khiao_nom/cha_khiao_nom_kw03_bing_000075.jpg,cha_khiao_nom,kw03,1,green milk tea iced cup,en,bing,web_scrape,,768,521,1.4741,RGB,False,True,
cha_khiao_nom_kw03_bing_000076.webp,cha_khiao_nom/cha_khiao_nom_kw03_bing_000076.webp,cha_khiao_nom,kw03,1,green milk tea iced cup,en,bing,web_scrape,,600,600,1.0,RGB,False,False,
cha_khiao_nom_kw03_bing_000078.jpg,cha_khiao_nom/cha_khiao_nom_kw03_bing_000078.jpg,cha_khiao_nom,kw03,1,green milk tea iced cup,en,bing,web_scrape,,768,768,1.0,RGB,False,True,
cha_khiao_nom_kw03_bing_000079.jpg,cha_khiao_nom/cha_khiao_nom_kw03_bing_000079.jpg,cha_khiao_nom,kw03,1,green milk tea iced cup,en,bing,web_scrape,,800,600,1.3333,RGB,False,True,
cha_khiao_nom_kw03_bing_000080.webp,cha_khiao_nom/cha_khiao_nom_kw03_bing_000080.webp,cha_khiao_nom,kw03,1,green milk tea iced cup,en,bing,web_scrape,,600,600,1.0,RGB,False,False,
cha_khiao_nom_kw03_bing_000082.webp,cha_khiao_nom/cha_khiao_nom_kw03_bing_000082.webp,cha_khiao_nom,kw03,1,green milk tea iced cup,en,bing,web_scrape,,600,600,1.0,RGB,False,False,
cha_khiao_nom_kw03_bing_000083.webp,cha_khiao_nom/cha_khiao_nom_kw03_bing_000083.webp,cha_khiao_nom,kw03,1,green milk tea iced cup,en,bing,web_scrape,,600,600,1.0,RGB,False,False,
cha_khiao_nom_kw03_bing_000084.png,cha_khiao_nom/cha_khiao_nom_kw03_bing_000084.png,cha_khiao_nom,kw03,1,green milk tea iced cup,en,bing,web_scrape,,1600,2000,0.8,RGB,False,False,
cha_khiao_nom_kw03_bing_000092.jpg,cha_khiao_nom/cha_khiao_nom_kw03_bing_000092.jpg,cha_khiao_nom,kw03,1,green milk tea iced cup,en,bing,web_scrape,,4391,2927,1.5002,RGB,False,False,
cha_khiao_nom_kw03_bing_000094.png,cha_khiao_nom/cha_khiao_nom_kw03_bing_000094.png,cha_khiao_nom,kw03,1,green milk tea iced cup,en,bing,web_scrape,,1100,578,1.9031,RGB,False,False,
cha_khiao_nom_kw03_bing_000095.png,cha_khiao_nom/cha_khiao_nom_kw03_bing_000095.png,cha_khiao_nom,kw03,1,green milk tea iced cup,en,bing,web_scrape,,1200,1559,0.7697,RGB,False,False,
cha_khiao_nom_kw03_bing_000096.webp,cha_khiao_nom/cha_khiao_nom_kw03_bing_000096.webp,cha_khiao_nom,kw03,1,green milk tea iced cup,en,bing,web_scrape,,1000,1000,1.0,RGB,False,True,
cha_khiao_nom_kw03_bing_000100.jpg,cha_khiao_nom/cha_khiao_nom_kw03_bing_000100.jpg,cha_khiao_nom,kw03,1,green milk tea iced cup,en,bing,web_scrape,,780,438,1.7808,RGB,False,False,
cha_khiao_nom_kw03_bing_000101.jpg,cha_khiao_nom/cha_khiao_nom_kw03_bing_000101.jpg,cha_khiao_nom,kw03,1,green milk tea iced cup,en,bing,web_scrape,,960,1200,0.8,RGB,False,True,
cha_khiao_nom_kw03_bing_000102.jpg,cha_khiao_nom/cha_khiao_nom_kw03_bing_000102.jpg,cha_khiao_nom,kw03,1,green milk tea iced cup,en,bing,web_scrape,,1920,1080,1.7778,RGB,False,False,
cha_khiao_nom_kw03_bing_000103.jpg,cha_khiao_nom/cha_khiao_nom_kw03_bing_000103.jpg,cha_khiao_nom,kw03,1,green milk tea iced cup,en,bing,web_scrape,,628,419,1.4988,RGB,False,False,
cha_khiao_nom_kw03_bing_000105.jpg,cha_khiao_nom/cha_khiao_nom_kw03_bing_000105.jpg,cha_khiao_nom,kw03,1,green milk tea iced cup,en,bing,web_scrape,,768,1152,0.6667,RGB,False,False,
cha_khiao_nom_kw03_bing_000106.webp,cha_khiao_nom/cha_khiao_nom_kw03_bing_000106.webp,cha_khiao_nom,kw03,1,green milk tea iced cup,en,bing,web_scrape,,1024,683,1.4993,RGB,False,False,
cha_khiao_nom_kw03_bing_000107.png,cha_khiao_nom/cha_khiao_nom_kw03_bing_000107.png,cha_khiao_nom,kw03,1,green milk tea iced cup,en,bing,web_scrape,,419,419,1.0,RGBA,False,False,
cha_khiao_nom_kw03_bing_000108.jpg,cha_khiao_nom/cha_khiao_nom_kw03_bing_000108.jpg,cha_khiao_nom,kw03,1,green milk tea iced cup,en,bing,web_scrape,,1920,640,3.0,RGB,False,False,
cha_khiao_nom_kw03_bing_000109.jpg,cha_khiao_nom/cha_khiao_nom_kw03_bing_000109.jpg,cha_khiao_nom,kw03,1,green milk tea iced cup,en,bing,web_scrape,,560,700,0.8,RGB,False,False,
cha_khiao_nom_kw03_bing_000110.jpg,cha_khiao_nom/cha_khiao_nom_kw03_bing_000110.jpg,cha_khiao_nom,kw03,1,green milk tea iced cup,en,bing,web_scrape,,2200,2200,1.0,RGB,False,False,
cha_khiao_nom_kw03_bing_000111.jpg,cha_khiao_nom/cha_khiao_nom_kw03_bing_000111.jpg,cha_khiao_nom,kw03,1,green milk tea iced cup,en,bing,web_scrape,,1536,2048,0.75,RGB,False,False,
cha_khiao_nom_kw03_bing_000112.png,cha_khiao_nom/cha_khiao_nom_kw03_bing_000112.png,cha_khiao_nom,kw03,1,green milk tea iced cup,en,bing,web_scrape,,1200,630,1.9048,RGBA,False,False,
cha_khiao_nom_kw03_bing_000114.png,cha_khiao_nom/cha_khiao_nom_kw03_bing_000114.png,cha_khiao_nom,kw03,1,green milk tea iced cup,en,bing,web_scrape,,600,600,1.0,RGBA,False,False,
cha_khiao_nom_kw03_bing_000115.jpg,cha_khiao_nom/cha_khiao_nom_kw03_bing_000115.jpg,cha_khiao_nom,kw03,1,green milk tea iced cup,en,bing,web_scrape,,1296,728,1.7802,RGB,False,False,
cha_khiao_nom_kw03_bing_000117.jpg,cha_khiao_nom/cha_khiao_nom_kw03_bing_000117.jpg,cha_khiao_nom,kw03,1,green milk tea iced cup,en,bing,web_scrape,,666,666,1.0,RGB,False,False,
cha_khiao_nom_kw03_bing_000118.png,cha_khiao_nom/cha_khiao_nom_kw03_bing_000118.png,cha_khiao_nom,kw03,1,green milk tea iced cup,en,bing,web_scrape,,728,410,1.7756,RGBA,False,False,
cha_khiao_nom_kw03_bing_000120.jpg,cha_khiao_nom/cha_khiao_nom_kw03_bing_000120.jpg,cha_khiao_nom,kw03,1,green milk tea iced cup,en,bing,web_scrape,,4207,2805,1.4998,RGB,False,False,
cha_khiao_nom_kw03_baidu_000001.jpg,cha_khiao_nom/cha_khiao_nom_kw03_baidu_000001.jpg,cha_khiao_nom,kw03,1,green milk tea iced cup,en,baidu,web_scrape,,1001,1600,0.6256,RGB,False,False,
cha_khiao_nom_kw03_baidu_000002.jpg,cha_khiao_nom/cha_khiao_nom_kw03_baidu_000002.jpg,cha_khiao_nom,kw03,1,green milk tea iced cup,en,baidu,web_scrape,,1001,1600,0.6256,RGB,False,False,
cha_khiao_nom_kw03_baidu_000003.jpg,cha_khiao_nom/cha_khiao_nom_kw03_baidu_000003.jpg,cha_khiao_nom,kw03,1,green milk tea iced cup,en,baidu,web_scrape,,1001,1600,0.6256,RGB,False,False,
cha_khiao_nom_kw03_baidu_000004.jpg,cha_khiao_nom/cha_khiao_nom_kw03_baidu_000004.jpg,cha_khiao_nom,kw03,1,green milk tea iced cup,en,baidu,web_scrape,,1000,647,1.5456,RGB,False,False,
cha_khiao_nom_kw03_baidu_000005.jpg,cha_khiao_nom/cha_khiao_nom_kw03_baidu_000005.jpg,cha_khiao_nom,kw03,1,green milk tea iced cup,en,baidu,web_scrape,,1500,1101,1.3624,RGB,False,False,
cha_khiao_nom_kw03_baidu_000006.jpg,cha_khiao_nom/cha_khiao_nom_kw03_baidu_000006.jpg,cha_khiao_nom,kw03,1,green milk tea iced cup,en,baidu,web_scrape,,1001,1600,0.6256,RGB,False,False,
cha_khiao_nom_kw03_baidu_000008.jpg,cha_khiao_nom/cha_khiao_nom_kw03_baidu_000008.jpg,cha_khiao_nom,kw03,1,green milk tea iced cup,en,baidu,web_scrape,,1001,1600,0.6256,RGB,False,False,
cha_khiao_nom_kw03_baidu_000009.jpg,cha_khiao_nom/cha_khiao_nom_kw03_baidu_000009.jpg,cha_khiao_nom,kw03,1,green milk tea iced cup,en,baidu,web_scrape,,1000,1600,0.625,RGB,False,False,
cha_khiao_nom_kw03_baidu_000010.jpg,cha_khiao_nom/cha_khiao_nom_kw03_baidu_000010.jpg,cha_khiao_nom,kw03,1,green milk tea iced cup,en,baidu,web_scrape,,1001,1600,0.6256,RGB,False,False,
cha_khiao_nom_kw03_baidu_000011.jpg,cha_khiao_nom/cha_khiao_nom_kw03_baidu_000011.jpg,cha_khiao_nom,kw03,1,green milk tea iced cup,en,baidu,web_scrape,,1001,1600,0.6256,RGB,False,False,
cha_khiao_nom_kw03_baidu_000012.jpg,cha_khiao_nom/cha_khiao_nom_kw03_baidu_000012.jpg,cha_khiao_nom,kw03,1,green milk tea iced cup,en,baidu,web_scrape,,1500,1203,1.2469,RGB,False,False,
cha_khiao_nom_kw03_baidu_000013.jpg,cha_khiao_nom/cha_khiao_nom_kw03_baidu_000013.jpg,cha_khiao_nom,kw03,1,green milk tea iced cup,en,baidu,web_scrape,,1001,1600,0.6256,RGB,False,False,
cha_khiao_nom_kw03_baidu_000015.jpg,cha_khiao_nom/cha_khiao_nom_kw03_baidu_000015.jpg,cha_khiao_nom,kw03,1,green milk tea iced cup,en,baidu,web_scrape,,1500,1100,1.3636,RGB,False,False,
cha_khiao_nom_kw03_baidu_000016.jpg,cha_khiao_nom/cha_khiao_nom_kw03_baidu_000016.jpg,cha_khiao_nom,kw03,1,green milk tea iced cup,en,baidu,web_scrape,,1001,1600,0.6256,RGB,False,False,
cha_khiao_nom_kw03_baidu_000017.jpg,cha_khiao_nom/cha_khiao_nom_kw03_baidu_000017.jpg,cha_khiao_nom,kw03,1,green milk tea iced cup,en,baidu,web_scrape,,1500,1101,1.3624,RGB,False,False,
cha_khiao_nom_kw03_baidu_000018.jpg,cha_khiao_nom/cha_khiao_nom_kw03_baidu_000018.jpg,cha_khiao_nom,kw03,1,green milk tea iced cup,en,baidu,web_scrape,,999,1600,0.6244,RGB,False,False,
cha_khiao_nom_kw03_baidu_000019.jpg,cha_khiao_nom/cha_khiao_nom_kw03_baidu_000019.jpg,cha_khiao_nom,kw03,1,green milk tea iced cup,en,baidu,web_scrape,,1200,1600,0.75,RGB,False,False,
cha_khiao_nom_kw03_baidu_000020.jpg,cha_khiao_nom/cha_khiao_nom_kw03_baidu_000020.jpg,cha_khiao_nom,kw03,1,green milk tea iced cup,en,baidu,web_scrape,,1500,1101,1.3624,RGB,False,False,
cha_khiao_nom_kw03_baidu_000021.jpg,cha_khiao_nom/cha_khiao_nom_kw03_baidu_000021.jpg,cha_khiao_nom,kw03,1,green milk tea iced cup,en,baidu,web_scrape,,1001,1600,0.6256,RGB,False,False,
cha_khiao_nom_kw03_baidu_000022.jpg,cha_khiao_nom/cha_khiao_nom_kw03_baidu_000022.jpg,cha_khiao_nom,kw03,1,green milk tea iced cup,en,baidu,web_scrape,,1001,1600,0.6256,RGB,False,False,
cha_khiao_nom_kw03_baidu_000023.jpg,cha_khiao_nom/cha_khiao_nom_kw03_baidu_000023.jpg,cha_khiao_nom,kw03,1,green milk tea iced cup,en,baidu,web_scrape,,1001,1600,0.6256,RGB,False,False,
cha_khiao_nom_kw03_baidu_000024.jpg,cha_khiao_nom/cha_khiao_nom_kw03_baidu_000024.jpg,cha_khiao_nom,kw03,1,green milk tea iced cup,en,baidu,web_scrape,,998,1600,0.6238,RGB,False,False,
cha_khiao_nom_kw03_baidu_000026.jpg,cha_khiao_nom/cha_khiao_nom_kw03_baidu_000026.jpg,cha_khiao_nom,kw03,1,green milk tea iced cup,en,baidu,web_scrape,,1001,1600,0.6256,RGB,False,False,
cha_khiao_nom_kw03_baidu_000027.jpg,cha_khiao_nom/cha_khiao_nom_kw03_baidu_000027.jpg,cha_khiao_nom,kw03,1,green milk tea iced cup,en,baidu,web_scrape,,1500,1101,1.3624,RGB,False,False,
cha_khiao_nom_kw03_baidu_000029.jpg,cha_khiao_nom/cha_khiao_nom_kw03_baidu_000029.jpg,cha_khiao_nom,kw03,1,green milk tea iced cup,en,baidu,web_scrape,,2048,2730,0.7502,RGB,False,False,
cha_khiao_nom_kw03_baidu_000030.jpg,cha_khiao_nom/cha_khiao_nom_kw03_baidu_000030.jpg,cha_khiao_nom,kw03,1,green milk tea iced cup,en,baidu,web_scrape,,1500,1600,0.9375,RGB,False,False,
cha_khiao_nom_kw03_baidu_000031.jpg,cha_khiao_nom/cha_khiao_nom_kw03_baidu_000031.jpg,cha_khiao_nom,kw03,1,green milk tea iced cup,en,baidu,web_scrape,,1125,1600,0.7031,RGB,False,False,
cha_khiao_nom_kw03_baidu_000034.jpg,cha_khiao_nom/cha_khiao_nom_kw03_baidu_000034.jpg,cha_khiao_nom,kw03,1,green milk tea iced cup,en,baidu,web_scrape,,993,1600,0.6206,RGB,False,False,
cha_khiao_nom_kw03_baidu_000037.jpg,cha_khiao_nom/cha_khiao_nom_kw03_baidu_000037.jpg,cha_khiao_nom,kw03,1,green milk tea iced cup,en,baidu,web_scrape,,1126,1600,0.7037,RGB,False,False,
cha_khiao_nom_kw03_baidu_000038.jpg,cha_khiao_nom/cha_khiao_nom_kw03_baidu_000038.jpg,cha_khiao_nom,kw03,1,green milk tea iced cup,en,baidu,web_scrape,,1500,1101,1.3624,RGB,False,False,
cha_khiao_nom_kw03_baidu_000039.jpg,cha_khiao_nom/cha_khiao_nom_kw03_baidu_000039.jpg,cha_khiao_nom,kw03,1,green milk tea iced cup,en,baidu,web_scrape,,996,1600,0.6225,RGB,False,False,
cha_khiao_nom_kw03_baidu_000041.jpg,cha_khiao_nom/cha_khiao_nom_kw03_baidu_000041.jpg,cha_khiao_nom,kw03,1,green milk tea iced cup,en,baidu,web_scrape,,1001,1600,0.6256,RGB,False,False,
cha_khiao_nom_kw03_baidu_000043.jpg,cha_khiao_nom/cha_khiao_nom_kw03_baidu_000043.jpg,cha_khiao_nom,kw03,1,green milk tea iced cup,en,baidu,web_scrape,,1001,1600,0.6256,RGB,False,False,
cha_khiao_nom_kw03_baidu_000045.jpg,cha_khiao_nom/cha_khiao_nom_kw03_baidu_000045.jpg,cha_khiao_nom,kw03,1,green milk tea iced cup,en,baidu,web_scrape,,2048,2730,0.7502,RGB,False,False,
cha_khiao_nom_kw03_baidu_000046.jpg,cha_khiao_nom/cha_khiao_nom_kw03_baidu_000046.jpg,cha_khiao_nom,kw03,1,green milk tea iced cup,en,baidu,web_scrape,,1080,1409,0.7665,RGB,False,False,
cha_khiao_nom_kw03_baidu_000047.jpg,cha_khiao_nom/cha_khiao_nom_kw03_baidu_000047.jpg,cha_khiao_nom,kw03,1,green milk tea iced cup,en,baidu,web_scrape,,1125,1600,0.7031,RGB,False,False,
cha_khiao_nom_kw03_baidu_000048.jpg,cha_khiao_nom/cha_khiao_nom_kw03_baidu_000048.jpg,cha_khiao_nom,kw03,1,green milk tea iced cup,en,baidu,web_scrape,,2048,2730,0.7502,RGB,False,False,
cha_khiao_nom_kw03_baidu_000049.jpg,cha_khiao_nom/cha_khiao_nom_kw03_baidu_000049.jpg,cha_khiao_nom,kw03,1,green milk tea iced cup,en,baidu,web_scrape,,2048,3640,0.5626,RGB,False,False,
cha_khiao_nom_kw03_baidu_000053.jpg,cha_khiao_nom/cha_khiao_nom_kw03_baidu_000053.jpg,cha_khiao_nom,kw03,1,green milk tea iced cup,en,baidu,web_scrape,,2048,2730,0.7502,RGB,False,False,
cha_khiao_nom_kw03_baidu_000054.png,cha_khiao_nom/cha_khiao_nom_kw03_baidu_000054.png,cha_khiao_nom,kw03,1,green milk tea iced cup,en,baidu,web_scrape,,650,608,1.0691,RGB,False,False,
cha_khiao_nom_kw04_bing_000000.jpg,cha_khiao_nom/cha_khiao_nom_kw04_bing_000000.jpg,cha_khiao_nom,kw04,1,matcha latte iced plastic cup,en,bing,web_scrape,,2000,2000,1.0,RGB,False,False,
cha_khiao_nom_kw04_bing_000002.jpg,cha_khiao_nom/cha_khiao_nom_kw04_bing_000002.jpg,cha_khiao_nom,kw04,1,matcha latte iced plastic cup,en,bing,web_scrape,,1307,1960,0.6668,RGB,False,False,
cha_khiao_nom_kw04_bing_000003.png,cha_khiao_nom/cha_khiao_nom_kw04_bing_000003.png,cha_khiao_nom,kw04,1,matcha latte iced plastic cup,en,bing,web_scrape,,2500,1785,1.4006,P,False,False,
cha_khiao_nom_kw04_bing_000004.jpg,cha_khiao_nom/cha_khiao_nom_kw04_bing_000004.jpg,cha_khiao_nom,kw04,1,matcha latte iced plastic cup,en,bing,web_scrape,,675,900,0.75,RGB,False,False,
cha_khiao_nom_kw04_bing_000005.jpg,cha_khiao_nom/cha_khiao_nom_kw04_bing_000005.jpg,cha_khiao_nom,kw04,1,matcha latte iced plastic cup,en,bing,web_scrape,,2000,2000,1.0,RGB,False,True,
cha_khiao_nom_kw04_bing_000006.jpg,cha_khiao_nom/cha_khiao_nom_kw04_bing_000006.jpg,cha_khiao_nom,kw04,1,matcha latte iced plastic cup,en,bing,web_scrape,,506,900,0.5622,RGB,False,False,
cha_khiao_nom_kw04_bing_000007.png,cha_khiao_nom/cha_khiao_nom_kw04_bing_000007.png,cha_khiao_nom,kw04,1,matcha latte iced plastic cup,en,bing,web_scrape,,505,361,1.3989,P,False,False,
cha_khiao_nom_kw04_bing_000008.jpg,cha_khiao_nom/cha_khiao_nom_kw04_bing_000008.jpg,cha_khiao_nom,kw04,1,matcha latte iced plastic cup,en,bing,web_scrape,,626,351,1.7835,RGB,False,False,
cha_khiao_nom_kw04_bing_000010.jpg,cha_khiao_nom/cha_khiao_nom_kw04_bing_000010.jpg,cha_khiao_nom,kw04,1,matcha latte iced plastic cup,en,bing,web_scrape,,2000,2000,1.0,RGB,False,False,
cha_khiao_nom_kw04_bing_000011.jpg,cha_khiao_nom/cha_khiao_nom_kw04_bing_000011.jpg,cha_khiao_nom,kw04,1,matcha latte iced plastic cup,en,bing,web_scrape,,1380,920,1.5,RGB,False,False,
cha_khiao_nom_kw04_bing_000012.jpg,cha_khiao_nom/cha_khiao_nom_kw04_bing_000012.jpg,cha_khiao_nom,kw04,1,matcha latte iced plastic cup,en,bing,web_scrape,,768,512,1.5,RGB,False,False,
cha_khiao_nom_kw04_bing_000013.jpg,cha_khiao_nom/cha_khiao_nom_kw04_bing_000013.jpg,cha_khiao_nom,kw04,1,matcha latte iced plastic cup,en,bing,web_scrape,,992,541,1.8336,RGB,False,False,
cha_khiao_nom_kw04_bing_000014.jpg,cha_khiao_nom/cha_khiao_nom_kw04_bing_000014.jpg,cha_khiao_nom,kw04,1,matcha latte iced plastic cup,en,bing,web_scrape,,2000,1121,1.7841,RGB,False,False,
cha_khiao_nom_kw04_bing_000015.jpg,cha_khiao_nom/cha_khiao_nom_kw04_bing_000015.jpg,cha_khiao_nom,kw04,1,matcha latte iced plastic cup,en,bing,web_scrape,,600,900,0.6667,RGB,False,False,
cha_khiao_nom_kw04_bing_000016.jpg,cha_khiao_nom/cha_khiao_nom_kw04_bing_000016.jpg,cha_khiao_nom,kw04,1,matcha latte iced plastic cup,en,bing,web_scrape,,740,740,1.0,RGB,False,False,
cha_khiao_nom_kw04_bing_000017.jpg,cha_khiao_nom/cha_khiao_nom_kw04_bing_000017.jpg,cha_khiao_nom,kw04,1,matcha latte iced plastic cup,en,bing,web_scrape,,706,1060,0.666,RGB,False,False,
cha_khiao_nom_kw04_bing_000018.jpg,cha_khiao_nom/cha_khiao_nom_kw04_bing_000018.jpg,cha_khiao_nom,kw04,1,matcha latte iced plastic cup,en,bing,web_scrape,,996,996,1.0,RGB,False,False,
cha_khiao_nom_kw04_bing_000019.jpg,cha_khiao_nom/cha_khiao_nom_kw04_bing_000019.jpg,cha_khiao_nom,kw04,1,matcha latte iced plastic cup,en,bing,web_scrape,,2000,2000,1.0,RGB,False,False,
cha_khiao_nom_kw04_bing_000020.jpg,cha_khiao_nom/cha_khiao_nom_kw04_bing_000020.jpg,cha_khiao_nom,kw04,1,matcha latte iced plastic cup,en,bing,web_scrape,,1333,2000,0.6665,RGB,False,False,
cha_khiao_nom_kw04_bing_000021.jpg,cha_khiao_nom/cha_khiao_nom_kw04_bing_000021.jpg,cha_khiao_nom,kw04,1,matcha latte iced plastic cup,en,bing,web_scrape,,682,1024,0.666,RGB,False,False,
cha_khiao_nom_kw04_bing_000022.jpg,cha_khiao_nom/cha_khiao_nom_kw04_bing_000022.jpg,cha_khiao_nom,kw04,1,matcha latte iced plastic cup,en,bing,web_scrape,,1060,1060,1.0,RGB,False,False,
cha_khiao_nom_kw04_bing_000023.jpg,cha_khiao_nom/cha_khiao_nom_kw04_bing_000023.jpg,cha_khiao_nom,kw04,1,matcha latte iced plastic cup,en,bing,web_scrape,,800,437,1.8307,RGB,False,False,
cha_khiao_nom_kw04_bing_000024.jpg,cha_khiao_nom/cha_khiao_nom_kw04_bing_000024.jpg,cha_khiao_nom,kw04,1,matcha latte iced plastic cup,en,bing,web_scrape,,1078,980,1.1,RGB,False,True,
cha_khiao_nom_kw04_bing_000025.jpg,cha_khiao_nom/cha_khiao_nom_kw04_bing_000025.jpg,cha_khiao_nom,kw04,1,matcha latte iced plastic cup,en,bing,web_scrape,,576,865,0.6659,RGB,False,False,
cha_khiao_nom_kw04_bing_000026.png,cha_khiao_nom/cha_khiao_nom_kw04_bing_000026.png,cha_khiao_nom,kw04,1,matcha latte iced plastic cup,en,bing,web_scrape,,1920,1920,1.0,RGBA,False,False,
cha_khiao_nom_kw04_bing_000027.jpg,cha_khiao_nom/cha_khiao_nom_kw04_bing_000027.jpg,cha_khiao_nom,kw04,1,matcha latte iced plastic cup,en,bing,web_scrape,,600,488,1.2295,RGB,False,False,
cha_khiao_nom_kw04_bing_000029.jpg,cha_khiao_nom/cha_khiao_nom_kw04_bing_000029.jpg,cha_khiao_nom,kw04,1,matcha latte iced plastic cup,en,bing,web_scrape,,675,900,0.75,RGB,False,False,
cha_khiao_nom_kw04_bing_000031.jpg,cha_khiao_nom/cha_khiao_nom_kw04_bing_000031.jpg,cha_khiao_nom,kw04,1,matcha latte iced plastic cup,en,bing,web_scrape,,1333,2000,0.6665,RGB,False,False,
cha_khiao_nom_kw04_bing_000032.jpg,cha_khiao_nom/cha_khiao_nom_kw04_bing_000032.jpg,cha_khiao_nom,kw04,1,matcha latte iced plastic cup,en,bing,web_scrape,,1378,1600,0.8612,RGB,False,False,
cha_khiao_nom_kw04_bing_000033.jpg,cha_khiao_nom/cha_khiao_nom_kw04_bing_000033.jpg,cha_khiao_nom,kw04,1,matcha latte iced plastic cup,en,bing,web_scrape,,1792,2688,0.6667,RGB,False,False,
cha_khiao_nom_kw04_bing_000034.jpg,cha_khiao_nom/cha_khiao_nom_kw04_bing_000034.jpg,cha_khiao_nom,kw04,1,matcha latte iced plastic cup,en,bing,web_scrape,,626,417,1.5012,RGB,False,False,
cha_khiao_nom_kw04_bing_000037.jpg,cha_khiao_nom/cha_khiao_nom_kw04_bing_000037.jpg,cha_khiao_nom,kw04,1,matcha latte iced plastic cup,en,bing,web_scrape,,879,1390,0.6324,RGB,False,False,
cha_khiao_nom_kw04_bing_000038.jpg,cha_khiao_nom/cha_khiao_nom_kw04_bing_000038.jpg,cha_khiao_nom,kw04,1,matcha latte iced plastic cup,en,bing,web_scrape,,3296,2469,1.335,RGB,False,False,
cha_khiao_nom_kw04_bing_000040.jpg,cha_khiao_nom/cha_khiao_nom_kw04_bing_000040.jpg,cha_khiao_nom,kw04,1,matcha latte iced plastic cup,en,bing,web_scrape,,726,1000,0.726,RGB,False,False,
cha_khiao_nom_kw04_bing_000041.jpg,cha_khiao_nom/cha_khiao_nom_kw04_bing_000041.jpg,cha_khiao_nom,kw04,1,matcha latte iced plastic cup,en,bing,web_scrape,,4000,6000,0.6667,RGB,False,False,
cha_khiao_nom_kw04_bing_000042.jpg,cha_khiao_nom/cha_khiao_nom_kw04_bing_000042.jpg,cha_khiao_nom,kw04,1,matcha latte iced plastic cup,en,bing,web_scrape,,4000,6000,0.6667,RGB,False,False,
cha_khiao_nom_kw04_bing_000043.jpg,cha_khiao_nom/cha_khiao_nom_kw04_bing_000043.jpg,cha_khiao_nom,kw04,1,matcha latte iced plastic cup,en,bing,web_scrape,,358,626,0.5719,RGB,False,False,
cha_khiao_nom_kw04_bing_000044.jpg,cha_khiao_nom/cha_khiao_nom_kw04_bing_000044.jpg,cha_khiao_nom,kw04,1,matcha latte iced plastic cup,en,bing,web_scrape,,1500,1875,0.8,RGB,False,False,
cha_khiao_nom_kw04_bing_000046.jpg,cha_khiao_nom/cha_khiao_nom_kw04_bing_000046.jpg,cha_khiao_nom,kw04,1,matcha latte iced plastic cup,en,bing,web_scrape,,736,1313,0.5605,RGB,False,False,
cha_khiao_nom_kw04_bing_000047.jpg,cha_khiao_nom/cha_khiao_nom_kw04_bing_000047.jpg,cha_khiao_nom,kw04,1,matcha latte iced plastic cup,en,bing,web_scrape,,626,626,1.0,RGB,False,False,
cha_khiao_nom_kw04_bing_000048.jpg,cha_khiao_nom/cha_khiao_nom_kw04_bing_000048.jpg,cha_khiao_nom,kw04,1,matcha latte iced plastic cup,en,bing,web_scrape,,626,417,1.5012,RGB,False,False,
cha_khiao_nom_kw04_bing_000051.jpg,cha_khiao_nom/cha_khiao_nom_kw04_bing_000051.jpg,cha_khiao_nom,kw04,1,matcha latte iced plastic cup,en,bing,web_scrape,,1440,1795,0.8022,RGB,False,False,
cha_khiao_nom_kw04_bing_000052.jpg,cha_khiao_nom/cha_khiao_nom_kw04_bing_000052.jpg,cha_khiao_nom,kw04,1,matcha latte iced plastic cup,en,bing,web_scrape,,4000,6000,0.6667,RGB,False,False,
cha_khiao_nom_kw04_bing_000053.jpg,cha_khiao_nom/cha_khiao_nom_kw04_bing_000053.jpg,cha_khiao_nom,kw04,1,matcha latte iced plastic cup,en,bing,web_scrape,,736,1472,0.5,RGB,False,False,
cha_khiao_nom_kw04_bing_000054.jpg,cha_khiao_nom/cha_khiao_nom_kw04_bing_000054.jpg,cha_khiao_nom,kw04,1,matcha latte iced plastic cup,en,bing,web_scrape,,707,1000,0.707,RGB,False,False,
cha_khiao_nom_kw04_bing_000055.jpg,cha_khiao_nom/cha_khiao_nom_kw04_bing_000055.jpg,cha_khiao_nom,kw04,1,matcha latte iced plastic cup,en,bing,web_scrape,,1500,1600,0.9375,RGB,False,False,
cha_khiao_nom_kw04_bing_000056.jpg,cha_khiao_nom/cha_khiao_nom_kw04_bing_000056.jpg,cha_khiao_nom,kw04,1,matcha latte iced plastic cup,en,bing,web_scrape,,1160,1160,1.0,RGB,False,False,
cha_khiao_nom_kw04_bing_000057.webp,cha_khiao_nom/cha_khiao_nom_kw04_bing_000057.webp,cha_khiao_nom,kw04,1,matcha latte iced plastic cup,en,bing,web_scrape,,1022,1024,0.998,RGB,False,False,
cha_khiao_nom_kw04_bing_000058.jpg,cha_khiao_nom/cha_khiao_nom_kw04_bing_000058.jpg,cha_khiao_nom,kw04,1,matcha latte iced plastic cup,en,bing,web_scrape,,595,1000,0.595,RGB,False,False,
cha_khiao_nom_kw04_bing_000061.jpg,cha_khiao_nom/cha_khiao_nom_kw04_bing_000061.jpg,cha_khiao_nom,kw04,1,matcha latte iced plastic cup,en,bing,web_scrape,,1200,1594,0.7528,RGB,False,False,
cha_khiao_nom_kw04_bing_000062.jpg,cha_khiao_nom/cha_khiao_nom_kw04_bing_000062.jpg,cha_khiao_nom,kw04,1,matcha latte iced plastic cup,en,bing,web_scrape,,667,1000,0.667,RGB,False,False,
cha_khiao_nom_kw04_bing_000063.jpg,cha_khiao_nom/cha_khiao_nom_kw04_bing_000063.jpg,cha_khiao_nom,kw04,1,matcha latte iced plastic cup,en,bing,web_scrape,,2000,2800,0.7143,RGB,False,False,
cha_khiao_nom_kw04_bing_000070.jpg,cha_khiao_nom/cha_khiao_nom_kw04_bing_000070.jpg,cha_khiao_nom,kw04,1,matcha latte iced plastic cup,en,bing,web_scrape,,640,905,0.7072,RGB,False,False,
cha_khiao_nom_kw04_bing_000072.jpg,cha_khiao_nom/cha_khiao_nom_kw04_bing_000072.jpg,cha_khiao_nom,kw04,1,matcha latte iced plastic cup,en,bing,web_scrape,,736,736,1.0,RGB,False,False,
cha_khiao_nom_kw04_bing_000076.jpg,cha_khiao_nom/cha_khiao_nom_kw04_bing_000076.jpg,cha_khiao_nom,kw04,1,matcha latte iced plastic cup,en,bing,web_scrape,,3648,4560,0.8,RGB,False,False,
cha_khiao_nom_kw04_bing_000079.jpg,cha_khiao_nom/cha_khiao_nom_kw04_bing_000079.jpg,cha_khiao_nom,kw04,1,matcha latte iced plastic cup,en,bing,web_scrape,,1504,1003,1.4995,RGB,False,False,
cha_khiao_nom_kw04_bing_000080.jpg,cha_khiao_nom/cha_khiao_nom_kw04_bing_000080.jpg,cha_khiao_nom,kw04,1,matcha latte iced plastic cup,en,bing,web_scrape,,768,578,1.3287,RGB,False,False,
cha_khiao_nom_kw04_bing_000082.jpg,cha_khiao_nom/cha_khiao_nom_kw04_bing_000082.jpg,cha_khiao_nom,kw04,1,matcha latte iced plastic cup,en,bing,web_scrape,,640,480,1.3333,RGB,False,False,
cha_khiao_nom_kw04_bing_000085.jpg,cha_khiao_nom/cha_khiao_nom_kw04_bing_000085.jpg,cha_khiao_nom,kw04,1,matcha latte iced plastic cup,en,bing,web_scrape,,960,480,2.0,RGB,False,False,
cha_khiao_nom_kw04_bing_000086.jpg,cha_khiao_nom/cha_khiao_nom_kw04_bing_000086.jpg,cha_khiao_nom,kw04,1,matcha latte iced plastic cup,en,bing,web_scrape,,736,415,1.7735,RGB,False,False,
cha_khiao_nom_kw04_bing_000087.jpg,cha_khiao_nom/cha_khiao_nom_kw04_bing_000087.jpg,cha_khiao_nom,kw04,1,matcha latte iced plastic cup,en,bing,web_scrape,,768,431,1.7819,RGB,False,False,
cha_khiao_nom_kw04_bing_000090.jpg,cha_khiao_nom/cha_khiao_nom_kw04_bing_000090.jpg,cha_khiao_nom,kw04,1,matcha latte iced plastic cup,en,bing,web_scrape,,768,513,1.4971,RGB,False,False,
cha_khiao_nom_kw04_bing_000093.png,cha_khiao_nom/cha_khiao_nom_kw04_bing_000093.png,cha_khiao_nom,kw04,1,matcha latte iced plastic cup,en,bing,web_scrape,,682,682,1.0,RGBA,True,False,
cha_khiao_nom_kw04_bing_000094.jpg,cha_khiao_nom/cha_khiao_nom_kw04_bing_000094.jpg,cha_khiao_nom,kw04,1,matcha latte iced plastic cup,en,bing,web_scrape,,780,438,1.7808,RGB,False,False,
cha_khiao_nom_kw04_bing_000097.jpg,cha_khiao_nom/cha_khiao_nom_kw04_bing_000097.jpg,cha_khiao_nom,kw04,1,matcha latte iced plastic cup,en,bing,web_scrape,,1536,1024,1.5,RGB,False,False,
cha_khiao_nom_kw04_bing_000100.jpg,cha_khiao_nom/cha_khiao_nom_kw04_bing_000100.jpg,cha_khiao_nom,kw04,1,matcha latte iced plastic cup,en,bing,web_scrape,,768,1280,0.6,RGB,False,False,
cha_khiao_nom_kw04_bing_000102.jpg,cha_khiao_nom/cha_khiao_nom_kw04_bing_000102.jpg,cha_khiao_nom,kw04,1,matcha latte iced plastic cup,en,bing,web_scrape,,1464,600,2.44,RGB,False,False,
cha_khiao_nom_kw04_baidu_000003.jpg,cha_khiao_nom/cha_khiao_nom_kw04_baidu_000003.jpg,cha_khiao_nom,kw04,1,matcha latte iced plastic cup,en,baidu,web_scrape,,1001,1600,0.6256,RGB,False,False,
cha_khiao_nom_kw04_baidu_000005.jpg,cha_khiao_nom/cha_khiao_nom_kw04_baidu_000005.jpg,cha_khiao_nom,kw04,1,matcha latte iced plastic cup,en,baidu,web_scrape,,1500,1101,1.3624,RGB,False,False,
cha_khiao_nom_kw04_baidu_000007.jpg,cha_khiao_nom/cha_khiao_nom_kw04_baidu_000007.jpg,cha_khiao_nom,kw04,1,matcha latte iced plastic cup,en,baidu,web_scrape,,1002,1600,0.6262,RGB,False,False,
cha_khiao_nom_kw04_baidu_000008.jpg,cha_khiao_nom/cha_khiao_nom_kw04_baidu_000008.jpg,cha_khiao_nom,kw04,1,matcha latte iced plastic cup,en,baidu,web_scrape,,1500,1102,1.3612,RGB,False,False,
cha_khiao_nom_kw04_baidu_000009.jpg,cha_khiao_nom/cha_khiao_nom_kw04_baidu_000009.jpg,cha_khiao_nom,kw04,1,matcha latte iced plastic cup,en,baidu,web_scrape,,1500,1122,1.3369,RGB,False,False,
cha_khiao_nom_kw04_baidu_000010.jpg,cha_khiao_nom/cha_khiao_nom_kw04_baidu_000010.jpg,cha_khiao_nom,kw04,1,matcha latte iced plastic cup,en,baidu,web_scrape,,1000,1600,0.625,RGB,False,False,
cha_khiao_nom_kw04_baidu_000013.jpg,cha_khiao_nom/cha_khiao_nom_kw04_baidu_000013.jpg,cha_khiao_nom,kw04,1,matcha latte iced plastic cup,en,baidu,web_scrape,,980,653,1.5008,RGB,False,False,
cha_khiao_nom_kw04_baidu_000015.jpg,cha_khiao_nom/cha_khiao_nom_kw04_baidu_000015.jpg,cha_khiao_nom,kw04,1,matcha latte iced plastic cup,en,baidu,web_scrape,,1001,1600,0.6256,RGB,False,False,
cha_khiao_nom_kw04_baidu_000016.jpg,cha_khiao_nom/cha_khiao_nom_kw04_baidu_000016.jpg,cha_khiao_nom,kw04,1,matcha latte iced plastic cup,en,baidu,web_scrape,,1110,1600,0.6937,RGB,False,False,
cha_khiao_nom_kw04_baidu_000019.jpg,cha_khiao_nom/cha_khiao_nom_kw04_baidu_000019.jpg,cha_khiao_nom,kw04,1,matcha latte iced plastic cup,en,baidu,web_scrape,,780,585,1.3333,RGB,False,False,
cha_khiao_nom_kw04_baidu_000021.jpg,cha_khiao_nom/cha_khiao_nom_kw04_baidu_000021.jpg,cha_khiao_nom,kw04,1,matcha latte iced plastic cup,en,baidu,web_scrape,,2048,2730,0.7502,RGB,False,False,
cha_khiao_nom_kw04_baidu_000022.jpg,cha_khiao_nom/cha_khiao_nom_kw04_baidu_000022.jpg,cha_khiao_nom,kw04,1,matcha latte iced plastic cup,en,baidu,web_scrape,,1500,1600,0.9375,RGB,False,False,
cha_khiao_nom_kw04_baidu_000024.jpg,cha_khiao_nom/cha_khiao_nom_kw04_baidu_000024.jpg,cha_khiao_nom,kw04,1,matcha latte iced plastic cup,en,baidu,web_scrape,,1001,1600,0.6256,RGB,False,False,
cha_khiao_nom_kw04_baidu_000025.jpg,cha_khiao_nom/cha_khiao_nom_kw04_baidu_000025.jpg,cha_khiao_nom,kw04,1,matcha latte iced plastic cup,en,baidu,web_scrape,,1500,1101,1.3624,RGB,False,False,
cha_khiao_nom_kw04_baidu_000026.jpg,cha_khiao_nom/cha_khiao_nom_kw04_baidu_000026.jpg,cha_khiao_nom,kw04,1,matcha latte iced plastic cup,en,baidu,web_scrape,,1001,1600,0.6256,RGB,False,False,
cha_khiao_nom_kw04_baidu_000027.jpg,cha_khiao_nom/cha_khiao_nom_kw04_baidu_000027.jpg,cha_khiao_nom,kw04,1,matcha latte iced plastic cup,en,baidu,web_scrape,,500,500,1.0,RGB,False,False,
cha_khiao_nom_kw04_baidu_000028.jpg,cha_khiao_nom/cha_khiao_nom_kw04_baidu_000028.jpg,cha_khiao_nom,kw04,1,matcha latte iced plastic cup,en,baidu,web_scrape,,1001,1600,0.6256,RGB,False,False,
cha_khiao_nom_kw04_baidu_000029.jpg,cha_khiao_nom/cha_khiao_nom_kw04_baidu_000029.jpg,cha_khiao_nom,kw04,1,matcha latte iced plastic cup,en,baidu,web_scrape,,1001,1600,0.6256,RGB,False,False,
cha_khiao_nom_kw04_baidu_000030.jpg,cha_khiao_nom/cha_khiao_nom_kw04_baidu_000030.jpg,cha_khiao_nom,kw04,1,matcha latte iced plastic cup,en,baidu,web_scrape,,1500,1100,1.3636,RGB,False,False,
cha_khiao_nom_kw04_baidu_000031.jpg,cha_khiao_nom/cha_khiao_nom_kw04_baidu_000031.jpg,cha_khiao_nom,kw04,1,matcha latte iced plastic cup,en,baidu,web_scrape,,1080,810,1.3333,RGB,False,False,
cha_khiao_nom_kw04_baidu_000032.jpg,cha_khiao_nom/cha_khiao_nom_kw04_baidu_000032.jpg,cha_khiao_nom,kw04,1,matcha latte iced plastic cup,en,baidu,web_scrape,,600,900,0.6667,RGB,False,False,
cha_khiao_nom_kw04_baidu_000033.jpeg,cha_khiao_nom/cha_khiao_nom_kw04_baidu_000033.jpeg,cha_khiao_nom,kw04,1,matcha latte iced plastic cup,en,baidu,web_scrape,,1080,1440,0.75,RGB,False,False,
cha_khiao_nom_kw04_baidu_000034.jpg,cha_khiao_nom/cha_khiao_nom_kw04_baidu_000034.jpg,cha_khiao_nom,kw04,1,matcha latte iced plastic cup,en,baidu,web_scrape,,1500,1069,1.4032,RGB,False,False,
cha_khiao_nom_kw04_baidu_000035.jpg,cha_khiao_nom/cha_khiao_nom_kw04_baidu_000035.jpg,cha_khiao_nom,kw04,1,matcha latte iced plastic cup,en,baidu,web_scrape,,1001,1600,0.6256,RGB,False,False,
cha_khiao_nom_kw04_baidu_000036.jpg,cha_khiao_nom/cha_khiao_nom_kw04_baidu_000036.jpg,cha_khiao_nom,kw04,1,matcha latte iced plastic cup,en,baidu,web_scrape,,960,540,1.7778,RGB,False,False,
cha_khiao_nom_kw04_baidu_000037.jpg,cha_khiao_nom/cha_khiao_nom_kw04_baidu_000037.jpg,cha_khiao_nom,kw04,1,matcha latte iced plastic cup,en,baidu,web_scrape,,1500,1101,1.3624,RGB,False,False,
cha_khiao_nom_kw04_baidu_000038.jpg,cha_khiao_nom/cha_khiao_nom_kw04_baidu_000038.jpg,cha_khiao_nom,kw04,1,matcha latte iced plastic cup,en,baidu,web_scrape,,845,1600,0.5281,RGB,False,False,
cha_khiao_nom_kw04_baidu_000039.jpg,cha_khiao_nom/cha_khiao_nom_kw04_baidu_000039.jpg,cha_khiao_nom,kw04,1,matcha latte iced plastic cup,en,baidu,web_scrape,,1001,1600,0.6256,RGB,False,False,
cha_khiao_nom_kw04_baidu_000040.jpg,cha_khiao_nom/cha_khiao_nom_kw04_baidu_000040.jpg,cha_khiao_nom,kw04,1,matcha latte iced plastic cup,en,baidu,web_scrape,,1155,1600,0.7219,RGB,False,False,
cha_khiao_nom_kw04_baidu_000041.jpg,cha_khiao_nom/cha_khiao_nom_kw04_baidu_000041.jpg,cha_khiao_nom,kw04,1,matcha latte iced plastic cup,en,baidu,web_scrape,,1500,1100,1.3636,RGB,False,False,
cha_khiao_nom_kw04_baidu_000042.jpg,cha_khiao_nom/cha_khiao_nom_kw04_baidu_000042.jpg,cha_khiao_nom,kw04,1,matcha latte iced plastic cup,en,baidu,web_scrape,,1001,1600,0.6256,RGB,False,False,
cha_khiao_nom_kw04_baidu_000044.jpg,cha_khiao_nom/cha_khiao_nom_kw04_baidu_000044.jpg,cha_khiao_nom,kw04,1,matcha latte iced plastic cup,en,baidu,web_scrape,,1500,1101,1.3624,RGB,False,False,
cha_khiao_nom_kw04_baidu_000045.jpg,cha_khiao_nom/cha_khiao_nom_kw04_baidu_000045.jpg,cha_khiao_nom,kw04,1,matcha latte iced plastic cup,en,baidu,web_scrape,,1001,1600,0.6256,RGB,False,False,
cha_khiao_nom_kw04_baidu_000046.jpg,cha_khiao_nom/cha_khiao_nom_kw04_baidu_000046.jpg,cha_khiao_nom,kw04,1,matcha latte iced plastic cup,en,baidu,web_scrape,,1500,1300,1.1538,RGB,False,False,
cha_khiao_nom_kw04_baidu_000048.jpg,cha_khiao_nom/cha_khiao_nom_kw04_baidu_000048.jpg,cha_khiao_nom,kw04,1,matcha latte iced plastic cup,en,baidu,web_scrape,,1500,1101,1.3624,RGB,False,False,
cha_khiao_nom_kw04_baidu_000049.jpg,cha_khiao_nom/cha_khiao_nom_kw04_baidu_000049.jpg,cha_khiao_nom,kw04,1,matcha latte iced plastic cup,en,baidu,web_scrape,,1013,1600,0.6331,RGB,False,False,
cha_khiao_nom_kw04_baidu_000050.jpg,cha_khiao_nom/cha_khiao_nom_kw04_baidu_000050.jpg,cha_khiao_nom,kw04,1,matcha latte iced plastic cup,en,baidu,web_scrape,,1500,1093,1.3724,RGB,False,False,
cha_khiao_nom_kw04_baidu_000051.jpg,cha_khiao_nom/cha_khiao_nom_kw04_baidu_000051.jpg,cha_khiao_nom,kw04,1,matcha latte iced plastic cup,en,baidu,web_scrape,,2048,3072,0.6667,RGB,False,False,
cha_khiao_nom_kw04_baidu_000052.jpg,cha_khiao_nom/cha_khiao_nom_kw04_baidu_000052.jpg,cha_khiao_nom,kw04,1,matcha latte iced plastic cup,en,baidu,web_scrape,,600,855,0.7018,RGB,False,False,
cha_khiao_nom_kw04_baidu_000053.jpg,cha_khiao_nom/cha_khiao_nom_kw04_baidu_000053.jpg,cha_khiao_nom,kw04,1,matcha latte iced plastic cup,en,baidu,web_scrape,,1002,1600,0.6262,RGB,False,False,
cha_khiao_nom_kw04_baidu_000054.jpg,cha_khiao_nom/cha_khiao_nom_kw04_baidu_000054.jpg,cha_khiao_nom,kw04,1,matcha latte iced plastic cup,en,baidu,web_scrape,,1001,1600,0.6256,RGB,False,False,
cha_khiao_nom_kw05_bing_000011.webp,cha_khiao_nom/cha_khiao_nom_kw05_bing_000011.webp,cha_khiao_nom,kw05,2,ชาเขียวนม แก้วพลาสติก ใส่น้ำแข็ง,th,bing,web_scrape,,720,960,0.75,RGB,False,False,
cha_khiao_nom_kw05_bing_000016.png,cha_khiao_nom/cha_khiao_nom_kw05_bing_000016.png,cha_khiao_nom,kw05,2,ชาเขียวนม แก้วพลาสติก ใส่น้ำแข็ง,th,bing,web_scrape,,720,720,1.0,RGBA,False,False,
cha_khiao_nom_kw05_bing_000017.jpg,cha_khiao_nom/cha_khiao_nom_kw05_bing_000017.jpg,cha_khiao_nom,kw05,2,ชาเขียวนม แก้วพลาสติก ใส่น้ำแข็ง,th,bing,web_scrape,,800,800,1.0,RGB,False,True,
cha_khiao_nom_kw05_bing_000027.jpg,cha_khiao_nom/cha_khiao_nom_kw05_bing_000027.jpg,cha_khiao_nom,kw05,2,ชาเขียวนม แก้วพลาสติก ใส่น้ำแข็ง,th,bing,web_scrape,,800,800,1.0,RGB,False,True,
cha_khiao_nom_kw05_bing_000029.jpg,cha_khiao_nom/cha_khiao_nom_kw05_bing_000029.jpg,cha_khiao_nom,kw05,2,ชาเขียวนม แก้วพลาสติก ใส่น้ำแข็ง,th,bing,web_scrape,,960,960,1.0,RGB,False,True,
cha_khiao_nom_kw05_bing_000030.jpg,cha_khiao_nom/cha_khiao_nom_kw05_bing_000030.jpg,cha_khiao_nom,kw05,2,ชาเขียวนม แก้วพลาสติก ใส่น้ำแข็ง,th,bing,web_scrape,,1276,1285,0.993,RGB,False,True,
cha_khiao_nom_kw05_bing_000033.jpg,cha_khiao_nom/cha_khiao_nom_kw05_bing_000033.jpg,cha_khiao_nom,kw05,2,ชาเขียวนม แก้วพลาสติก ใส่น้ำแข็ง,th,bing,web_scrape,,1000,1000,1.0,RGB,False,True,
cha_khiao_nom_kw05_bing_000037.png,cha_khiao_nom/cha_khiao_nom_kw05_bing_000037.png,cha_khiao_nom,kw05,2,ชาเขียวนม แก้วพลาสติก ใส่น้ำแข็ง,th,bing,web_scrape,,1200,1813,0.6619,RGB,False,False,
cha_khiao_nom_kw05_bing_000038.jpg,cha_khiao_nom/cha_khiao_nom_kw05_bing_000038.jpg,cha_khiao_nom,kw05,2,ชาเขียวนม แก้วพลาสติก ใส่น้ำแข็ง,th,bing,web_scrape,,1200,935,1.2834,RGB,False,True,
cha_khiao_nom_kw05_bing_000042.jpg,cha_khiao_nom/cha_khiao_nom_kw05_bing_000042.jpg,cha_khiao_nom,kw05,2,ชาเขียวนม แก้วพลาสติก ใส่น้ำแข็ง,th,bing,web_scrape,,1200,1200,1.0,RGB,False,False,
cha_khiao_nom_kw05_bing_000050.jpg,cha_khiao_nom/cha_khiao_nom_kw05_bing_000050.jpg,cha_khiao_nom,kw05,2,ชาเขียวนม แก้วพลาสติก ใส่น้ำแข็ง,th,bing,web_scrape,,800,800,1.0,RGB,False,True,
cha_khiao_nom_kw05_bing_000072.jpg,cha_khiao_nom/cha_khiao_nom_kw05_bing_000072.jpg,cha_khiao_nom,kw05,2,ชาเขียวนม แก้วพลาสติก ใส่น้ำแข็ง,th,bing,web_scrape,,800,1318,0.607,RGB,False,False,
cha_khiao_nom_kw05_bing_000074.jpg,cha_khiao_nom/cha_khiao_nom_kw05_bing_000074.jpg,cha_khiao_nom,kw05,2,ชาเขียวนม แก้วพลาสติก ใส่น้ำแข็ง,th,bing,web_scrape,,640,480,1.3333,RGB,False,False,
cha_khiao_nom_kw05_bing_000089.webp,cha_khiao_nom/cha_khiao_nom_kw05_bing_000089.webp,cha_khiao_nom,kw05,2,ชาเขียวนม แก้วพลาสติก ใส่น้ำแข็ง,th,bing,web_scrape,,1024,512,2.0,RGB,False,True,
cha_khiao_nom_kw05_bing_000090.webp,cha_khiao_nom/cha_khiao_nom_kw05_bing_000090.webp,cha_khiao_nom,kw05,2,ชาเขียวนม แก้วพลาสติก ใส่น้ำแข็ง,th,bing,web_scrape,,1632,597,2.7337,RGB,False,False,
cha_khiao_nom_kw05_bing_000092.jpg,cha_khiao_nom/cha_khiao_nom_kw05_bing_000092.jpg,cha_khiao_nom,kw05,2,ชาเขียวนม แก้วพลาสติก ใส่น้ำแข็ง,th,bing,web_scrape,,675,1200,0.5625,RGB,False,False,
cha_khiao_nom_kw05_bing_000100.webp,cha_khiao_nom/cha_khiao_nom_kw05_bing_000100.webp,cha_khiao_nom,kw05,2,ชาเขียวนม แก้วพลาสติก ใส่น้ำแข็ง,th,bing,web_scrape,,750,750,1.0,RGB,False,False,
cha_khiao_nom_kw06_bing_000035.webp,cha_khiao_nom/cha_khiao_nom_kw06_bing_000035.webp,cha_khiao_nom,kw06,2,ชาเขียวนมเย็น ร้านชาริมทาง,th,bing,web_scrape,,720,720,1.0,RGB,False,False,
cha_khiao_nom_kw06_bing_000036.webp,cha_khiao_nom/cha_khiao_nom_kw06_bing_000036.webp,cha_khiao_nom,kw06,2,ชาเขียวนมเย็น ร้านชาริมทาง,th,bing,web_scrape,,1822,1365,1.3348,RGB,False,False,
cha_khiao_nom_kw06_bing_000037.jpg,cha_khiao_nom/cha_khiao_nom_kw06_bing_000037.jpg,cha_khiao_nom,kw06,2,ชาเขียวนมเย็น ร้านชาริมทาง,th,bing,web_scrape,,1920,1080,1.7778,RGB,False,True,
cha_khiao_nom_kw06_bing_000038.jpg,cha_khiao_nom/cha_khiao_nom_kw06_bing_000038.jpg,cha_khiao_nom,kw06,2,ชาเขียวนมเย็น ร้านชาริมทาง,th,bing,web_scrape,,720,720,1.0,RGB,False,False,
cha_khiao_nom_kw06_bing_000039.jpg,cha_khiao_nom/cha_khiao_nom_kw06_bing_000039.jpg,cha_khiao_nom,kw06,2,ชาเขียวนมเย็น ร้านชาริมทาง,th,bing,web_scrape,,1024,1024,1.0,RGB,False,False,
cha_khiao_nom_kw06_bing_000040.jpg,cha_khiao_nom/cha_khiao_nom_kw06_bing_000040.jpg,cha_khiao_nom,kw06,2,ชาเขียวนมเย็น ร้านชาริมทาง,th,bing,web_scrape,,1440,1920,0.75,RGB,False,False,
cha_khiao_nom_kw06_bing_000041.jpg,cha_khiao_nom/cha_khiao_nom_kw06_bing_000041.jpg,cha_khiao_nom,kw06,2,ชาเขียวนมเย็น ร้านชาริมทาง,th,bing,web_scrape,,1425,1900,0.75,RGB,False,False,
cha_khiao_nom_kw06_bing_000046.jpg,cha_khiao_nom/cha_khiao_nom_kw06_bing_000046.jpg,cha_khiao_nom,kw06,2,ชาเขียวนมเย็น ร้านชาริมทาง,th,bing,web_scrape,,1920,944,2.0339,RGB,False,False,
cha_khiao_nom_kw06_bing_000054.jpg,cha_khiao_nom/cha_khiao_nom_kw06_bing_000054.jpg,cha_khiao_nom,kw06,2,ชาเขียวนมเย็น ร้านชาริมทาง,th,bing,web_scrape,,512,512,1.0,RGB,False,False,
cha_khiao_nom_kw06_bing_000055.jpg,cha_khiao_nom/cha_khiao_nom_kw06_bing_000055.jpg,cha_khiao_nom,kw06,2,ชาเขียวนมเย็น ร้านชาริมทาง,th,bing,web_scrape,,1920,1440,1.3333,RGB,False,True,
cha_khiao_nom_kw06_bing_000056.jpg,cha_khiao_nom/cha_khiao_nom_kw06_bing_000056.jpg,cha_khiao_nom,kw06,2,ชาเขียวนมเย็น ร้านชาริมทาง,th,bing,web_scrape,,512,512,1.0,RGB,False,False,
cha_khiao_nom_kw06_bing_000060.jpg,cha_khiao_nom/cha_khiao_nom_kw06_bing_000060.jpg,cha_khiao_nom,kw06,2,ชาเขียวนมเย็น ร้านชาริมทาง,th,bing,web_scrape,,1920,1079,1.7794,RGB,False,False,
cha_khiao_nom_kw06_bing_000062.jpg,cha_khiao_nom/cha_khiao_nom_kw06_bing_000062.jpg,cha_khiao_nom,kw06,2,ชาเขียวนมเย็น ร้านชาริมทาง,th,bing,web_scrape,,512,512,1.0,RGB,False,False,
cha_khiao_nom_kw06_bing_000067.jpg,cha_khiao_nom/cha_khiao_nom_kw06_bing_000067.jpg,cha_khiao_nom,kw06,2,ชาเขียวนมเย็น ร้านชาริมทาง,th,bing,web_scrape,,1425,1900,0.75,RGB,False,False,
cha_khiao_nom_kw06_bing_000068.jpg,cha_khiao_nom/cha_khiao_nom_kw06_bing_000068.jpg,cha_khiao_nom,kw06,2,ชาเขียวนมเย็น ร้านชาริมทาง,th,bing,web_scrape,,1248,832,1.5,RGB,False,True,
cha_khiao_nom_kw06_bing_000070.jpg,cha_khiao_nom/cha_khiao_nom_kw06_bing_000070.jpg,cha_khiao_nom,kw06,2,ชาเขียวนมเย็น ร้านชาริมทาง,th,bing,web_scrape,,1440,1920,0.75,RGB,False,False,
cha_khiao_nom_kw06_bing_000078.jpg,cha_khiao_nom/cha_khiao_nom_kw06_bing_000078.jpg,cha_khiao_nom,kw06,2,ชาเขียวนมเย็น ร้านชาริมทาง,th,bing,web_scrape,,400,533,0.7505,RGB,False,False,
cha_khiao_nom_kw06_bing_000079.jpg,cha_khiao_nom/cha_khiao_nom_kw06_bing_000079.jpg,cha_khiao_nom,kw06,2,ชาเขียวนมเย็น ร้านชาริมทาง,th,bing,web_scrape,,1152,2048,0.5625,RGB,False,False,
cha_khiao_nom_kw06_bing_000080.jpg,cha_khiao_nom/cha_khiao_nom_kw06_bing_000080.jpg,cha_khiao_nom,kw06,2,ชาเขียวนมเย็น ร้านชาริมทาง,th,bing,web_scrape,,733,912,0.8037,RGB,False,False,
cha_khiao_nom_kw06_bing_000082.jpg,cha_khiao_nom/cha_khiao_nom_kw06_bing_000082.jpg,cha_khiao_nom,kw06,2,ชาเขียวนมเย็น ร้านชาริมทาง,th,bing,web_scrape,,800,800,1.0,RGB,False,True,
cha_khiao_nom_kw06_bing_000084.jpg,cha_khiao_nom/cha_khiao_nom_kw06_bing_000084.jpg,cha_khiao_nom,kw06,2,ชาเขียวนมเย็น ร้านชาริมทาง,th,bing,web_scrape,,2048,1536,1.3333,RGB,False,False,
cha_khiao_nom_kw06_bing_000085.jpg,cha_khiao_nom/cha_khiao_nom_kw06_bing_000085.jpg,cha_khiao_nom,kw06,2,ชาเขียวนมเย็น ร้านชาริมทาง,th,bing,web_scrape,,400,533,0.7505,RGB,False,False,
cha_khiao_nom_kw06_bing_000089.jpg,cha_khiao_nom/cha_khiao_nom_kw06_bing_000089.jpg,cha_khiao_nom,kw06,2,ชาเขียวนมเย็น ร้านชาริมทาง,th,bing,web_scrape,,1999,1334,1.4985,RGB,False,False,
cha_khiao_nom_kw06_bing_000090.jpg,cha_khiao_nom/cha_khiao_nom_kw06_bing_000090.jpg,cha_khiao_nom,kw06,2,ชาเขียวนมเย็น ร้านชาริมทาง,th,bing,web_scrape,,1920,1440,1.3333,RGB,False,True,
cha_khiao_nom_kw06_bing_000091.jpg,cha_khiao_nom/cha_khiao_nom_kw06_bing_000091.jpg,cha_khiao_nom,kw06,2,ชาเขียวนมเย็น ร้านชาริมทาง,th,bing,web_scrape,,512,512,1.0,RGB,False,False,
cha_khiao_nom_kw06_bing_000094.jpg,cha_khiao_nom/cha_khiao_nom_kw06_bing_000094.jpg,cha_khiao_nom,kw06,2,ชาเขียวนมเย็น ร้านชาริมทาง,th,bing,web_scrape,,1108,1477,0.7502,RGB,False,False,
cha_khiao_nom_kw06_bing_000095.jpg,cha_khiao_nom/cha_khiao_nom_kw06_bing_000095.jpg,cha_khiao_nom,kw06,2,ชาเขียวนมเย็น ร้านชาริมทาง,th,bing,web_scrape,,1440,1920,0.75,RGB,False,False,
cha_khiao_nom_kw06_bing_000096.jpg,cha_khiao_nom/cha_khiao_nom_kw06_bing_000096.jpg,cha_khiao_nom,kw06,2,ชาเขียวนมเย็น ร้านชาริมทาง,th,bing,web_scrape,,1915,2560,0.748,RGB,False,False,
cha_khiao_nom_kw06_bing_000099.jpg,cha_khiao_nom/cha_khiao_nom_kw06_bing_000099.jpg,cha_khiao_nom,kw06,2,ชาเขียวนมเย็น ร้านชาริมทาง,th,bing,web_scrape,,512,512,1.0,RGB,False,False,
cha_khiao_nom_kw06_bing_000100.jpg,cha_khiao_nom/cha_khiao_nom_kw06_bing_000100.jpg,cha_khiao_nom,kw06,2,ชาเขียวนมเย็น ร้านชาริมทาง,th,bing,web_scrape,,1242,932,1.3326,RGB,False,False,
cha_khiao_nom_kw06_bing_000102.webp,cha_khiao_nom/cha_khiao_nom_kw06_bing_000102.webp,cha_khiao_nom,kw06,2,ชาเขียวนมเย็น ร้านชาริมทาง,th,bing,web_scrape,,1080,1430,0.7552,RGB,False,False,
cha_khiao_nom_kw06_bing_000103.webp,cha_khiao_nom/cha_khiao_nom_kw06_bing_000103.webp,cha_khiao_nom,kw06,2,ชาเขียวนมเย็น ร้านชาริมทาง,th,bing,web_scrape,,1572,2096,0.75,RGB,False,False,
cha_khiao_nom_kw06_bing_000105.jpg,cha_khiao_nom/cha_khiao_nom_kw06_bing_000105.jpg,cha_khiao_nom,kw06,2,ชาเขียวนมเย็น ร้านชาริมทาง,th,bing,web_scrape,,1200,800,1.5,RGB,False,False,
cha_khiao_nom_kw07_bing_000001.jpg,cha_khiao_nom/cha_khiao_nom_kw07_bing_000001.jpg,cha_khiao_nom,kw07,2,ชาเขียวนมสด เย็น,th,bing,web_scrape,,843,1500,0.562,RGB,False,False,
cha_khiao_nom_kw07_bing_000007.jpg,cha_khiao_nom/cha_khiao_nom_kw07_bing_000007.jpg,cha_khiao_nom,kw07,2,ชาเขียวนมสด เย็น,th,bing,web_scrape,,843,1500,0.562,RGB,False,False,
cha_khiao_nom_kw07_bing_000011.jpg,cha_khiao_nom/cha_khiao_nom_kw07_bing_000011.jpg,cha_khiao_nom,kw07,2,ชาเขียวนมสด เย็น,th,bing,web_scrape,,1280,720,1.7778,RGB,False,False,
cha_khiao_nom_kw07_bing_000012.jpg,cha_khiao_nom/cha_khiao_nom_kw07_bing_000012.jpg,cha_khiao_nom,kw07,2,ชาเขียวนมสด เย็น,th,bing,web_scrape,,843,1500,0.562,RGB,False,False,
cha_khiao_nom_kw07_bing_000016.jpg,cha_khiao_nom/cha_khiao_nom_kw07_bing_000016.jpg,cha_khiao_nom,kw07,2,ชาเขียวนมสด เย็น,th,bing,web_scrape,,1500,1467,1.0225,RGB,False,False,
cha_khiao_nom_kw07_bing_000023.jpg,cha_khiao_nom/cha_khiao_nom_kw07_bing_000023.jpg,cha_khiao_nom,kw07,2,ชาเขียวนมสด เย็น,th,bing,web_scrape,,1344,1900,0.7074,RGB,False,False,
cha_khiao_nom_kw07_bing_000025.jpg,cha_khiao_nom/cha_khiao_nom_kw07_bing_000025.jpg,cha_khiao_nom,kw07,2,ชาเขียวนมสด เย็น,th,bing,web_scrape,,1440,1920,0.75,RGB,False,False,
cha_khiao_nom_kw07_bing_000026.jpg,cha_khiao_nom/cha_khiao_nom_kw07_bing_000026.jpg,cha_khiao_nom,kw07,2,ชาเขียวนมสด เย็น,th,bing,web_scrape,,1200,1600,0.75,RGB,False,False,
cha_khiao_nom_kw07_bing_000027.jpg,cha_khiao_nom/cha_khiao_nom_kw07_bing_000027.jpg,cha_khiao_nom,kw07,2,ชาเขียวนมสด เย็น,th,bing,web_scrape,,1080,1920,0.5625,RGB,False,False,
cha_khiao_nom_kw07_bing_000030.jpg,cha_khiao_nom/cha_khiao_nom_kw07_bing_000030.jpg,cha_khiao_nom,kw07,2,ชาเขียวนมสด เย็น,th,bing,web_scrape,,843,1500,0.562,RGB,False,False,
cha_khiao_nom_kw07_bing_000037.png,cha_khiao_nom/cha_khiao_nom_kw07_bing_000037.png,cha_khiao_nom,kw07,2,ชาเขียวนมสด เย็น,th,bing,web_scrape,,800,800,1.0,RGB,False,False,
cha_khiao_nom_kw07_bing_000040.jpg,cha_khiao_nom/cha_khiao_nom_kw07_bing_000040.jpg,cha_khiao_nom,kw07,2,ชาเขียวนมสด เย็น,th,bing,web_scrape,,750,937,0.8004,RGB,False,False,
cha_khiao_nom_kw07_bing_000042.jpg,cha_khiao_nom/cha_khiao_nom_kw07_bing_000042.jpg,cha_khiao_nom,kw07,2,ชาเขียวนมสด เย็น,th,bing,web_scrape,,609,403,1.5112,RGB,False,False,
cha_khiao_nom_kw07_bing_000049.jpg,cha_khiao_nom/cha_khiao_nom_kw07_bing_000049.jpg,cha_khiao_nom,kw07,2,ชาเขียวนมสด เย็น,th,bing,web_scrape,,1200,630,1.9048,RGB,False,False,
cha_khiao_nom_kw07_bing_000051.jpg,cha_khiao_nom/cha_khiao_nom_kw07_bing_000051.jpg,cha_khiao_nom,kw07,2,ชาเขียวนมสด เย็น,th,bing,web_scrape,,1280,720,1.7778,RGB,False,False,
cha_khiao_nom_kw07_bing_000057.png,cha_khiao_nom/cha_khiao_nom_kw07_bing_000057.png,cha_khiao_nom,kw07,2,ชาเขียวนมสด เย็น,th,bing,web_scrape,,1200,1200,1.0,RGBA,False,False,
cha_khiao_nom_kw07_bing_000061.jpg,cha_khiao_nom/cha_khiao_nom_kw07_bing_000061.jpg,cha_khiao_nom,kw07,2,ชาเขียวนมสด เย็น,th,bing,web_scrape,,1920,1080,1.7778,RGB,False,False,
cha_khiao_nom_kw07_bing_000062.jpg,cha_khiao_nom/cha_khiao_nom_kw07_bing_000062.jpg,cha_khiao_nom,kw07,2,ชาเขียวนมสด เย็น,th,bing,web_scrape,,1024,683,1.4993,RGB,False,False,
cha_khiao_nom_kw07_bing_000063.jpg,cha_khiao_nom/cha_khiao_nom_kw07_bing_000063.jpg,cha_khiao_nom,kw07,2,ชาเขียวนมสด เย็น,th,bing,web_scrape,,960,538,1.7844,RGB,False,False,
cha_khiao_nom_kw07_bing_000080.jpg,cha_khiao_nom/cha_khiao_nom_kw07_bing_000080.jpg,cha_khiao_nom,kw07,2,ชาเขียวนมสด เย็น,th,bing,web_scrape,,720,1280,0.5625,RGB,False,False,
cha_khiao_nom_kw07_bing_000081.jpg,cha_khiao_nom/cha_khiao_nom_kw07_bing_000081.jpg,cha_khiao_nom,kw07,2,ชาเขียวนมสด เย็น,th,bing,web_scrape,,3024,4032,0.75,RGB,False,False,
cha_khiao_nom_kw07_bing_000091.jpg,cha_khiao_nom/cha_khiao_nom_kw07_bing_000091.jpg,cha_khiao_nom,kw07,2,ชาเขียวนมสด เย็น,th,bing,web_scrape,,2896,1904,1.521,RGB,False,False,
cha_khiao_nom_kw07_bing_000094.webp,cha_khiao_nom/cha_khiao_nom_kw07_bing_000094.webp,cha_khiao_nom,kw07,2,ชาเขียวนมสด เย็น,th,bing,web_scrape,,938,1042,0.9002,RGB,False,False,
cha_khiao_nom_kw07_bing_000114.jpg,cha_khiao_nom/cha_khiao_nom_kw07_bing_000114.jpg,cha_khiao_nom,kw07,2,ชาเขียวนมสด เย็น,th,bing,web_scrape,,1900,1900,1.0,RGB,False,False,
cha_khiao_nom_kw07_bing_000172.jpg,cha_khiao_nom/cha_khiao_nom_kw07_bing_000172.jpg,cha_khiao_nom,kw07,2,ชาเขียวนมสด เย็น,th,bing,web_scrape,,1200,1604,0.7481,RGB,False,False,
cha_nom_khai_muk_kw00_bing_000001.jpg,cha_nom_khai_muk/cha_nom_khai_muk_kw00_bing_000001.jpg,cha_nom_khai_muk,kw00,1,ชานมไข่มุก แก้ว,th,bing,web_scrape,,801,1200,0.6675,RGB,False,False,
cha_nom_khai_muk_kw00_bing_000004.jpg,cha_nom_khai_muk/cha_nom_khai_muk_kw00_bing_000004.jpg,cha_nom_khai_muk,kw00,1,ชานมไข่มุก แก้ว,th,bing,web_scrape,,749,1000,0.749,RGB,False,False,
cha_nom_khai_muk_kw00_bing_000006.jpg,cha_nom_khai_muk/cha_nom_khai_muk_kw00_bing_000006.jpg,cha_nom_khai_muk,kw00,1,ชานมไข่มุก แก้ว,th,bing,web_scrape,,2732,1536,1.7786,RGB,False,False,
cha_nom_khai_muk_kw00_bing_000007.jpg,cha_nom_khai_muk/cha_nom_khai_muk_kw00_bing_000007.jpg,cha_nom_khai_muk,kw00,1,ชานมไข่มุก แก้ว,th,bing,web_scrape,,650,813,0.7995,RGB,False,False,
cha_nom_khai_muk_kw00_bing_000008.jpg,cha_nom_khai_muk/cha_nom_khai_muk_kw00_bing_000008.jpg,cha_nom_khai_muk,kw00,1,ชานมไข่มุก แก้ว,th,bing,web_scrape,,1248,1869,0.6677,RGB,False,False,
cha_nom_khai_muk_kw00_bing_000009.jpg,cha_nom_khai_muk/cha_nom_khai_muk_kw00_bing_000009.jpg,cha_nom_khai_muk,kw00,1,ชานมไข่มุก แก้ว,th,bing,web_scrape,,1920,2559,0.7503,RGB,False,False,
cha_nom_khai_muk_kw00_bing_000010.webp,cha_nom_khai_muk/cha_nom_khai_muk_kw00_bing_000010.webp,cha_nom_khai_muk,kw00,1,ชานมไข่มุก แก้ว,th,bing,web_scrape,,753,1004,0.75,RGB,False,False,
cha_nom_khai_muk_kw00_bing_000011.jpg,cha_nom_khai_muk/cha_nom_khai_muk_kw00_bing_000011.jpg,cha_nom_khai_muk,kw00,1,ชานมไข่มุก แก้ว,th,bing,web_scrape,,1425,1900,0.75,RGB,False,False,
cha_nom_khai_muk_kw00_bing_000012.png,cha_nom_khai_muk/cha_nom_khai_muk_kw00_bing_000012.png,cha_nom_khai_muk,kw00,1,ชานมไข่มุก แก้ว,th,bing,web_scrape,,900,506,1.7787,RGBA,False,False,
cha_nom_khai_muk_kw00_bing_000013.jpg,cha_nom_khai_muk/cha_nom_khai_muk_kw00_bing_000013.jpg,cha_nom_khai_muk,kw00,1,ชานมไข่มุก แก้ว,th,bing,web_scrape,,899,789,1.1394,RGB,False,False,
cha_nom_khai_muk_kw00_bing_000014.jpg,cha_nom_khai_muk/cha_nom_khai_muk_kw00_bing_000014.jpg,cha_nom_khai_muk,kw00,1,ชานมไข่มุก แก้ว,th,bing,web_scrape,,1920,1920,1.0,RGB,False,False,
cha_nom_khai_muk_kw00_bing_000015.jpg,cha_nom_khai_muk/cha_nom_khai_muk_kw00_bing_000015.jpg,cha_nom_khai_muk,kw00,1,ชานมไข่มุก แก้ว,th,bing,web_scrape,,715,715,1.0,RGB,False,False,
cha_nom_khai_muk_kw00_bing_000016.jpg,cha_nom_khai_muk/cha_nom_khai_muk_kw00_bing_000016.jpg,cha_nom_khai_muk,kw00,1,ชานมไข่มุก แก้ว,th,bing,web_scrape,,2732,1536,1.7786,RGB,False,False,
cha_nom_khai_muk_kw00_bing_000017.jpg,cha_nom_khai_muk/cha_nom_khai_muk_kw00_bing_000017.jpg,cha_nom_khai_muk,kw00,1,ชานมไข่มุก แก้ว,th,bing,web_scrape,,650,813,0.7995,RGB,False,False,
cha_nom_khai_muk_kw00_bing_000018.png,cha_nom_khai_muk/cha_nom_khai_muk_kw00_bing_000018.png,cha_nom_khai_muk,kw00,1,ชานมไข่มุก แก้ว,th,bing,web_scrape,,1200,1200,1.0,RGBA,False,False,
cha_nom_khai_muk_kw00_bing_000019.jpg,cha_nom_khai_muk/cha_nom_khai_muk_kw00_bing_000019.jpg,cha_nom_khai_muk,kw00,1,ชานมไข่มุก แก้ว,th,bing,web_scrape,,1920,1280,1.5,RGB,False,True,
cha_nom_khai_muk_kw00_bing_000020.jpg,cha_nom_khai_muk/cha_nom_khai_muk_kw00_bing_000020.jpg,cha_nom_khai_muk,kw00,1,ชานมไข่มุก แก้ว,th,bing,web_scrape,,1248,1248,1.0,RGB,False,False,
cha_nom_khai_muk_kw00_bing_000021.jpg,cha_nom_khai_muk/cha_nom_khai_muk_kw00_bing_000021.jpg,cha_nom_khai_muk,kw00,1,ชานมไข่มุก แก้ว,th,bing,web_scrape,,1920,1080,1.7778,RGB,False,False,
cha_nom_khai_muk_kw00_bing_000024.jpg,cha_nom_khai_muk/cha_nom_khai_muk_kw00_bing_000024.jpg,cha_nom_khai_muk,kw00,1,ชานมไข่มุก แก้ว,th,bing,web_scrape,,1024,1024,1.0,RGB,False,False,
cha_nom_khai_muk_kw00_bing_000025.webp,cha_nom_khai_muk/cha_nom_khai_muk_kw00_bing_000025.webp,cha_nom_khai_muk,kw00,1,ชานมไข่มุก แก้ว,th,bing,web_scrape,,1712,1712,1.0,RGB,False,False,
cha_nom_khai_muk_kw00_bing_000026.jpg,cha_nom_khai_muk/cha_nom_khai_muk_kw00_bing_000026.jpg,cha_nom_khai_muk,kw00,1,ชานมไข่มุก แก้ว,th,bing,web_scrape,,1442,1137,1.2682,RGB,False,False,
cha_nom_khai_muk_kw00_bing_000027.jpg,cha_nom_khai_muk/cha_nom_khai_muk_kw00_bing_000027.jpg,cha_nom_khai_muk,kw00,1,ชานมไข่มุก แก้ว,th,bing,web_scrape,,887,1182,0.7504,RGB,False,False,
cha_nom_khai_muk_kw00_bing_000028.jpg,cha_nom_khai_muk/cha_nom_khai_muk_kw00_bing_000028.jpg,cha_nom_khai_muk,kw00,1,ชานมไข่มุก แก้ว,th,bing,web_scrape,,1920,2879,0.6669,RGB,False,False,
cha_nom_khai_muk_kw00_bing_000029.webp,cha_nom_khai_muk/cha_nom_khai_muk_kw00_bing_000029.webp,cha_nom_khai_muk,kw00,1,ชานมไข่มุก แก้ว,th,bing,web_scrape,,1057,1409,0.7502,RGB,False,True,
cha_nom_khai_muk_kw00_bing_000030.jpg,cha_nom_khai_muk/cha_nom_khai_muk_kw00_bing_000030.jpg,cha_nom_khai_muk,kw00,1,ชานมไข่มุก แก้ว,th,bing,web_scrape,,1248,833,1.4982,RGB,False,False,
cha_nom_khai_muk_kw00_bing_000031.webp,cha_nom_khai_muk/cha_nom_khai_muk_kw00_bing_000031.webp,cha_nom_khai_muk,kw00,1,ชานมไข่มุก แก้ว,th,bing,web_scrape,,1200,1200,1.0,RGB,False,False,
cha_nom_khai_muk_kw00_bing_000032.jpg,cha_nom_khai_muk/cha_nom_khai_muk_kw00_bing_000032.jpg,cha_nom_khai_muk,kw00,1,ชานมไข่มุก แก้ว,th,bing,web_scrape,,800,800,1.0,RGB,False,False,
cha_nom_khai_muk_kw00_bing_000033.jpg,cha_nom_khai_muk/cha_nom_khai_muk_kw00_bing_000033.jpg,cha_nom_khai_muk,kw00,1,ชานมไข่มุก แก้ว,th,bing,web_scrape,,1080,955,1.1309,RGB,False,True,
cha_nom_khai_muk_kw00_bing_000035.jpg,cha_nom_khai_muk/cha_nom_khai_muk_kw00_bing_000035.jpg,cha_nom_khai_muk,kw00,1,ชานมไข่มุก แก้ว,th,bing,web_scrape,,900,900,1.0,RGB,False,False,
cha_nom_khai_muk_kw00_bing_000036.jpg,cha_nom_khai_muk/cha_nom_khai_muk_kw00_bing_000036.jpg,cha_nom_khai_muk,kw00,1,ชานมไข่มุก แก้ว,th,bing,web_scrape,,626,417,1.5012,RGB,False,False,
cha_nom_khai_muk_kw00_bing_000037.jpg,cha_nom_khai_muk/cha_nom_khai_muk_kw00_bing_000037.jpg,cha_nom_khai_muk,kw00,1,ชานมไข่มุก แก้ว,th,bing,web_scrape,,1248,1872,0.6667,RGB,False,False,
cha_nom_khai_muk_kw00_bing_000041.jpg,cha_nom_khai_muk/cha_nom_khai_muk_kw00_bing_000041.jpg,cha_nom_khai_muk,kw00,1,ชานมไข่มุก แก้ว,th,bing,web_scrape,,800,1067,0.7498,RGB,False,False,
cha_nom_khai_muk_kw00_bing_000043.jpg,cha_nom_khai_muk/cha_nom_khai_muk_kw00_bing_000043.jpg,cha_nom_khai_muk,kw00,1,ชานมไข่มุก แก้ว,th,bing,web_scrape,,1248,1664,0.75,RGB,False,False,
cha_nom_khai_muk_kw00_bing_000044.jpg,cha_nom_khai_muk/cha_nom_khai_muk_kw00_bing_000044.jpg,cha_nom_khai_muk,kw00,1,ชานมไข่มุก แก้ว,th,bing,web_scrape,,1248,1872,0.6667,RGB,False,False,
cha_nom_khai_muk_kw00_bing_000045.jpg,cha_nom_khai_muk/cha_nom_khai_muk_kw00_bing_000045.jpg,cha_nom_khai_muk,kw00,1,ชานมไข่มุก แก้ว,th,bing,web_scrape,,768,1024,0.75,RGB,False,True,
cha_nom_khai_muk_kw00_bing_000047.jpg,cha_nom_khai_muk/cha_nom_khai_muk_kw00_bing_000047.jpg,cha_nom_khai_muk,kw00,1,ชานมไข่มุก แก้ว,th,bing,web_scrape,,1425,1900,0.75,RGB,False,False,
cha_nom_khai_muk_kw00_bing_000048.jpg,cha_nom_khai_muk/cha_nom_khai_muk_kw00_bing_000048.jpg,cha_nom_khai_muk,kw00,1,ชานมไข่มุก แก้ว,th,bing,web_scrape,,1281,1920,0.6672,RGB,False,False,
cha_nom_khai_muk_kw00_bing_000050.jpg,cha_nom_khai_muk/cha_nom_khai_muk_kw00_bing_000050.jpg,cha_nom_khai_muk,kw00,1,ชานมไข่มุก แก้ว,th,bing,web_scrape,,1280,720,1.7778,RGB,False,False,
cha_nom_khai_muk_kw00_bing_000051.jpg,cha_nom_khai_muk/cha_nom_khai_muk_kw00_bing_000051.jpg,cha_nom_khai_muk,kw00,1,ชานมไข่มุก แก้ว,th,bing,web_scrape,,1920,945,2.0317,RGB,False,False,
cha_nom_khai_muk_kw00_bing_000053.jpg,cha_nom_khai_muk/cha_nom_khai_muk_kw00_bing_000053.jpg,cha_nom_khai_muk,kw00,1,ชานมไข่มุก แก้ว,th,bing,web_scrape,,2732,1536,1.7786,RGB,False,False,
cha_nom_khai_muk_kw00_bing_000054.jpg,cha_nom_khai_muk/cha_nom_khai_muk_kw00_bing_000054.jpg,cha_nom_khai_muk,kw00,1,ชานมไข่มุก แก้ว,th,bing,web_scrape,,800,1066,0.7505,RGB,False,False,
cha_nom_khai_muk_kw00_bing_000055.jpg,cha_nom_khai_muk/cha_nom_khai_muk_kw00_bing_000055.jpg,cha_nom_khai_muk,kw00,1,ชานมไข่มุก แก้ว,th,bing,web_scrape,,768,1024,0.75,RGB,False,False,
cha_nom_khai_muk_kw00_bing_000056.jpg,cha_nom_khai_muk/cha_nom_khai_muk_kw00_bing_000056.jpg,cha_nom_khai_muk,kw00,1,ชานมไข่มุก แก้ว,th,bing,web_scrape,,1920,1080,1.7778,RGB,False,False,
cha_nom_khai_muk_kw00_bing_000057.jpg,cha_nom_khai_muk/cha_nom_khai_muk_kw00_bing_000057.jpg,cha_nom_khai_muk,kw00,1,ชานมไข่มุก แก้ว,th,bing,web_scrape,,768,1024,0.75,RGB,False,False,
cha_nom_khai_muk_kw00_bing_000058.jpg,cha_nom_khai_muk/cha_nom_khai_muk_kw00_bing_000058.jpg,cha_nom_khai_muk,kw00,1,ชานมไข่มุก แก้ว,th,bing,web_scrape,,1500,997,1.5045,RGB,False,False,
cha_nom_khai_muk_kw00_bing_000059.jpg,cha_nom_khai_muk/cha_nom_khai_muk_kw00_bing_000059.jpg,cha_nom_khai_muk,kw00,1,ชานมไข่มุก แก้ว,th,bing,web_scrape,,640,640,1.0,RGB,False,False,
cha_nom_khai_muk_kw00_bing_000061.jpg,cha_nom_khai_muk/cha_nom_khai_muk_kw00_bing_000061.jpg,cha_nom_khai_muk,kw00,1,ชานมไข่มุก แก้ว,th,bing,web_scrape,,1920,1080,1.7778,RGB,False,False,
cha_nom_khai_muk_kw00_bing_000062.jpg,cha_nom_khai_muk/cha_nom_khai_muk_kw00_bing_000062.jpg,cha_nom_khai_muk,kw00,1,ชานมไข่มุก แก้ว,th,bing,web_scrape,,736,1104,0.6667,RGB,False,False,
cha_nom_khai_muk_kw00_bing_000063.jpg,cha_nom_khai_muk/cha_nom_khai_muk_kw00_bing_000063.jpg,cha_nom_khai_muk,kw00,1,ชานมไข่มุก แก้ว,th,bing,web_scrape,,1920,945,2.0317,RGB,False,False,
cha_nom_khai_muk_kw00_bing_000064.jpg,cha_nom_khai_muk/cha_nom_khai_muk_kw00_bing_000064.jpg,cha_nom_khai_muk,kw00,1,ชานมไข่มุก แก้ว,th,bing,web_scrape,,1024,1024,1.0,RGB,False,False,
cha_nom_khai_muk_kw00_bing_000065.jpg,cha_nom_khai_muk/cha_nom_khai_muk_kw00_bing_000065.jpg,cha_nom_khai_muk,kw00,1,ชานมไข่มุก แก้ว,th,bing,web_scrape,,1248,1248,1.0,RGB,False,True,
cha_nom_khai_muk_kw00_bing_000066.jpg,cha_nom_khai_muk/cha_nom_khai_muk_kw00_bing_000066.jpg,cha_nom_khai_muk,kw00,1,ชานมไข่มุก แก้ว,th,bing,web_scrape,,1024,599,1.7095,RGB,False,False,
cha_nom_khai_muk_kw00_bing_000067.webp,cha_nom_khai_muk/cha_nom_khai_muk_kw00_bing_000067.webp,cha_nom_khai_muk,kw00,1,ชานมไข่มุก แก้ว,th,bing,web_scrape,,1440,1912,0.7531,RGB,False,False,
cha_nom_khai_muk_kw00_bing_000068.jpg,cha_nom_khai_muk/cha_nom_khai_muk_kw00_bing_000068.jpg,cha_nom_khai_muk,kw00,1,ชานมไข่มุก แก้ว,th,bing,web_scrape,,430,612,0.7026,RGB,False,False,
cha_nom_khai_muk_kw00_bing_000069.jpg,cha_nom_khai_muk/cha_nom_khai_muk_kw00_bing_000069.jpg,cha_nom_khai_muk,kw00,1,ชานมไข่มุก แก้ว,th,bing,web_scrape,,1500,1200,1.25,RGB,False,False,
cha_nom_khai_muk_kw00_bing_000070.jpg,cha_nom_khai_muk/cha_nom_khai_muk_kw00_bing_000070.jpg,cha_nom_khai_muk,kw00,1,ชานมไข่มุก แก้ว,th,bing,web_scrape,,994,661,1.5038,RGB,False,False,
cha_nom_khai_muk_kw00_bing_000071.webp,cha_nom_khai_muk/cha_nom_khai_muk_kw00_bing_000071.webp,cha_nom_khai_muk,kw00,1,ชานมไข่มุก แก้ว,th,bing,web_scrape,,1024,1024,1.0,RGB,False,False,
cha_nom_khai_muk_kw00_bing_000073.jpg,cha_nom_khai_muk/cha_nom_khai_muk_kw00_bing_000073.jpg,cha_nom_khai_muk,kw00,1,ชานมไข่มุก แก้ว,th,bing,web_scrape,,4000,2925,1.3675,RGB,False,False,
cha_nom_khai_muk_kw00_bing_000074.jpg,cha_nom_khai_muk/cha_nom_khai_muk_kw00_bing_000074.jpg,cha_nom_khai_muk,kw00,1,ชานมไข่มุก แก้ว,th,bing,web_scrape,,800,800,1.0,RGB,False,False,
cha_nom_khai_muk_kw00_bing_000075.jpg,cha_nom_khai_muk/cha_nom_khai_muk_kw00_bing_000075.jpg,cha_nom_khai_muk,kw00,1,ชานมไข่มุก แก้ว,th,bing,web_scrape,,1900,1068,1.779,RGB,False,False,
cha_nom_khai_muk_kw00_bing_000076.jpg,cha_nom_khai_muk/cha_nom_khai_muk_kw00_bing_000076.jpg,cha_nom_khai_muk,kw00,1,ชานมไข่มุก แก้ว,th,bing,web_scrape,,1200,1200,1.0,RGB,False,True,
cha_nom_khai_muk_kw00_bing_000078.png,cha_nom_khai_muk/cha_nom_khai_muk_kw00_bing_000078.png,cha_nom_khai_muk,kw00,1,ชานมไข่มุก แก้ว,th,bing,web_scrape,,800,800,1.0,RGBA,False,False,
cha_nom_khai_muk_kw00_bing_000079.webp,cha_nom_khai_muk/cha_nom_khai_muk_kw00_bing_000079.webp,cha_nom_khai_muk,kw00,1,ชานมไข่มุก แก้ว,th,bing,web_scrape,,1080,608,1.7763,RGB,False,True,
cha_nom_khai_muk_kw00_bing_000080.jpg,cha_nom_khai_muk/cha_nom_khai_muk_kw00_bing_000080.jpg,cha_nom_khai_muk,kw00,1,ชานมไข่มุก แก้ว,th,bing,web_scrape,,700,933,0.7503,RGB,False,False,
cha_nom_khai_muk_kw00_bing_000081.jpg,cha_nom_khai_muk/cha_nom_khai_muk_kw00_bing_000081.jpg,cha_nom_khai_muk,kw00,1,ชานมไข่มุก แก้ว,th,bing,web_scrape,,1600,900,1.7778,RGB,False,False,
cha_nom_khai_muk_kw00_bing_000082.png,cha_nom_khai_muk/cha_nom_khai_muk_kw00_bing_000082.png,cha_nom_khai_muk,kw00,1,ชานมไข่มุก แก้ว,th,bing,web_scrape,,1200,1200,1.0,P,False,False,
cha_nom_khai_muk_kw00_bing_000083.jpg,cha_nom_khai_muk/cha_nom_khai_muk_kw00_bing_000083.jpg,cha_nom_khai_muk,kw00,1,ชานมไข่มุก แก้ว,th,bing,web_scrape,,1280,1280,1.0,RGB,False,False,
cha_nom_khai_muk_kw00_bing_000084.png,cha_nom_khai_muk/cha_nom_khai_muk_kw00_bing_000084.png,cha_nom_khai_muk,kw00,1,ชานมไข่มุก แก้ว,th,bing,web_scrape,,1040,1040,1.0,RGB,False,False,
cha_nom_khai_muk_kw00_bing_000085.png,cha_nom_khai_muk/cha_nom_khai_muk_kw00_bing_000085.png,cha_nom_khai_muk,kw00,1,ชานมไข่มุก แก้ว,th,bing,web_scrape,,700,700,1.0,RGBA,False,False,
cha_nom_khai_muk_kw00_bing_000086.jpg,cha_nom_khai_muk/cha_nom_khai_muk_kw00_bing_000086.jpg,cha_nom_khai_muk,kw00,1,ชานมไข่มุก แก้ว,th,bing,web_scrape,,1200,1500,0.8,RGB,False,False,
cha_nom_khai_muk_kw00_bing_000087.jpg,cha_nom_khai_muk/cha_nom_khai_muk_kw00_bing_000087.jpg,cha_nom_khai_muk,kw00,1,ชานมไข่มุก แก้ว,th,bing,web_scrape,,530,800,0.6625,RGB,False,True,
cha_nom_khai_muk_kw00_bing_000091.jpg,cha_nom_khai_muk/cha_nom_khai_muk_kw00_bing_000091.jpg,cha_nom_khai_muk,kw00,1,ชานมไข่มุก แก้ว,th,bing,web_scrape,,660,660,1.0,RGB,False,False,
cha_nom_khai_muk_kw00_bing_000092.jpg,cha_nom_khai_muk/cha_nom_khai_muk_kw00_bing_000092.jpg,cha_nom_khai_muk,kw00,1,ชานมไข่มุก แก้ว,th,bing,web_scrape,,1920,1440,1.3333,RGB,False,False,
cha_nom_khai_muk_kw00_bing_000094.webp,cha_nom_khai_muk/cha_nom_khai_muk_kw00_bing_000094.webp,cha_nom_khai_muk,kw00,1,ชานมไข่มุก แก้ว,th,bing,web_scrape,,1440,1084,1.3284,RGB,False,False,
cha_nom_khai_muk_kw00_bing_000097.jpg,cha_nom_khai_muk/cha_nom_khai_muk_kw00_bing_000097.jpg,cha_nom_khai_muk,kw00,1,ชานมไข่มุก แก้ว,th,bing,web_scrape,,1280,1280,1.0,RGB,False,False,
cha_nom_khai_muk_kw00_bing_000098.jpg,cha_nom_khai_muk/cha_nom_khai_muk_kw00_bing_000098.jpg,cha_nom_khai_muk,kw00,1,ชานมไข่มุก แก้ว,th,bing,web_scrape,,1280,720,1.7778,RGB,False,False,
cha_nom_khai_muk_kw00_bing_000099.jpg,cha_nom_khai_muk/cha_nom_khai_muk_kw00_bing_000099.jpg,cha_nom_khai_muk,kw00,1,ชานมไข่มุก แก้ว,th,bing,web_scrape,,1280,720,1.7778,RGB,False,False,
cha_nom_khai_muk_kw00_bing_000106.jpg,cha_nom_khai_muk/cha_nom_khai_muk_kw00_bing_000106.jpg,cha_nom_khai_muk,kw00,1,ชานมไข่มุก แก้ว,th,bing,web_scrape,,1200,675,1.7778,RGB,False,False,
cha_nom_khai_muk_kw00_bing_000123.jpg,cha_nom_khai_muk/cha_nom_khai_muk_kw00_bing_000123.jpg,cha_nom_khai_muk,kw00,1,ชานมไข่มุก แก้ว,th,bing,web_scrape,,400,533,0.7505,RGB,False,False,
cha_nom_khai_muk_kw01_bing_000000.jpg,cha_nom_khai_muk/cha_nom_khai_muk_kw01_bing_000000.jpg,cha_nom_khai_muk,kw01,1,ชาไข่มุก บราวน์ชูการ์,th,bing,web_scrape,,1560,2080,0.75,RGB,False,False,
cha_nom_khai_muk_kw01_bing_000001.jpg,cha_nom_khai_muk/cha_nom_khai_muk_kw01_bing_000001.jpg,cha_nom_khai_muk,kw01,1,ชาไข่มุก บราวน์ชูการ์,th,bing,web_scrape,,1024,1024,1.0,RGB,False,False,
cha_nom_khai_muk_kw01_bing_000002.jpg,cha_nom_khai_muk/cha_nom_khai_muk_kw01_bing_000002.jpg,cha_nom_khai_muk,kw01,1,ชาไข่มุก บราวน์ชูการ์,th,bing,web_scrape,,720,720,1.0,RGB,False,False,
cha_nom_khai_muk_kw01_bing_000003.jpg,cha_nom_khai_muk/cha_nom_khai_muk_kw01_bing_000003.jpg,cha_nom_khai_muk,kw01,1,ชาไข่มุก บราวน์ชูการ์,th,bing,web_scrape,,1024,1024,1.0,RGB,False,False,
cha_nom_khai_muk_kw01_bing_000004.jpg,cha_nom_khai_muk/cha_nom_khai_muk_kw01_bing_000004.jpg,cha_nom_khai_muk,kw01,1,ชาไข่มุก บราวน์ชูการ์,th,bing,web_scrape,,800,800,1.0,RGB,False,False,
cha_nom_khai_muk_kw01_bing_000005.jpg,cha_nom_khai_muk/cha_nom_khai_muk_kw01_bing_000005.jpg,cha_nom_khai_muk,kw01,1,ชาไข่มุก บราวน์ชูการ์,th,bing,web_scrape,,400,533,0.7505,RGB,False,False,
cha_nom_khai_muk_kw01_bing_000006.webp,cha_nom_khai_muk/cha_nom_khai_muk_kw01_bing_000006.webp,cha_nom_khai_muk,kw01,1,ชาไข่มุก บราวน์ชูการ์,th,bing,web_scrape,,1660,2214,0.7498,RGB,False,False,
cha_nom_khai_muk_kw01_bing_000007.jpg,cha_nom_khai_muk/cha_nom_khai_muk_kw01_bing_000007.jpg,cha_nom_khai_muk,kw01,1,ชาไข่มุก บราวน์ชูการ์,th,bing,web_scrape,,1280,720,1.7778,RGB,False,False,
cha_nom_khai_muk_kw01_bing_000009.jpg,cha_nom_khai_muk/cha_nom_khai_muk_kw01_bing_000009.jpg,cha_nom_khai_muk,kw01,1,ชาไข่มุก บราวน์ชูการ์,th,bing,web_scrape,,1200,800,1.5,RGB,False,False,
cha_nom_khai_muk_kw01_bing_000010.jpg,cha_nom_khai_muk/cha_nom_khai_muk_kw01_bing_000010.jpg,cha_nom_khai_muk,kw01,1,ชาไข่มุก บราวน์ชูการ์,th,bing,web_scrape,,800,800,1.0,RGB,False,False,
cha_nom_khai_muk_kw01_bing_000011.jpg,cha_nom_khai_muk/cha_nom_khai_muk_kw01_bing_000011.jpg,cha_nom_khai_muk,kw01,1,ชาไข่มุก บราวน์ชูการ์,th,bing,web_scrape,,1200,628,1.9108,RGB,False,False,
cha_nom_khai_muk_kw01_bing_000012.jpg,cha_nom_khai_muk/cha_nom_khai_muk_kw01_bing_000012.jpg,cha_nom_khai_muk,kw01,1,ชาไข่มุก บราวน์ชูการ์,th,bing,web_scrape,,1024,1024,1.0,RGB,False,False,
cha_nom_khai_muk_kw01_bing_000013.jpg,cha_nom_khai_muk/cha_nom_khai_muk_kw01_bing_000013.jpg,cha_nom_khai_muk,kw01,1,ชาไข่มุก บราวน์ชูการ์,th,bing,web_scrape,,1440,1920,0.75,RGB,False,False,
cha_nom_khai_muk_kw01_bing_000014.jpg,cha_nom_khai_muk/cha_nom_khai_muk_kw01_bing_000014.jpg,cha_nom_khai_muk,kw01,1,ชาไข่มุก บราวน์ชูการ์,th,bing,web_scrape,,2167,2168,0.9995,RGB,False,False,
cha_nom_khai_muk_kw01_bing_000016.jpg,cha_nom_khai_muk/cha_nom_khai_muk_kw01_bing_000016.jpg,cha_nom_khai_muk,kw01,1,ชาไข่มุก บราวน์ชูการ์,th,bing,web_scrape,,540,720,0.75,RGB,False,False,
cha_nom_khai_muk_kw01_bing_000017.jpg,cha_nom_khai_muk/cha_nom_khai_muk_kw01_bing_000017.jpg,cha_nom_khai_muk,kw01,1,ชาไข่มุก บราวน์ชูการ์,th,bing,web_scrape,,1000,731,1.368,RGB,False,False,
cha_nom_khai_muk_kw01_bing_000018.jpg,cha_nom_khai_muk/cha_nom_khai_muk_kw01_bing_000018.jpg,cha_nom_khai_muk,kw01,1,ชาไข่มุก บราวน์ชูการ์,th,bing,web_scrape,,1024,1024,1.0,RGB,False,False,
cha_nom_khai_muk_kw01_bing_000023.webp,cha_nom_khai_muk/cha_nom_khai_muk_kw01_bing_000023.webp,cha_nom_khai_muk,kw01,1,ชาไข่มุก บราวน์ชูการ์,th,bing,web_scrape,,1920,1920,1.0,RGB,False,False,
cha_nom_khai_muk_kw01_bing_000024.jpg,cha_nom_khai_muk/cha_nom_khai_muk_kw01_bing_000024.jpg,cha_nom_khai_muk,kw01,1,ชาไข่มุก บราวน์ชูการ์,th,bing,web_scrape,,960,960,1.0,RGB,False,False,
cha_nom_khai_muk_kw01_bing_000025.jpg,cha_nom_khai_muk/cha_nom_khai_muk_kw01_bing_000025.jpg,cha_nom_khai_muk,kw01,1,ชาไข่มุก บราวน์ชูการ์,th,bing,web_scrape,,550,740,0.7432,RGB,False,False,
cha_nom_khai_muk_kw01_bing_000026.jpg,cha_nom_khai_muk/cha_nom_khai_muk_kw01_bing_000026.jpg,cha_nom_khai_muk,kw01,1,ชาไข่มุก บราวน์ชูการ์,th,bing,web_scrape,,887,1182,0.7504,RGB,False,False,
cha_nom_khai_muk_kw01_bing_000027.jpg,cha_nom_khai_muk/cha_nom_khai_muk_kw01_bing_000027.jpg,cha_nom_khai_muk,kw01,1,ชาไข่มุก บราวน์ชูการ์,th,bing,web_scrape,,1440,1920,0.75,RGB,False,False,
cha_nom_khai_muk_kw01_bing_000028.webp,cha_nom_khai_muk/cha_nom_khai_muk_kw01_bing_000028.webp,cha_nom_khai_muk,kw01,1,ชาไข่มุก บราวน์ชูการ์,th,bing,web_scrape,,1109,1478,0.7503,RGB,False,False,
cha_nom_khai_muk_kw01_bing_000031.jpg,cha_nom_khai_muk/cha_nom_khai_muk_kw01_bing_000031.jpg,cha_nom_khai_muk,kw01,1,ชาไข่มุก บราวน์ชูการ์,th,bing,web_scrape,,1024,1024,1.0,RGB,False,False,
cha_nom_khai_muk_kw01_bing_000032.jpg,cha_nom_khai_muk/cha_nom_khai_muk_kw01_bing_000032.jpg,cha_nom_khai_muk,kw01,1,ชาไข่มุก บราวน์ชูการ์,th,bing,web_scrape,,1478,1110,1.3315,RGB,False,False,
cha_nom_khai_muk_kw01_bing_000033.jpg,cha_nom_khai_muk/cha_nom_khai_muk_kw01_bing_000033.jpg,cha_nom_khai_muk,kw01,1,ชาไข่มุก บราวน์ชูการ์,th,bing,web_scrape,,1000,1000,1.0,RGB,False,False,
cha_nom_khai_muk_kw01_bing_000034.png,cha_nom_khai_muk/cha_nom_khai_muk_kw01_bing_000034.png,cha_nom_khai_muk,kw01,1,ชาไข่มุก บราวน์ชูการ์,th,bing,web_scrape,,1024,1024,1.0,RGBA,False,False,
cha_nom_khai_muk_kw01_bing_000035.jpg,cha_nom_khai_muk/cha_nom_khai_muk_kw01_bing_000035.jpg,cha_nom_khai_muk,kw01,1,ชาไข่มุก บราวน์ชูการ์,th,bing,web_scrape,,1024,1024,1.0,RGB,False,False,
cha_nom_khai_muk_kw01_bing_000036.jpg,cha_nom_khai_muk/cha_nom_khai_muk_kw01_bing_000036.jpg,cha_nom_khai_muk,kw01,1,ชาไข่มุก บราวน์ชูการ์,th,bing,web_scrape,,960,720,1.3333,RGB,False,False,
cha_nom_khai_muk_kw01_bing_000038.jpg,cha_nom_khai_muk/cha_nom_khai_muk_kw01_bing_000038.jpg,cha_nom_khai_muk,kw01,1,ชาไข่มุก บราวน์ชูการ์,th,bing,web_scrape,,1667,1667,1.0,RGB,False,False,
cha_nom_khai_muk_kw01_bing_000039.jpg,cha_nom_khai_muk/cha_nom_khai_muk_kw01_bing_000039.jpg,cha_nom_khai_muk,kw01,1,ชาไข่มุก บราวน์ชูการ์,th,bing,web_scrape,,1024,1024,1.0,RGB,False,False,
cha_nom_khai_muk_kw01_bing_000042.jpg,cha_nom_khai_muk/cha_nom_khai_muk_kw01_bing_000042.jpg,cha_nom_khai_muk,kw01,1,ชาไข่มุก บราวน์ชูการ์,th,bing,web_scrape,,1267,1900,0.6668,RGB,False,False,
cha_nom_khai_muk_kw01_bing_000044.jpg,cha_nom_khai_muk/cha_nom_khai_muk_kw01_bing_000044.jpg,cha_nom_khai_muk,kw01,1,ชาไข่มุก บราวน์ชูการ์,th,bing,web_scrape,,1920,1080,1.7778,RGB,False,False,
cha_nom_khai_muk_kw01_bing_000045.jpg,cha_nom_khai_muk/cha_nom_khai_muk_kw01_bing_000045.jpg,cha_nom_khai_muk,kw01,1,ชาไข่มุก บราวน์ชูการ์,th,bing,web_scrape,,960,960,1.0,RGB,False,False,
cha_nom_khai_muk_kw01_bing_000046.jpg,cha_nom_khai_muk/cha_nom_khai_muk_kw01_bing_000046.jpg,cha_nom_khai_muk,kw01,1,ชาไข่มุก บราวน์ชูการ์,th,bing,web_scrape,,400,400,1.0,RGB,False,False,
cha_nom_khai_muk_kw01_bing_000047.jpg,cha_nom_khai_muk/cha_nom_khai_muk_kw01_bing_000047.jpg,cha_nom_khai_muk,kw01,1,ชาไข่มุก บราวน์ชูการ์,th,bing,web_scrape,,720,1280,0.5625,RGB,False,False,
cha_nom_khai_muk_kw01_bing_000050.jpg,cha_nom_khai_muk/cha_nom_khai_muk_kw01_bing_000050.jpg,cha_nom_khai_muk,kw01,1,ชาไข่มุก บราวน์ชูการ์,th,bing,web_scrape,,1109,1479,0.7498,RGB,False,False,
cha_nom_khai_muk_kw01_bing_000051.jpg,cha_nom_khai_muk/cha_nom_khai_muk_kw01_bing_000051.jpg,cha_nom_khai_muk,kw01,1,ชาไข่มุก บราวน์ชูการ์,th,bing,web_scrape,,600,414,1.4493,RGB,False,False,
cha_nom_khai_muk_kw01_bing_000052.jpg,cha_nom_khai_muk/cha_nom_khai_muk_kw01_bing_000052.jpg,cha_nom_khai_muk,kw01,1,ชาไข่มุก บราวน์ชูการ์,th,bing,web_scrape,,800,800,1.0,RGB,False,False,
cha_nom_khai_muk_kw01_bing_000053.jpg,cha_nom_khai_muk/cha_nom_khai_muk_kw01_bing_000053.jpg,cha_nom_khai_muk,kw01,1,ชาไข่มุก บราวน์ชูการ์,th,bing,web_scrape,,567,821,0.6906,RGB,False,False,
cha_nom_khai_muk_kw01_bing_000055.jpg,cha_nom_khai_muk/cha_nom_khai_muk_kw01_bing_000055.jpg,cha_nom_khai_muk,kw01,1,ชาไข่มุก บราวน์ชูการ์,th,bing,web_scrape,,960,720,1.3333,RGB,False,False,
cha_nom_khai_muk_kw01_bing_000056.jpg,cha_nom_khai_muk/cha_nom_khai_muk_kw01_bing_000056.jpg,cha_nom_khai_muk,kw01,1,ชาไข่มุก บราวน์ชูการ์,th,bing,web_scrape,,1280,720,1.7778,RGB,False,False,
cha_nom_khai_muk_kw01_bing_000058.png,cha_nom_khai_muk/cha_nom_khai_muk_kw01_bing_000058.png,cha_nom_khai_muk,kw01,1,ชาไข่มุก บราวน์ชูการ์,th,bing,web_scrape,,400,400,1.0,RGB,False,False,
cha_nom_khai_muk_kw01_bing_000059.jpg,cha_nom_khai_muk/cha_nom_khai_muk_kw01_bing_000059.jpg,cha_nom_khai_muk,kw01,1,ชาไข่มุก บราวน์ชูการ์,th,bing,web_scrape,,1920,1440,1.3333,RGB,False,False,
cha_nom_khai_muk_kw01_bing_000060.jpg,cha_nom_khai_muk/cha_nom_khai_muk_kw01_bing_000060.jpg,cha_nom_khai_muk,kw01,1,ชาไข่มุก บราวน์ชูการ์,th,bing,web_scrape,,900,600,1.5,RGB,False,False,
cha_nom_khai_muk_kw01_bing_000061.jpg,cha_nom_khai_muk/cha_nom_khai_muk_kw01_bing_000061.jpg,cha_nom_khai_muk,kw01,1,ชาไข่มุก บราวน์ชูการ์,th,bing,web_scrape,,1920,1080,1.7778,RGB,False,False,
cha_nom_khai_muk_kw01_bing_000062.png,cha_nom_khai_muk/cha_nom_khai_muk_kw01_bing_000062.png,cha_nom_khai_muk,kw01,1,ชาไข่มุก บราวน์ชูการ์,th,bing,web_scrape,,1200,800,1.5,RGBA,False,False,
cha_nom_khai_muk_kw01_bing_000064.jpg,cha_nom_khai_muk/cha_nom_khai_muk_kw01_bing_000064.jpg,cha_nom_khai_muk,kw01,1,ชาไข่มุก บราวน์ชูการ์,th,bing,web_scrape,,1224,1632,0.75,RGB,False,False,
cha_nom_khai_muk_kw01_bing_000065.jpg,cha_nom_khai_muk/cha_nom_khai_muk_kw01_bing_000065.jpg,cha_nom_khai_muk,kw01,1,ชาไข่มุก บราวน์ชูการ์,th,bing,web_scrape,,560,571,0.9807,RGB,False,False,
cha_nom_khai_muk_kw01_bing_000066.jpg,cha_nom_khai_muk/cha_nom_khai_muk_kw01_bing_000066.jpg,cha_nom_khai_muk,kw01,1,ชาไข่มุก บราวน์ชูการ์,th,bing,web_scrape,,1200,1200,1.0,RGB,False,False,
cha_nom_khai_muk_kw01_bing_000067.jpg,cha_nom_khai_muk/cha_nom_khai_muk_kw01_bing_000067.jpg,cha_nom_khai_muk,kw01,1,ชาไข่มุก บราวน์ชูการ์,th,bing,web_scrape,,1201,1201,1.0,RGB,False,False,
cha_nom_khai_muk_kw01_bing_000068.jpg,cha_nom_khai_muk/cha_nom_khai_muk_kw01_bing_000068.jpg,cha_nom_khai_muk,kw01,1,ชาไข่มุก บราวน์ชูการ์,th,bing,web_scrape,,1200,1361,0.8817,RGB,False,False,
cha_nom_khai_muk_kw01_bing_000069.jpg,cha_nom_khai_muk/cha_nom_khai_muk_kw01_bing_000069.jpg,cha_nom_khai_muk,kw01,1,ชาไข่มุก บราวน์ชูการ์,th,bing,web_scrape,,1152,576,2.0,RGB,False,False,
cha_nom_khai_muk_kw01_bing_000070.jpg,cha_nom_khai_muk/cha_nom_khai_muk_kw01_bing_000070.jpg,cha_nom_khai_muk,kw01,1,ชาไข่มุก บราวน์ชูการ์,th,bing,web_scrape,,1478,1108,1.3339,RGB,False,False,
cha_nom_khai_muk_kw01_bing_000071.jpg,cha_nom_khai_muk/cha_nom_khai_muk_kw01_bing_000071.jpg,cha_nom_khai_muk,kw01,1,ชาไข่มุก บราวน์ชูการ์,th,bing,web_scrape,,1920,1080,1.7778,RGB,False,False,
cha_nom_khai_muk_kw01_bing_000073.png,cha_nom_khai_muk/cha_nom_khai_muk_kw01_bing_000073.png,cha_nom_khai_muk,kw01,1,ชาไข่มุก บราวน์ชูการ์,th,bing,web_scrape,,1200,800,1.5,RGB,False,False,
cha_nom_khai_muk_kw01_bing_000074.jpg,cha_nom_khai_muk/cha_nom_khai_muk_kw01_bing_000074.jpg,cha_nom_khai_muk,kw01,1,ชาไข่มุก บราวน์ชูการ์,th,bing,web_scrape,,1453,1937,0.7501,RGB,False,False,
cha_nom_khai_muk_kw01_bing_000075.jpg,cha_nom_khai_muk/cha_nom_khai_muk_kw01_bing_000075.jpg,cha_nom_khai_muk,kw01,1,ชาไข่มุก บราวน์ชูการ์,th,bing,web_scrape,,1920,1079,1.7794,RGB,False,False,
cha_nom_khai_muk_kw01_bing_000076.jpg,cha_nom_khai_muk/cha_nom_khai_muk_kw01_bing_000076.jpg,cha_nom_khai_muk,kw01,1,ชาไข่มุก บราวน์ชูการ์,th,bing,web_scrape,,1152,576,2.0,RGB,False,False,
cha_nom_khai_muk_kw01_bing_000077.jpg,cha_nom_khai_muk/cha_nom_khai_muk_kw01_bing_000077.jpg,cha_nom_khai_muk,kw01,1,ชาไข่มุก บราวน์ชูการ์,th,bing,web_scrape,,1918,1080,1.7759,RGB,False,False,
cha_nom_khai_muk_kw01_bing_000078.jpg,cha_nom_khai_muk/cha_nom_khai_muk_kw01_bing_000078.jpg,cha_nom_khai_muk,kw01,1,ชาไข่มุก บราวน์ชูการ์,th,bing,web_scrape,,1920,1080,1.7778,RGB,False,False,
cha_nom_khai_muk_kw01_bing_000080.jpg,cha_nom_khai_muk/cha_nom_khai_muk_kw01_bing_000080.jpg,cha_nom_khai_muk,kw01,1,ชาไข่มุก บราวน์ชูการ์,th,bing,web_scrape,,1024,769,1.3316,RGB,False,False,
cha_nom_khai_muk_kw01_bing_000081.png,cha_nom_khai_muk/cha_nom_khai_muk_kw01_bing_000081.png,cha_nom_khai_muk,kw01,1,ชาไข่มุก บราวน์ชูการ์,th,bing,web_scrape,,1200,800,1.5,RGBA,False,False,
cha_nom_khai_muk_kw01_bing_000082.jpg,cha_nom_khai_muk/cha_nom_khai_muk_kw01_bing_000082.jpg,cha_nom_khai_muk,kw01,1,ชาไข่มุก บราวน์ชูการ์,th,bing,web_scrape,,1200,630,1.9048,RGB,False,False,
cha_nom_khai_muk_kw01_bing_000083.jpg,cha_nom_khai_muk/cha_nom_khai_muk_kw01_bing_000083.jpg,cha_nom_khai_muk,kw01,1,ชาไข่มุก บราวน์ชูการ์,th,bing,web_scrape,,1389,1900,0.7311,RGB,False,False,
cha_nom_khai_muk_kw01_bing_000084.jpg,cha_nom_khai_muk/cha_nom_khai_muk_kw01_bing_000084.jpg,cha_nom_khai_muk,kw01,1,ชาไข่มุก บราวน์ชูการ์,th,bing,web_scrape,,1200,630,1.9048,RGB,False,False,
cha_nom_khai_muk_kw01_bing_000085.jpg,cha_nom_khai_muk/cha_nom_khai_muk_kw01_bing_000085.jpg,cha_nom_khai_muk,kw01,1,ชาไข่มุก บราวน์ชูการ์,th,bing,web_scrape,,1000,1000,1.0,RGB,False,False,
cha_nom_khai_muk_kw01_bing_000086.jpg,cha_nom_khai_muk/cha_nom_khai_muk_kw01_bing_000086.jpg,cha_nom_khai_muk,kw01,1,ชาไข่มุก บราวน์ชูการ์,th,bing,web_scrape,,1200,800,1.5,RGB,False,False,
cha_nom_khai_muk_kw01_bing_000090.webp,cha_nom_khai_muk/cha_nom_khai_muk_kw01_bing_000090.webp,cha_nom_khai_muk,kw01,1,ชาไข่มุก บราวน์ชูการ์,th,bing,web_scrape,,600,600,1.0,RGB,False,False,
cha_nom_khai_muk_kw01_bing_000092.jpg,cha_nom_khai_muk/cha_nom_khai_muk_kw01_bing_000092.jpg,cha_nom_khai_muk,kw01,1,ชาไข่มุก บราวน์ชูการ์,th,bing,web_scrape,,1200,1200,1.0,RGB,False,False,
cha_nom_khai_muk_kw01_bing_000094.jpg,cha_nom_khai_muk/cha_nom_khai_muk_kw01_bing_000094.jpg,cha_nom_khai_muk,kw01,1,ชาไข่มุก บราวน์ชูการ์,th,bing,web_scrape,,700,500,1.4,RGB,False,False,
cha_nom_khai_muk_kw01_bing_000095.webp,cha_nom_khai_muk/cha_nom_khai_muk_kw01_bing_000095.webp,cha_nom_khai_muk,kw01,1,ชาไข่มุก บราวน์ชูการ์,th,bing,web_scrape,,1552,2069,0.7501,RGB,False,False,
cha_nom_khai_muk_kw01_bing_000097.png,cha_nom_khai_muk/cha_nom_khai_muk_kw01_bing_000097.png,cha_nom_khai_muk,kw01,1,ชาไข่มุก บราวน์ชูการ์,th,bing,web_scrape,,800,732,1.0929,RGBA,False,False,
cha_nom_khai_muk_kw01_bing_000100.jpg,cha_nom_khai_muk/cha_nom_khai_muk_kw01_bing_000100.jpg,cha_nom_khai_muk,kw01,1,ชาไข่มุก บราวน์ชูการ์,th,bing,web_scrape,,512,512,1.0,RGB,False,False,
cha_nom_khai_muk_kw01_bing_000102.jpg,cha_nom_khai_muk/cha_nom_khai_muk_kw01_bing_000102.jpg,cha_nom_khai_muk,kw01,1,ชาไข่มุก บราวน์ชูการ์,th,bing,web_scrape,,1365,897,1.5217,RGB,False,False,
cha_nom_khai_muk_kw01_bing_000104.jpg,cha_nom_khai_muk/cha_nom_khai_muk_kw01_bing_000104.jpg,cha_nom_khai_muk,kw01,1,ชาไข่มุก บราวน์ชูการ์,th,bing,web_scrape,,512,512,1.0,RGB,False,False,
cha_nom_khai_muk_kw01_bing_000105.jpg,cha_nom_khai_muk/cha_nom_khai_muk_kw01_bing_000105.jpg,cha_nom_khai_muk,kw01,1,ชาไข่มุก บราวน์ชูการ์,th,bing,web_scrape,,512,512,1.0,RGB,False,False,
cha_nom_khai_muk_kw01_bing_000107.jpg,cha_nom_khai_muk/cha_nom_khai_muk_kw01_bing_000107.jpg,cha_nom_khai_muk,kw01,1,ชาไข่มุก บราวน์ชูการ์,th,bing,web_scrape,,1477,1108,1.333,RGB,False,False,
cha_nom_khai_muk_kw01_bing_000114.jpg,cha_nom_khai_muk/cha_nom_khai_muk_kw01_bing_000114.jpg,cha_nom_khai_muk,kw01,1,ชาไข่มุก บราวน์ชูการ์,th,bing,web_scrape,,720,720,1.0,RGB,False,False,
cha_nom_khai_muk_kw01_bing_000115.jpg,cha_nom_khai_muk/cha_nom_khai_muk_kw01_bing_000115.jpg,cha_nom_khai_muk,kw01,1,ชาไข่มุก บราวน์ชูการ์,th,bing,web_scrape,,800,800,1.0,RGB,False,False,
cha_nom_khai_muk_kw01_bing_000117.jpg,cha_nom_khai_muk/cha_nom_khai_muk_kw01_bing_000117.jpg,cha_nom_khai_muk,kw01,1,ชาไข่มุก บราวน์ชูการ์,th,bing,web_scrape,,910,1280,0.7109,RGB,False,False,
cha_nom_khai_muk_kw01_bing_000118.jpg,cha_nom_khai_muk/cha_nom_khai_muk_kw01_bing_000118.jpg,cha_nom_khai_muk,kw01,1,ชาไข่มุก บราวน์ชูการ์,th,bing,web_scrape,,1200,1862,0.6445,RGB,False,False,
cha_nom_khai_muk_kw01_bing_000120.jpg,cha_nom_khai_muk/cha_nom_khai_muk_kw01_bing_000120.jpg,cha_nom_khai_muk,kw01,1,ชาไข่มุก บราวน์ชูการ์,th,bing,web_scrape,,1000,662,1.5106,RGB,False,False,
cha_nom_khai_muk_kw01_bing_000121.png,cha_nom_khai_muk/cha_nom_khai_muk_kw01_bing_000121.png,cha_nom_khai_muk,kw01,1,ชาไข่มุก บราวน์ชูการ์,th,bing,web_scrape,,1640,924,1.7749,RGBA,False,False,
cha_nom_khai_muk_kw01_bing_000122.jpg,cha_nom_khai_muk/cha_nom_khai_muk_kw01_bing_000122.jpg,cha_nom_khai_muk,kw01,1,ชาไข่มุก บราวน์ชูการ์,th,bing,web_scrape,,1024,1024,1.0,RGB,False,False,
cha_nom_khai_muk_kw01_bing_000123.jpg,cha_nom_khai_muk/cha_nom_khai_muk_kw01_bing_000123.jpg,cha_nom_khai_muk,kw01,1,ชาไข่มุก บราวน์ชูการ์,th,bing,web_scrape,,843,843,1.0,RGB,False,False,
cha_nom_khai_muk_kw01_bing_000124.webp,cha_nom_khai_muk/cha_nom_khai_muk_kw01_bing_000124.webp,cha_nom_khai_muk,kw01,1,ชาไข่มุก บราวน์ชูการ์,th,bing,web_scrape,,806,1024,0.7871,RGB,False,False,
cha_nom_khai_muk_kw02_bing_000000.jpg,cha_nom_khai_muk/cha_nom_khai_muk_kw02_bing_000000.jpg,cha_nom_khai_muk,kw02,1,ชานมไข่มุกร้านดัง,th,bing,web_scrape,,2732,1536,1.7786,RGB,False,False,
cha_nom_khai_muk_kw02_bing_000002.webp,cha_nom_khai_muk/cha_nom_khai_muk_kw02_bing_000002.webp,cha_nom_khai_muk,kw02,1,ชานมไข่มุกร้านดัง,th,bing,web_scrape,,1663,2217,0.7501,RGB,False,False,
cha_nom_khai_muk_kw02_bing_000005.webp,cha_nom_khai_muk/cha_nom_khai_muk_kw02_bing_000005.webp,cha_nom_khai_muk,kw02,1,ชานมไข่มุกร้านดัง,th,bing,web_scrape,,1572,2096,0.75,RGB,False,False,
cha_nom_khai_muk_kw02_bing_000007.jpg,cha_nom_khai_muk/cha_nom_khai_muk_kw02_bing_000007.jpg,cha_nom_khai_muk,kw02,1,ชานมไข่มุกร้านดัง,th,bing,web_scrape,,5000,3333,1.5002,RGB,False,False,
cha_nom_khai_muk_kw02_bing_000009.jpg,cha_nom_khai_muk/cha_nom_khai_muk_kw02_bing_000009.jpg,cha_nom_khai_muk,kw02,1,ชานมไข่มุกร้านดัง,th,bing,web_scrape,,1200,675,1.7778,RGB,False,False,
cha_nom_khai_muk_kw02_bing_000010.jpg,cha_nom_khai_muk/cha_nom_khai_muk_kw02_bing_000010.jpg,cha_nom_khai_muk,kw02,1,ชานมไข่มุกร้านดัง,th,bing,web_scrape,,848,477,1.7778,RGB,False,False,
cha_nom_khai_muk_kw02_bing_000012.webp,cha_nom_khai_muk/cha_nom_khai_muk_kw02_bing_000012.webp,cha_nom_khai_muk,kw02,1,ชานมไข่มุกร้านดัง,th,bing,web_scrape,,1712,1712,1.0,RGB,False,False,
cha_nom_khai_muk_kw02_bing_000013.jpg,cha_nom_khai_muk/cha_nom_khai_muk_kw02_bing_000013.jpg,cha_nom_khai_muk,kw02,1,ชานมไข่มุกร้านดัง,th,bing,web_scrape,,1600,900,1.7778,RGB,False,False,
cha_nom_khai_muk_kw02_bing_000014.jpg,cha_nom_khai_muk/cha_nom_khai_muk_kw02_bing_000014.jpg,cha_nom_khai_muk,kw02,1,ชานมไข่มุกร้านดัง,th,bing,web_scrape,,1425,1900,0.75,RGB,False,False,
cha_nom_khai_muk_kw02_bing_000015.webp,cha_nom_khai_muk/cha_nom_khai_muk_kw02_bing_000015.webp,cha_nom_khai_muk,kw02,1,ชานมไข่มุกร้านดัง,th,bing,web_scrape,,1712,1712,1.0,RGB,False,False,
cha_nom_khai_muk_kw02_bing_000016.jpg,cha_nom_khai_muk/cha_nom_khai_muk_kw02_bing_000016.jpg,cha_nom_khai_muk,kw02,1,ชานมไข่มุกร้านดัง,th,bing,web_scrape,,1500,1000,1.5,RGB,False,False,
cha_nom_khai_muk_kw02_bing_000017.webp,cha_nom_khai_muk/cha_nom_khai_muk_kw02_bing_000017.webp,cha_nom_khai_muk,kw02,1,ชานมไข่มุกร้านดัง,th,bing,web_scrape,,1712,1712,1.0,RGB,False,False,
cha_nom_khai_muk_kw02_bing_000018.jpg,cha_nom_khai_muk/cha_nom_khai_muk_kw02_bing_000018.jpg,cha_nom_khai_muk,kw02,1,ชานมไข่มุกร้านดัง,th,bing,web_scrape,,941,1296,0.7261,RGB,False,False,
cha_nom_khai_muk_kw02_bing_000020.webp,cha_nom_khai_muk/cha_nom_khai_muk_kw02_bing_000020.webp,cha_nom_khai_muk,kw02,1,ชานมไข่มุกร้านดัง,th,bing,web_scrape,,1712,1712,1.0,RGB,False,False,
cha_nom_khai_muk_kw02_bing_000021.webp,cha_nom_khai_muk/cha_nom_khai_muk_kw02_bing_000021.webp,cha_nom_khai_muk,kw02,1,ชานมไข่มุกร้านดัง,th,bing,web_scrape,,1712,1712,1.0,RGB,False,False,
cha_nom_khai_muk_kw02_bing_000022.webp,cha_nom_khai_muk/cha_nom_khai_muk_kw02_bing_000022.webp,cha_nom_khai_muk,kw02,1,ชานมไข่มุกร้านดัง,th,bing,web_scrape,,1712,1712,1.0,RGB,False,False,
cha_nom_khai_muk_kw02_bing_000025.jpg,cha_nom_khai_muk/cha_nom_khai_muk_kw02_bing_000025.jpg,cha_nom_khai_muk,kw02,1,ชานมไข่มุกร้านดัง,th,bing,web_scrape,,640,854,0.7494,RGB,False,False,
cha_nom_khai_muk_kw02_bing_000026.jpg,cha_nom_khai_muk/cha_nom_khai_muk_kw02_bing_000026.jpg,cha_nom_khai_muk,kw02,1,ชานมไข่มุกร้านดัง,th,bing,web_scrape,,1425,1900,0.75,RGB,False,False,
cha_nom_khai_muk_kw02_bing_000027.webp,cha_nom_khai_muk/cha_nom_khai_muk_kw02_bing_000027.webp,cha_nom_khai_muk,kw02,1,ชานมไข่มุกร้านดัง,th,bing,web_scrape,,1712,1712,1.0,RGB,False,False,
cha_nom_khai_muk_kw02_bing_000028.webp,cha_nom_khai_muk/cha_nom_khai_muk_kw02_bing_000028.webp,cha_nom_khai_muk,kw02,1,ชานมไข่มุกร้านดัง,th,bing,web_scrape,,1712,1712,1.0,RGB,False,False,
cha_nom_khai_muk_kw02_bing_000029.jpg,cha_nom_khai_muk/cha_nom_khai_muk_kw02_bing_000029.jpg,cha_nom_khai_muk,kw02,1,ชานมไข่มุกร้านดัง,th,bing,web_scrape,,3764,5647,0.6665,RGB,False,False,
cha_nom_khai_muk_kw02_bing_000031.jpg,cha_nom_khai_muk/cha_nom_khai_muk_kw02_bing_000031.jpg,cha_nom_khai_muk,kw02,1,ชานมไข่มุกร้านดัง,th,bing,web_scrape,,1920,1077,1.7827,RGB,False,False,
cha_nom_khai_muk_kw02_bing_000032.jpg,cha_nom_khai_muk/cha_nom_khai_muk_kw02_bing_000032.jpg,cha_nom_khai_muk,kw02,1,ชานมไข่มุกร้านดัง,th,bing,web_scrape,,1900,1266,1.5008,RGB,False,False,
cha_nom_khai_muk_kw02_bing_000034.webp,cha_nom_khai_muk/cha_nom_khai_muk_kw02_bing_000034.webp,cha_nom_khai_muk,kw02,1,ชานมไข่มุกร้านดัง,th,bing,web_scrape,,1200,1600,0.75,RGB,False,False,
cha_nom_khai_muk_kw02_bing_000037.jpg,cha_nom_khai_muk/cha_nom_khai_muk_kw02_bing_000037.jpg,cha_nom_khai_muk,kw02,1,ชานมไข่มุกร้านดัง,th,bing,web_scrape,,1920,1080,1.7778,RGB,False,False,
cha_nom_khai_muk_kw02_bing_000039.jpg,cha_nom_khai_muk/cha_nom_khai_muk_kw02_bing_000039.jpg,cha_nom_khai_muk,kw02,1,ชานมไข่มุกร้านดัง,th,bing,web_scrape,,1280,720,1.7778,RGB,False,False,
cha_nom_khai_muk_kw02_bing_000040.jpg,cha_nom_khai_muk/cha_nom_khai_muk_kw02_bing_000040.jpg,cha_nom_khai_muk,kw02,1,ชานมไข่มุกร้านดัง,th,bing,web_scrape,,1920,1076,1.7844,RGB,False,False,
cha_nom_khai_muk_kw02_bing_000041.jpg,cha_nom_khai_muk/cha_nom_khai_muk_kw02_bing_000041.jpg,cha_nom_khai_muk,kw02,1,ชานมไข่มุกร้านดัง,th,bing,web_scrape,,800,1200,0.6667,RGB,False,False,
cha_nom_khai_muk_kw02_bing_000042.jpg,cha_nom_khai_muk/cha_nom_khai_muk_kw02_bing_000042.jpg,cha_nom_khai_muk,kw02,1,ชานมไข่มุกร้านดัง,th,bing,web_scrape,,512,512,1.0,RGB,False,False,
cha_nom_khai_muk_kw02_bing_000044.jpg,cha_nom_khai_muk/cha_nom_khai_muk_kw02_bing_000044.jpg,cha_nom_khai_muk,kw02,1,ชานมไข่มุกร้านดัง,th,bing,web_scrape,,660,880,0.75,RGB,False,False,
cha_nom_khai_muk_kw02_bing_000045.jpg,cha_nom_khai_muk/cha_nom_khai_muk_kw02_bing_000045.jpg,cha_nom_khai_muk,kw02,1,ชานมไข่มุกร้านดัง,th,bing,web_scrape,,1280,720,1.7778,RGB,False,False,
cha_nom_khai_muk_kw02_bing_000049.jpg,cha_nom_khai_muk/cha_nom_khai_muk_kw02_bing_000049.jpg,cha_nom_khai_muk,kw02,1,ชานมไข่มุกร้านดัง,th,bing,web_scrape,,1920,1280,1.5,RGB,False,False,
cha_nom_khai_muk_kw02_bing_000052.jpg,cha_nom_khai_muk/cha_nom_khai_muk_kw02_bing_000052.jpg,cha_nom_khai_muk,kw02,1,ชานมไข่มุกร้านดัง,th,bing,web_scrape,,1200,800,1.5,RGB,False,False,
cha_nom_khai_muk_kw02_bing_000054.jpg,cha_nom_khai_muk/cha_nom_khai_muk_kw02_bing_000054.jpg,cha_nom_khai_muk,kw02,1,ชานมไข่มุกร้านดัง,th,bing,web_scrape,,512,512,1.0,RGB,False,False,
cha_nom_khai_muk_kw02_bing_000057.jpg,cha_nom_khai_muk/cha_nom_khai_muk_kw02_bing_000057.jpg,cha_nom_khai_muk,kw02,1,ชานมไข่มุกร้านดัง,th,bing,web_scrape,,759,759,1.0,RGB,False,False,
cha_nom_khai_muk_kw02_bing_000058.jpg,cha_nom_khai_muk/cha_nom_khai_muk_kw02_bing_000058.jpg,cha_nom_khai_muk,kw02,1,ชานมไข่มุกร้านดัง,th,bing,web_scrape,,1484,1104,1.3442,RGB,False,False,
cha_nom_khai_muk_kw02_bing_000059.jpg,cha_nom_khai_muk/cha_nom_khai_muk_kw02_bing_000059.jpg,cha_nom_khai_muk,kw02,1,ชานมไข่มุกร้านดัง,th,bing,web_scrape,,700,525,1.3333,RGB,False,False,
cha_nom_khai_muk_kw02_bing_000060.jpg,cha_nom_khai_muk/cha_nom_khai_muk_kw02_bing_000060.jpg,cha_nom_khai_muk,kw02,1,ชานมไข่มุกร้านดัง,th,bing,web_scrape,,1920,2400,0.8,RGB,False,False,
cha_nom_khai_muk_kw02_bing_000062.jpg,cha_nom_khai_muk/cha_nom_khai_muk_kw02_bing_000062.jpg,cha_nom_khai_muk,kw02,1,ชานมไข่มุกร้านดัง,th,bing,web_scrape,,1920,1080,1.7778,RGB,False,False,
cha_nom_khai_muk_kw02_bing_000063.png,cha_nom_khai_muk/cha_nom_khai_muk_kw02_bing_000063.png,cha_nom_khai_muk,kw02,1,ชานมไข่มุกร้านดัง,th,bing,web_scrape,,1024,536,1.9104,RGBA,False,False,
cha_nom_khai_muk_kw02_bing_000064.jpg,cha_nom_khai_muk/cha_nom_khai_muk_kw02_bing_000064.jpg,cha_nom_khai_muk,kw02,1,ชานมไข่มุกร้านดัง,th,bing,web_scrape,,1078,1900,0.5674,RGB,False,False,
cha_nom_khai_muk_kw02_bing_000067.jpg,cha_nom_khai_muk/cha_nom_khai_muk_kw02_bing_000067.jpg,cha_nom_khai_muk,kw02,1,ชานมไข่มุกร้านดัง,th,bing,web_scrape,,1920,1280,1.5,RGB,False,False,
cha_nom_khai_muk_kw02_bing_000068.jpg,cha_nom_khai_muk/cha_nom_khai_muk_kw02_bing_000068.jpg,cha_nom_khai_muk,kw02,1,ชานมไข่มุกร้านดัง,th,bing,web_scrape,,512,512,1.0,RGB,False,False,
cha_nom_khai_muk_kw02_bing_000074.jpg,cha_nom_khai_muk/cha_nom_khai_muk_kw02_bing_000074.jpg,cha_nom_khai_muk,kw02,1,ชานมไข่มุกร้านดัง,th,bing,web_scrape,,1000,1000,1.0,RGB,False,False,
cha_nom_khai_muk_kw02_bing_000075.jpg,cha_nom_khai_muk/cha_nom_khai_muk_kw02_bing_000075.jpg,cha_nom_khai_muk,kw02,1,ชานมไข่มุกร้านดัง,th,bing,web_scrape,,1080,1440,0.75,RGB,False,False,
cha_nom_khai_muk_kw02_bing_000076.jpg,cha_nom_khai_muk/cha_nom_khai_muk_kw02_bing_000076.jpg,cha_nom_khai_muk,kw02,1,ชานมไข่มุกร้านดัง,th,bing,web_scrape,,1108,1477,0.7502,RGB,False,False,
cha_nom_khai_muk_kw02_bing_000079.jpg,cha_nom_khai_muk/cha_nom_khai_muk_kw02_bing_000079.jpg,cha_nom_khai_muk,kw02,1,ชานมไข่มุกร้านดัง,th,bing,web_scrape,,1184,1184,1.0,RGB,False,False,
cha_nom_khai_muk_kw02_bing_000080.jpg,cha_nom_khai_muk/cha_nom_khai_muk_kw02_bing_000080.jpg,cha_nom_khai_muk,kw02,1,ชานมไข่มุกร้านดัง,th,bing,web_scrape,,1200,628,1.9108,RGB,False,False,
cha_nom_khai_muk_kw02_bing_000081.webp,cha_nom_khai_muk/cha_nom_khai_muk_kw02_bing_000081.webp,cha_nom_khai_muk,kw02,1,ชานมไข่มุกร้านดัง,th,bing,web_scrape,,768,1024,0.75,RGB,False,False,
cha_nom_khai_muk_kw02_bing_000083.jpg,cha_nom_khai_muk/cha_nom_khai_muk_kw02_bing_000083.jpg,cha_nom_khai_muk,kw02,1,ชานมไข่มุกร้านดัง,th,bing,web_scrape,,1425,1900,0.75,RGB,False,False,
cha_nom_khai_muk_kw02_bing_000084.jpg,cha_nom_khai_muk/cha_nom_khai_muk_kw02_bing_000084.jpg,cha_nom_khai_muk,kw02,1,ชานมไข่มุกร้านดัง,th,bing,web_scrape,,916,516,1.7752,RGB,False,False,
cha_nom_khai_muk_kw02_bing_000085.png,cha_nom_khai_muk/cha_nom_khai_muk_kw02_bing_000085.png,cha_nom_khai_muk,kw02,1,ชานมไข่มุกร้านดัง,th,bing,web_scrape,,1080,1080,1.0,P,False,False,
cha_nom_khai_muk_kw02_bing_000086.jpg,cha_nom_khai_muk/cha_nom_khai_muk_kw02_bing_000086.jpg,cha_nom_khai_muk,kw02,1,ชานมไข่มุกร้านดัง,th,bing,web_scrape,,1024,1024,1.0,RGB,False,False,
cha_nom_khai_muk_kw02_bing_000087.webp,cha_nom_khai_muk/cha_nom_khai_muk_kw02_bing_000087.webp,cha_nom_khai_muk,kw02,1,ชานมไข่มุกร้านดัง,th,bing,web_scrape,,1500,1500,1.0,RGB,False,False,
cha_nom_khai_muk_kw02_bing_000088.jpg,cha_nom_khai_muk/cha_nom_khai_muk_kw02_bing_000088.jpg,cha_nom_khai_muk,kw02,1,ชานมไข่มุกร้านดัง,th,bing,web_scrape,,800,1067,0.7498,RGB,False,False,
cha_nom_khai_muk_kw02_bing_000090.jpg,cha_nom_khai_muk/cha_nom_khai_muk_kw02_bing_000090.jpg,cha_nom_khai_muk,kw02,1,ชานมไข่มุกร้านดัง,th,bing,web_scrape,,736,981,0.7503,RGB,False,False,
cha_nom_khai_muk_kw02_bing_000092.jpg,cha_nom_khai_muk/cha_nom_khai_muk_kw02_bing_000092.jpg,cha_nom_khai_muk,kw02,1,ชานมไข่มุกร้านดัง,th,bing,web_scrape,,847,960,0.8823,RGB,False,False,
cha_nom_khai_muk_kw02_bing_000095.jpg,cha_nom_khai_muk/cha_nom_khai_muk_kw02_bing_000095.jpg,cha_nom_khai_muk,kw02,1,ชานมไข่มุกร้านดัง,th,bing,web_scrape,,720,960,0.75,RGB,False,False,
cha_nom_khai_muk_kw02_bing_000097.jpg,cha_nom_khai_muk/cha_nom_khai_muk_kw02_bing_000097.jpg,cha_nom_khai_muk,kw02,1,ชานมไข่มุกร้านดัง,th,bing,web_scrape,,1229,1536,0.8001,RGB,False,False,
cha_nom_khai_muk_kw02_bing_000099.jpg,cha_nom_khai_muk/cha_nom_khai_muk_kw02_bing_000099.jpg,cha_nom_khai_muk,kw02,1,ชานมไข่มุกร้านดัง,th,bing,web_scrape,,800,1000,0.8,RGB,False,False,
cha_nom_khai_muk_kw02_bing_000101.jpg,cha_nom_khai_muk/cha_nom_khai_muk_kw02_bing_000101.jpg,cha_nom_khai_muk,kw02,1,ชานมไข่มุกร้านดัง,th,bing,web_scrape,,1440,1920,0.75,RGB,False,False,
cha_nom_khai_muk_kw02_bing_000107.jpg,cha_nom_khai_muk/cha_nom_khai_muk_kw02_bing_000107.jpg,cha_nom_khai_muk,kw02,1,ชานมไข่มุกร้านดัง,th,bing,web_scrape,,512,512,1.0,RGB,False,False,
cha_nom_khai_muk_kw02_bing_000108.jpg,cha_nom_khai_muk/cha_nom_khai_muk_kw02_bing_000108.jpg,cha_nom_khai_muk,kw02,1,ชานมไข่มุกร้านดัง,th,bing,web_scrape,,512,512,1.0,RGB,False,False,
cha_nom_khai_muk_kw02_bing_000110.jpg,cha_nom_khai_muk/cha_nom_khai_muk_kw02_bing_000110.jpg,cha_nom_khai_muk,kw02,1,ชานมไข่มุกร้านดัง,th,bing,web_scrape,,512,512,1.0,RGB,False,False,
cha_nom_khai_muk_kw02_bing_000111.jpg,cha_nom_khai_muk/cha_nom_khai_muk_kw02_bing_000111.jpg,cha_nom_khai_muk,kw02,1,ชานมไข่มุกร้านดัง,th,bing,web_scrape,,800,672,1.1905,RGB,False,False,
cha_nom_khai_muk_kw02_bing_000117.jpg,cha_nom_khai_muk/cha_nom_khai_muk_kw02_bing_000117.jpg,cha_nom_khai_muk,kw02,1,ชานมไข่มุกร้านดัง,th,bing,web_scrape,,512,512,1.0,RGB,False,False,
cha_nom_khai_muk_kw02_bing_000118.jpg,cha_nom_khai_muk/cha_nom_khai_muk_kw02_bing_000118.jpg,cha_nom_khai_muk,kw02,1,ชานมไข่มุกร้านดัง,th,bing,web_scrape,,512,512,1.0,RGB,False,False,
cha_nom_khai_muk_kw03_bing_000000.png,cha_nom_khai_muk/cha_nom_khai_muk_kw03_bing_000000.png,cha_nom_khai_muk,kw03,1,bubble milk tea boba cup,en,bing,web_scrape,,1024,1536,0.6667,RGB,False,False,
cha_nom_khai_muk_kw03_bing_000001.jpg,cha_nom_khai_muk/cha_nom_khai_muk_kw03_bing_000001.jpg,cha_nom_khai_muk,kw03,1,bubble milk tea boba cup,en,bing,web_scrape,,1200,1200,1.0,RGB,False,False,
cha_nom_khai_muk_kw03_bing_000003.png,cha_nom_khai_muk/cha_nom_khai_muk_kw03_bing_000003.png,cha_nom_khai_muk,kw03,1,bubble milk tea boba cup,en,bing,web_scrape,,1200,1800,0.6667,P,False,False,
cha_nom_khai_muk_kw03_bing_000004.jpg,cha_nom_khai_muk/cha_nom_khai_muk_kw03_bing_000004.jpg,cha_nom_khai_muk,kw03,1,bubble milk tea boba cup,en,bing,web_scrape,,800,534,1.4981,RGB,False,False,
cha_nom_khai_muk_kw03_bing_000005.jpg,cha_nom_khai_muk/cha_nom_khai_muk_kw03_bing_000005.jpg,cha_nom_khai_muk,kw03,1,bubble milk tea boba cup,en,bing,web_scrape,,800,449,1.7817,RGB,False,False,
cha_nom_khai_muk_kw03_bing_000006.jpg,cha_nom_khai_muk/cha_nom_khai_muk_kw03_bing_000006.jpg,cha_nom_khai_muk,kw03,1,bubble milk tea boba cup,en,bing,web_scrape,,1200,1800,0.6667,RGB,False,False,
cha_nom_khai_muk_kw03_bing_000007.jpg,cha_nom_khai_muk/cha_nom_khai_muk_kw03_bing_000007.jpg,cha_nom_khai_muk,kw03,1,bubble milk tea boba cup,en,bing,web_scrape,,2000,1000,2.0,RGB,False,False,
cha_nom_khai_muk_kw03_bing_000008.png,cha_nom_khai_muk/cha_nom_khai_muk_kw03_bing_000008.png,cha_nom_khai_muk,kw03,1,bubble milk tea boba cup,en,bing,web_scrape,,1200,1200,1.0,RGBA,False,False,
cha_nom_khai_muk_kw03_bing_000009.jpg,cha_nom_khai_muk/cha_nom_khai_muk_kw03_bing_000009.jpg,cha_nom_khai_muk,kw03,1,bubble milk tea boba cup,en,bing,web_scrape,,626,626,1.0,RGB,False,False,
cha_nom_khai_muk_kw03_bing_000010.jpg,cha_nom_khai_muk/cha_nom_khai_muk_kw03_bing_000010.jpg,cha_nom_khai_muk,kw03,1,bubble milk tea boba cup,en,bing,web_scrape,,1200,1200,1.0,RGB,False,False,
cha_nom_khai_muk_kw03_bing_000011.jpg,cha_nom_khai_muk/cha_nom_khai_muk_kw03_bing_000011.jpg,cha_nom_khai_muk,kw03,1,bubble milk tea boba cup,en,bing,web_scrape,,800,449,1.7817,RGB,False,False,
cha_nom_khai_muk_kw03_bing_000012.png,cha_nom_khai_muk/cha_nom_khai_muk_kw03_bing_000012.png,cha_nom_khai_muk,kw03,1,bubble milk tea boba cup,en,bing,web_scrape,,1200,1200,1.0,P,False,False,
cha_nom_khai_muk_kw03_bing_000014.jpg,cha_nom_khai_muk/cha_nom_khai_muk_kw03_bing_000014.jpg,cha_nom_khai_muk,kw03,1,bubble milk tea boba cup,en,bing,web_scrape,,1200,1200,1.0,RGB,False,False,
cha_nom_khai_muk_kw03_bing_000015.jpg,cha_nom_khai_muk/cha_nom_khai_muk_kw03_bing_000015.jpg,cha_nom_khai_muk,kw03,1,bubble milk tea boba cup,en,bing,web_scrape,,1200,1800,0.6667,RGB,False,False,
cha_nom_khai_muk_kw03_bing_000016.jpg,cha_nom_khai_muk/cha_nom_khai_muk_kw03_bing_000016.jpg,cha_nom_khai_muk,kw03,1,bubble milk tea boba cup,en,bing,web_scrape,,1920,1920,1.0,RGB,False,False,
cha_nom_khai_muk_kw03_bing_000017.webp,cha_nom_khai_muk/cha_nom_khai_muk_kw03_bing_000017.webp,cha_nom_khai_muk,kw03,1,bubble milk tea boba cup,en,bing,web_scrape,,1200,800,1.5,RGB,False,False,
cha_nom_khai_muk_kw03_bing_000018.jpg,cha_nom_khai_muk/cha_nom_khai_muk_kw03_bing_000018.jpg,cha_nom_khai_muk,kw03,1,bubble milk tea boba cup,en,bing,web_scrape,,1024,1024,1.0,RGB,False,False,
cha_nom_khai_muk_kw03_bing_000019.png,cha_nom_khai_muk/cha_nom_khai_muk_kw03_bing_000019.png,cha_nom_khai_muk,kw03,1,bubble milk tea boba cup,en,bing,web_scrape,,1920,1492,1.2869,RGBA,False,False,
cha_nom_khai_muk_kw03_bing_000020.jpg,cha_nom_khai_muk/cha_nom_khai_muk_kw03_bing_000020.jpg,cha_nom_khai_muk,kw03,1,bubble milk tea boba cup,en,bing,web_scrape,,1168,1752,0.6667,RGB,False,False,
cha_nom_khai_muk_kw03_bing_000021.jpg,cha_nom_khai_muk/cha_nom_khai_muk_kw03_bing_000021.jpg,cha_nom_khai_muk,kw03,1,bubble milk tea boba cup,en,bing,web_scrape,,1333,2000,0.6665,RGB,False,False,
cha_nom_khai_muk_kw03_bing_000022.jpg,cha_nom_khai_muk/cha_nom_khai_muk_kw03_bing_000022.jpg,cha_nom_khai_muk,kw03,1,bubble milk tea boba cup,en,bing,web_scrape,,1200,1680,0.7143,RGB,False,False,
cha_nom_khai_muk_kw03_bing_000023.jpg,cha_nom_khai_muk/cha_nom_khai_muk_kw03_bing_000023.jpg,cha_nom_khai_muk,kw03,1,bubble milk tea boba cup,en,bing,web_scrape,,1200,1694,0.7084,RGB,False,False,
cha_nom_khai_muk_kw03_bing_000024.jpg,cha_nom_khai_muk/cha_nom_khai_muk_kw03_bing_000024.jpg,cha_nom_khai_muk,kw03,1,bubble milk tea boba cup,en,bing,web_scrape,,800,449,1.7817,RGB,False,False,
cha_nom_khai_muk_kw03_bing_000027.jpg,cha_nom_khai_muk/cha_nom_khai_muk_kw03_bing_000027.jpg,cha_nom_khai_muk,kw03,1,bubble milk tea boba cup,en,bing,web_scrape,,1080,1080,1.0,RGB,False,False,
cha_nom_khai_muk_kw03_bing_000028.jpg,cha_nom_khai_muk/cha_nom_khai_muk_kw03_bing_000028.jpg,cha_nom_khai_muk,kw03,1,bubble milk tea boba cup,en,bing,web_scrape,,800,449,1.7817,RGB,False,False,
cha_nom_khai_muk_kw03_bing_000029.jpg,cha_nom_khai_muk/cha_nom_khai_muk_kw03_bing_000029.jpg,cha_nom_khai_muk,kw03,1,bubble milk tea boba cup,en,bing,web_scrape,,1200,1200,1.0,RGB,False,False,
cha_nom_khai_muk_kw03_bing_000030.png,cha_nom_khai_muk/cha_nom_khai_muk_kw03_bing_000030.png,cha_nom_khai_muk,kw03,1,bubble milk tea boba cup,en,bing,web_scrape,,1920,1920,1.0,RGBA,False,False,
cha_nom_khai_muk_kw03_bing_000032.jpg,cha_nom_khai_muk/cha_nom_khai_muk_kw03_bing_000032.jpg,cha_nom_khai_muk,kw03,1,bubble milk tea boba cup,en,bing,web_scrape,,1200,1200,1.0,RGB,False,False,
cha_nom_khai_muk_kw03_bing_000033.jpg,cha_nom_khai_muk/cha_nom_khai_muk_kw03_bing_000033.jpg,cha_nom_khai_muk,kw03,1,bubble milk tea boba cup,en,bing,web_scrape,,800,449,1.7817,RGB,False,False,
cha_nom_khai_muk_kw03_bing_000034.jpg,cha_nom_khai_muk/cha_nom_khai_muk_kw03_bing_000034.jpg,cha_nom_khai_muk,kw03,1,bubble milk tea boba cup,en,bing,web_scrape,,800,800,1.0,RGB,False,False,
cha_nom_khai_muk_kw03_bing_000035.jpg,cha_nom_khai_muk/cha_nom_khai_muk_kw03_bing_000035.jpg,cha_nom_khai_muk,kw03,1,bubble milk tea boba cup,en,bing,web_scrape,,800,449,1.7817,RGB,False,False,
cha_nom_khai_muk_kw03_bing_000036.jpg,cha_nom_khai_muk/cha_nom_khai_muk_kw03_bing_000036.jpg,cha_nom_khai_muk,kw03,1,bubble milk tea boba cup,en,bing,web_scrape,,1200,1600,0.75,RGB,False,False,
cha_nom_khai_muk_kw03_bing_000037.png,cha_nom_khai_muk/cha_nom_khai_muk_kw03_bing_000037.png,cha_nom_khai_muk,kw03,1,bubble milk tea boba cup,en,bing,web_scrape,,1920,1920,1.0,RGBA,False,False,
cha_nom_khai_muk_kw03_bing_000038.jpg,cha_nom_khai_muk/cha_nom_khai_muk_kw03_bing_000038.jpg,cha_nom_khai_muk,kw03,1,bubble milk tea boba cup,en,bing,web_scrape,,1600,1425,1.1228,RGB,False,False,
cha_nom_khai_muk_kw03_bing_000039.jpg,cha_nom_khai_muk/cha_nom_khai_muk_kw03_bing_000039.jpg,cha_nom_khai_muk,kw03,1,bubble milk tea boba cup,en,bing,web_scrape,,800,449,1.7817,RGB,False,False,
cha_nom_khai_muk_kw03_bing_000040.jpg,cha_nom_khai_muk/cha_nom_khai_muk_kw03_bing_000040.jpg,cha_nom_khai_muk,kw03,1,bubble milk tea boba cup,en,bing,web_scrape,,800,534,1.4981,RGB,False,False,
cha_nom_khai_muk_kw03_bing_000041.jpg,cha_nom_khai_muk/cha_nom_khai_muk_kw03_bing_000041.jpg,cha_nom_khai_muk,kw03,1,bubble milk tea boba cup,en,bing,web_scrape,,493,740,0.6662,RGB,False,False,
cha_nom_khai_muk_kw03_bing_000042.jpg,cha_nom_khai_muk/cha_nom_khai_muk_kw03_bing_000042.jpg,cha_nom_khai_muk,kw03,1,bubble milk tea boba cup,en,bing,web_scrape,,800,449,1.7817,RGB,False,False,
cha_nom_khai_muk_kw03_bing_000043.jpg,cha_nom_khai_muk/cha_nom_khai_muk_kw03_bing_000043.jpg,cha_nom_khai_muk,kw03,1,bubble milk tea boba cup,en,bing,web_scrape,,2000,2000,1.0,RGB,False,False,
cha_nom_khai_muk_kw03_bing_000045.png,cha_nom_khai_muk/cha_nom_khai_muk_kw03_bing_000045.png,cha_nom_khai_muk,kw03,1,bubble milk tea boba cup,en,bing,web_scrape,,1920,1920,1.0,RGBA,False,False,
cha_nom_khai_muk_kw03_bing_000046.jpg,cha_nom_khai_muk/cha_nom_khai_muk_kw03_bing_000046.jpg,cha_nom_khai_muk,kw03,1,bubble milk tea boba cup,en,bing,web_scrape,,800,449,1.7817,RGB,False,False,
cha_nom_khai_muk_kw03_bing_000047.png,cha_nom_khai_muk/cha_nom_khai_muk_kw03_bing_000047.png,cha_nom_khai_muk,kw03,1,bubble milk tea boba cup,en,bing,web_scrape,,980,980,1.0,RGBA,False,False,
cha_nom_khai_muk_kw03_bing_000048.jpg,cha_nom_khai_muk/cha_nom_khai_muk_kw03_bing_000048.jpg,cha_nom_khai_muk,kw03,1,bubble milk tea boba cup,en,bing,web_scrape,,2560,3840,0.6667,RGB,False,False,
cha_nom_khai_muk_kw03_bing_000049.jpg,cha_nom_khai_muk/cha_nom_khai_muk_kw03_bing_000049.jpg,cha_nom_khai_muk,kw03,1,bubble milk tea boba cup,en,bing,web_scrape,,880,586,1.5017,RGB,False,False,
cha_nom_khai_muk_kw03_bing_000050.jpg,cha_nom_khai_muk/cha_nom_khai_muk_kw03_bing_000050.jpg,cha_nom_khai_muk,kw03,1,bubble milk tea boba cup,en,bing,web_scrape,,1200,1200,1.0,RGB,False,False,
cha_nom_khai_muk_kw03_bing_000052.jpg,cha_nom_khai_muk/cha_nom_khai_muk_kw03_bing_000052.jpg,cha_nom_khai_muk,kw03,1,bubble milk tea boba cup,en,bing,web_scrape,,2438,2395,1.018,RGB,False,False,
cha_nom_khai_muk_kw03_bing_000053.jpg,cha_nom_khai_muk/cha_nom_khai_muk_kw03_bing_000053.jpg,cha_nom_khai_muk,kw03,1,bubble milk tea boba cup,en,bing,web_scrape,,700,1050,0.6667,RGB,False,False,
cha_nom_khai_muk_kw03_bing_000054.jpg,cha_nom_khai_muk/cha_nom_khai_muk_kw03_bing_000054.jpg,cha_nom_khai_muk,kw03,1,bubble milk tea boba cup,en,bing,web_scrape,,2405,2560,0.9395,RGB,False,False,
cha_nom_khai_muk_kw03_bing_000055.jpg,cha_nom_khai_muk/cha_nom_khai_muk_kw03_bing_000055.jpg,cha_nom_khai_muk,kw03,1,bubble milk tea boba cup,en,bing,web_scrape,,900,1349,0.6672,RGB,False,False,
cha_nom_khai_muk_kw03_bing_000056.jpg,cha_nom_khai_muk/cha_nom_khai_muk_kw03_bing_000056.jpg,cha_nom_khai_muk,kw03,1,bubble milk tea boba cup,en,bing,web_scrape,,1536,1920,0.8,RGB,False,False,
cha_nom_khai_muk_kw03_bing_000057.jpg,cha_nom_khai_muk/cha_nom_khai_muk_kw03_bing_000057.jpg,cha_nom_khai_muk,kw03,1,bubble milk tea boba cup,en,bing,web_scrape,,1200,791,1.5171,RGB,False,False,
cha_nom_khai_muk_kw03_bing_000058.jpg,cha_nom_khai_muk/cha_nom_khai_muk_kw03_bing_000058.jpg,cha_nom_khai_muk,kw03,1,bubble milk tea boba cup,en,bing,web_scrape,,866,1390,0.623,RGB,False,False,
cha_nom_khai_muk_kw03_bing_000059.jpg,cha_nom_khai_muk/cha_nom_khai_muk_kw03_bing_000059.jpg,cha_nom_khai_muk,kw03,1,bubble milk tea boba cup,en,bing,web_scrape,,1001,1600,0.6256,RGB,False,False,
cha_nom_khai_muk_kw03_bing_000060.jpg,cha_nom_khai_muk/cha_nom_khai_muk_kw03_bing_000060.jpg,cha_nom_khai_muk,kw03,1,bubble milk tea boba cup,en,bing,web_scrape,,736,917,0.8026,RGB,False,False,
cha_nom_khai_muk_kw03_bing_000061.jpg,cha_nom_khai_muk/cha_nom_khai_muk_kw03_bing_000061.jpg,cha_nom_khai_muk,kw03,1,bubble milk tea boba cup,en,bing,web_scrape,,640,782,0.8184,RGB,False,False,
cha_nom_khai_muk_kw03_bing_000064.jpg,cha_nom_khai_muk/cha_nom_khai_muk_kw03_bing_000064.jpg,cha_nom_khai_muk,kw03,1,bubble milk tea boba cup,en,bing,web_scrape,,736,1105,0.6661,RGB,False,False,
cha_nom_khai_muk_kw03_bing_000066.jpg,cha_nom_khai_muk/cha_nom_khai_muk_kw03_bing_000066.jpg,cha_nom_khai_muk,kw03,1,bubble milk tea boba cup,en,bing,web_scrape,,900,856,1.0514,RGB,False,False,
cha_nom_khai_muk_kw03_bing_000068.jpg,cha_nom_khai_muk/cha_nom_khai_muk_kw03_bing_000068.jpg,cha_nom_khai_muk,kw03,1,bubble milk tea boba cup,en,bing,web_scrape,,800,800,1.0,RGB,False,False,
cha_nom_khai_muk_kw03_bing_000069.jpg,cha_nom_khai_muk/cha_nom_khai_muk_kw03_bing_000069.jpg,cha_nom_khai_muk,kw03,1,bubble milk tea boba cup,en,bing,web_scrape,,900,900,1.0,RGB,False,False,
cha_nom_khai_muk_kw03_bing_000070.jpg,cha_nom_khai_muk/cha_nom_khai_muk_kw03_bing_000070.jpg,cha_nom_khai_muk,kw03,1,bubble milk tea boba cup,en,bing,web_scrape,,900,900,1.0,RGB,False,False,
cha_nom_khai_muk_kw03_bing_000071.jpg,cha_nom_khai_muk/cha_nom_khai_muk_kw03_bing_000071.jpg,cha_nom_khai_muk,kw03,1,bubble milk tea boba cup,en,bing,web_scrape,,900,900,1.0,RGB,False,False,
cha_nom_khai_muk_kw03_bing_000072.jpg,cha_nom_khai_muk/cha_nom_khai_muk_kw03_bing_000072.jpg,cha_nom_khai_muk,kw03,1,bubble milk tea boba cup,en,bing,web_scrape,,1224,1632,0.75,RGB,False,False,
cha_nom_khai_muk_kw03_bing_000073.jpg,cha_nom_khai_muk/cha_nom_khai_muk_kw03_bing_000073.jpg,cha_nom_khai_muk,kw03,1,bubble milk tea boba cup,en,bing,web_scrape,,900,900,1.0,RGB,False,False,
cha_nom_khai_muk_kw03_bing_000074.jpg,cha_nom_khai_muk/cha_nom_khai_muk_kw03_bing_000074.jpg,cha_nom_khai_muk,kw03,1,bubble milk tea boba cup,en,bing,web_scrape,,600,1316,0.4559,RGB,False,False,
cha_nom_khai_muk_kw03_bing_000076.jpg,cha_nom_khai_muk/cha_nom_khai_muk_kw03_bing_000076.jpg,cha_nom_khai_muk,kw03,1,bubble milk tea boba cup,en,bing,web_scrape,,600,728,0.8242,RGB,False,False,
cha_nom_khai_muk_kw03_bing_000078.jpg,cha_nom_khai_muk/cha_nom_khai_muk_kw03_bing_000078.jpg,cha_nom_khai_muk,kw03,1,bubble milk tea boba cup,en,bing,web_scrape,,1224,1632,0.75,RGB,False,False,
cha_nom_khai_muk_kw03_bing_000084.jpg,cha_nom_khai_muk/cha_nom_khai_muk_kw03_bing_000084.jpg,cha_nom_khai_muk,kw03,1,bubble milk tea boba cup,en,bing,web_scrape,,900,1600,0.5625,RGB,False,False,
cha_nom_khai_muk_kw03_bing_000085.jpg,cha_nom_khai_muk/cha_nom_khai_muk_kw03_bing_000085.jpg,cha_nom_khai_muk,kw03,1,bubble milk tea boba cup,en,bing,web_scrape,,1060,1885,0.5623,RGB,False,False,
cha_nom_khai_muk_kw03_bing_000087.jpg,cha_nom_khai_muk/cha_nom_khai_muk_kw03_bing_000087.jpg,cha_nom_khai_muk,kw03,1,bubble milk tea boba cup,en,bing,web_scrape,,1672,941,1.7768,RGB,False,False,
cha_nom_khai_muk_kw03_bing_000088.jpg,cha_nom_khai_muk/cha_nom_khai_muk_kw03_bing_000088.jpg,cha_nom_khai_muk,kw03,1,bubble milk tea boba cup,en,bing,web_scrape,,1920,1080,1.7778,RGB,False,False,
cha_nom_khai_muk_kw03_bing_000089.webp,cha_nom_khai_muk/cha_nom_khai_muk_kw03_bing_000089.webp,cha_nom_khai_muk,kw03,1,bubble milk tea boba cup,en,bing,web_scrape,,1200,1200,1.0,RGB,False,False,
cha_nom_khai_muk_kw03_bing_000090.jpg,cha_nom_khai_muk/cha_nom_khai_muk_kw03_bing_000090.jpg,cha_nom_khai_muk,kw03,1,bubble milk tea boba cup,en,bing,web_scrape,,1200,1600,0.75,RGB,False,False,
cha_nom_khai_muk_kw03_bing_000091.jpg,cha_nom_khai_muk/cha_nom_khai_muk_kw03_bing_000091.jpg,cha_nom_khai_muk,kw03,1,bubble milk tea boba cup,en,bing,web_scrape,,1066,1600,0.6663,RGB,False,False,
cha_nom_khai_muk_kw03_bing_000093.jpg,cha_nom_khai_muk/cha_nom_khai_muk_kw03_bing_000093.jpg,cha_nom_khai_muk,kw03,1,bubble milk tea boba cup,en,bing,web_scrape,,960,960,1.0,RGB,False,False,
cha_nom_khai_muk_kw03_bing_000096.jpg,cha_nom_khai_muk/cha_nom_khai_muk_kw03_bing_000096.jpg,cha_nom_khai_muk,kw03,1,bubble milk tea boba cup,en,bing,web_scrape,,1200,927,1.2945,RGB,False,False,
cha_nom_khai_muk_kw03_bing_000098.jpg,cha_nom_khai_muk/cha_nom_khai_muk_kw03_bing_000098.jpg,cha_nom_khai_muk,kw03,1,bubble milk tea boba cup,en,bing,web_scrape,,660,495,1.3333,RGB,False,False,
cha_nom_khai_muk_kw03_bing_000099.webp,cha_nom_khai_muk/cha_nom_khai_muk_kw03_bing_000099.webp,cha_nom_khai_muk,kw03,1,bubble milk tea boba cup,en,bing,web_scrape,,1920,1080,1.7778,RGB,False,False,
cha_nom_khai_muk_kw03_bing_000104.jpg,cha_nom_khai_muk/cha_nom_khai_muk_kw03_bing_000104.jpg,cha_nom_khai_muk,kw03,1,bubble milk tea boba cup,en,bing,web_scrape,,405,720,0.5625,RGB,False,False,
cha_nom_khai_muk_kw03_bing_000106.jpg,cha_nom_khai_muk/cha_nom_khai_muk_kw03_bing_000106.jpg,cha_nom_khai_muk,kw03,1,bubble milk tea boba cup,en,bing,web_scrape,,640,426,1.5023,RGB,False,False,
cha_nom_khai_muk_kw03_bing_000109.jpg,cha_nom_khai_muk/cha_nom_khai_muk_kw03_bing_000109.jpg,cha_nom_khai_muk,kw03,1,bubble milk tea boba cup,en,bing,web_scrape,,770,431,1.7865,RGB,False,False,
cha_nom_khai_muk_kw03_bing_000110.jpg,cha_nom_khai_muk/cha_nom_khai_muk_kw03_bing_000110.jpg,cha_nom_khai_muk,kw03,1,bubble milk tea boba cup,en,bing,web_scrape,,408,400,1.02,RGB,False,False,
cha_nom_khai_muk_kw03_bing_000111.webp,cha_nom_khai_muk/cha_nom_khai_muk_kw03_bing_000111.webp,cha_nom_khai_muk,kw03,1,bubble milk tea boba cup,en,bing,web_scrape,,1200,628,1.9108,RGB,False,False,
cha_nom_khai_muk_kw03_bing_000115.jpg,cha_nom_khai_muk/cha_nom_khai_muk_kw03_bing_000115.jpg,cha_nom_khai_muk,kw03,1,bubble milk tea boba cup,en,bing,web_scrape,,600,662,0.9063,RGB,False,False,
cha_nom_khai_muk_kw03_bing_000119.jpg,cha_nom_khai_muk/cha_nom_khai_muk_kw03_bing_000119.jpg,cha_nom_khai_muk,kw03,1,bubble milk tea boba cup,en,bing,web_scrape,,750,1000,0.75,RGB,False,False,
cha_nom_khai_muk_kw03_bing_000120.webp,cha_nom_khai_muk/cha_nom_khai_muk_kw03_bing_000120.webp,cha_nom_khai_muk,kw03,1,bubble milk tea boba cup,en,bing,web_scrape,,436,480,0.9083,RGB,True,False,
cha_nom_khai_muk_kw03_bing_000124.jpg,cha_nom_khai_muk/cha_nom_khai_muk_kw03_bing_000124.jpg,cha_nom_khai_muk,kw03,1,bubble milk tea boba cup,en,bing,web_scrape,,1320,882,1.4966,RGB,False,False,
cha_nom_khai_muk_kw03_bing_000125.webp,cha_nom_khai_muk/cha_nom_khai_muk_kw03_bing_000125.webp,cha_nom_khai_muk,kw03,1,bubble milk tea boba cup,en,bing,web_scrape,,350,350,1.0,RGBA,False,False,
cha_nom_khai_muk_kw03_bing_000126.png,cha_nom_khai_muk/cha_nom_khai_muk_kw03_bing_000126.png,cha_nom_khai_muk,kw03,1,bubble milk tea boba cup,en,bing,web_scrape,,683,1024,0.667,P,False,False,
cha_nom_khai_muk_kw03_bing_000127.png,cha_nom_khai_muk/cha_nom_khai_muk_kw03_bing_000127.png,cha_nom_khai_muk,kw03,1,bubble milk tea boba cup,en,bing,web_scrape,,768,1152,0.6667,P,False,False,
cha_nom_khai_muk_kw03_baidu_000001.jpg,cha_nom_khai_muk/cha_nom_khai_muk_kw03_baidu_000001.jpg,cha_nom_khai_muk,kw03,1,bubble milk tea boba cup,en,baidu,web_scrape,,1125,1600,0.7031,RGB,False,False,
cha_nom_khai_muk_kw03_baidu_000002.jpg,cha_nom_khai_muk/cha_nom_khai_muk_kw03_baidu_000002.jpg,cha_nom_khai_muk,kw03,1,bubble milk tea boba cup,en,baidu,web_scrape,,1500,1101,1.3624,RGB,False,False,
cha_nom_khai_muk_kw03_baidu_000003.jpg,cha_nom_khai_muk/cha_nom_khai_muk_kw03_baidu_000003.jpg,cha_nom_khai_muk,kw03,1,bubble milk tea boba cup,en,baidu,web_scrape,,1500,1101,1.3624,RGB,False,False,
cha_nom_khai_muk_kw03_baidu_000004.jpg,cha_nom_khai_muk/cha_nom_khai_muk_kw03_baidu_000004.jpg,cha_nom_khai_muk,kw03,1,bubble milk tea boba cup,en,baidu,web_scrape,,640,640,1.0,RGB,False,False,
cha_nom_khai_muk_kw03_baidu_000005.jpg,cha_nom_khai_muk/cha_nom_khai_muk_kw03_baidu_000005.jpg,cha_nom_khai_muk,kw03,1,bubble milk tea boba cup,en,baidu,web_scrape,,750,800,0.9375,RGB,False,False,
cha_nom_khai_muk_kw03_baidu_000006.jpg,cha_nom_khai_muk/cha_nom_khai_muk_kw03_baidu_000006.jpg,cha_nom_khai_muk,kw03,1,bubble milk tea boba cup,en,baidu,web_scrape,,1001,1600,0.6256,RGB,False,False,
cha_nom_khai_muk_kw03_baidu_000007.jpg,cha_nom_khai_muk/cha_nom_khai_muk_kw03_baidu_000007.jpg,cha_nom_khai_muk,kw03,1,bubble milk tea boba cup,en,baidu,web_scrape,,1001,1600,0.6256,RGB,False,False,
cha_nom_khai_muk_kw03_baidu_000008.jpg,cha_nom_khai_muk/cha_nom_khai_muk_kw03_baidu_000008.jpg,cha_nom_khai_muk,kw03,1,bubble milk tea boba cup,en,baidu,web_scrape,,1500,1600,0.9375,RGB,False,False,
cha_nom_khai_muk_kw03_baidu_000009.jpg,cha_nom_khai_muk/cha_nom_khai_muk_kw03_baidu_000009.jpg,cha_nom_khai_muk,kw03,1,bubble milk tea boba cup,en,baidu,web_scrape,,800,800,1.0,RGB,False,False,
cha_nom_khai_muk_kw03_baidu_000010.jpg,cha_nom_khai_muk/cha_nom_khai_muk_kw03_baidu_000010.jpg,cha_nom_khai_muk,kw03,1,bubble milk tea boba cup,en,baidu,web_scrape,,1001,1600,0.6256,RGB,False,False,
cha_nom_khai_muk_kw03_baidu_000011.jpg,cha_nom_khai_muk/cha_nom_khai_muk_kw03_baidu_000011.jpg,cha_nom_khai_muk,kw03,1,bubble milk tea boba cup,en,baidu,web_scrape,,800,800,1.0,RGB,False,False,
cha_nom_khai_muk_kw03_baidu_000012.jpg,cha_nom_khai_muk/cha_nom_khai_muk_kw03_baidu_000012.jpg,cha_nom_khai_muk,kw03,1,bubble milk tea boba cup,en,baidu,web_scrape,,1500,1101,1.3624,RGB,False,False,
cha_nom_khai_muk_kw03_baidu_000013.jpg,cha_nom_khai_muk/cha_nom_khai_muk_kw03_baidu_000013.jpg,cha_nom_khai_muk,kw03,1,bubble milk tea boba cup,en,baidu,web_scrape,,1001,1600,0.6256,RGB,False,False,
cha_nom_khai_muk_kw03_baidu_000014.jpg,cha_nom_khai_muk/cha_nom_khai_muk_kw03_baidu_000014.jpg,cha_nom_khai_muk,kw03,1,bubble milk tea boba cup,en,baidu,web_scrape,,1500,1113,1.3477,RGB,False,False,
cha_nom_khai_muk_kw03_baidu_000015.jpg,cha_nom_khai_muk/cha_nom_khai_muk_kw03_baidu_000015.jpg,cha_nom_khai_muk,kw03,1,bubble milk tea boba cup,en,baidu,web_scrape,,1170,1600,0.7312,RGB,False,False,
cha_nom_khai_muk_kw03_baidu_000016.jpg,cha_nom_khai_muk/cha_nom_khai_muk_kw03_baidu_000016.jpg,cha_nom_khai_muk,kw03,1,bubble milk tea boba cup,en,baidu,web_scrape,,1500,1101,1.3624,RGB,False,False,
cha_nom_khai_muk_kw03_baidu_000017.jpg,cha_nom_khai_muk/cha_nom_khai_muk_kw03_baidu_000017.jpg,cha_nom_khai_muk,kw03,1,bubble milk tea boba cup,en,baidu,web_scrape,,800,800,1.0,RGB,False,False,
cha_nom_khai_muk_kw03_baidu_000018.jpg,cha_nom_khai_muk/cha_nom_khai_muk_kw03_baidu_000018.jpg,cha_nom_khai_muk,kw03,1,bubble milk tea boba cup,en,baidu,web_scrape,,1500,1101,1.3624,RGB,False,False,
cha_nom_khai_muk_kw03_baidu_000019.jpg,cha_nom_khai_muk/cha_nom_khai_muk_kw03_baidu_000019.jpg,cha_nom_khai_muk,kw03,1,bubble milk tea boba cup,en,baidu,web_scrape,,800,800,1.0,RGB,False,False,
cha_nom_khai_muk_kw03_baidu_000020.jpg,cha_nom_khai_muk/cha_nom_khai_muk_kw03_baidu_000020.jpg,cha_nom_khai_muk,kw03,1,bubble milk tea boba cup,en,baidu,web_scrape,,1500,1101,1.3624,RGB,False,False,
cha_nom_khai_muk_kw03_baidu_000021.jpg,cha_nom_khai_muk/cha_nom_khai_muk_kw03_baidu_000021.jpg,cha_nom_khai_muk,kw03,1,bubble milk tea boba cup,en,baidu,web_scrape,,800,800,1.0,RGB,False,False,
cha_nom_khai_muk_kw03_baidu_000022.jpg,cha_nom_khai_muk/cha_nom_khai_muk_kw03_baidu_000022.jpg,cha_nom_khai_muk,kw03,1,bubble milk tea boba cup,en,baidu,web_scrape,,1500,1101,1.3624,RGB,False,False,
cha_nom_khai_muk_kw03_baidu_000023.jpg,cha_nom_khai_muk/cha_nom_khai_muk_kw03_baidu_000023.jpg,cha_nom_khai_muk,kw03,1,bubble milk tea boba cup,en,baidu,web_scrape,,1001,1600,0.6256,RGB,False,False,
cha_nom_khai_muk_kw03_baidu_000024.jpg,cha_nom_khai_muk/cha_nom_khai_muk_kw03_baidu_000024.jpg,cha_nom_khai_muk,kw03,1,bubble milk tea boba cup,en,baidu,web_scrape,,1500,1101,1.3624,RGB,False,False,
cha_nom_khai_muk_kw03_baidu_000025.jpg,cha_nom_khai_muk/cha_nom_khai_muk_kw03_baidu_000025.jpg,cha_nom_khai_muk,kw03,1,bubble milk tea boba cup,en,baidu,web_scrape,,800,800,1.0,RGB,False,False,
cha_nom_khai_muk_kw03_baidu_000026.jpg,cha_nom_khai_muk/cha_nom_khai_muk_kw03_baidu_000026.jpg,cha_nom_khai_muk,kw03,1,bubble milk tea boba cup,en,baidu,web_scrape,,1001,1600,0.6256,RGB,False,False,
cha_nom_khai_muk_kw03_baidu_000027.jpg,cha_nom_khai_muk/cha_nom_khai_muk_kw03_baidu_000027.jpg,cha_nom_khai_muk,kw03,1,bubble milk tea boba cup,en,baidu,web_scrape,,800,800,1.0,RGB,False,False,
cha_nom_khai_muk_kw03_baidu_000028.jpg,cha_nom_khai_muk/cha_nom_khai_muk_kw03_baidu_000028.jpg,cha_nom_khai_muk,kw03,1,bubble milk tea boba cup,en,baidu,web_scrape,,1500,1600,0.9375,RGB,False,False,
cha_nom_khai_muk_kw03_baidu_000029.jpg,cha_nom_khai_muk/cha_nom_khai_muk_kw03_baidu_000029.jpg,cha_nom_khai_muk,kw03,1,bubble milk tea boba cup,en,baidu,web_scrape,,700,700,1.0,RGB,False,False,
cha_nom_khai_muk_kw03_baidu_000030.jpg,cha_nom_khai_muk/cha_nom_khai_muk_kw03_baidu_000030.jpg,cha_nom_khai_muk,kw03,1,bubble milk tea boba cup,en,baidu,web_scrape,,750,750,1.0,RGB,False,False,
cha_nom_khai_muk_kw03_baidu_000031.png,cha_nom_khai_muk/cha_nom_khai_muk_kw03_baidu_000031.png,cha_nom_khai_muk,kw03,1,bubble milk tea boba cup,en,baidu,web_scrape,,2284,2291,0.9969,RGBA,False,False,
cha_nom_khai_muk_kw03_baidu_000032.jpg,cha_nom_khai_muk/cha_nom_khai_muk_kw03_baidu_000032.jpg,cha_nom_khai_muk,kw03,1,bubble milk tea boba cup,en,baidu,web_scrape,,1060,601,1.7637,RGB,False,False,
cha_nom_khai_muk_kw03_baidu_000034.jpg,cha_nom_khai_muk/cha_nom_khai_muk_kw03_baidu_000034.jpg,cha_nom_khai_muk,kw03,1,bubble milk tea boba cup,en,baidu,web_scrape,,1500,1248,1.2019,RGB,False,False,
cha_nom_khai_muk_kw03_baidu_000035.jpg,cha_nom_khai_muk/cha_nom_khai_muk_kw03_baidu_000035.jpg,cha_nom_khai_muk,kw03,1,bubble milk tea boba cup,en,baidu,web_scrape,,1500,1101,1.3624,RGB,False,False,
cha_nom_khai_muk_kw03_baidu_000036.jpg,cha_nom_khai_muk/cha_nom_khai_muk_kw03_baidu_000036.jpg,cha_nom_khai_muk,kw03,1,bubble milk tea boba cup,en,baidu,web_scrape,,1125,1600,0.7031,RGB,False,False,
cha_nom_khai_muk_kw03_baidu_000037.jpg,cha_nom_khai_muk/cha_nom_khai_muk_kw03_baidu_000037.jpg,cha_nom_khai_muk,kw03,1,bubble milk tea boba cup,en,baidu,web_scrape,,1024,643,1.5925,RGB,False,False,
cha_nom_khai_muk_kw03_baidu_000038.jpg,cha_nom_khai_muk/cha_nom_khai_muk_kw03_baidu_000038.jpg,cha_nom_khai_muk,kw03,1,bubble milk tea boba cup,en,baidu,web_scrape,,400,400,1.0,RGB,False,False,
cha_nom_khai_muk_kw03_baidu_000039.jpg,cha_nom_khai_muk/cha_nom_khai_muk_kw03_baidu_000039.jpg,cha_nom_khai_muk,kw03,1,bubble milk tea boba cup,en,baidu,web_scrape,,1500,1182,1.269,RGB,False,False,
cha_nom_khai_muk_kw03_baidu_000040.jpg,cha_nom_khai_muk/cha_nom_khai_muk_kw03_baidu_000040.jpg,cha_nom_khai_muk,kw03,1,bubble milk tea boba cup,en,baidu,web_scrape,,1060,664,1.5964,RGB,True,False,
cha_nom_khai_muk_kw03_baidu_000041.jpg,cha_nom_khai_muk/cha_nom_khai_muk_kw03_baidu_000041.jpg,cha_nom_khai_muk,kw03,1,bubble milk tea boba cup,en,baidu,web_scrape,,1500,1101,1.3624,RGB,False,False,
cha_nom_khai_muk_kw03_baidu_000042.jpg,cha_nom_khai_muk/cha_nom_khai_muk_kw03_baidu_000042.jpg,cha_nom_khai_muk,kw03,1,bubble milk tea boba cup,en,baidu,web_scrape,,1500,1101,1.3624,RGB,False,False,
cha_nom_khai_muk_kw03_baidu_000043.jpg,cha_nom_khai_muk/cha_nom_khai_muk_kw03_baidu_000043.jpg,cha_nom_khai_muk,kw03,1,bubble milk tea boba cup,en,baidu,web_scrape,,1500,1101,1.3624,RGB,False,False,
cha_nom_khai_muk_kw03_baidu_000044.jpg,cha_nom_khai_muk/cha_nom_khai_muk_kw03_baidu_000044.jpg,cha_nom_khai_muk,kw03,1,bubble milk tea boba cup,en,baidu,web_scrape,,3335,3334,1.0003,RGB,False,False,
cha_nom_khai_muk_kw03_baidu_000045.jpg,cha_nom_khai_muk/cha_nom_khai_muk_kw03_baidu_000045.jpg,cha_nom_khai_muk,kw03,1,bubble milk tea boba cup,en,baidu,web_scrape,,640,640,1.0,RGB,False,False,
cha_nom_khai_muk_kw03_baidu_000046.jpg,cha_nom_khai_muk/cha_nom_khai_muk_kw03_baidu_000046.jpg,cha_nom_khai_muk,kw03,1,bubble milk tea boba cup,en,baidu,web_scrape,,1500,1600,0.9375,RGB,False,False,
cha_nom_khai_muk_kw03_baidu_000047.jpg,cha_nom_khai_muk/cha_nom_khai_muk_kw03_baidu_000047.jpg,cha_nom_khai_muk,kw03,1,bubble milk tea boba cup,en,baidu,web_scrape,,1500,1101,1.3624,RGB,False,False,
cha_nom_khai_muk_kw03_baidu_000048.jpg,cha_nom_khai_muk/cha_nom_khai_muk_kw03_baidu_000048.jpg,cha_nom_khai_muk,kw03,1,bubble milk tea boba cup,en,baidu,web_scrape,,1500,1101,1.3624,RGB,False,False,
cha_nom_khai_muk_kw03_baidu_000049.jpg,cha_nom_khai_muk/cha_nom_khai_muk_kw03_baidu_000049.jpg,cha_nom_khai_muk,kw03,1,bubble milk tea boba cup,en,baidu,web_scrape,,1500,1149,1.3055,RGB,False,False,
cha_nom_khai_muk_kw03_baidu_000050.jpg,cha_nom_khai_muk/cha_nom_khai_muk_kw03_baidu_000050.jpg,cha_nom_khai_muk,kw03,1,bubble milk tea boba cup,en,baidu,web_scrape,,1002,1600,0.6262,RGB,False,False,
cha_nom_khai_muk_kw03_baidu_000051.jpg,cha_nom_khai_muk/cha_nom_khai_muk_kw03_baidu_000051.jpg,cha_nom_khai_muk,kw03,1,bubble milk tea boba cup,en,baidu,web_scrape,,1500,1225,1.2245,RGB,False,False,
cha_nom_khai_muk_kw03_baidu_000052.jpg,cha_nom_khai_muk/cha_nom_khai_muk_kw03_baidu_000052.jpg,cha_nom_khai_muk,kw03,1,bubble milk tea boba cup,en,baidu,web_scrape,,971,1600,0.6069,RGB,False,False,
cha_nom_khai_muk_kw03_baidu_000053.jpg,cha_nom_khai_muk/cha_nom_khai_muk_kw03_baidu_000053.jpg,cha_nom_khai_muk,kw03,1,bubble milk tea boba cup,en,baidu,web_scrape,,1500,1101,1.3624,RGB,False,False,
cha_nom_khai_muk_kw04_bing_000000.jpg,cha_nom_khai_muk/cha_nom_khai_muk_kw04_bing_000000.jpg,cha_nom_khai_muk,kw04,1,brown sugar boba milk tea,en,bing,web_scrape,,768,768,1.0,RGB,False,False,
cha_nom_khai_muk_kw04_bing_000001.jpg,cha_nom_khai_muk/cha_nom_khai_muk_kw04_bing_000001.jpg,cha_nom_khai_muk,kw04,1,brown sugar boba milk tea,en,bing,web_scrape,,1170,2080,0.5625,RGB,False,False,
cha_nom_khai_muk_kw04_bing_000002.jpg,cha_nom_khai_muk/cha_nom_khai_muk_kw04_bing_000002.jpg,cha_nom_khai_muk,kw04,1,brown sugar boba milk tea,en,bing,web_scrape,,1024,1536,0.6667,RGB,False,False,
cha_nom_khai_muk_kw04_bing_000003.webp,cha_nom_khai_muk/cha_nom_khai_muk_kw04_bing_000003.webp,cha_nom_khai_muk,kw04,1,brown sugar boba milk tea,en,bing,web_scrape,,1200,1600,0.75,RGB,False,False,
cha_nom_khai_muk_kw04_bing_000004.jpg,cha_nom_khai_muk/cha_nom_khai_muk_kw04_bing_000004.jpg,cha_nom_khai_muk,kw04,1,brown sugar boba milk tea,en,bing,web_scrape,,1200,1800,0.6667,RGB,False,False,
cha_nom_khai_muk_kw04_bing_000005.jpg,cha_nom_khai_muk/cha_nom_khai_muk_kw04_bing_000005.jpg,cha_nom_khai_muk,kw04,1,brown sugar boba milk tea,en,bing,web_scrape,,736,1104,0.6667,RGB,False,False,
cha_nom_khai_muk_kw04_bing_000006.webp,cha_nom_khai_muk/cha_nom_khai_muk_kw04_bing_000006.webp,cha_nom_khai_muk,kw04,1,brown sugar boba milk tea,en,bing,web_scrape,,1200,1800,0.6667,RGB,False,False,
cha_nom_khai_muk_kw04_bing_000007.jpg,cha_nom_khai_muk/cha_nom_khai_muk_kw04_bing_000007.jpg,cha_nom_khai_muk,kw04,1,brown sugar boba milk tea,en,bing,web_scrape,,1200,800,1.5,RGB,False,False,
cha_nom_khai_muk_kw04_bing_000008.jpg,cha_nom_khai_muk/cha_nom_khai_muk_kw04_bing_000008.jpg,cha_nom_khai_muk,kw04,1,brown sugar boba milk tea,en,bing,web_scrape,,600,400,1.5,RGB,False,False,
cha_nom_khai_muk_kw04_bing_000009.jpg,cha_nom_khai_muk/cha_nom_khai_muk_kw04_bing_000009.jpg,cha_nom_khai_muk,kw04,1,brown sugar boba milk tea,en,bing,web_scrape,,1024,1536,0.6667,RGB,False,False,
cha_nom_khai_muk_kw04_bing_000010.jpg,cha_nom_khai_muk/cha_nom_khai_muk_kw04_bing_000010.jpg,cha_nom_khai_muk,kw04,1,brown sugar boba milk tea,en,bing,web_scrape,,1200,1800,0.6667,RGB,False,False,
cha_nom_khai_muk_kw04_bing_000011.jpg,cha_nom_khai_muk/cha_nom_khai_muk_kw04_bing_000011.jpg,cha_nom_khai_muk,kw04,1,brown sugar boba milk tea,en,bing,web_scrape,,768,768,1.0,RGB,False,False,
cha_nom_khai_muk_kw04_bing_000012.jpg,cha_nom_khai_muk/cha_nom_khai_muk_kw04_bing_000012.jpg,cha_nom_khai_muk,kw04,1,brown sugar boba milk tea,en,bing,web_scrape,,1000,1428,0.7003,RGB,False,False,
cha_nom_khai_muk_kw04_bing_000013.jpg,cha_nom_khai_muk/cha_nom_khai_muk_kw04_bing_000013.jpg,cha_nom_khai_muk,kw04,1,brown sugar boba milk tea,en,bing,web_scrape,,1000,551,1.8149,RGB,False,False,
cha_nom_khai_muk_kw04_bing_000014.jpg,cha_nom_khai_muk/cha_nom_khai_muk_kw04_bing_000014.jpg,cha_nom_khai_muk,kw04,1,brown sugar boba milk tea,en,bing,web_scrape,,720,1280,0.5625,RGB,False,False,
cha_nom_khai_muk_kw04_bing_000015.png,cha_nom_khai_muk/cha_nom_khai_muk_kw04_bing_000015.png,cha_nom_khai_muk,kw04,1,brown sugar boba milk tea,en,bing,web_scrape,,1000,1500,0.6667,RGBA,False,False,
cha_nom_khai_muk_kw04_bing_000016.jpg,cha_nom_khai_muk/cha_nom_khai_muk_kw04_bing_000016.jpg,cha_nom_khai_muk,kw04,1,brown sugar boba milk tea,en,bing,web_scrape,,676,1200,0.5633,RGB,False,False,
cha_nom_khai_muk_kw04_bing_000017.jpg,cha_nom_khai_muk/cha_nom_khai_muk_kw04_bing_000017.jpg,cha_nom_khai_muk,kw04,1,brown sugar boba milk tea,en,bing,web_scrape,,736,736,1.0,RGB,False,False,
cha_nom_khai_muk_kw04_bing_000019.jpg,cha_nom_khai_muk/cha_nom_khai_muk_kw04_bing_000019.jpg,cha_nom_khai_muk,kw04,1,brown sugar boba milk tea,en,bing,web_scrape,,1024,1536,0.6667,RGB,False,False,
cha_nom_khai_muk_kw04_bing_000020.jpg,cha_nom_khai_muk/cha_nom_khai_muk_kw04_bing_000020.jpg,cha_nom_khai_muk,kw04,1,brown sugar boba milk tea,en,bing,web_scrape,,1280,1280,1.0,RGB,False,False,
cha_nom_khai_muk_kw04_bing_000021.webp,cha_nom_khai_muk/cha_nom_khai_muk_kw04_bing_000021.webp,cha_nom_khai_muk,kw04,1,brown sugar boba milk tea,en,bing,web_scrape,,1200,1800,0.6667,RGB,False,False,
cha_nom_khai_muk_kw04_bing_000022.webp,cha_nom_khai_muk/cha_nom_khai_muk_kw04_bing_000022.webp,cha_nom_khai_muk,kw04,1,brown sugar boba milk tea,en,bing,web_scrape,,1200,1600,0.75,RGB,False,False,
cha_nom_khai_muk_kw04_bing_000023.jpg,cha_nom_khai_muk/cha_nom_khai_muk_kw04_bing_000023.jpg,cha_nom_khai_muk,kw04,1,brown sugar boba milk tea,en,bing,web_scrape,,2322,4128,0.5625,RGB,False,False,
cha_nom_khai_muk_kw04_bing_000024.jpg,cha_nom_khai_muk/cha_nom_khai_muk_kw04_bing_000024.jpg,cha_nom_khai_muk,kw04,1,brown sugar boba milk tea,en,bing,web_scrape,,736,1104,0.6667,RGB,False,False,
cha_nom_khai_muk_kw04_bing_000025.jpg,cha_nom_khai_muk/cha_nom_khai_muk_kw04_bing_000025.jpg,cha_nom_khai_muk,kw04,1,brown sugar boba milk tea,en,bing,web_scrape,,1600,2400,0.6667,RGB,False,False,
cha_nom_khai_muk_kw04_bing_000026.jpg,cha_nom_khai_muk/cha_nom_khai_muk_kw04_bing_000026.jpg,cha_nom_khai_muk,kw04,1,brown sugar boba milk tea,en,bing,web_scrape,,736,1472,0.5,RGB,False,False,
cha_nom_khai_muk_kw04_bing_000027.jpg,cha_nom_khai_muk/cha_nom_khai_muk_kw04_bing_000027.jpg,cha_nom_khai_muk,kw04,1,brown sugar boba milk tea,en,bing,web_scrape,,2322,4128,0.5625,RGB,False,False,
cha_nom_khai_muk_kw04_bing_000028.jpg,cha_nom_khai_muk/cha_nom_khai_muk_kw04_bing_000028.jpg,cha_nom_khai_muk,kw04,1,brown sugar boba milk tea,en,bing,web_scrape,,736,1104,0.6667,RGB,False,False,
cha_nom_khai_muk_kw04_bing_000029.jpg,cha_nom_khai_muk/cha_nom_khai_muk_kw04_bing_000029.jpg,cha_nom_khai_muk,kw04,1,brown sugar boba milk tea,en,bing,web_scrape,,1000,1500,0.6667,RGB,False,False,
cha_nom_khai_muk_kw04_bing_000030.jpg,cha_nom_khai_muk/cha_nom_khai_muk_kw04_bing_000030.jpg,cha_nom_khai_muk,kw04,1,brown sugar boba milk tea,en,bing,web_scrape,,2322,4128,0.5625,RGB,False,False,
cha_nom_khai_muk_kw04_bing_000031.jpg,cha_nom_khai_muk/cha_nom_khai_muk_kw04_bing_000031.jpg,cha_nom_khai_muk,kw04,1,brown sugar boba milk tea,en,bing,web_scrape,,736,1214,0.6063,RGB,False,False,
cha_nom_khai_muk_kw04_bing_000032.jpg,cha_nom_khai_muk/cha_nom_khai_muk_kw04_bing_000032.jpg,cha_nom_khai_muk,kw04,1,brown sugar boba milk tea,en,bing,web_scrape,,1125,2001,0.5622,RGB,False,False,
cha_nom_khai_muk_kw04_bing_000033.jpg,cha_nom_khai_muk/cha_nom_khai_muk_kw04_bing_000033.jpg,cha_nom_khai_muk,kw04,1,brown sugar boba milk tea,en,bing,web_scrape,,2322,4128,0.5625,RGB,False,False,
cha_nom_khai_muk_kw04_bing_000034.jpg,cha_nom_khai_muk/cha_nom_khai_muk_kw04_bing_000034.jpg,cha_nom_khai_muk,kw04,1,brown sugar boba milk tea,en,bing,web_scrape,,1200,1800,0.6667,RGB,False,False,
cha_nom_khai_muk_kw04_bing_000036.webp,cha_nom_khai_muk/cha_nom_khai_muk_kw04_bing_000036.webp,cha_nom_khai_muk,kw04,1,brown sugar boba milk tea,en,bing,web_scrape,,1200,1600,0.75,RGB,False,False,
cha_nom_khai_muk_kw04_bing_000037.jpg,cha_nom_khai_muk/cha_nom_khai_muk_kw04_bing_000037.jpg,cha_nom_khai_muk,kw04,1,brown sugar boba milk tea,en,bing,web_scrape,,768,768,1.0,RGB,False,False,
cha_nom_khai_muk_kw04_bing_000040.jpg,cha_nom_khai_muk/cha_nom_khai_muk_kw04_bing_000040.jpg,cha_nom_khai_muk,kw04,1,brown sugar boba milk tea,en,bing,web_scrape,,1400,1400,1.0,RGB,False,False,
cha_nom_khai_muk_kw04_bing_000041.jpg,cha_nom_khai_muk/cha_nom_khai_muk_kw04_bing_000041.jpg,cha_nom_khai_muk,kw04,1,brown sugar boba milk tea,en,bing,web_scrape,,720,960,0.75,RGB,False,False,
cha_nom_khai_muk_kw04_bing_000042.jpg,cha_nom_khai_muk/cha_nom_khai_muk_kw04_bing_000042.jpg,cha_nom_khai_muk,kw04,1,brown sugar boba milk tea,en,bing,web_scrape,,1200,1800,0.6667,RGB,False,False,
cha_nom_khai_muk_kw04_bing_000045.jpg,cha_nom_khai_muk/cha_nom_khai_muk_kw04_bing_000045.jpg,cha_nom_khai_muk,kw04,1,brown sugar boba milk tea,en,bing,web_scrape,,600,900,0.6667,RGB,False,False,
cha_nom_khai_muk_kw04_bing_000046.webp,cha_nom_khai_muk/cha_nom_khai_muk_kw04_bing_000046.webp,cha_nom_khai_muk,kw04,1,brown sugar boba milk tea,en,bing,web_scrape,,480,600,0.8,RGB,False,False,
cha_nom_khai_muk_kw04_bing_000048.jpg,cha_nom_khai_muk/cha_nom_khai_muk_kw04_bing_000048.jpg,cha_nom_khai_muk,kw04,1,brown sugar boba milk tea,en,bing,web_scrape,,640,640,1.0,RGB,False,False,
cha_nom_khai_muk_kw04_bing_000049.jpg,cha_nom_khai_muk/cha_nom_khai_muk_kw04_bing_000049.jpg,cha_nom_khai_muk,kw04,1,brown sugar boba milk tea,en,bing,web_scrape,,720,720,1.0,RGB,False,False,
cha_nom_khai_muk_kw04_bing_000051.jpg,cha_nom_khai_muk/cha_nom_khai_muk_kw04_bing_000051.jpg,cha_nom_khai_muk,kw04,1,brown sugar boba milk tea,en,bing,web_scrape,,1080,1350,0.8,RGB,False,False,
cha_nom_khai_muk_kw04_bing_000052.jpg,cha_nom_khai_muk/cha_nom_khai_muk_kw04_bing_000052.jpg,cha_nom_khai_muk,kw04,1,brown sugar boba milk tea,en,bing,web_scrape,,736,1104,0.6667,RGB,False,False,
cha_nom_khai_muk_kw04_bing_000053.jpg,cha_nom_khai_muk/cha_nom_khai_muk_kw04_bing_000053.jpg,cha_nom_khai_muk,kw04,1,brown sugar boba milk tea,en,bing,web_scrape,,1200,1664,0.7212,RGB,False,False,
cha_nom_khai_muk_kw04_bing_000054.webp,cha_nom_khai_muk/cha_nom_khai_muk_kw04_bing_000054.webp,cha_nom_khai_muk,kw04,1,brown sugar boba milk tea,en,bing,web_scrape,,819,1024,0.7998,RGB,False,False,
cha_nom_khai_muk_kw04_bing_000055.jpg,cha_nom_khai_muk/cha_nom_khai_muk_kw04_bing_000055.jpg,cha_nom_khai_muk,kw04,1,brown sugar boba milk tea,en,bing,web_scrape,,736,1472,0.5,RGB,False,False,
cha_nom_khai_muk_kw04_bing_000056.jpg,cha_nom_khai_muk/cha_nom_khai_muk_kw04_bing_000056.jpg,cha_nom_khai_muk,kw04,1,brown sugar boba milk tea,en,bing,web_scrape,,1400,1750,0.8,RGB,False,False,
cha_nom_khai_muk_kw04_bing_000058.jpg,cha_nom_khai_muk/cha_nom_khai_muk_kw04_bing_000058.jpg,cha_nom_khai_muk,kw04,1,brown sugar boba milk tea,en,bing,web_scrape,,736,1104,0.6667,RGB,False,False,
cha_nom_khai_muk_kw04_bing_000059.jpg,cha_nom_khai_muk/cha_nom_khai_muk_kw04_bing_000059.jpg,cha_nom_khai_muk,kw04,1,brown sugar boba milk tea,en,bing,web_scrape,,683,1024,0.667,RGB,False,False,
cha_nom_khai_muk_kw04_bing_000060.jpg,cha_nom_khai_muk/cha_nom_khai_muk_kw04_bing_000060.jpg,cha_nom_khai_muk,kw04,1,brown sugar boba milk tea,en,bing,web_scrape,,1080,1920,0.5625,RGB,False,False,
cha_nom_khai_muk_kw04_bing_000061.png,cha_nom_khai_muk/cha_nom_khai_muk_kw04_bing_000061.png,cha_nom_khai_muk,kw04,1,brown sugar boba milk tea,en,bing,web_scrape,,642,850,0.7553,RGB,False,False,
cha_nom_khai_muk_kw04_bing_000062.jpg,cha_nom_khai_muk/cha_nom_khai_muk_kw04_bing_000062.jpg,cha_nom_khai_muk,kw04,1,brown sugar boba milk tea,en,bing,web_scrape,,1600,1200,1.3333,RGB,False,False,
cha_nom_khai_muk_kw04_bing_000063.jpg,cha_nom_khai_muk/cha_nom_khai_muk_kw04_bing_000063.jpg,cha_nom_khai_muk,kw04,1,brown sugar boba milk tea,en,bing,web_scrape,,1200,1500,0.8,RGB,False,False,
cha_nom_khai_muk_kw04_bing_000064.jpg,cha_nom_khai_muk/cha_nom_khai_muk_kw04_bing_000064.jpg,cha_nom_khai_muk,kw04,1,brown sugar boba milk tea,en,bing,web_scrape,,1000,526,1.9011,RGB,False,False,
cha_nom_khai_muk_kw04_bing_000065.jpg,cha_nom_khai_muk/cha_nom_khai_muk_kw04_bing_000065.jpg,cha_nom_khai_muk,kw04,1,brown sugar boba milk tea,en,bing,web_scrape,,683,1024,0.667,RGB,False,False,
cha_nom_khai_muk_kw04_bing_000066.jpg,cha_nom_khai_muk/cha_nom_khai_muk_kw04_bing_000066.jpg,cha_nom_khai_muk,kw04,1,brown sugar boba milk tea,en,bing,web_scrape,,1200,1200,1.0,RGB,False,False,
cha_nom_khai_muk_kw04_bing_000068.jpg,cha_nom_khai_muk/cha_nom_khai_muk_kw04_bing_000068.jpg,cha_nom_khai_muk,kw04,1,brown sugar boba milk tea,en,bing,web_scrape,,736,1104,0.6667,RGB,False,False,
cha_nom_khai_muk_kw04_bing_000069.webp,cha_nom_khai_muk/cha_nom_khai_muk_kw04_bing_000069.webp,cha_nom_khai_muk,kw04,1,brown sugar boba milk tea,en,bing,web_scrape,,1200,1800,0.6667,RGB,False,False,
cha_nom_khai_muk_kw04_bing_000071.jpg,cha_nom_khai_muk/cha_nom_khai_muk_kw04_bing_000071.jpg,cha_nom_khai_muk,kw04,1,brown sugar boba milk tea,en,bing,web_scrape,,1600,2397,0.6675,RGB,False,False,
cha_nom_khai_muk_kw04_bing_000072.jpg,cha_nom_khai_muk/cha_nom_khai_muk_kw04_bing_000072.jpg,cha_nom_khai_muk,kw04,1,brown sugar boba milk tea,en,bing,web_scrape,,736,736,1.0,RGB,False,False,
cha_nom_khai_muk_kw04_bing_000073.jpg,cha_nom_khai_muk/cha_nom_khai_muk_kw04_bing_000073.jpg,cha_nom_khai_muk,kw04,1,brown sugar boba milk tea,en,bing,web_scrape,,600,400,1.5,RGB,False,False,
cha_nom_khai_muk_kw04_bing_000075.jpg,cha_nom_khai_muk/cha_nom_khai_muk_kw04_bing_000075.jpg,cha_nom_khai_muk,kw04,1,brown sugar boba milk tea,en,bing,web_scrape,,1536,2304,0.6667,RGB,False,False,
cha_nom_khai_muk_kw04_bing_000077.jpg,cha_nom_khai_muk/cha_nom_khai_muk_kw04_bing_000077.jpg,cha_nom_khai_muk,kw04,1,brown sugar boba milk tea,en,bing,web_scrape,,720,777,0.9266,RGB,False,False,
cha_nom_khai_muk_kw04_bing_000079.png,cha_nom_khai_muk/cha_nom_khai_muk_kw04_bing_000079.png,cha_nom_khai_muk,kw04,1,brown sugar boba milk tea,en,bing,web_scrape,,1067,1600,0.6669,P,False,False,
cha_nom_khai_muk_kw04_bing_000080.jpg,cha_nom_khai_muk/cha_nom_khai_muk_kw04_bing_000080.jpg,cha_nom_khai_muk,kw04,1,brown sugar boba milk tea,en,bing,web_scrape,,500,600,0.8333,RGB,False,False,
cha_nom_khai_muk_kw04_bing_000084.jpg,cha_nom_khai_muk/cha_nom_khai_muk_kw04_bing_000084.jpg,cha_nom_khai_muk,kw04,1,brown sugar boba milk tea,en,bing,web_scrape,,1024,678,1.5103,RGB,False,False,
cha_nom_khai_muk_kw04_bing_000086.jpg,cha_nom_khai_muk/cha_nom_khai_muk_kw04_bing_000086.jpg,cha_nom_khai_muk,kw04,1,brown sugar boba milk tea,en,bing,web_scrape,,576,865,0.6659,RGB,False,False,
cha_nom_khai_muk_kw04_bing_000087.jpg,cha_nom_khai_muk/cha_nom_khai_muk_kw04_bing_000087.jpg,cha_nom_khai_muk,kw04,1,brown sugar boba milk tea,en,bing,web_scrape,,640,960,0.6667,RGB,False,False,
cha_nom_khai_muk_kw04_bing_000088.jpg,cha_nom_khai_muk/cha_nom_khai_muk_kw04_bing_000088.jpg,cha_nom_khai_muk,kw04,1,brown sugar boba milk tea,en,bing,web_scrape,,1280,720,1.7778,RGB,False,False,
cha_nom_khai_muk_kw04_bing_000090.png,cha_nom_khai_muk/cha_nom_khai_muk_kw04_bing_000090.png,cha_nom_khai_muk,kw04,1,brown sugar boba milk tea,en,bing,web_scrape,,1536,1024,1.5,RGB,False,False,
cha_nom_khai_muk_kw04_bing_000091.jpg,cha_nom_khai_muk/cha_nom_khai_muk_kw04_bing_000091.jpg,cha_nom_khai_muk,kw04,1,brown sugar boba milk tea,en,bing,web_scrape,,1200,1800,0.6667,RGB,False,False,
cha_nom_khai_muk_kw04_bing_000092.jpg,cha_nom_khai_muk/cha_nom_khai_muk_kw04_bing_000092.jpg,cha_nom_khai_muk,kw04,1,brown sugar boba milk tea,en,bing,web_scrape,,736,720,1.0222,RGB,False,False,
cha_nom_khai_muk_kw04_bing_000094.jpg,cha_nom_khai_muk/cha_nom_khai_muk_kw04_bing_000094.jpg,cha_nom_khai_muk,kw04,1,brown sugar boba milk tea,en,bing,web_scrape,,480,480,1.0,RGB,False,False,
cha_nom_khai_muk_kw04_bing_000095.jpg,cha_nom_khai_muk/cha_nom_khai_muk_kw04_bing_000095.jpg,cha_nom_khai_muk,kw04,1,brown sugar boba milk tea,en,bing,web_scrape,,1200,800,1.5,RGB,False,False,
cha_nom_khai_muk_kw04_bing_000096.png,cha_nom_khai_muk/cha_nom_khai_muk_kw04_bing_000096.png,cha_nom_khai_muk,kw04,1,brown sugar boba milk tea,en,bing,web_scrape,,1024,642,1.595,RGBA,False,False,
cha_nom_khai_muk_kw04_bing_000098.jpg,cha_nom_khai_muk/cha_nom_khai_muk_kw04_bing_000098.jpg,cha_nom_khai_muk,kw04,1,brown sugar boba milk tea,en,bing,web_scrape,,1024,1024,1.0,RGB,False,False,
cha_nom_khai_muk_kw04_bing_000100.jpg,cha_nom_khai_muk/cha_nom_khai_muk_kw04_bing_000100.jpg,cha_nom_khai_muk,kw04,1,brown sugar boba milk tea,en,bing,web_scrape,,1200,1500,0.8,RGB,False,False,
cha_nom_khai_muk_kw04_bing_000101.jpg,cha_nom_khai_muk/cha_nom_khai_muk_kw04_bing_000101.jpg,cha_nom_khai_muk,kw04,1,brown sugar boba milk tea,en,bing,web_scrape,,1000,1500,0.6667,RGB,False,False,
cha_nom_khai_muk_kw04_bing_000102.jpg,cha_nom_khai_muk/cha_nom_khai_muk_kw04_bing_000102.jpg,cha_nom_khai_muk,kw04,1,brown sugar boba milk tea,en,bing,web_scrape,,1280,720,1.7778,RGB,False,False,
cha_nom_khai_muk_kw04_bing_000103.jpg,cha_nom_khai_muk/cha_nom_khai_muk_kw04_bing_000103.jpg,cha_nom_khai_muk,kw04,1,brown sugar boba milk tea,en,bing,web_scrape,,1770,1500,1.18,RGB,False,False,
cha_nom_khai_muk_kw04_bing_000104.jpg,cha_nom_khai_muk/cha_nom_khai_muk_kw04_bing_000104.jpg,cha_nom_khai_muk,kw04,1,brown sugar boba milk tea,en,bing,web_scrape,,720,960,0.75,RGB,False,False,
cha_nom_khai_muk_kw04_baidu_000001.jpg,cha_nom_khai_muk/cha_nom_khai_muk_kw04_baidu_000001.jpg,cha_nom_khai_muk,kw04,1,brown sugar boba milk tea,en,baidu,web_scrape,,750,750,1.0,RGB,False,False,
cha_nom_khai_muk_kw04_baidu_000002.jpg,cha_nom_khai_muk/cha_nom_khai_muk_kw04_baidu_000002.jpg,cha_nom_khai_muk,kw04,1,brown sugar boba milk tea,en,baidu,web_scrape,,696,435,1.6,RGB,False,False,
cha_nom_khai_muk_kw04_baidu_000003.jpg,cha_nom_khai_muk/cha_nom_khai_muk_kw04_baidu_000003.jpg,cha_nom_khai_muk,kw04,1,brown sugar boba milk tea,en,baidu,web_scrape,,658,823,0.7995,RGB,False,False,
cha_nom_khai_muk_kw04_baidu_000004.jpg,cha_nom_khai_muk/cha_nom_khai_muk_kw04_baidu_000004.jpg,cha_nom_khai_muk,kw04,1,brown sugar boba milk tea,en,baidu,web_scrape,,1280,720,1.7778,RGBA,False,False,
cha_nom_khai_muk_kw04_baidu_000005.jpg,cha_nom_khai_muk/cha_nom_khai_muk_kw04_baidu_000005.jpg,cha_nom_khai_muk,kw04,1,brown sugar boba milk tea,en,baidu,web_scrape,,1001,1600,0.6256,RGB,False,False,
cha_nom_khai_muk_kw04_baidu_000006.jpg,cha_nom_khai_muk/cha_nom_khai_muk_kw04_baidu_000006.jpg,cha_nom_khai_muk,kw04,1,brown sugar boba milk tea,en,baidu,web_scrape,,1500,1098,1.3661,RGB,False,False,
cha_nom_khai_muk_kw04_baidu_000007.jpg,cha_nom_khai_muk/cha_nom_khai_muk_kw04_baidu_000007.jpg,cha_nom_khai_muk,kw04,1,brown sugar boba milk tea,en,baidu,web_scrape,,658,823,0.7995,RGB,False,False,
cha_nom_khai_muk_kw04_baidu_000008.jpg,cha_nom_khai_muk/cha_nom_khai_muk_kw04_baidu_000008.jpg,cha_nom_khai_muk,kw04,1,brown sugar boba milk tea,en,baidu,web_scrape,,1728,1080,1.6,RGB,False,False,
cha_nom_khai_muk_kw04_baidu_000009.png,cha_nom_khai_muk/cha_nom_khai_muk_kw04_baidu_000009.png,cha_nom_khai_muk,kw04,1,brown sugar boba milk tea,en,baidu,web_scrape,,700,367,1.9074,RGBA,False,False,
cha_nom_khai_muk_kw04_baidu_000010.jpg,cha_nom_khai_muk/cha_nom_khai_muk_kw04_baidu_000010.jpg,cha_nom_khai_muk,kw04,1,brown sugar boba milk tea,en,baidu,web_scrape,,1080,1410,0.766,RGB,False,False,
cha_nom_khai_muk_kw04_baidu_000011.jpg,cha_nom_khai_muk/cha_nom_khai_muk_kw04_baidu_000011.jpg,cha_nom_khai_muk,kw04,1,brown sugar boba milk tea,en,baidu,web_scrape,,1024,1024,1.0,RGB,False,False,
cha_nom_khai_muk_kw04_baidu_000012.jpg,cha_nom_khai_muk/cha_nom_khai_muk_kw04_baidu_000012.jpg,cha_nom_khai_muk,kw04,1,brown sugar boba milk tea,en,baidu,web_scrape,,751,751,1.0,RGB,False,False,
cha_nom_khai_muk_kw04_baidu_000013.jpg,cha_nom_khai_muk/cha_nom_khai_muk_kw04_baidu_000013.jpg,cha_nom_khai_muk,kw04,1,brown sugar boba milk tea,en,baidu,web_scrape,,1000,1000,1.0,RGB,False,False,
cha_nom_khai_muk_kw04_baidu_000014.jpg,cha_nom_khai_muk/cha_nom_khai_muk_kw04_baidu_000014.jpg,cha_nom_khai_muk,kw04,1,brown sugar boba milk tea,en,baidu,web_scrape,,800,800,1.0,RGB,False,False,
cha_nom_khai_muk_kw04_baidu_000015.jpg,cha_nom_khai_muk/cha_nom_khai_muk_kw04_baidu_000015.jpg,cha_nom_khai_muk,kw04,1,brown sugar boba milk tea,en,baidu,web_scrape,,1500,1600,0.9375,RGB,False,False,
cha_nom_khai_muk_kw04_baidu_000016.png,cha_nom_khai_muk/cha_nom_khai_muk_kw04_baidu_000016.png,cha_nom_khai_muk,kw04,1,brown sugar boba milk tea,en,baidu,web_scrape,,1280,1890,0.6772,RGBA,False,False,
cha_nom_khai_muk_kw04_baidu_000017.jpeg,cha_nom_khai_muk/cha_nom_khai_muk_kw04_baidu_000017.jpeg,cha_nom_khai_muk,kw04,1,brown sugar boba milk tea,en,baidu,web_scrape,,1080,720,1.5,RGB,False,False,
cha_nom_khai_muk_kw04_baidu_000019.jpg,cha_nom_khai_muk/cha_nom_khai_muk_kw04_baidu_000019.jpg,cha_nom_khai_muk,kw04,1,brown sugar boba milk tea,en,baidu,web_scrape,,600,817,0.7344,RGB,False,False,
cha_nom_khai_muk_kw04_baidu_000020.jpg,cha_nom_khai_muk/cha_nom_khai_muk_kw04_baidu_000020.jpg,cha_nom_khai_muk,kw04,1,brown sugar boba milk tea,en,baidu,web_scrape,,1001,1600,0.6256,RGB,False,False,
cha_nom_khai_muk_kw04_baidu_000021.jpeg,cha_nom_khai_muk/cha_nom_khai_muk_kw04_baidu_000021.jpeg,cha_nom_khai_muk,kw04,1,brown sugar boba milk tea,en,baidu,web_scrape,,853,1280,0.6664,RGB,False,False,
cha_nom_khai_muk_kw04_baidu_000022.jpg,cha_nom_khai_muk/cha_nom_khai_muk_kw04_baidu_000022.jpg,cha_nom_khai_muk,kw04,1,brown sugar boba milk tea,en,baidu,web_scrape,,1728,1080,1.6,RGB,False,False,
cha_nom_khai_muk_kw04_baidu_000023.jpg,cha_nom_khai_muk/cha_nom_khai_muk_kw04_baidu_000023.jpg,cha_nom_khai_muk,kw04,1,brown sugar boba milk tea,en,baidu,web_scrape,,2200,2098,1.0486,RGB,False,False,
cha_nom_khai_muk_kw04_baidu_000024.jpg,cha_nom_khai_muk/cha_nom_khai_muk_kw04_baidu_000024.jpg,cha_nom_khai_muk,kw04,1,brown sugar boba milk tea,en,baidu,web_scrape,,1500,1101,1.3624,RGB,False,False,
cha_nom_khai_muk_kw04_baidu_000025.jpg,cha_nom_khai_muk/cha_nom_khai_muk_kw04_baidu_000025.jpg,cha_nom_khai_muk,kw04,1,brown sugar boba milk tea,en,baidu,web_scrape,,800,800,1.0,CMYK,False,False,
cha_nom_khai_muk_kw04_baidu_000026.jpg,cha_nom_khai_muk/cha_nom_khai_muk_kw04_baidu_000026.jpg,cha_nom_khai_muk,kw04,1,brown sugar boba milk tea,en,baidu,web_scrape,,756,756,1.0,RGB,False,False,
cha_nom_khai_muk_kw04_baidu_000029.jpg,cha_nom_khai_muk/cha_nom_khai_muk_kw04_baidu_000029.jpg,cha_nom_khai_muk,kw04,1,brown sugar boba milk tea,en,baidu,web_scrape,,1289,1559,0.8268,RGB,False,False,
cha_nom_khai_muk_kw04_baidu_000030.jpg,cha_nom_khai_muk/cha_nom_khai_muk_kw04_baidu_000030.jpg,cha_nom_khai_muk,kw04,1,brown sugar boba milk tea,en,baidu,web_scrape,,1024,1024,1.0,RGB,False,False,
cha_nom_khai_muk_kw04_baidu_000031.jpg,cha_nom_khai_muk/cha_nom_khai_muk_kw04_baidu_000031.jpg,cha_nom_khai_muk,kw04,1,brown sugar boba milk tea,en,baidu,web_scrape,,1500,1141,1.3146,RGB,False,False,
cha_nom_khai_muk_kw04_baidu_000032.jpg,cha_nom_khai_muk/cha_nom_khai_muk_kw04_baidu_000032.jpg,cha_nom_khai_muk,kw04,1,brown sugar boba milk tea,en,baidu,web_scrape,,2250,4000,0.5625,RGB,False,False,
cha_nom_khai_muk_kw04_baidu_000033.jpg,cha_nom_khai_muk/cha_nom_khai_muk_kw04_baidu_000033.jpg,cha_nom_khai_muk,kw04,1,brown sugar boba milk tea,en,baidu,web_scrape,,1080,1434,0.7531,RGB,False,False,
cha_nom_khai_muk_kw04_baidu_000034.jpg,cha_nom_khai_muk/cha_nom_khai_muk_kw04_baidu_000034.jpg,cha_nom_khai_muk,kw04,1,brown sugar boba milk tea,en,baidu,web_scrape,,1001,1600,0.6256,RGB,False,False,
cha_nom_khai_muk_kw04_baidu_000035.jpg,cha_nom_khai_muk/cha_nom_khai_muk_kw04_baidu_000035.jpg,cha_nom_khai_muk,kw04,1,brown sugar boba milk tea,en,baidu,web_scrape,,480,480,1.0,RGB,False,False,
cha_nom_khai_muk_kw04_baidu_000036.jpg,cha_nom_khai_muk/cha_nom_khai_muk_kw04_baidu_000036.jpg,cha_nom_khai_muk,kw04,1,brown sugar boba milk tea,en,baidu,web_scrape,,1000,1000,1.0,RGB,False,False,
cha_nom_khai_muk_kw04_baidu_000037.jpg,cha_nom_khai_muk/cha_nom_khai_muk_kw04_baidu_000037.jpg,cha_nom_khai_muk,kw04,1,brown sugar boba milk tea,en,baidu,web_scrape,,1500,1101,1.3624,RGB,False,False,
cha_nom_khai_muk_kw04_baidu_000038.jpg,cha_nom_khai_muk/cha_nom_khai_muk_kw04_baidu_000038.jpg,cha_nom_khai_muk,kw04,1,brown sugar boba milk tea,en,baidu,web_scrape,,1500,1101,1.3624,RGB,False,False,
cha_nom_khai_muk_kw04_baidu_000039.jpg,cha_nom_khai_muk/cha_nom_khai_muk_kw04_baidu_000039.jpg,cha_nom_khai_muk,kw04,1,brown sugar boba milk tea,en,baidu,web_scrape,,1500,1102,1.3612,RGB,False,False,
cha_nom_khai_muk_kw04_baidu_000040.jpg,cha_nom_khai_muk/cha_nom_khai_muk_kw04_baidu_000040.jpg,cha_nom_khai_muk,kw04,1,brown sugar boba milk tea,en,baidu,web_scrape,,800,1200,0.6667,RGB,False,False,
cha_nom_khai_muk_kw04_baidu_000041.jpg,cha_nom_khai_muk/cha_nom_khai_muk_kw04_baidu_000041.jpg,cha_nom_khai_muk,kw04,1,brown sugar boba milk tea,en,baidu,web_scrape,,1500,1098,1.3661,RGB,False,False,
cha_nom_khai_muk_kw04_baidu_000042.jpg,cha_nom_khai_muk/cha_nom_khai_muk_kw04_baidu_000042.jpg,cha_nom_khai_muk,kw04,1,brown sugar boba milk tea,en,baidu,web_scrape,,800,800,1.0,RGB,False,False,
cha_nom_khai_muk_kw04_baidu_000043.jpg,cha_nom_khai_muk/cha_nom_khai_muk_kw04_baidu_000043.jpg,cha_nom_khai_muk,kw04,1,brown sugar boba milk tea,en,baidu,web_scrape,,960,450,2.1333,RGB,False,False,
cha_nom_khai_muk_kw04_baidu_000044.jpg,cha_nom_khai_muk/cha_nom_khai_muk_kw04_baidu_000044.jpg,cha_nom_khai_muk,kw04,1,brown sugar boba milk tea,en,baidu,web_scrape,,750,1125,0.6667,RGB,False,False,
cha_nom_khai_muk_kw04_baidu_000045.jpg,cha_nom_khai_muk/cha_nom_khai_muk_kw04_baidu_000045.jpg,cha_nom_khai_muk,kw04,1,brown sugar boba milk tea,en,baidu,web_scrape,,1500,1102,1.3612,RGB,False,False,
cha_nom_khai_muk_kw04_baidu_000046.jpeg,cha_nom_khai_muk/cha_nom_khai_muk_kw04_baidu_000046.jpeg,cha_nom_khai_muk,kw04,1,brown sugar boba milk tea,en,baidu,web_scrape,,2560,1707,1.4997,RGB,False,False,
cha_nom_khai_muk_kw04_baidu_000047.jpg,cha_nom_khai_muk/cha_nom_khai_muk_kw04_baidu_000047.jpg,cha_nom_khai_muk,kw04,1,brown sugar boba milk tea,en,baidu,web_scrape,,1500,1102,1.3612,RGB,False,False,
cha_nom_khai_muk_kw04_baidu_000048.png,cha_nom_khai_muk/cha_nom_khai_muk_kw04_baidu_000048.png,cha_nom_khai_muk,kw04,1,brown sugar boba milk tea,en,baidu,web_scrape,,1080,1050,1.0286,RGB,False,False,
cha_nom_khai_muk_kw04_baidu_000049.jpg,cha_nom_khai_muk/cha_nom_khai_muk_kw04_baidu_000049.jpg,cha_nom_khai_muk,kw04,1,brown sugar boba milk tea,en,baidu,web_scrape,,1280,792,1.6162,RGB,False,False,
cha_nom_khai_muk_kw04_baidu_000050.png,cha_nom_khai_muk/cha_nom_khai_muk_kw04_baidu_000050.png,cha_nom_khai_muk,kw04,1,brown sugar boba milk tea,en,baidu,web_scrape,,1281,930,1.3774,RGBA,False,False,
cha_nom_khai_muk_kw05_bing_000000.jpg,cha_nom_khai_muk/cha_nom_khai_muk_kw05_bing_000000.jpg,cha_nom_khai_muk,kw05,2,ชานมไข่มุก แก้วพลาสติก ใส่น้ำแข็ง,th,bing,web_scrape,,1024,1024,1.0,RGB,False,False,
cha_nom_khai_muk_kw05_bing_000001.jpg,cha_nom_khai_muk/cha_nom_khai_muk_kw05_bing_000001.jpg,cha_nom_khai_muk,kw05,2,ชานมไข่มุก แก้วพลาสติก ใส่น้ำแข็ง,th,bing,web_scrape,,408,612,0.6667,RGB,False,False,
cha_nom_khai_muk_kw05_bing_000003.jpg,cha_nom_khai_muk/cha_nom_khai_muk_kw05_bing_000003.jpg,cha_nom_khai_muk,kw05,2,ชานมไข่มุก แก้วพลาสติก ใส่น้ำแข็ง,th,bing,web_scrape,,800,800,1.0,RGB,False,False,
cha_nom_khai_muk_kw05_bing_000005.jpg,cha_nom_khai_muk/cha_nom_khai_muk_kw05_bing_000005.jpg,cha_nom_khai_muk,kw05,2,ชานมไข่มุก แก้วพลาสติก ใส่น้ำแข็ง,th,bing,web_scrape,,900,900,1.0,RGB,False,False,
cha_nom_khai_muk_kw05_bing_000007.jpg,cha_nom_khai_muk/cha_nom_khai_muk_kw05_bing_000007.jpg,cha_nom_khai_muk,kw05,2,ชานมไข่มุก แก้วพลาสติก ใส่น้ำแข็ง,th,bing,web_scrape,,672,672,1.0,RGB,False,False,
cha_nom_khai_muk_kw05_bing_000014.jpg,cha_nom_khai_muk/cha_nom_khai_muk_kw05_bing_000014.jpg,cha_nom_khai_muk,kw05,2,ชานมไข่มุก แก้วพลาสติก ใส่น้ำแข็ง,th,bing,web_scrape,,1480,494,2.996,RGB,False,False,
cha_nom_khai_muk_kw05_bing_000016.png,cha_nom_khai_muk/cha_nom_khai_muk_kw05_bing_000016.png,cha_nom_khai_muk,kw05,2,ชานมไข่มุก แก้วพลาสติก ใส่น้ำแข็ง,th,bing,web_scrape,,720,720,1.0,RGBA,False,False,
cha_nom_khai_muk_kw05_bing_000018.jpg,cha_nom_khai_muk/cha_nom_khai_muk_kw05_bing_000018.jpg,cha_nom_khai_muk,kw05,2,ชานมไข่มุก แก้วพลาสติก ใส่น้ำแข็ง,th,bing,web_scrape,,1024,1024,1.0,RGB,False,False,
cha_nom_khai_muk_kw05_bing_000020.jpg,cha_nom_khai_muk/cha_nom_khai_muk_kw05_bing_000020.jpg,cha_nom_khai_muk,kw05,2,ชานมไข่มุก แก้วพลาสติก ใส่น้ำแข็ง,th,bing,web_scrape,,1200,628,1.9108,RGB,False,False,
cha_nom_khai_muk_kw05_bing_000027.jpg,cha_nom_khai_muk/cha_nom_khai_muk_kw05_bing_000027.jpg,cha_nom_khai_muk,kw05,2,ชานมไข่มุก แก้วพลาสติก ใส่น้ำแข็ง,th,bing,web_scrape,,720,720,1.0,RGB,False,False,
cha_nom_khai_muk_kw05_bing_000029.jpg,cha_nom_khai_muk/cha_nom_khai_muk_kw05_bing_000029.jpg,cha_nom_khai_muk,kw05,2,ชานมไข่มุก แก้วพลาสติก ใส่น้ำแข็ง,th,bing,web_scrape,,1024,1024,1.0,RGB,False,False,
cha_nom_khai_muk_kw05_bing_000035.jpg,cha_nom_khai_muk/cha_nom_khai_muk_kw05_bing_000035.jpg,cha_nom_khai_muk,kw05,2,ชานมไข่มุก แก้วพลาสติก ใส่น้ำแข็ง,th,bing,web_scrape,,800,800,1.0,RGB,False,False,
cha_nom_khai_muk_kw05_bing_000039.jpg,cha_nom_khai_muk/cha_nom_khai_muk_kw05_bing_000039.jpg,cha_nom_khai_muk,kw05,2,ชานมไข่มุก แก้วพลาสติก ใส่น้ำแข็ง,th,bing,web_scrape,,564,701,0.8046,RGB,False,False,
cha_nom_khai_muk_kw05_bing_000043.jpg,cha_nom_khai_muk/cha_nom_khai_muk_kw05_bing_000043.jpg,cha_nom_khai_muk,kw05,2,ชานมไข่มุก แก้วพลาสติก ใส่น้ำแข็ง,th,bing,web_scrape,,850,850,1.0,RGB,False,False,
cha_nom_khai_muk_kw05_bing_000044.jpg,cha_nom_khai_muk/cha_nom_khai_muk_kw05_bing_000044.jpg,cha_nom_khai_muk,kw05,2,ชานมไข่มุก แก้วพลาสติก ใส่น้ำแข็ง,th,bing,web_scrape,,750,750,1.0,RGB,False,False,
cha_nom_khai_muk_kw05_bing_000046.webp,cha_nom_khai_muk/cha_nom_khai_muk_kw05_bing_000046.webp,cha_nom_khai_muk,kw05,2,ชานมไข่มุก แก้วพลาสติก ใส่น้ำแข็ง,th,bing,web_scrape,,1024,1024,1.0,RGBA,False,False,
cha_nom_khai_muk_kw05_bing_000049.jpg,cha_nom_khai_muk/cha_nom_khai_muk_kw05_bing_000049.jpg,cha_nom_khai_muk,kw05,2,ชานมไข่มุก แก้วพลาสติก ใส่น้ำแข็ง,th,bing,web_scrape,,1000,1000,1.0,RGB,False,False,
cha_nom_khai_muk_kw05_bing_000051.jpg,cha_nom_khai_muk/cha_nom_khai_muk_kw05_bing_000051.jpg,cha_nom_khai_muk,kw05,2,ชานมไข่มุก แก้วพลาสติก ใส่น้ำแข็ง,th,bing,web_scrape,,1024,1024,1.0,RGB,False,False,
cha_nom_khai_muk_kw05_bing_000053.jpg,cha_nom_khai_muk/cha_nom_khai_muk_kw05_bing_000053.jpg,cha_nom_khai_muk,kw05,2,ชานมไข่มุก แก้วพลาสติก ใส่น้ำแข็ง,th,bing,web_scrape,,1024,1024,1.0,RGB,False,False,
cha_nom_khai_muk_kw05_bing_000057.jpg,cha_nom_khai_muk/cha_nom_khai_muk_kw05_bing_000057.jpg,cha_nom_khai_muk,kw05,2,ชานมไข่มุก แก้วพลาสติก ใส่น้ำแข็ง,th,bing,web_scrape,,705,705,1.0,RGB,False,False,
cha_nom_khai_muk_kw05_bing_000060.jpg,cha_nom_khai_muk/cha_nom_khai_muk_kw05_bing_000060.jpg,cha_nom_khai_muk,kw05,2,ชานมไข่มุก แก้วพลาสติก ใส่น้ำแข็ง,th,bing,web_scrape,,720,720,1.0,RGB,False,False,
cha_nom_khai_muk_kw05_bing_000061.jpg,cha_nom_khai_muk/cha_nom_khai_muk_kw05_bing_000061.jpg,cha_nom_khai_muk,kw05,2,ชานมไข่มุก แก้วพลาสติก ใส่น้ำแข็ง,th,bing,web_scrape,,1280,1281,0.9992,RGB,False,True,
cha_nom_khai_muk_kw05_bing_000062.webp,cha_nom_khai_muk/cha_nom_khai_muk_kw05_bing_000062.webp,cha_nom_khai_muk,kw05,2,ชานมไข่มุก แก้วพลาสติก ใส่น้ำแข็ง,th,bing,web_scrape,,1029,1372,0.75,RGB,False,False,
cha_nom_khai_muk_kw05_bing_000063.jpg,cha_nom_khai_muk/cha_nom_khai_muk_kw05_bing_000063.jpg,cha_nom_khai_muk,kw05,2,ชานมไข่มุก แก้วพลาสติก ใส่น้ำแข็ง,th,bing,web_scrape,,450,611,0.7365,RGB,False,False,
cha_nom_khai_muk_kw05_bing_000075.jpg,cha_nom_khai_muk/cha_nom_khai_muk_kw05_bing_000075.jpg,cha_nom_khai_muk,kw05,2,ชานมไข่มุก แก้วพลาสติก ใส่น้ำแข็ง,th,bing,web_scrape,,640,640,1.0,RGB,False,False,
cha_nom_khai_muk_kw05_bing_000084.jpg,cha_nom_khai_muk/cha_nom_khai_muk_kw05_bing_000084.jpg,cha_nom_khai_muk,kw05,2,ชานมไข่มุก แก้วพลาสติก ใส่น้ำแข็ง,th,bing,web_scrape,,1290,1272,1.0142,RGB,False,False,
cha_nom_khai_muk_kw05_bing_000092.jpg,cha_nom_khai_muk/cha_nom_khai_muk_kw05_bing_000092.jpg,cha_nom_khai_muk,kw05,2,ชานมไข่มุก แก้วพลาสติก ใส่น้ำแข็ง,th,bing,web_scrape,,1024,1024,1.0,RGB,False,False,
cha_nom_khai_muk_kw05_bing_000096.jpg,cha_nom_khai_muk/cha_nom_khai_muk_kw05_bing_000096.jpg,cha_nom_khai_muk,kw05,2,ชานมไข่มุก แก้วพลาสติก ใส่น้ำแข็ง,th,bing,web_scrape,,800,800,1.0,RGB,False,True,
cha_nom_khai_muk_kw06_bing_000002.jpg,cha_nom_khai_muk/cha_nom_khai_muk_kw06_bing_000002.jpg,cha_nom_khai_muk,kw06,2,ชานมไข่มุก ร้านชาริมทาง,th,bing,web_scrape,,512,512,1.0,RGB,False,False,
cha_nom_khai_muk_kw06_bing_000004.jpg,cha_nom_khai_muk/cha_nom_khai_muk_kw06_bing_000004.jpg,cha_nom_khai_muk,kw06,2,ชานมไข่มุก ร้านชาริมทาง,th,bing,web_scrape,,1425,1900,0.75,RGB,False,False,
cha_nom_khai_muk_kw06_bing_000007.jpg,cha_nom_khai_muk/cha_nom_khai_muk_kw06_bing_000007.jpg,cha_nom_khai_muk,kw06,2,ชานมไข่มุก ร้านชาริมทาง,th,bing,web_scrape,,768,1024,0.75,RGB,False,False,
cha_nom_khai_muk_kw06_bing_000008.jpg,cha_nom_khai_muk/cha_nom_khai_muk_kw06_bing_000008.jpg,cha_nom_khai_muk,kw06,2,ชานมไข่มุก ร้านชาริมทาง,th,bing,web_scrape,,1920,1076,1.7844,RGB,False,False,
cha_nom_khai_muk_kw06_bing_000010.jpg,cha_nom_khai_muk/cha_nom_khai_muk_kw06_bing_000010.jpg,cha_nom_khai_muk,kw06,2,ชานมไข่มุก ร้านชาริมทาง,th,bing,web_scrape,,819,1115,0.7345,RGB,False,False,
cha_nom_khai_muk_kw06_bing_000011.jpg,cha_nom_khai_muk/cha_nom_khai_muk_kw06_bing_000011.jpg,cha_nom_khai_muk,kw06,2,ชานมไข่มุก ร้านชาริมทาง,th,bing,web_scrape,,512,512,1.0,RGB,False,False,
cha_nom_khai_muk_kw06_bing_000012.jpg,cha_nom_khai_muk/cha_nom_khai_muk_kw06_bing_000012.jpg,cha_nom_khai_muk,kw06,2,ชานมไข่มุก ร้านชาริมทาง,th,bing,web_scrape,,512,512,1.0,RGB,False,False,
cha_nom_khai_muk_kw06_bing_000013.jpg,cha_nom_khai_muk/cha_nom_khai_muk_kw06_bing_000013.jpg,cha_nom_khai_muk,kw06,2,ชานมไข่มุก ร้านชาริมทาง,th,bing,web_scrape,,2560,1920,1.3333,RGB,False,False,
cha_nom_khai_muk_kw06_bing_000016.webp,cha_nom_khai_muk/cha_nom_khai_muk_kw06_bing_000016.webp,cha_nom_khai_muk,kw06,2,ชานมไข่มุก ร้านชาริมทาง,th,bing,web_scrape,,1661,2214,0.7502,RGB,False,False,
cha_nom_khai_muk_kw06_bing_000017.jpg,cha_nom_khai_muk/cha_nom_khai_muk_kw06_bing_000017.jpg,cha_nom_khai_muk,kw06,2,ชานมไข่มุก ร้านชาริมทาง,th,bing,web_scrape,,1656,2208,0.75,RGB,False,False,
cha_nom_khai_muk_kw06_bing_000018.jpg,cha_nom_khai_muk/cha_nom_khai_muk_kw06_bing_000018.jpg,cha_nom_khai_muk,kw06,2,ชานมไข่มุก ร้านชาริมทาง,th,bing,web_scrape,,512,512,1.0,RGB,False,False,
cha_nom_khai_muk_kw06_bing_000019.jpg,cha_nom_khai_muk/cha_nom_khai_muk_kw06_bing_000019.jpg,cha_nom_khai_muk,kw06,2,ชานมไข่มุก ร้านชาริมทาง,th,bing,web_scrape,,960,852,1.1268,RGB,False,False,
cha_nom_khai_muk_kw06_bing_000021.jpg,cha_nom_khai_muk/cha_nom_khai_muk_kw06_bing_000021.jpg,cha_nom_khai_muk,kw06,2,ชานมไข่มุก ร้านชาริมทาง,th,bing,web_scrape,,1080,1080,1.0,RGB,False,False,
cha_nom_khai_muk_kw06_bing_000023.jpg,cha_nom_khai_muk/cha_nom_khai_muk_kw06_bing_000023.jpg,cha_nom_khai_muk,kw06,2,ชานมไข่มุก ร้านชาริมทาง,th,bing,web_scrape,,1920,1080,1.7778,RGB,False,False,
cha_nom_khai_muk_kw06_bing_000024.jpg,cha_nom_khai_muk/cha_nom_khai_muk_kw06_bing_000024.jpg,cha_nom_khai_muk,kw06,2,ชานมไข่มุก ร้านชาริมทาง,th,bing,web_scrape,,1109,1479,0.7498,RGB,False,False,
cha_nom_khai_muk_kw06_bing_000027.jpg,cha_nom_khai_muk/cha_nom_khai_muk_kw06_bing_000027.jpg,cha_nom_khai_muk,kw06,2,ชานมไข่มุก ร้านชาริมทาง,th,bing,web_scrape,,1425,1900,0.75,RGB,False,False,
cha_nom_khai_muk_kw06_bing_000028.jpg,cha_nom_khai_muk/cha_nom_khai_muk_kw06_bing_000028.jpg,cha_nom_khai_muk,kw06,2,ชานมไข่มุก ร้านชาริมทาง,th,bing,web_scrape,,1920,1080,1.7778,RGB,False,False,
cha_nom_khai_muk_kw06_bing_000029.jpg,cha_nom_khai_muk/cha_nom_khai_muk_kw06_bing_000029.jpg,cha_nom_khai_muk,kw06,2,ชานมไข่มุก ร้านชาริมทาง,th,bing,web_scrape,,1440,1920,0.75,RGB,False,False,
cha_nom_khai_muk_kw06_bing_000031.jpg,cha_nom_khai_muk/cha_nom_khai_muk_kw06_bing_000031.jpg,cha_nom_khai_muk,kw06,2,ชานมไข่มุก ร้านชาริมทาง,th,bing,web_scrape,,616,463,1.3305,RGB,False,False,
cha_nom_khai_muk_kw06_bing_000033.jpg,cha_nom_khai_muk/cha_nom_khai_muk_kw06_bing_000033.jpg,cha_nom_khai_muk,kw06,2,ชานมไข่มุก ร้านชาริมทาง,th,bing,web_scrape,,800,800,1.0,RGB,False,False,
cha_nom_khai_muk_kw06_bing_000034.jpg,cha_nom_khai_muk/cha_nom_khai_muk_kw06_bing_000034.jpg,cha_nom_khai_muk,kw06,2,ชานมไข่มุก ร้านชาริมทาง,th,bing,web_scrape,,800,1067,0.7498,RGB,False,False,
cha_nom_khai_muk_kw06_bing_000035.png,cha_nom_khai_muk/cha_nom_khai_muk_kw06_bing_000035.png,cha_nom_khai_muk,kw06,2,ชานมไข่มุก ร้านชาริมทาง,th,bing,web_scrape,,1343,1900,0.7068,RGBA,False,False,
cha_nom_khai_muk_kw06_bing_000036.jpg,cha_nom_khai_muk/cha_nom_khai_muk_kw06_bing_000036.jpg,cha_nom_khai_muk,kw06,2,ชานมไข่มุก ร้านชาริมทาง,th,bing,web_scrape,,1920,1080,1.7778,RGB,False,False,
cha_nom_khai_muk_kw06_bing_000038.jpg,cha_nom_khai_muk/cha_nom_khai_muk_kw06_bing_000038.jpg,cha_nom_khai_muk,kw06,2,ชานมไข่มุก ร้านชาริมทาง,th,bing,web_scrape,,512,512,1.0,RGB,False,False,
cha_nom_khai_muk_kw06_bing_000046.jpg,cha_nom_khai_muk/cha_nom_khai_muk_kw06_bing_000046.jpg,cha_nom_khai_muk,kw06,2,ชานมไข่มุก ร้านชาริมทาง,th,bing,web_scrape,,1080,596,1.8121,RGB,False,False,
cha_nom_khai_muk_kw06_bing_000047.jpg,cha_nom_khai_muk/cha_nom_khai_muk_kw06_bing_000047.jpg,cha_nom_khai_muk,kw06,2,ชานมไข่มุก ร้านชาริมทาง,th,bing,web_scrape,,660,880,0.75,RGB,False,False,
cha_nom_khai_muk_kw06_bing_000048.jpg,cha_nom_khai_muk/cha_nom_khai_muk_kw06_bing_000048.jpg,cha_nom_khai_muk,kw06,2,ชานมไข่มุก ร้านชาริมทาง,th,bing,web_scrape,,1920,945,2.0317,RGB,False,False,
cha_nom_khai_muk_kw06_bing_000050.jpg,cha_nom_khai_muk/cha_nom_khai_muk_kw06_bing_000050.jpg,cha_nom_khai_muk,kw06,2,ชานมไข่มุก ร้านชาริมทาง,th,bing,web_scrape,,1440,1920,0.75,RGB,False,False,
cha_nom_khai_muk_kw06_bing_000052.jpg,cha_nom_khai_muk/cha_nom_khai_muk_kw06_bing_000052.jpg,cha_nom_khai_muk,kw06,2,ชานมไข่มุก ร้านชาริมทาง,th,bing,web_scrape,,512,512,1.0,RGB,False,False,
cha_nom_khai_muk_kw06_bing_000054.jpg,cha_nom_khai_muk/cha_nom_khai_muk_kw06_bing_000054.jpg,cha_nom_khai_muk,kw06,2,ชานมไข่มุก ร้านชาริมทาง,th,bing,web_scrape,,3333,3333,1.0,RGB,False,False,
cha_nom_khai_muk_kw06_bing_000057.jpg,cha_nom_khai_muk/cha_nom_khai_muk_kw06_bing_000057.jpg,cha_nom_khai_muk,kw06,2,ชานมไข่มุก ร้านชาริมทาง,th,bing,web_scrape,,512,512,1.0,RGB,False,False,
cha_nom_khai_muk_kw06_bing_000058.jpg,cha_nom_khai_muk/cha_nom_khai_muk_kw06_bing_000058.jpg,cha_nom_khai_muk,kw06,2,ชานมไข่มุก ร้านชาริมทาง,th,bing,web_scrape,,960,960,1.0,RGB,False,False,
cha_nom_khai_muk_kw06_bing_000059.jpg,cha_nom_khai_muk/cha_nom_khai_muk_kw06_bing_000059.jpg,cha_nom_khai_muk,kw06,2,ชานมไข่มุก ร้านชาริมทาง,th,bing,web_scrape,,1248,1560,0.8,RGB,False,False,
cha_nom_khai_muk_kw06_bing_000060.jpg,cha_nom_khai_muk/cha_nom_khai_muk_kw06_bing_000060.jpg,cha_nom_khai_muk,kw06,2,ชานมไข่มุก ร้านชาริมทาง,th,bing,web_scrape,,465,620,0.75,RGB,False,False,
cha_nom_khai_muk_kw06_bing_000062.jpg,cha_nom_khai_muk/cha_nom_khai_muk_kw06_bing_000062.jpg,cha_nom_khai_muk,kw06,2,ชานมไข่มุก ร้านชาริมทาง,th,bing,web_scrape,,1920,1079,1.7794,RGB,False,False,
cha_nom_khai_muk_kw06_bing_000063.webp,cha_nom_khai_muk/cha_nom_khai_muk_kw06_bing_000063.webp,cha_nom_khai_muk,kw06,2,ชานมไข่มุก ร้านชาริมทาง,th,bing,web_scrape,,1820,1024,1.7773,RGB,False,False,
cha_nom_khai_muk_kw06_bing_000068.jpg,cha_nom_khai_muk/cha_nom_khai_muk_kw06_bing_000068.jpg,cha_nom_khai_muk,kw06,2,ชานมไข่มุก ร้านชาริมทาง,th,bing,web_scrape,,1425,1900,0.75,RGB,False,False,
cha_nom_khai_muk_kw06_bing_000069.jpg,cha_nom_khai_muk/cha_nom_khai_muk_kw06_bing_000069.jpg,cha_nom_khai_muk,kw06,2,ชานมไข่มุก ร้านชาริมทาง,th,bing,web_scrape,,800,445,1.7978,RGB,False,False,
cha_nom_khai_muk_kw06_bing_000071.jpg,cha_nom_khai_muk/cha_nom_khai_muk_kw06_bing_000071.jpg,cha_nom_khai_muk,kw06,2,ชานมไข่มุก ร้านชาริมทาง,th,bing,web_scrape,,800,1067,0.7498,RGB,False,False,
cha_nom_khai_muk_kw06_bing_000072.jpg,cha_nom_khai_muk/cha_nom_khai_muk_kw06_bing_000072.jpg,cha_nom_khai_muk,kw06,2,ชานมไข่มุก ร้านชาริมทาง,th,bing,web_scrape,,1200,800,1.5,RGB,False,False,
cha_nom_khai_muk_kw06_bing_000075.jpg,cha_nom_khai_muk/cha_nom_khai_muk_kw06_bing_000075.jpg,cha_nom_khai_muk,kw06,2,ชานมไข่มุก ร้านชาริมทาง,th,bing,web_scrape,,512,512,1.0,RGB,False,False,
cha_nom_khai_muk_kw06_bing_000076.jpg,cha_nom_khai_muk/cha_nom_khai_muk_kw06_bing_000076.jpg,cha_nom_khai_muk,kw06,2,ชานมไข่มุก ร้านชาริมทาง,th,bing,web_scrape,,1248,1664,0.75,RGB,False,False,
cha_nom_khai_muk_kw06_bing_000078.jpg,cha_nom_khai_muk/cha_nom_khai_muk_kw06_bing_000078.jpg,cha_nom_khai_muk,kw06,2,ชานมไข่มุก ร้านชาริมทาง,th,bing,web_scrape,,1920,1080,1.7778,RGB,False,True,
cha_nom_khai_muk_kw06_bing_000081.jpg,cha_nom_khai_muk/cha_nom_khai_muk_kw06_bing_000081.jpg,cha_nom_khai_muk,kw06,2,ชานมไข่มุก ร้านชาริมทาง,th,bing,web_scrape,,1900,1425,1.3333,RGB,False,False,
cha_nom_khai_muk_kw06_bing_000082.jpg,cha_nom_khai_muk/cha_nom_khai_muk_kw06_bing_000082.jpg,cha_nom_khai_muk,kw06,2,ชานมไข่มุก ร้านชาริมทาง,th,bing,web_scrape,,1000,600,1.6667,RGB,False,False,
cha_nom_khai_muk_kw06_bing_000084.jpg,cha_nom_khai_muk/cha_nom_khai_muk_kw06_bing_000084.jpg,cha_nom_khai_muk,kw06,2,ชานมไข่มุก ร้านชาริมทาง,th,bing,web_scrape,,1280,720,1.7778,RGB,False,False,
cha_nom_khai_muk_kw06_bing_000085.webp,cha_nom_khai_muk/cha_nom_khai_muk_kw06_bing_000085.webp,cha_nom_khai_muk,kw06,2,ชานมไข่มุก ร้านชาริมทาง,th,bing,web_scrape,,1714,2290,0.7485,RGB,False,False,
cha_nom_khai_muk_kw06_bing_000089.jpg,cha_nom_khai_muk/cha_nom_khai_muk_kw06_bing_000089.jpg,cha_nom_khai_muk,kw06,2,ชานมไข่มุก ร้านชาริมทาง,th,bing,web_scrape,,512,512,1.0,RGB,False,False,
cha_nom_khai_muk_kw06_bing_000093.webp,cha_nom_khai_muk/cha_nom_khai_muk_kw06_bing_000093.webp,cha_nom_khai_muk,kw06,2,ชานมไข่มุก ร้านชาริมทาง,th,bing,web_scrape,,682,1024,0.666,RGB,False,False,
cha_nom_khai_muk_kw06_bing_000095.jpg,cha_nom_khai_muk/cha_nom_khai_muk_kw06_bing_000095.jpg,cha_nom_khai_muk,kw06,2,ชานมไข่มุก ร้านชาริมทาง,th,bing,web_scrape,,1920,1080,1.7778,RGB,False,False,
cha_nom_khai_muk_kw06_bing_000096.jpg,cha_nom_khai_muk/cha_nom_khai_muk_kw06_bing_000096.jpg,cha_nom_khai_muk,kw06,2,ชานมไข่มุก ร้านชาริมทาง,th,bing,web_scrape,,1108,1478,0.7497,RGB,False,False,
cha_nom_khai_muk_kw06_bing_000097.jpg,cha_nom_khai_muk/cha_nom_khai_muk_kw06_bing_000097.jpg,cha_nom_khai_muk,kw06,2,ชานมไข่มุก ร้านชาริมทาง,th,bing,web_scrape,,512,512,1.0,RGB,False,False,
cha_nom_khai_muk_kw06_bing_000099.jpg,cha_nom_khai_muk/cha_nom_khai_muk_kw06_bing_000099.jpg,cha_nom_khai_muk,kw06,2,ชานมไข่มุก ร้านชาริมทาง,th,bing,web_scrape,,512,512,1.0,RGB,False,False,
cha_nom_khai_muk_kw06_bing_000103.jpg,cha_nom_khai_muk/cha_nom_khai_muk_kw06_bing_000103.jpg,cha_nom_khai_muk,kw06,2,ชานมไข่มุก ร้านชาริมทาง,th,bing,web_scrape,,1024,1024,1.0,RGB,False,False,
cha_nom_khai_muk_kw07_bing_000000.jpg,cha_nom_khai_muk/cha_nom_khai_muk_kw07_bing_000000.jpg,cha_nom_khai_muk,kw07,2,ชานมไต้หวัน ไข่มุก เย็น,th,bing,web_scrape,,1200,675,1.7778,RGB,False,False,
cha_nom_khai_muk_kw07_bing_000001.jpg,cha_nom_khai_muk/cha_nom_khai_muk_kw07_bing_000001.jpg,cha_nom_khai_muk,kw07,2,ชานมไต้หวัน ไข่มุก เย็น,th,bing,web_scrape,,1280,1280,1.0,RGB,False,False,
cha_nom_khai_muk_kw07_bing_000002.jpg,cha_nom_khai_muk/cha_nom_khai_muk_kw07_bing_000002.jpg,cha_nom_khai_muk,kw07,2,ชานมไต้หวัน ไข่มุก เย็น,th,bing,web_scrape,,800,800,1.0,RGB,False,False,
cha_nom_khai_muk_kw07_bing_000003.jpg,cha_nom_khai_muk/cha_nom_khai_muk_kw07_bing_000003.jpg,cha_nom_khai_muk,kw07,2,ชานมไต้หวัน ไข่มุก เย็น,th,bing,web_scrape,,662,663,0.9985,RGB,False,False,
cha_nom_khai_muk_kw07_bing_000004.png,cha_nom_khai_muk/cha_nom_khai_muk_kw07_bing_000004.png,cha_nom_khai_muk,kw07,2,ชานมไต้หวัน ไข่มุก เย็น,th,bing,web_scrape,,1024,536,1.9104,RGBA,False,False,
cha_nom_khai_muk_kw07_bing_000005.jpg,cha_nom_khai_muk/cha_nom_khai_muk_kw07_bing_000005.jpg,cha_nom_khai_muk,kw07,2,ชานมไต้หวัน ไข่มุก เย็น,th,bing,web_scrape,,1900,1900,1.0,RGB,False,False,
cha_nom_khai_muk_kw07_bing_000008.jpg,cha_nom_khai_muk/cha_nom_khai_muk_kw07_bing_000008.jpg,cha_nom_khai_muk,kw07,2,ชานมไต้หวัน ไข่มุก เย็น,th,bing,web_scrape,,1656,2208,0.75,RGB,False,False,
cha_nom_khai_muk_kw07_bing_000009.jpg,cha_nom_khai_muk/cha_nom_khai_muk_kw07_bing_000009.jpg,cha_nom_khai_muk,kw07,2,ชานมไต้หวัน ไข่มุก เย็น,th,bing,web_scrape,,848,477,1.7778,RGB,False,False,
cha_nom_khai_muk_kw07_bing_000011.webp,cha_nom_khai_muk/cha_nom_khai_muk_kw07_bing_000011.webp,cha_nom_khai_muk,kw07,2,ชานมไต้หวัน ไข่มุก เย็น,th,bing,web_scrape,,1100,734,1.4986,RGB,False,False,
cha_nom_khai_muk_kw07_bing_000012.jpg,cha_nom_khai_muk/cha_nom_khai_muk_kw07_bing_000012.jpg,cha_nom_khai_muk,kw07,2,ชานมไต้หวัน ไข่มุก เย็น,th,bing,web_scrape,,720,960,0.75,RGB,False,False,
cha_nom_khai_muk_kw07_bing_000015.jpg,cha_nom_khai_muk/cha_nom_khai_muk_kw07_bing_000015.jpg,cha_nom_khai_muk,kw07,2,ชานมไต้หวัน ไข่มุก เย็น,th,bing,web_scrape,,1200,627,1.9139,RGB,False,False,
cha_nom_khai_muk_kw07_bing_000016.jpg,cha_nom_khai_muk/cha_nom_khai_muk_kw07_bing_000016.jpg,cha_nom_khai_muk,kw07,2,ชานมไต้หวัน ไข่มุก เย็น,th,bing,web_scrape,,960,960,1.0,RGB,False,False,
cha_nom_khai_muk_kw07_bing_000018.jpg,cha_nom_khai_muk/cha_nom_khai_muk_kw07_bing_000018.jpg,cha_nom_khai_muk,kw07,2,ชานมไต้หวัน ไข่มุก เย็น,th,bing,web_scrape,,762,1024,0.7441,RGB,False,False,
cha_nom_khai_muk_kw07_bing_000019.jpg,cha_nom_khai_muk/cha_nom_khai_muk_kw07_bing_000019.jpg,cha_nom_khai_muk,kw07,2,ชานมไต้หวัน ไข่มุก เย็น,th,bing,web_scrape,,1488,1052,1.4144,RGB,False,False,
cha_nom_khai_muk_kw07_bing_000020.jpg,cha_nom_khai_muk/cha_nom_khai_muk_kw07_bing_000020.jpg,cha_nom_khai_muk,kw07,2,ชานมไต้หวัน ไข่มุก เย็น,th,bing,web_scrape,,1920,1079,1.7794,RGB,False,False,
cha_nom_khai_muk_kw07_bing_000021.jpg,cha_nom_khai_muk/cha_nom_khai_muk_kw07_bing_000021.jpg,cha_nom_khai_muk,kw07,2,ชานมไต้หวัน ไข่มุก เย็น,th,bing,web_scrape,,1440,1920,0.75,RGB,False,False,
cha_nom_khai_muk_kw07_bing_000022.jpg,cha_nom_khai_muk/cha_nom_khai_muk_kw07_bing_000022.jpg,cha_nom_khai_muk,kw07,2,ชานมไต้หวัน ไข่มุก เย็น,th,bing,web_scrape,,960,960,1.0,RGB,False,False,
cha_nom_khai_muk_kw07_bing_000024.jpg,cha_nom_khai_muk/cha_nom_khai_muk_kw07_bing_000024.jpg,cha_nom_khai_muk,kw07,2,ชานมไต้หวัน ไข่มุก เย็น,th,bing,web_scrape,,960,960,1.0,RGB,False,False,
cha_nom_khai_muk_kw07_bing_000025.jpg,cha_nom_khai_muk/cha_nom_khai_muk_kw07_bing_000025.jpg,cha_nom_khai_muk,kw07,2,ชานมไต้หวัน ไข่มุก เย็น,th,bing,web_scrape,,960,955,1.0052,RGB,False,False,
cha_nom_khai_muk_kw07_bing_000027.jpg,cha_nom_khai_muk/cha_nom_khai_muk_kw07_bing_000027.jpg,cha_nom_khai_muk,kw07,2,ชานมไต้หวัน ไข่มุก เย็น,th,bing,web_scrape,,960,960,1.0,RGB,False,False,
cha_nom_khai_muk_kw07_bing_000030.webp,cha_nom_khai_muk/cha_nom_khai_muk_kw07_bing_000030.webp,cha_nom_khai_muk,kw07,2,ชานมไต้หวัน ไข่มุก เย็น,th,bing,web_scrape,,1024,1024,1.0,RGB,False,False,
cha_nom_khai_muk_kw07_bing_000031.webp,cha_nom_khai_muk/cha_nom_khai_muk_kw07_bing_000031.webp,cha_nom_khai_muk,kw07,2,ชานมไต้หวัน ไข่มุก เย็น,th,bing,web_scrape,,1242,1656,0.75,RGB,False,False,
cha_nom_khai_muk_kw07_bing_000033.png,cha_nom_khai_muk/cha_nom_khai_muk_kw07_bing_000033.png,cha_nom_khai_muk,kw07,2,ชานมไต้หวัน ไข่มุก เย็น,th,bing,web_scrape,,960,960,1.0,RGBA,False,False,
cha_nom_khai_muk_kw07_bing_000034.webp,cha_nom_khai_muk/cha_nom_khai_muk_kw07_bing_000034.webp,cha_nom_khai_muk,kw07,2,ชานมไต้หวัน ไข่มุก เย็น,th,bing,web_scrape,,598,798,0.7494,RGB,False,False,
cha_nom_khai_muk_kw07_bing_000037.jpg,cha_nom_khai_muk/cha_nom_khai_muk_kw07_bing_000037.jpg,cha_nom_khai_muk,kw07,2,ชานมไต้หวัน ไข่มุก เย็น,th,bing,web_scrape,,4000,2925,1.3675,RGB,False,False,
cha_nom_khai_muk_kw07_bing_000038.jpg,cha_nom_khai_muk/cha_nom_khai_muk_kw07_bing_000038.jpg,cha_nom_khai_muk,kw07,2,ชานมไต้หวัน ไข่มุก เย็น,th,bing,web_scrape,,1536,1536,1.0,RGB,False,False,
cha_nom_khai_muk_kw07_bing_000040.jpg,cha_nom_khai_muk/cha_nom_khai_muk_kw07_bing_000040.jpg,cha_nom_khai_muk,kw07,2,ชานมไต้หวัน ไข่มุก เย็น,th,bing,web_scrape,,953,1024,0.9307,RGB,False,False,
cha_nom_khai_muk_kw07_bing_000041.jpg,cha_nom_khai_muk/cha_nom_khai_muk_kw07_bing_000041.jpg,cha_nom_khai_muk,kw07,2,ชานมไต้หวัน ไข่มุก เย็น,th,bing,web_scrape,,1536,1536,1.0,RGB,False,False,
cha_nom_khai_muk_kw07_bing_000046.jpg,cha_nom_khai_muk/cha_nom_khai_muk_kw07_bing_000046.jpg,cha_nom_khai_muk,kw07,2,ชานมไต้หวัน ไข่มุก เย็น,th,bing,web_scrape,,1426,1900,0.7505,RGB,False,False,
cha_nom_khai_muk_kw07_bing_000049.jpg,cha_nom_khai_muk/cha_nom_khai_muk_kw07_bing_000049.jpg,cha_nom_khai_muk,kw07,2,ชานมไต้หวัน ไข่มุก เย็น,th,bing,web_scrape,,1280,720,1.7778,RGB,False,False,
cha_nom_khai_muk_kw07_bing_000050.jpg,cha_nom_khai_muk/cha_nom_khai_muk_kw07_bing_000050.jpg,cha_nom_khai_muk,kw07,2,ชานมไต้หวัน ไข่มุก เย็น,th,bing,web_scrape,,3502,2561,1.3674,RGB,False,False,
cha_nom_khai_muk_kw07_bing_000052.jpg,cha_nom_khai_muk/cha_nom_khai_muk_kw07_bing_000052.jpg,cha_nom_khai_muk,kw07,2,ชานมไต้หวัน ไข่มุก เย็น,th,bing,web_scrape,,1290,1508,0.8554,RGB,False,False,
cha_nom_khai_muk_kw07_bing_000057.jpg,cha_nom_khai_muk/cha_nom_khai_muk_kw07_bing_000057.jpg,cha_nom_khai_muk,kw07,2,ชานมไต้หวัน ไข่มุก เย็น,th,bing,web_scrape,,1200,1200,1.0,RGB,False,False,
cha_nom_khai_muk_kw07_bing_000060.jpg,cha_nom_khai_muk/cha_nom_khai_muk_kw07_bing_000060.jpg,cha_nom_khai_muk,kw07,2,ชานมไต้หวัน ไข่มุก เย็น,th,bing,web_scrape,,640,640,1.0,RGB,False,False,
cha_nom_khai_muk_kw07_bing_000063.webp,cha_nom_khai_muk/cha_nom_khai_muk_kw07_bing_000063.webp,cha_nom_khai_muk,kw07,2,ชานมไต้หวัน ไข่มุก เย็น,th,bing,web_scrape,,1000,1337,0.7479,RGB,False,False,
cha_nom_khai_muk_kw07_bing_000065.jpg,cha_nom_khai_muk/cha_nom_khai_muk_kw07_bing_000065.jpg,cha_nom_khai_muk,kw07,2,ชานมไต้หวัน ไข่มุก เย็น,th,bing,web_scrape,,1920,1080,1.7778,RGB,False,False,
cha_nom_khai_muk_kw07_bing_000067.jpg,cha_nom_khai_muk/cha_nom_khai_muk_kw07_bing_000067.jpg,cha_nom_khai_muk,kw07,2,ชานมไต้หวัน ไข่มุก เย็น,th,bing,web_scrape,,1920,945,2.0317,RGB,False,False,
cha_nom_khai_muk_kw07_bing_000069.jpg,cha_nom_khai_muk/cha_nom_khai_muk_kw07_bing_000069.jpg,cha_nom_khai_muk,kw07,2,ชานมไต้หวัน ไข่มุก เย็น,th,bing,web_scrape,,500,751,0.6658,RGB,False,False,
cha_nom_khai_muk_kw07_bing_000072.webp,cha_nom_khai_muk/cha_nom_khai_muk_kw07_bing_000072.webp,cha_nom_khai_muk,kw07,2,ชานมไต้หวัน ไข่มุก เย็น,th,bing,web_scrape,,706,706,1.0,RGB,False,False,
cha_nom_khai_muk_kw07_bing_000079.jpg,cha_nom_khai_muk/cha_nom_khai_muk_kw07_bing_000079.jpg,cha_nom_khai_muk,kw07,2,ชานมไต้หวัน ไข่มุก เย็น,th,bing,web_scrape,,1667,872,1.9117,RGB,False,False,
cha_nom_khai_muk_kw07_bing_000080.jpg,cha_nom_khai_muk/cha_nom_khai_muk_kw07_bing_000080.jpg,cha_nom_khai_muk,kw07,2,ชานมไต้หวัน ไข่มุก เย็น,th,bing,web_scrape,,1080,1080,1.0,RGB,False,False,
cha_nom_khai_muk_kw07_bing_000082.jpg,cha_nom_khai_muk/cha_nom_khai_muk_kw07_bing_000082.jpg,cha_nom_khai_muk,kw07,2,ชานมไต้หวัน ไข่มุก เย็น,th,bing,web_scrape,,1920,1079,1.7794,RGB,False,False,
cha_nom_khai_muk_kw07_bing_000086.jpg,cha_nom_khai_muk/cha_nom_khai_muk_kw07_bing_000086.jpg,cha_nom_khai_muk,kw07,2,ชานมไต้หวัน ไข่มุก เย็น,th,bing,web_scrape,,1568,1044,1.5019,RGB,False,False,
cha_nom_khai_muk_kw07_bing_000089.jpg,cha_nom_khai_muk/cha_nom_khai_muk_kw07_bing_000089.jpg,cha_nom_khai_muk,kw07,2,ชานมไต้หวัน ไข่มุก เย็น,th,bing,web_scrape,,800,800,1.0,RGB,False,False,
cha_nom_khai_muk_kw07_bing_000098.jpg,cha_nom_khai_muk/cha_nom_khai_muk_kw07_bing_000098.jpg,cha_nom_khai_muk,kw07,2,ชานมไต้หวัน ไข่มุก เย็น,th,bing,web_scrape,,628,612,1.0261,RGB,False,False,
cha_phonlamai_kw00_bing_000000.jpg,cha_phonlamai/cha_phonlamai_kw00_bing_000000.jpg,cha_phonlamai,kw00,1,ชาผลไม้ แก้ว,th,bing,web_scrape,,979,652,1.5015,RGB,False,True,
cha_phonlamai_kw00_bing_000001.webp,cha_phonlamai/cha_phonlamai_kw00_bing_000001.webp,cha_phonlamai,kw00,1,ชาผลไม้ แก้ว,th,bing,web_scrape,,1440,1920,0.75,RGB,False,False,
cha_phonlamai_kw00_bing_000002.webp,cha_phonlamai/cha_phonlamai_kw00_bing_000002.webp,cha_phonlamai,kw00,1,ชาผลไม้ แก้ว,th,bing,web_scrape,,1080,1920,0.5625,RGB,False,False,
cha_phonlamai_kw00_bing_000003.jpg,cha_phonlamai/cha_phonlamai_kw00_bing_000003.jpg,cha_phonlamai,kw00,1,ชาผลไม้ แก้ว,th,bing,web_scrape,,1280,720,1.7778,RGB,False,False,
cha_phonlamai_kw00_bing_000004.jpg,cha_phonlamai/cha_phonlamai_kw00_bing_000004.jpg,cha_phonlamai,kw00,1,ชาผลไม้ แก้ว,th,bing,web_scrape,,1920,1080,1.7778,RGB,False,False,
cha_phonlamai_kw00_bing_000005.jpg,cha_phonlamai/cha_phonlamai_kw00_bing_000005.jpg,cha_phonlamai,kw00,1,ชาผลไม้ แก้ว,th,bing,web_scrape,,1500,1500,1.0,RGB,False,False,
cha_phonlamai_kw00_bing_000007.jpg,cha_phonlamai/cha_phonlamai_kw00_bing_000007.jpg,cha_phonlamai,kw00,1,ชาผลไม้ แก้ว,th,bing,web_scrape,,1024,536,1.9104,RGB,False,True,
cha_phonlamai_kw00_bing_000008.jpg,cha_phonlamai/cha_phonlamai_kw00_bing_000008.jpg,cha_phonlamai,kw00,1,ชาผลไม้ แก้ว,th,bing,web_scrape,,800,800,1.0,RGB,False,False,
cha_phonlamai_kw00_bing_000009.webp,cha_phonlamai/cha_phonlamai_kw00_bing_000009.webp,cha_phonlamai,kw00,1,ชาผลไม้ แก้ว,th,bing,web_scrape,,920,520,1.7692,RGB,False,False,
cha_phonlamai_kw00_bing_000010.jpg,cha_phonlamai/cha_phonlamai_kw00_bing_000010.jpg,cha_phonlamai,kw00,1,ชาผลไม้ แก้ว,th,bing,web_scrape,,800,800,1.0,RGB,False,False,
cha_phonlamai_kw00_bing_000011.jpg,cha_phonlamai/cha_phonlamai_kw00_bing_000011.jpg,cha_phonlamai,kw00,1,ชาผลไม้ แก้ว,th,bing,web_scrape,,1200,675,1.7778,RGB,False,False,
cha_phonlamai_kw00_bing_000012.jpg,cha_phonlamai/cha_phonlamai_kw00_bing_000012.jpg,cha_phonlamai,kw00,1,ชาผลไม้ แก้ว,th,bing,web_scrape,,800,800,1.0,RGB,False,False,
cha_phonlamai_kw00_bing_000013.jpg,cha_phonlamai/cha_phonlamai_kw00_bing_000013.jpg,cha_phonlamai,kw00,1,ชาผลไม้ แก้ว,th,bing,web_scrape,,960,633,1.5166,RGB,False,False,
cha_phonlamai_kw00_bing_000014.jpg,cha_phonlamai/cha_phonlamai_kw00_bing_000014.jpg,cha_phonlamai,kw00,1,ชาผลไม้ แก้ว,th,bing,web_scrape,,773,773,1.0,RGB,False,False,
cha_phonlamai_kw00_bing_000015.jpg,cha_phonlamai/cha_phonlamai_kw00_bing_000015.jpg,cha_phonlamai,kw00,1,ชาผลไม้ แก้ว,th,bing,web_scrape,,720,1080,0.6667,RGB,False,False,
cha_phonlamai_kw00_bing_000016.webp,cha_phonlamai/cha_phonlamai_kw00_bing_000016.webp,cha_phonlamai,kw00,1,ชาผลไม้ แก้ว,th,bing,web_scrape,,1501,2005,0.7486,RGB,False,False,
cha_phonlamai_kw00_bing_000017.webp,cha_phonlamai/cha_phonlamai_kw00_bing_000017.webp,cha_phonlamai,kw00,1,ชาผลไม้ แก้ว,th,bing,web_scrape,,1080,1439,0.7505,RGB,False,False,
cha_phonlamai_kw00_bing_000018.webp,cha_phonlamai/cha_phonlamai_kw00_bing_000018.webp,cha_phonlamai,kw00,1,ชาผลไม้ แก้ว,th,bing,web_scrape,,1560,2084,0.7486,RGB,False,False,
cha_phonlamai_kw00_bing_000019.webp,cha_phonlamai/cha_phonlamai_kw00_bing_000019.webp,cha_phonlamai,kw00,1,ชาผลไม้ แก้ว,th,bing,web_scrape,,1000,667,1.4993,RGB,False,False,
cha_phonlamai_kw00_bing_000021.jpg,cha_phonlamai/cha_phonlamai_kw00_bing_000021.jpg,cha_phonlamai,kw00,1,ชาผลไม้ แก้ว,th,bing,web_scrape,,1920,1280,1.5,RGB,False,False,
cha_phonlamai_kw00_bing_000022.jpg,cha_phonlamai/cha_phonlamai_kw00_bing_000022.jpg,cha_phonlamai,kw00,1,ชาผลไม้ แก้ว,th,bing,web_scrape,,1200,628,1.9108,RGB,False,False,
cha_phonlamai_kw00_bing_000023.jpg,cha_phonlamai/cha_phonlamai_kw00_bing_000023.jpg,cha_phonlamai,kw00,1,ชาผลไม้ แก้ว,th,bing,web_scrape,,1920,1280,1.5,RGB,False,False,
cha_phonlamai_kw00_bing_000024.jpg,cha_phonlamai/cha_phonlamai_kw00_bing_000024.jpg,cha_phonlamai,kw00,1,ชาผลไม้ แก้ว,th,bing,web_scrape,,2560,1898,1.3488,RGB,False,False,
cha_phonlamai_kw00_bing_000025.jpg,cha_phonlamai/cha_phonlamai_kw00_bing_000025.jpg,cha_phonlamai,kw00,1,ชาผลไม้ แก้ว,th,bing,web_scrape,,820,1129,0.7263,RGB,False,False,
cha_phonlamai_kw00_bing_000026.jpg,cha_phonlamai/cha_phonlamai_kw00_bing_000026.jpg,cha_phonlamai,kw00,1,ชาผลไม้ แก้ว,th,bing,web_scrape,,1380,920,1.5,RGB,False,False,
cha_phonlamai_kw00_bing_000027.jpg,cha_phonlamai/cha_phonlamai_kw00_bing_000027.jpg,cha_phonlamai,kw00,1,ชาผลไม้ แก้ว,th,bing,web_scrape,,820,1129,0.7263,RGB,False,False,
cha_phonlamai_kw00_bing_000028.jpg,cha_phonlamai/cha_phonlamai_kw00_bing_000028.jpg,cha_phonlamai,kw00,1,ชาผลไม้ แก้ว,th,bing,web_scrape,,750,750,1.0,RGB,False,False,
cha_phonlamai_kw00_bing_000029.webp,cha_phonlamai/cha_phonlamai_kw00_bing_000029.webp,cha_phonlamai,kw00,1,ชาผลไม้ แก้ว,th,bing,web_scrape,,1200,628,1.9108,RGB,False,False,
cha_phonlamai_kw00_bing_000030.jpg,cha_phonlamai/cha_phonlamai_kw00_bing_000030.jpg,cha_phonlamai,kw00,1,ชาผลไม้ แก้ว,th,bing,web_scrape,,1425,1900,0.75,RGB,False,False,
cha_phonlamai_kw00_bing_000031.jpg,cha_phonlamai/cha_phonlamai_kw00_bing_000031.jpg,cha_phonlamai,kw00,1,ชาผลไม้ แก้ว,th,bing,web_scrape,,1500,1500,1.0,RGB,False,False,
cha_phonlamai_kw00_bing_000032.jpg,cha_phonlamai/cha_phonlamai_kw00_bing_000032.jpg,cha_phonlamai,kw00,1,ชาผลไม้ แก้ว,th,bing,web_scrape,,626,417,1.5012,RGB,False,False,
cha_phonlamai_kw00_bing_000033.jpg,cha_phonlamai/cha_phonlamai_kw00_bing_000033.jpg,cha_phonlamai,kw00,1,ชาผลไม้ แก้ว,th,bing,web_scrape,,1024,1024,1.0,RGB,False,False,
cha_phonlamai_kw00_bing_000034.jpg,cha_phonlamai/cha_phonlamai_kw00_bing_000034.jpg,cha_phonlamai,kw00,1,ชาผลไม้ แก้ว,th,bing,web_scrape,,1040,1040,1.0,RGB,False,False,
cha_phonlamai_kw00_bing_000035.jpg,cha_phonlamai/cha_phonlamai_kw00_bing_000035.jpg,cha_phonlamai,kw00,1,ชาผลไม้ แก้ว,th,bing,web_scrape,,1200,1200,1.0,RGB,False,False,
cha_phonlamai_kw00_bing_000036.webp,cha_phonlamai/cha_phonlamai_kw00_bing_000036.webp,cha_phonlamai,kw00,1,ชาผลไม้ แก้ว,th,bing,web_scrape,,1564,2090,0.7483,RGB,False,False,
cha_phonlamai_kw00_bing_000037.jpg,cha_phonlamai/cha_phonlamai_kw00_bing_000037.jpg,cha_phonlamai,kw00,1,ชาผลไม้ แก้ว,th,bing,web_scrape,,720,481,1.4969,RGB,False,False,
cha_phonlamai_kw00_bing_000040.jpg,cha_phonlamai/cha_phonlamai_kw00_bing_000040.jpg,cha_phonlamai,kw00,1,ชาผลไม้ แก้ว,th,bing,web_scrape,,1024,1024,1.0,RGB,False,False,
cha_phonlamai_kw00_bing_000041.jpg,cha_phonlamai/cha_phonlamai_kw00_bing_000041.jpg,cha_phonlamai,kw00,1,ชาผลไม้ แก้ว,th,bing,web_scrape,,800,800,1.0,RGB,False,False,
cha_phonlamai_kw00_bing_000042.jpg,cha_phonlamai/cha_phonlamai_kw00_bing_000042.jpg,cha_phonlamai,kw00,1,ชาผลไม้ แก้ว,th,bing,web_scrape,,800,800,1.0,RGB,False,False,
cha_phonlamai_kw00_bing_000043.jpg,cha_phonlamai/cha_phonlamai_kw00_bing_000043.jpg,cha_phonlamai,kw00,1,ชาผลไม้ แก้ว,th,bing,web_scrape,,600,800,0.75,RGB,False,False,
cha_phonlamai_kw00_bing_000044.jpg,cha_phonlamai/cha_phonlamai_kw00_bing_000044.jpg,cha_phonlamai,kw00,1,ชาผลไม้ แก้ว,th,bing,web_scrape,,1500,843,1.7794,RGB,False,False,
cha_phonlamai_kw00_bing_000045.webp,cha_phonlamai/cha_phonlamai_kw00_bing_000045.webp,cha_phonlamai,kw00,1,ชาผลไม้ แก้ว,th,bing,web_scrape,,1074,1432,0.75,RGB,False,False,
cha_phonlamai_kw00_bing_000047.jpg,cha_phonlamai/cha_phonlamai_kw00_bing_000047.jpg,cha_phonlamai,kw00,1,ชาผลไม้ แก้ว,th,bing,web_scrape,,1379,920,1.4989,RGB,False,False,
cha_phonlamai_kw00_bing_000048.jpg,cha_phonlamai/cha_phonlamai_kw00_bing_000048.jpg,cha_phonlamai,kw00,1,ชาผลไม้ แก้ว,th,bing,web_scrape,,946,1280,0.7391,RGB,False,False,
cha_phonlamai_kw00_bing_000049.jpg,cha_phonlamai/cha_phonlamai_kw00_bing_000049.jpg,cha_phonlamai,kw00,1,ชาผลไม้ แก้ว,th,bing,web_scrape,,1024,1024,1.0,RGB,False,False,
cha_phonlamai_kw00_bing_000050.jpg,cha_phonlamai/cha_phonlamai_kw00_bing_000050.jpg,cha_phonlamai,kw00,1,ชาผลไม้ แก้ว,th,bing,web_scrape,,600,400,1.5,RGB,False,False,
cha_phonlamai_kw00_bing_000051.jpg,cha_phonlamai/cha_phonlamai_kw00_bing_000051.jpg,cha_phonlamai,kw00,1,ชาผลไม้ แก้ว,th,bing,web_scrape,,800,800,1.0,RGB,False,False,
cha_phonlamai_kw00_bing_000052.jpg,cha_phonlamai/cha_phonlamai_kw00_bing_000052.jpg,cha_phonlamai,kw00,1,ชาผลไม้ แก้ว,th,bing,web_scrape,,540,720,0.75,RGB,False,False,
cha_phonlamai_kw00_bing_000053.jpg,cha_phonlamai/cha_phonlamai_kw00_bing_000053.jpg,cha_phonlamai,kw00,1,ชาผลไม้ แก้ว,th,bing,web_scrape,,1200,628,1.9108,RGB,False,False,
cha_phonlamai_kw00_bing_000054.jpg,cha_phonlamai/cha_phonlamai_kw00_bing_000054.jpg,cha_phonlamai,kw00,1,ชาผลไม้ แก้ว,th,bing,web_scrape,,800,800,1.0,RGB,False,False,
cha_phonlamai_kw00_bing_000055.jpg,cha_phonlamai/cha_phonlamai_kw00_bing_000055.jpg,cha_phonlamai,kw00,1,ชาผลไม้ แก้ว,th,bing,web_scrape,,800,800,1.0,RGB,False,False,
cha_phonlamai_kw00_bing_000056.jpg,cha_phonlamai/cha_phonlamai_kw00_bing_000056.jpg,cha_phonlamai,kw00,1,ชาผลไม้ แก้ว,th,bing,web_scrape,,641,641,1.0,RGB,False,False,
cha_phonlamai_kw00_bing_000057.jpg,cha_phonlamai/cha_phonlamai_kw00_bing_000057.jpg,cha_phonlamai,kw00,1,ชาผลไม้ แก้ว,th,bing,web_scrape,,1536,2048,0.75,RGB,False,False,
cha_phonlamai_kw00_bing_000058.jpg,cha_phonlamai/cha_phonlamai_kw00_bing_000058.jpg,cha_phonlamai,kw00,1,ชาผลไม้ แก้ว,th,bing,web_scrape,,860,573,1.5009,RGB,False,False,
cha_phonlamai_kw00_bing_000060.jpg,cha_phonlamai/cha_phonlamai_kw00_bing_000060.jpg,cha_phonlamai,kw00,1,ชาผลไม้ แก้ว,th,bing,web_scrape,,512,512,1.0,RGB,False,False,
cha_phonlamai_kw00_bing_000062.webp,cha_phonlamai/cha_phonlamai_kw00_bing_000062.webp,cha_phonlamai,kw00,1,ชาผลไม้ แก้ว,th,bing,web_scrape,,1452,1935,0.7504,RGB,False,False,
cha_phonlamai_kw00_bing_000063.jpg,cha_phonlamai/cha_phonlamai_kw00_bing_000063.jpg,cha_phonlamai,kw00,1,ชาผลไม้ แก้ว,th,bing,web_scrape,,1080,810,1.3333,RGB,False,False,
cha_phonlamai_kw00_bing_000064.jpg,cha_phonlamai/cha_phonlamai_kw00_bing_000064.jpg,cha_phonlamai,kw00,1,ชาผลไม้ แก้ว,th,bing,web_scrape,,1920,1080,1.7778,RGB,False,False,
cha_phonlamai_kw00_bing_000065.jpg,cha_phonlamai/cha_phonlamai_kw00_bing_000065.jpg,cha_phonlamai,kw00,1,ชาผลไม้ แก้ว,th,bing,web_scrape,,900,900,1.0,RGB,False,False,
cha_phonlamai_kw00_bing_000069.jpg,cha_phonlamai/cha_phonlamai_kw00_bing_000069.jpg,cha_phonlamai,kw00,1,ชาผลไม้ แก้ว,th,bing,web_scrape,,1045,1567,0.6669,RGB,False,False,
cha_phonlamai_kw00_bing_000070.jpg,cha_phonlamai/cha_phonlamai_kw00_bing_000070.jpg,cha_phonlamai,kw00,1,ชาผลไม้ แก้ว,th,bing,web_scrape,,1024,1024,1.0,RGB,False,False,
cha_phonlamai_kw00_bing_000071.jpg,cha_phonlamai/cha_phonlamai_kw00_bing_000071.jpg,cha_phonlamai,kw00,1,ชาผลไม้ แก้ว,th,bing,web_scrape,,720,720,1.0,RGB,False,False,
cha_phonlamai_kw00_bing_000072.jpg,cha_phonlamai/cha_phonlamai_kw00_bing_000072.jpg,cha_phonlamai,kw00,1,ชาผลไม้ แก้ว,th,bing,web_scrape,,1024,1024,1.0,RGB,False,False,
cha_phonlamai_kw00_bing_000073.jpg,cha_phonlamai/cha_phonlamai_kw00_bing_000073.jpg,cha_phonlamai,kw00,1,ชาผลไม้ แก้ว,th,bing,web_scrape,,1024,1024,1.0,RGB,False,False,
cha_phonlamai_kw00_bing_000074.jpg,cha_phonlamai/cha_phonlamai_kw00_bing_000074.jpg,cha_phonlamai,kw00,1,ชาผลไม้ แก้ว,th,bing,web_scrape,,1024,1024,1.0,RGB,False,False,
cha_phonlamai_kw00_bing_000075.jpg,cha_phonlamai/cha_phonlamai_kw00_bing_000075.jpg,cha_phonlamai,kw00,1,ชาผลไม้ แก้ว,th,bing,web_scrape,,800,800,1.0,RGB,False,False,
cha_phonlamai_kw00_bing_000076.jpg,cha_phonlamai/cha_phonlamai_kw00_bing_000076.jpg,cha_phonlamai,kw00,1,ชาผลไม้ แก้ว,th,bing,web_scrape,,1664,1664,1.0,RGB,False,False,
cha_phonlamai_kw00_bing_000077.jpg,cha_phonlamai/cha_phonlamai_kw00_bing_000077.jpg,cha_phonlamai,kw00,1,ชาผลไม้ แก้ว,th,bing,web_scrape,,1900,1900,1.0,RGB,False,False,
cha_phonlamai_kw00_bing_000078.jpg,cha_phonlamai/cha_phonlamai_kw00_bing_000078.jpg,cha_phonlamai,kw00,1,ชาผลไม้ แก้ว,th,bing,web_scrape,,961,1200,0.8008,RGB,False,False,
cha_phonlamai_kw00_bing_000079.jpg,cha_phonlamai/cha_phonlamai_kw00_bing_000079.jpg,cha_phonlamai,kw00,1,ชาผลไม้ แก้ว,th,bing,web_scrape,,982,828,1.186,RGB,False,False,
cha_phonlamai_kw00_bing_000080.jpg,cha_phonlamai/cha_phonlamai_kw00_bing_000080.jpg,cha_phonlamai,kw00,1,ชาผลไม้ แก้ว,th,bing,web_scrape,,512,512,1.0,RGB,False,False,
cha_phonlamai_kw00_bing_000083.jpg,cha_phonlamai/cha_phonlamai_kw00_bing_000083.jpg,cha_phonlamai,kw00,1,ชาผลไม้ แก้ว,th,bing,web_scrape,,600,1200,0.5,RGB,False,False,
cha_phonlamai_kw00_bing_000084.png,cha_phonlamai/cha_phonlamai_kw00_bing_000084.png,cha_phonlamai,kw00,1,ชาผลไม้ แก้ว,th,bing,web_scrape,,1200,1200,1.0,RGB,False,False,
cha_phonlamai_kw00_bing_000086.jpg,cha_phonlamai/cha_phonlamai_kw00_bing_000086.jpg,cha_phonlamai,kw00,1,ชาผลไม้ แก้ว,th,bing,web_scrape,,736,1308,0.5627,RGB,False,True,
cha_phonlamai_kw00_bing_000087.jpg,cha_phonlamai/cha_phonlamai_kw00_bing_000087.jpg,cha_phonlamai,kw00,1,ชาผลไม้ แก้ว,th,bing,web_scrape,,606,404,1.5,RGB,False,False,
cha_phonlamai_kw00_bing_000088.jpg,cha_phonlamai/cha_phonlamai_kw00_bing_000088.jpg,cha_phonlamai,kw00,1,ชาผลไม้ แก้ว,th,bing,web_scrape,,960,744,1.2903,RGB,False,False,
cha_phonlamai_kw00_bing_000089.jpg,cha_phonlamai/cha_phonlamai_kw00_bing_000089.jpg,cha_phonlamai,kw00,1,ชาผลไม้ แก้ว,th,bing,web_scrape,,3200,2000,1.6,RGB,False,False,
cha_phonlamai_kw00_bing_000090.jpg,cha_phonlamai/cha_phonlamai_kw00_bing_000090.jpg,cha_phonlamai,kw00,1,ชาผลไม้ แก้ว,th,bing,web_scrape,,500,500,1.0,RGB,False,False,
cha_phonlamai_kw00_bing_000092.png,cha_phonlamai/cha_phonlamai_kw00_bing_000092.png,cha_phonlamai,kw00,1,ชาผลไม้ แก้ว,th,bing,web_scrape,,1453,1453,1.0,RGB,False,False,
cha_phonlamai_kw00_bing_000093.jpg,cha_phonlamai/cha_phonlamai_kw00_bing_000093.jpg,cha_phonlamai,kw00,1,ชาผลไม้ แก้ว,th,bing,web_scrape,,500,500,1.0,RGB,False,True,
cha_phonlamai_kw00_bing_000094.jpg,cha_phonlamai/cha_phonlamai_kw00_bing_000094.jpg,cha_phonlamai,kw00,1,ชาผลไม้ แก้ว,th,bing,web_scrape,,1500,1000,1.5,RGB,False,False,
cha_phonlamai_kw00_bing_000096.jpg,cha_phonlamai/cha_phonlamai_kw00_bing_000096.jpg,cha_phonlamai,kw00,1,ชาผลไม้ แก้ว,th,bing,web_scrape,,4375,2823,1.5498,RGB,False,False,
cha_phonlamai_kw00_bing_000097.jpg,cha_phonlamai/cha_phonlamai_kw00_bing_000097.jpg,cha_phonlamai,kw00,1,ชาผลไม้ แก้ว,th,bing,web_scrape,,1024,1024,1.0,RGB,False,False,
cha_phonlamai_kw00_bing_000100.jpg,cha_phonlamai/cha_phonlamai_kw00_bing_000100.jpg,cha_phonlamai,kw00,1,ชาผลไม้ แก้ว,th,bing,web_scrape,,1680,1050,1.6,RGB,False,False,
cha_phonlamai_kw00_bing_000102.jpg,cha_phonlamai/cha_phonlamai_kw00_bing_000102.jpg,cha_phonlamai,kw00,1,ชาผลไม้ แก้ว,th,bing,web_scrape,,1300,867,1.4994,RGB,False,True,
cha_phonlamai_kw00_bing_000104.jpg,cha_phonlamai/cha_phonlamai_kw00_bing_000104.jpg,cha_phonlamai,kw00,1,ชาผลไม้ แก้ว,th,bing,web_scrape,,1300,860,1.5116,RGB,False,True,
cha_phonlamai_kw00_bing_000108.jpg,cha_phonlamai/cha_phonlamai_kw00_bing_000108.jpg,cha_phonlamai,kw00,1,ชาผลไม้ แก้ว,th,bing,web_scrape,,1600,900,1.7778,RGB,False,True,
cha_phonlamai_kw00_bing_000109.jpg,cha_phonlamai/cha_phonlamai_kw00_bing_000109.jpg,cha_phonlamai,kw00,1,ชาผลไม้ แก้ว,th,bing,web_scrape,,780,439,1.7768,RGB,False,True,
cha_phonlamai_kw00_bing_000111.jpg,cha_phonlamai/cha_phonlamai_kw00_bing_000111.jpg,cha_phonlamai,kw00,1,ชาผลไม้ แก้ว,th,bing,web_scrape,,1792,1024,1.75,RGB,False,True,
cha_phonlamai_kw00_bing_000113.jpg,cha_phonlamai/cha_phonlamai_kw00_bing_000113.jpg,cha_phonlamai,kw00,1,ชาผลไม้ แก้ว,th,bing,web_scrape,,800,500,1.6,RGB,False,True,
cha_phonlamai_kw00_bing_000114.jpg,cha_phonlamai/cha_phonlamai_kw00_bing_000114.jpg,cha_phonlamai,kw00,1,ชาผลไม้ แก้ว,th,bing,web_scrape,,1000,700,1.4286,RGB,False,True,
cha_phonlamai_kw01_bing_000000.jpg,cha_phonlamai/cha_phonlamai_kw01_bing_000000.jpg,cha_phonlamai,kw01,1,ชาพีชเย็น แก้ว,th,bing,web_scrape,,626,626,1.0,RGB,False,False,
cha_phonlamai_kw01_bing_000001.jpg,cha_phonlamai/cha_phonlamai_kw01_bing_000001.jpg,cha_phonlamai,kw01,1,ชาพีชเย็น แก้ว,th,bing,web_scrape,,480,714,0.6723,RGB,False,False,
cha_phonlamai_kw01_bing_000002.jpg,cha_phonlamai/cha_phonlamai_kw01_bing_000002.jpg,cha_phonlamai,kw01,1,ชาพีชเย็น แก้ว,th,bing,web_scrape,,1425,1900,0.75,RGB,False,False,
cha_phonlamai_kw01_bing_000003.jpg,cha_phonlamai/cha_phonlamai_kw01_bing_000003.jpg,cha_phonlamai,kw01,1,ชาพีชเย็น แก้ว,th,bing,web_scrape,,1000,440,2.2727,RGB,False,False,
cha_phonlamai_kw01_bing_000004.jpg,cha_phonlamai/cha_phonlamai_kw01_bing_000004.jpg,cha_phonlamai,kw01,1,ชาพีชเย็น แก้ว,th,bing,web_scrape,,1200,628,1.9108,RGB,False,False,
cha_phonlamai_kw01_bing_000005.jpg,cha_phonlamai/cha_phonlamai_kw01_bing_000005.jpg,cha_phonlamai,kw01,1,ชาพีชเย็น แก้ว,th,bing,web_scrape,,640,640,1.0,RGB,False,False,
cha_phonlamai_kw01_bing_000006.jpg,cha_phonlamai/cha_phonlamai_kw01_bing_000006.jpg,cha_phonlamai,kw01,1,ชาพีชเย็น แก้ว,th,bing,web_scrape,,810,1502,0.5393,RGB,False,False,
cha_phonlamai_kw01_bing_000007.jpg,cha_phonlamai/cha_phonlamai_kw01_bing_000007.jpg,cha_phonlamai,kw01,1,ชาพีชเย็น แก้ว,th,bing,web_scrape,,750,758,0.9894,RGB,False,False,
cha_phonlamai_kw01_bing_000009.png,cha_phonlamai/cha_phonlamai_kw01_bing_000009.png,cha_phonlamai,kw01,1,ชาพีชเย็น แก้ว,th,bing,web_scrape,,1200,1200,1.0,RGBA,False,False,
cha_phonlamai_kw01_bing_000010.jpg,cha_phonlamai/cha_phonlamai_kw01_bing_000010.jpg,cha_phonlamai,kw01,1,ชาพีชเย็น แก้ว,th,bing,web_scrape,,1080,1080,1.0,RGB,False,False,
cha_phonlamai_kw01_bing_000012.jpg,cha_phonlamai/cha_phonlamai_kw01_bing_000012.jpg,cha_phonlamai,kw01,1,ชาพีชเย็น แก้ว,th,bing,web_scrape,,1280,720,1.7778,RGB,False,False,
cha_phonlamai_kw01_bing_000013.jpg,cha_phonlamai/cha_phonlamai_kw01_bing_000013.jpg,cha_phonlamai,kw01,1,ชาพีชเย็น แก้ว,th,bing,web_scrape,,1280,720,1.7778,RGB,False,False,
cha_phonlamai_kw01_bing_000014.jpg,cha_phonlamai/cha_phonlamai_kw01_bing_000014.jpg,cha_phonlamai,kw01,1,ชาพีชเย็น แก้ว,th,bing,web_scrape,,980,980,1.0,RGB,False,False,
cha_phonlamai_kw01_bing_000015.jpg,cha_phonlamai/cha_phonlamai_kw01_bing_000015.jpg,cha_phonlamai,kw01,1,ชาพีชเย็น แก้ว,th,bing,web_scrape,,1440,1920,0.75,RGB,False,False,
cha_phonlamai_kw01_bing_000016.jpg,cha_phonlamai/cha_phonlamai_kw01_bing_000016.jpg,cha_phonlamai,kw01,1,ชาพีชเย็น แก้ว,th,bing,web_scrape,,1024,1024,1.0,RGB,False,False,
cha_phonlamai_kw01_bing_000017.png,cha_phonlamai/cha_phonlamai_kw01_bing_000017.png,cha_phonlamai,kw01,1,ชาพีชเย็น แก้ว,th,bing,web_scrape,,640,640,1.0,RGBA,False,False,
cha_phonlamai_kw01_bing_000018.jpg,cha_phonlamai/cha_phonlamai_kw01_bing_000018.jpg,cha_phonlamai,kw01,1,ชาพีชเย็น แก้ว,th,bing,web_scrape,,1024,1024,1.0,RGB,False,False,
cha_phonlamai_kw01_bing_000019.jpg,cha_phonlamai/cha_phonlamai_kw01_bing_000019.jpg,cha_phonlamai,kw01,1,ชาพีชเย็น แก้ว,th,bing,web_scrape,,2501,1501,1.6662,RGB,False,False,
cha_phonlamai_kw01_bing_000020.jpg,cha_phonlamai/cha_phonlamai_kw01_bing_000020.jpg,cha_phonlamai,kw01,1,ชาพีชเย็น แก้ว,th,bing,web_scrape,,800,800,1.0,RGB,False,False,
cha_phonlamai_kw01_bing_000021.jpg,cha_phonlamai/cha_phonlamai_kw01_bing_000021.jpg,cha_phonlamai,kw01,1,ชาพีชเย็น แก้ว,th,bing,web_scrape,,1024,1024,1.0,RGB,False,False,
cha_phonlamai_kw01_bing_000022.jpg,cha_phonlamai/cha_phonlamai_kw01_bing_000022.jpg,cha_phonlamai,kw01,1,ชาพีชเย็น แก้ว,th,bing,web_scrape,,1920,1920,1.0,RGB,False,False,
cha_phonlamai_kw01_bing_000023.webp,cha_phonlamai/cha_phonlamai_kw01_bing_000023.webp,cha_phonlamai,kw01,1,ชาพีชเย็น แก้ว,th,bing,web_scrape,,800,800,1.0,RGB,False,False,
cha_phonlamai_kw01_bing_000024.webp,cha_phonlamai/cha_phonlamai_kw01_bing_000024.webp,cha_phonlamai,kw01,1,ชาพีชเย็น แก้ว,th,bing,web_scrape,,1024,1024,1.0,RGB,False,False,
cha_phonlamai_kw01_bing_000025.jpg,cha_phonlamai/cha_phonlamai_kw01_bing_000025.jpg,cha_phonlamai,kw01,1,ชาพีชเย็น แก้ว,th,bing,web_scrape,,1080,1080,1.0,RGB,False,False,
cha_phonlamai_kw01_bing_000026.jpg,cha_phonlamai/cha_phonlamai_kw01_bing_000026.jpg,cha_phonlamai,kw01,1,ชาพีชเย็น แก้ว,th,bing,web_scrape,,800,800,1.0,RGB,False,False,
cha_phonlamai_kw01_bing_000028.png,cha_phonlamai/cha_phonlamai_kw01_bing_000028.png,cha_phonlamai,kw01,1,ชาพีชเย็น แก้ว,th,bing,web_scrape,,800,950,0.8421,RGBA,False,False,
cha_phonlamai_kw01_bing_000029.jpg,cha_phonlamai/cha_phonlamai_kw01_bing_000029.jpg,cha_phonlamai,kw01,1,ชาพีชเย็น แก้ว,th,bing,web_scrape,,1024,1024,1.0,RGB,False,False,
cha_phonlamai_kw01_bing_000030.jpg,cha_phonlamai/cha_phonlamai_kw01_bing_000030.jpg,cha_phonlamai,kw01,1,ชาพีชเย็น แก้ว,th,bing,web_scrape,,922,1382,0.6671,RGB,False,False,
cha_phonlamai_kw01_bing_000032.jpg,cha_phonlamai/cha_phonlamai_kw01_bing_000032.jpg,cha_phonlamai,kw01,1,ชาพีชเย็น แก้ว,th,bing,web_scrape,,3024,4032,0.75,RGB,False,False,
cha_phonlamai_kw01_bing_000033.jpg,cha_phonlamai/cha_phonlamai_kw01_bing_000033.jpg,cha_phonlamai,kw01,1,ชาพีชเย็น แก้ว,th,bing,web_scrape,,1500,1500,1.0,RGB,False,False,
cha_phonlamai_kw01_bing_000035.jpg,cha_phonlamai/cha_phonlamai_kw01_bing_000035.jpg,cha_phonlamai,kw01,1,ชาพีชเย็น แก้ว,th,bing,web_scrape,,1280,720,1.7778,RGB,False,False,
cha_phonlamai_kw01_bing_000037.jpg,cha_phonlamai/cha_phonlamai_kw01_bing_000037.jpg,cha_phonlamai,kw01,1,ชาพีชเย็น แก้ว,th,bing,web_scrape,,720,720,1.0,RGB,False,False,
cha_phonlamai_kw01_bing_000038.jpg,cha_phonlamai/cha_phonlamai_kw01_bing_000038.jpg,cha_phonlamai,kw01,1,ชาพีชเย็น แก้ว,th,bing,web_scrape,,1280,720,1.7778,RGB,False,False,
cha_phonlamai_kw01_bing_000039.jpg,cha_phonlamai/cha_phonlamai_kw01_bing_000039.jpg,cha_phonlamai,kw01,1,ชาพีชเย็น แก้ว,th,bing,web_scrape,,800,800,1.0,RGB,False,False,
cha_phonlamai_kw01_bing_000040.png,cha_phonlamai/cha_phonlamai_kw01_bing_000040.png,cha_phonlamai,kw01,1,ชาพีชเย็น แก้ว,th,bing,web_scrape,,540,360,1.5,RGBA,False,False,
cha_phonlamai_kw01_bing_000041.jpg,cha_phonlamai/cha_phonlamai_kw01_bing_000041.jpg,cha_phonlamai,kw01,1,ชาพีชเย็น แก้ว,th,bing,web_scrape,,398,399,0.9975,RGB,False,False,
cha_phonlamai_kw01_bing_000043.jpg,cha_phonlamai/cha_phonlamai_kw01_bing_000043.jpg,cha_phonlamai,kw01,1,ชาพีชเย็น แก้ว,th,bing,web_scrape,,1280,720,1.7778,RGB,False,False,
cha_phonlamai_kw01_bing_000044.png,cha_phonlamai/cha_phonlamai_kw01_bing_000044.png,cha_phonlamai,kw01,1,ชาพีชเย็น แก้ว,th,bing,web_scrape,,1200,1200,1.0,RGBA,False,False,
cha_phonlamai_kw01_bing_000045.jpg,cha_phonlamai/cha_phonlamai_kw01_bing_000045.jpg,cha_phonlamai,kw01,1,ชาพีชเย็น แก้ว,th,bing,web_scrape,,1200,628,1.9108,RGB,False,False,
cha_phonlamai_kw01_bing_000046.png,cha_phonlamai/cha_phonlamai_kw01_bing_000046.png,cha_phonlamai,kw01,1,ชาพีชเย็น แก้ว,th,bing,web_scrape,,500,500,1.0,RGBA,False,False,
cha_phonlamai_kw01_bing_000047.png,cha_phonlamai/cha_phonlamai_kw01_bing_000047.png,cha_phonlamai,kw01,1,ชาพีชเย็น แก้ว,th,bing,web_scrape,,1080,1080,1.0,RGBA,False,False,
cha_phonlamai_kw01_bing_000048.jpg,cha_phonlamai/cha_phonlamai_kw01_bing_000048.jpg,cha_phonlamai,kw01,1,ชาพีชเย็น แก้ว,th,bing,web_scrape,,960,960,1.0,RGB,False,False,
cha_phonlamai_kw01_bing_000049.jpg,cha_phonlamai/cha_phonlamai_kw01_bing_000049.jpg,cha_phonlamai,kw01,1,ชาพีชเย็น แก้ว,th,bing,web_scrape,,1024,1024,1.0,RGB,False,False,
cha_phonlamai_kw01_bing_000050.jpg,cha_phonlamai/cha_phonlamai_kw01_bing_000050.jpg,cha_phonlamai,kw01,1,ชาพีชเย็น แก้ว,th,bing,web_scrape,,815,875,0.9314,RGB,False,False,
cha_phonlamai_kw01_bing_000051.jpg,cha_phonlamai/cha_phonlamai_kw01_bing_000051.jpg,cha_phonlamai,kw01,1,ชาพีชเย็น แก้ว,th,bing,web_scrape,,800,800,1.0,RGB,False,False,
cha_phonlamai_kw01_bing_000052.jpg,cha_phonlamai/cha_phonlamai_kw01_bing_000052.jpg,cha_phonlamai,kw01,1,ชาพีชเย็น แก้ว,th,bing,web_scrape,,720,720,1.0,RGB,False,False,
cha_phonlamai_kw01_bing_000053.png,cha_phonlamai/cha_phonlamai_kw01_bing_000053.png,cha_phonlamai,kw01,1,ชาพีชเย็น แก้ว,th,bing,web_scrape,,360,360,1.0,RGBA,False,False,
cha_phonlamai_kw01_bing_000054.png,cha_phonlamai/cha_phonlamai_kw01_bing_000054.png,cha_phonlamai,kw01,1,ชาพีชเย็น แก้ว,th,bing,web_scrape,,1200,901,1.3319,RGB,False,False,
cha_phonlamai_kw01_bing_000055.png,cha_phonlamai/cha_phonlamai_kw01_bing_000055.png,cha_phonlamai,kw01,1,ชาพีชเย็น แก้ว,th,bing,web_scrape,,360,360,1.0,RGBA,False,False,
cha_phonlamai_kw01_bing_000056.png,cha_phonlamai/cha_phonlamai_kw01_bing_000056.png,cha_phonlamai,kw01,1,ชาพีชเย็น แก้ว,th,bing,web_scrape,,360,360,1.0,RGBA,False,False,
cha_phonlamai_kw01_bing_000057.jpg,cha_phonlamai/cha_phonlamai_kw01_bing_000057.jpg,cha_phonlamai,kw01,1,ชาพีชเย็น แก้ว,th,bing,web_scrape,,1024,1024,1.0,RGB,False,False,
cha_phonlamai_kw01_bing_000059.jpg,cha_phonlamai/cha_phonlamai_kw01_bing_000059.jpg,cha_phonlamai,kw01,1,ชาพีชเย็น แก้ว,th,bing,web_scrape,,1024,1024,1.0,RGB,False,False,
cha_phonlamai_kw01_bing_000061.jpg,cha_phonlamai/cha_phonlamai_kw01_bing_000061.jpg,cha_phonlamai,kw01,1,ชาพีชเย็น แก้ว,th,bing,web_scrape,,964,1280,0.7531,RGB,False,False,
cha_phonlamai_kw01_bing_000063.png,cha_phonlamai/cha_phonlamai_kw01_bing_000063.png,cha_phonlamai,kw01,1,ชาพีชเย็น แก้ว,th,bing,web_scrape,,360,360,1.0,RGBA,False,False,
cha_phonlamai_kw01_bing_000066.jpg,cha_phonlamai/cha_phonlamai_kw01_bing_000066.jpg,cha_phonlamai,kw01,1,ชาพีชเย็น แก้ว,th,bing,web_scrape,,1024,1024,1.0,RGB,False,False,
cha_phonlamai_kw01_bing_000068.jpg,cha_phonlamai/cha_phonlamai_kw01_bing_000068.jpg,cha_phonlamai,kw01,1,ชาพีชเย็น แก้ว,th,bing,web_scrape,,957,1159,0.8257,RGB,False,False,
cha_phonlamai_kw01_bing_000071.webp,cha_phonlamai/cha_phonlamai_kw01_bing_000071.webp,cha_phonlamai,kw01,1,ชาพีชเย็น แก้ว,th,bing,web_scrape,,1024,1024,1.0,RGB,False,False,
cha_phonlamai_kw01_bing_000072.png,cha_phonlamai/cha_phonlamai_kw01_bing_000072.png,cha_phonlamai,kw01,1,ชาพีชเย็น แก้ว,th,bing,web_scrape,,1000,1000,1.0,RGB,False,False,
cha_phonlamai_kw01_bing_000074.jpg,cha_phonlamai/cha_phonlamai_kw01_bing_000074.jpg,cha_phonlamai,kw01,1,ชาพีชเย็น แก้ว,th,bing,web_scrape,,500,500,1.0,RGB,False,False,
cha_phonlamai_kw01_bing_000076.jpg,cha_phonlamai/cha_phonlamai_kw01_bing_000076.jpg,cha_phonlamai,kw01,1,ชาพีชเย็น แก้ว,th,bing,web_scrape,,500,500,1.0,RGB,False,False,
cha_phonlamai_kw01_bing_000077.png,cha_phonlamai/cha_phonlamai_kw01_bing_000077.png,cha_phonlamai,kw01,1,ชาพีชเย็น แก้ว,th,bing,web_scrape,,1024,1024,1.0,RGBA,False,False,
cha_phonlamai_kw01_bing_000079.png,cha_phonlamai/cha_phonlamai_kw01_bing_000079.png,cha_phonlamai,kw01,1,ชาพีชเย็น แก้ว,th,bing,web_scrape,,541,361,1.4986,RGBA,False,True,
cha_phonlamai_kw01_bing_000080.jpg,cha_phonlamai/cha_phonlamai_kw01_bing_000080.jpg,cha_phonlamai,kw01,1,ชาพีชเย็น แก้ว,th,bing,web_scrape,,800,800,1.0,RGB,False,False,
cha_phonlamai_kw01_bing_000081.jpg,cha_phonlamai/cha_phonlamai_kw01_bing_000081.jpg,cha_phonlamai,kw01,1,ชาพีชเย็น แก้ว,th,bing,web_scrape,,800,800,1.0,RGB,False,False,
cha_phonlamai_kw01_bing_000083.png,cha_phonlamai/cha_phonlamai_kw01_bing_000083.png,cha_phonlamai,kw01,1,ชาพีชเย็น แก้ว,th,bing,web_scrape,,700,700,1.0,RGBA,False,True,
cha_phonlamai_kw01_bing_000084.png,cha_phonlamai/cha_phonlamai_kw01_bing_000084.png,cha_phonlamai,kw01,1,ชาพีชเย็น แก้ว,th,bing,web_scrape,,360,360,1.0,RGBA,False,False,
cha_phonlamai_kw01_bing_000086.jpg,cha_phonlamai/cha_phonlamai_kw01_bing_000086.jpg,cha_phonlamai,kw01,1,ชาพีชเย็น แก้ว,th,bing,web_scrape,,850,850,1.0,RGB,False,False,
cha_phonlamai_kw01_bing_000087.jpg,cha_phonlamai/cha_phonlamai_kw01_bing_000087.jpg,cha_phonlamai,kw01,1,ชาพีชเย็น แก้ว,th,bing,web_scrape,,800,800,1.0,RGB,False,False,
cha_phonlamai_kw01_bing_000088.jpg,cha_phonlamai/cha_phonlamai_kw01_bing_000088.jpg,cha_phonlamai,kw01,1,ชาพีชเย็น แก้ว,th,bing,web_scrape,,1440,1920,0.75,RGB,False,False,
cha_phonlamai_kw01_bing_000091.jpg,cha_phonlamai/cha_phonlamai_kw01_bing_000091.jpg,cha_phonlamai,kw01,1,ชาพีชเย็น แก้ว,th,bing,web_scrape,,720,642,1.1215,RGB,False,False,
cha_phonlamai_kw01_bing_000093.jpg,cha_phonlamai/cha_phonlamai_kw01_bing_000093.jpg,cha_phonlamai,kw01,1,ชาพีชเย็น แก้ว,th,bing,web_scrape,,1000,1000,1.0,RGB,False,False,
cha_phonlamai_kw01_bing_000094.jpg,cha_phonlamai/cha_phonlamai_kw01_bing_000094.jpg,cha_phonlamai,kw01,1,ชาพีชเย็น แก้ว,th,bing,web_scrape,,800,800,1.0,RGB,False,False,
cha_phonlamai_kw01_bing_000095.jpg,cha_phonlamai/cha_phonlamai_kw01_bing_000095.jpg,cha_phonlamai,kw01,1,ชาพีชเย็น แก้ว,th,bing,web_scrape,,800,800,1.0,RGB,False,False,
cha_phonlamai_kw01_bing_000096.webp,cha_phonlamai/cha_phonlamai_kw01_bing_000096.webp,cha_phonlamai,kw01,1,ชาพีชเย็น แก้ว,th,bing,web_scrape,,1560,2080,0.75,RGB,False,False,
cha_phonlamai_kw01_bing_000097.png,cha_phonlamai/cha_phonlamai_kw01_bing_000097.png,cha_phonlamai,kw01,1,ชาพีชเย็น แก้ว,th,bing,web_scrape,,360,360,1.0,RGBA,False,False,
cha_phonlamai_kw01_bing_000100.jpg,cha_phonlamai/cha_phonlamai_kw01_bing_000100.jpg,cha_phonlamai,kw01,1,ชาพีชเย็น แก้ว,th,bing,web_scrape,,833,1389,0.5997,RGB,False,False,
cha_phonlamai_kw01_bing_000101.png,cha_phonlamai/cha_phonlamai_kw01_bing_000101.png,cha_phonlamai,kw01,1,ชาพีชเย็น แก้ว,th,bing,web_scrape,,360,360,1.0,RGBA,False,False,
cha_phonlamai_kw01_bing_000102.jpg,cha_phonlamai/cha_phonlamai_kw01_bing_000102.jpg,cha_phonlamai,kw01,1,ชาพีชเย็น แก้ว,th,bing,web_scrape,,720,720,1.0,RGB,False,False,
cha_phonlamai_kw01_bing_000103.jpg,cha_phonlamai/cha_phonlamai_kw01_bing_000103.jpg,cha_phonlamai,kw01,1,ชาพีชเย็น แก้ว,th,bing,web_scrape,,446,404,1.104,RGB,False,False,
cha_phonlamai_kw01_bing_000105.jpg,cha_phonlamai/cha_phonlamai_kw01_bing_000105.jpg,cha_phonlamai,kw01,1,ชาพีชเย็น แก้ว,th,bing,web_scrape,,750,772,0.9715,RGB,False,False,
cha_phonlamai_kw01_bing_000112.jpg,cha_phonlamai/cha_phonlamai_kw01_bing_000112.jpg,cha_phonlamai,kw01,1,ชาพีชเย็น แก้ว,th,bing,web_scrape,,1080,1080,1.0,RGB,False,True,
cha_phonlamai_kw01_bing_000113.webp,cha_phonlamai/cha_phonlamai_kw01_bing_000113.webp,cha_phonlamai,kw01,1,ชาพีชเย็น แก้ว,th,bing,web_scrape,,1200,675,1.7778,RGB,False,False,
cha_phonlamai_kw02_bing_000000.jpg,cha_phonlamai/cha_phonlamai_kw02_bing_000000.jpg,cha_phonlamai,kw02,1,ชาลิ้นจี่ ชาเสาวรส เย็น,th,bing,web_scrape,,800,800,1.0,RGB,False,False,
cha_phonlamai_kw02_bing_000003.jpg,cha_phonlamai/cha_phonlamai_kw02_bing_000003.jpg,cha_phonlamai,kw02,1,ชาลิ้นจี่ ชาเสาวรส เย็น,th,bing,web_scrape,,1040,1040,1.0,RGB,False,False,
cha_phonlamai_kw02_bing_000004.jpg,cha_phonlamai/cha_phonlamai_kw02_bing_000004.jpg,cha_phonlamai,kw02,1,ชาลิ้นจี่ ชาเสาวรส เย็น,th,bing,web_scrape,,3456,3456,1.0,RGB,False,False,
cha_phonlamai_kw02_bing_000006.jpg,cha_phonlamai/cha_phonlamai_kw02_bing_000006.jpg,cha_phonlamai,kw02,1,ชาลิ้นจี่ ชาเสาวรส เย็น,th,bing,web_scrape,,800,779,1.027,RGB,False,False,
cha_phonlamai_kw02_bing_000007.jpg,cha_phonlamai/cha_phonlamai_kw02_bing_000007.jpg,cha_phonlamai,kw02,1,ชาลิ้นจี่ ชาเสาวรส เย็น,th,bing,web_scrape,,800,800,1.0,RGB,False,False,
cha_phonlamai_kw02_bing_000008.jpg,cha_phonlamai/cha_phonlamai_kw02_bing_000008.jpg,cha_phonlamai,kw02,1,ชาลิ้นจี่ ชาเสาวรส เย็น,th,bing,web_scrape,,800,800,1.0,RGB,False,False,
cha_phonlamai_kw02_bing_000010.jpg,cha_phonlamai/cha_phonlamai_kw02_bing_000010.jpg,cha_phonlamai,kw02,1,ชาลิ้นจี่ ชาเสาวรส เย็น,th,bing,web_scrape,,1024,1024,1.0,RGB,False,False,
cha_phonlamai_kw02_bing_000011.webp,cha_phonlamai/cha_phonlamai_kw02_bing_000011.webp,cha_phonlamai,kw02,1,ชาลิ้นจี่ ชาเสาวรส เย็น,th,bing,web_scrape,,1288,1719,0.7493,RGB,False,False,
cha_phonlamai_kw02_bing_000012.jpg,cha_phonlamai/cha_phonlamai_kw02_bing_000012.jpg,cha_phonlamai,kw02,1,ชาลิ้นจี่ ชาเสาวรส เย็น,th,bing,web_scrape,,1000,650,1.5385,RGB,False,False,
cha_phonlamai_kw02_bing_000013.jpg,cha_phonlamai/cha_phonlamai_kw02_bing_000013.jpg,cha_phonlamai,kw02,1,ชาลิ้นจี่ ชาเสาวรส เย็น,th,bing,web_scrape,,1108,1478,0.7497,RGB,False,False,
cha_phonlamai_kw02_bing_000015.png,cha_phonlamai/cha_phonlamai_kw02_bing_000015.png,cha_phonlamai,kw02,1,ชาลิ้นจี่ ชาเสาวรส เย็น,th,bing,web_scrape,,1467,1900,0.7721,RGB,False,False,
cha_phonlamai_kw02_bing_000016.jpg,cha_phonlamai/cha_phonlamai_kw02_bing_000016.jpg,cha_phonlamai,kw02,1,ชาลิ้นจี่ ชาเสาวรส เย็น,th,bing,web_scrape,,1500,1186,1.2648,RGB,False,False,
cha_phonlamai_kw02_bing_000018.png,cha_phonlamai/cha_phonlamai_kw02_bing_000018.png,cha_phonlamai,kw02,1,ชาลิ้นจี่ ชาเสาวรส เย็น,th,bing,web_scrape,,1140,597,1.9095,P,False,False,
cha_phonlamai_kw02_bing_000019.webp,cha_phonlamai/cha_phonlamai_kw02_bing_000019.webp,cha_phonlamai,kw02,1,ชาลิ้นจี่ ชาเสาวรส เย็น,th,bing,web_scrape,,1335,1779,0.7504,RGB,False,False,
cha_phonlamai_kw02_bing_000020.jpg,cha_phonlamai/cha_phonlamai_kw02_bing_000020.jpg,cha_phonlamai,kw02,1,ชาลิ้นจี่ ชาเสาวรส เย็น,th,bing,web_scrape,,1440,1920,0.75,RGB,False,False,
cha_phonlamai_kw02_bing_000021.jpg,cha_phonlamai/cha_phonlamai_kw02_bing_000021.jpg,cha_phonlamai,kw02,1,ชาลิ้นจี่ ชาเสาวรส เย็น,th,bing,web_scrape,,1919,1080,1.7769,RGB,False,False,
cha_phonlamai_kw02_bing_000025.jpg,cha_phonlamai/cha_phonlamai_kw02_bing_000025.jpg,cha_phonlamai,kw02,1,ชาลิ้นจี่ ชาเสาวรส เย็น,th,bing,web_scrape,,510,510,1.0,RGB,False,False,
cha_phonlamai_kw02_bing_000026.jpg,cha_phonlamai/cha_phonlamai_kw02_bing_000026.jpg,cha_phonlamai,kw02,1,ชาลิ้นจี่ ชาเสาวรส เย็น,th,bing,web_scrape,,1024,1024,1.0,RGB,False,False,
cha_phonlamai_kw02_bing_000029.jpg,cha_phonlamai/cha_phonlamai_kw02_bing_000029.jpg,cha_phonlamai,kw02,1,ชาลิ้นจี่ ชาเสาวรส เย็น,th,bing,web_scrape,,512,512,1.0,RGB,False,False,
cha_phonlamai_kw02_bing_000030.webp,cha_phonlamai/cha_phonlamai_kw02_bing_000030.webp,cha_phonlamai,kw02,1,ชาลิ้นจี่ ชาเสาวรส เย็น,th,bing,web_scrape,,1500,1500,1.0,RGB,False,False,
cha_phonlamai_kw02_bing_000032.jpg,cha_phonlamai/cha_phonlamai_kw02_bing_000032.jpg,cha_phonlamai,kw02,1,ชาลิ้นจี่ ชาเสาวรส เย็น,th,bing,web_scrape,,947,1329,0.7126,RGB,False,False,
cha_phonlamai_kw02_bing_000033.jpg,cha_phonlamai/cha_phonlamai_kw02_bing_000033.jpg,cha_phonlamai,kw02,1,ชาลิ้นจี่ ชาเสาวรส เย็น,th,bing,web_scrape,,1277,861,1.4832,RGB,False,False,
cha_phonlamai_kw02_bing_000035.jpg,cha_phonlamai/cha_phonlamai_kw02_bing_000035.jpg,cha_phonlamai,kw02,1,ชาลิ้นจี่ ชาเสาวรส เย็น,th,bing,web_scrape,,720,665,1.0827,RGB,False,False,
cha_phonlamai_kw02_bing_000036.jpg,cha_phonlamai/cha_phonlamai_kw02_bing_000036.jpg,cha_phonlamai,kw02,1,ชาลิ้นจี่ ชาเสาวรส เย็น,th,bing,web_scrape,,400,400,1.0,RGB,False,False,
cha_phonlamai_kw02_bing_000037.jpg,cha_phonlamai/cha_phonlamai_kw02_bing_000037.jpg,cha_phonlamai,kw02,1,ชาลิ้นจี่ ชาเสาวรส เย็น,th,bing,web_scrape,,1280,720,1.7778,RGB,False,False,
cha_phonlamai_kw02_bing_000038.jpg,cha_phonlamai/cha_phonlamai_kw02_bing_000038.jpg,cha_phonlamai,kw02,1,ชาลิ้นจี่ ชาเสาวรส เย็น,th,bing,web_scrape,,1920,1920,1.0,RGB,False,False,
cha_phonlamai_kw02_bing_000039.jpg,cha_phonlamai/cha_phonlamai_kw02_bing_000039.jpg,cha_phonlamai,kw02,1,ชาลิ้นจี่ ชาเสาวรส เย็น,th,bing,web_scrape,,720,889,0.8099,RGB,False,False,
cha_phonlamai_kw02_bing_000040.webp,cha_phonlamai/cha_phonlamai_kw02_bing_000040.webp,cha_phonlamai,kw02,1,ชาลิ้นจี่ ชาเสาวรส เย็น,th,bing,web_scrape,,1280,853,1.5006,RGB,False,False,
cha_phonlamai_kw02_bing_000041.webp,cha_phonlamai/cha_phonlamai_kw02_bing_000041.webp,cha_phonlamai,kw02,1,ชาลิ้นจี่ ชาเสาวรส เย็น,th,bing,web_scrape,,1040,1040,1.0,RGB,False,False,
cha_phonlamai_kw02_bing_000042.jpg,cha_phonlamai/cha_phonlamai_kw02_bing_000042.jpg,cha_phonlamai,kw02,1,ชาลิ้นจี่ ชาเสาวรส เย็น,th,bing,web_scrape,,1664,1664,1.0,RGB,False,False,
cha_phonlamai_kw02_bing_000043.jpg,cha_phonlamai/cha_phonlamai_kw02_bing_000043.jpg,cha_phonlamai,kw02,1,ชาลิ้นจี่ ชาเสาวรส เย็น,th,bing,web_scrape,,800,800,1.0,RGB,False,False,
cha_phonlamai_kw02_bing_000045.jpg,cha_phonlamai/cha_phonlamai_kw02_bing_000045.jpg,cha_phonlamai,kw02,1,ชาลิ้นจี่ ชาเสาวรส เย็น,th,bing,web_scrape,,720,720,1.0,RGB,False,False,
cha_phonlamai_kw02_bing_000046.jpg,cha_phonlamai/cha_phonlamai_kw02_bing_000046.jpg,cha_phonlamai,kw02,1,ชาลิ้นจี่ ชาเสาวรส เย็น,th,bing,web_scrape,,720,720,1.0,RGB,False,False,
cha_phonlamai_kw02_bing_000047.jpg,cha_phonlamai/cha_phonlamai_kw02_bing_000047.jpg,cha_phonlamai,kw02,1,ชาลิ้นจี่ ชาเสาวรส เย็น,th,bing,web_scrape,,480,360,1.3333,RGB,False,False,
cha_phonlamai_kw02_bing_000048.jpg,cha_phonlamai/cha_phonlamai_kw02_bing_000048.jpg,cha_phonlamai,kw02,1,ชาลิ้นจี่ ชาเสาวรส เย็น,th,bing,web_scrape,,1297,1296,1.0008,RGB,False,False,
cha_phonlamai_kw02_bing_000049.jpg,cha_phonlamai/cha_phonlamai_kw02_bing_000049.jpg,cha_phonlamai,kw02,1,ชาลิ้นจี่ ชาเสาวรส เย็น,th,bing,web_scrape,,600,407,1.4742,RGB,False,False,
cha_phonlamai_kw02_bing_000051.webp,cha_phonlamai/cha_phonlamai_kw02_bing_000051.webp,cha_phonlamai,kw02,1,ชาลิ้นจี่ ชาเสาวรส เย็น,th,bing,web_scrape,,1280,1280,1.0,RGB,False,False,
cha_phonlamai_kw02_bing_000052.jpg,cha_phonlamai/cha_phonlamai_kw02_bing_000052.jpg,cha_phonlamai,kw02,1,ชาลิ้นจี่ ชาเสาวรส เย็น,th,bing,web_scrape,,766,912,0.8399,RGB,False,False,
cha_phonlamai_kw02_bing_000053.jpg,cha_phonlamai/cha_phonlamai_kw02_bing_000053.jpg,cha_phonlamai,kw02,1,ชาลิ้นจี่ ชาเสาวรส เย็น,th,bing,web_scrape,,749,1000,0.749,RGB,False,False,
cha_phonlamai_kw02_bing_000056.webp,cha_phonlamai/cha_phonlamai_kw02_bing_000056.webp,cha_phonlamai,kw02,1,ชาลิ้นจี่ ชาเสาวรส เย็น,th,bing,web_scrape,,1024,1024,1.0,RGB,False,False,
cha_phonlamai_kw02_bing_000057.jpg,cha_phonlamai/cha_phonlamai_kw02_bing_000057.jpg,cha_phonlamai,kw02,1,ชาลิ้นจี่ ชาเสาวรส เย็น,th,bing,web_scrape,,1280,720,1.7778,RGB,False,False,
cha_phonlamai_kw02_bing_000058.jpg,cha_phonlamai/cha_phonlamai_kw02_bing_000058.jpg,cha_phonlamai,kw02,1,ชาลิ้นจี่ ชาเสาวรส เย็น,th,bing,web_scrape,,750,1000,0.75,RGB,False,False,
cha_phonlamai_kw02_bing_000059.jpg,cha_phonlamai/cha_phonlamai_kw02_bing_000059.jpg,cha_phonlamai,kw02,1,ชาลิ้นจี่ ชาเสาวรส เย็น,th,bing,web_scrape,,850,850,1.0,RGB,False,False,
cha_phonlamai_kw02_bing_000061.webp,cha_phonlamai/cha_phonlamai_kw02_bing_000061.webp,cha_phonlamai,kw02,1,ชาลิ้นจี่ ชาเสาวรส เย็น,th,bing,web_scrape,,900,1000,0.9,RGB,False,False,
cha_phonlamai_kw02_bing_000062.jpg,cha_phonlamai/cha_phonlamai_kw02_bing_000062.jpg,cha_phonlamai,kw02,1,ชาลิ้นจี่ ชาเสาวรส เย็น,th,bing,web_scrape,,1920,1078,1.7811,RGB,False,False,
cha_phonlamai_kw02_bing_000063.jpg,cha_phonlamai/cha_phonlamai_kw02_bing_000063.jpg,cha_phonlamai,kw02,1,ชาลิ้นจี่ ชาเสาวรส เย็น,th,bing,web_scrape,,1920,1079,1.7794,RGB,False,False,
cha_phonlamai_kw02_bing_000064.jpg,cha_phonlamai/cha_phonlamai_kw02_bing_000064.jpg,cha_phonlamai,kw02,1,ชาลิ้นจี่ ชาเสาวรส เย็น,th,bing,web_scrape,,1024,1024,1.0,RGB,False,False,
cha_phonlamai_kw02_bing_000066.jpg,cha_phonlamai/cha_phonlamai_kw02_bing_000066.jpg,cha_phonlamai,kw02,1,ชาลิ้นจี่ ชาเสาวรส เย็น,th,bing,web_scrape,,720,720,1.0,RGB,False,False,
cha_phonlamai_kw02_bing_000067.jpg,cha_phonlamai/cha_phonlamai_kw02_bing_000067.jpg,cha_phonlamai,kw02,1,ชาลิ้นจี่ ชาเสาวรส เย็น,th,bing,web_scrape,,640,640,1.0,RGB,False,False,
cha_phonlamai_kw02_bing_000068.jpg,cha_phonlamai/cha_phonlamai_kw02_bing_000068.jpg,cha_phonlamai,kw02,1,ชาลิ้นจี่ ชาเสาวรส เย็น,th,bing,web_scrape,,1152,576,2.0,RGB,False,False,
cha_phonlamai_kw02_bing_000069.jpg,cha_phonlamai/cha_phonlamai_kw02_bing_000069.jpg,cha_phonlamai,kw02,1,ชาลิ้นจี่ ชาเสาวรส เย็น,th,bing,web_scrape,,400,400,1.0,RGB,False,False,
cha_phonlamai_kw02_bing_000070.jpg,cha_phonlamai/cha_phonlamai_kw02_bing_000070.jpg,cha_phonlamai,kw02,1,ชาลิ้นจี่ ชาเสาวรส เย็น,th,bing,web_scrape,,800,800,1.0,RGB,False,False,
cha_phonlamai_kw02_bing_000071.jpg,cha_phonlamai/cha_phonlamai_kw02_bing_000071.jpg,cha_phonlamai,kw02,1,ชาลิ้นจี่ ชาเสาวรส เย็น,th,bing,web_scrape,,2160,1723,1.2536,RGB,False,False,
cha_phonlamai_kw02_bing_000072.jpg,cha_phonlamai/cha_phonlamai_kw02_bing_000072.jpg,cha_phonlamai,kw02,1,ชาลิ้นจี่ ชาเสาวรส เย็น,th,bing,web_scrape,,360,540,0.6667,RGB,False,False,
cha_phonlamai_kw02_bing_000073.jpg,cha_phonlamai/cha_phonlamai_kw02_bing_000073.jpg,cha_phonlamai,kw02,1,ชาลิ้นจี่ ชาเสาวรส เย็น,th,bing,web_scrape,,1024,1024,1.0,RGB,False,False,
cha_phonlamai_kw02_bing_000074.jpg,cha_phonlamai/cha_phonlamai_kw02_bing_000074.jpg,cha_phonlamai,kw02,1,ชาลิ้นจี่ ชาเสาวรส เย็น,th,bing,web_scrape,,790,790,1.0,RGB,False,False,
cha_phonlamai_kw02_bing_000075.webp,cha_phonlamai/cha_phonlamai_kw02_bing_000075.webp,cha_phonlamai,kw02,1,ชาลิ้นจี่ ชาเสาวรส เย็น,th,bing,web_scrape,,1560,2080,0.75,RGB,False,False,
cha_phonlamai_kw02_bing_000076.jpg,cha_phonlamai/cha_phonlamai_kw02_bing_000076.jpg,cha_phonlamai,kw02,1,ชาลิ้นจี่ ชาเสาวรส เย็น,th,bing,web_scrape,,1920,2957,0.6493,RGB,False,False,
cha_phonlamai_kw02_bing_000077.jpg,cha_phonlamai/cha_phonlamai_kw02_bing_000077.jpg,cha_phonlamai,kw02,1,ชาลิ้นจี่ ชาเสาวรส เย็น,th,bing,web_scrape,,1080,1080,1.0,RGB,False,False,
cha_phonlamai_kw02_bing_000079.webp,cha_phonlamai/cha_phonlamai_kw02_bing_000079.webp,cha_phonlamai,kw02,1,ชาลิ้นจี่ ชาเสาวรส เย็น,th,bing,web_scrape,,1500,2000,0.75,RGB,False,False,
cha_phonlamai_kw02_bing_000080.webp,cha_phonlamai/cha_phonlamai_kw02_bing_000080.webp,cha_phonlamai,kw02,1,ชาลิ้นจี่ ชาเสาวรส เย็น,th,bing,web_scrape,,1572,2096,0.75,RGB,False,False,
cha_phonlamai_kw02_bing_000081.webp,cha_phonlamai/cha_phonlamai_kw02_bing_000081.webp,cha_phonlamai,kw02,1,ชาลิ้นจี่ ชาเสาวรส เย็น,th,bing,web_scrape,,1536,1024,1.5,RGB,False,False,
cha_phonlamai_kw02_bing_000082.jpg,cha_phonlamai/cha_phonlamai_kw02_bing_000082.jpg,cha_phonlamai,kw02,1,ชาลิ้นจี่ ชาเสาวรส เย็น,th,bing,web_scrape,,1280,720,1.7778,RGB,False,False,
cha_phonlamai_kw02_bing_000083.jpg,cha_phonlamai/cha_phonlamai_kw02_bing_000083.jpg,cha_phonlamai,kw02,1,ชาลิ้นจี่ ชาเสาวรส เย็น,th,bing,web_scrape,,1280,720,1.7778,RGB,False,False,
cha_phonlamai_kw02_bing_000084.jpg,cha_phonlamai/cha_phonlamai_kw02_bing_000084.jpg,cha_phonlamai,kw02,1,ชาลิ้นจี่ ชาเสาวรส เย็น,th,bing,web_scrape,,1280,720,1.7778,RGB,False,False,
cha_phonlamai_kw02_bing_000085.webp,cha_phonlamai/cha_phonlamai_kw02_bing_000085.webp,cha_phonlamai,kw02,1,ชาลิ้นจี่ ชาเสาวรส เย็น,th,bing,web_scrape,,720,720,1.0,RGB,False,False,
cha_phonlamai_kw02_bing_000087.jpg,cha_phonlamai/cha_phonlamai_kw02_bing_000087.jpg,cha_phonlamai,kw02,1,ชาลิ้นจี่ ชาเสาวรส เย็น,th,bing,web_scrape,,850,850,1.0,RGB,False,False,
cha_phonlamai_kw02_bing_000088.jpg,cha_phonlamai/cha_phonlamai_kw02_bing_000088.jpg,cha_phonlamai,kw02,1,ชาลิ้นจี่ ชาเสาวรส เย็น,th,bing,web_scrape,,850,850,1.0,RGB,False,False,
cha_phonlamai_kw02_bing_000089.jpg,cha_phonlamai/cha_phonlamai_kw02_bing_000089.jpg,cha_phonlamai,kw02,1,ชาลิ้นจี่ ชาเสาวรส เย็น,th,bing,web_scrape,,1200,1600,0.75,RGB,False,True,
cha_phonlamai_kw02_bing_000090.webp,cha_phonlamai/cha_phonlamai_kw02_bing_000090.webp,cha_phonlamai,kw02,1,ชาลิ้นจี่ ชาเสาวรส เย็น,th,bing,web_scrape,,1080,1924,0.5613,RGB,False,True,
cha_phonlamai_kw02_bing_000092.webp,cha_phonlamai/cha_phonlamai_kw02_bing_000092.webp,cha_phonlamai,kw02,1,ชาลิ้นจี่ ชาเสาวรส เย็น,th,bing,web_scrape,,1109,1479,0.7498,RGB,False,False,
cha_phonlamai_kw02_bing_000093.jpg,cha_phonlamai/cha_phonlamai_kw02_bing_000093.jpg,cha_phonlamai,kw02,1,ชาลิ้นจี่ ชาเสาวรส เย็น,th,bing,web_scrape,,3888,2592,1.5,RGB,False,False,
cha_phonlamai_kw02_bing_000094.jpg,cha_phonlamai/cha_phonlamai_kw02_bing_000094.jpg,cha_phonlamai,kw02,1,ชาลิ้นจี่ ชาเสาวรส เย็น,th,bing,web_scrape,,1080,600,1.8,RGB,False,False,
cha_phonlamai_kw02_bing_000095.jpg,cha_phonlamai/cha_phonlamai_kw02_bing_000095.jpg,cha_phonlamai,kw02,1,ชาลิ้นจี่ ชาเสาวรส เย็น,th,bing,web_scrape,,1334,1334,1.0,RGB,False,False,
cha_phonlamai_kw02_bing_000096.png,cha_phonlamai/cha_phonlamai_kw02_bing_000096.png,cha_phonlamai,kw02,1,ชาลิ้นจี่ ชาเสาวรส เย็น,th,bing,web_scrape,,940,788,1.1929,RGBA,False,False,
cha_phonlamai_kw02_bing_000098.webp,cha_phonlamai/cha_phonlamai_kw02_bing_000098.webp,cha_phonlamai,kw02,1,ชาลิ้นจี่ ชาเสาวรส เย็น,th,bing,web_scrape,,1720,1720,1.0,RGB,False,False,
cha_phonlamai_kw02_bing_000099.jpg,cha_phonlamai/cha_phonlamai_kw02_bing_000099.jpg,cha_phonlamai,kw02,1,ชาลิ้นจี่ ชาเสาวรส เย็น,th,bing,web_scrape,,1920,1080,1.7778,RGB,False,False,
cha_phonlamai_kw02_bing_000100.jpg,cha_phonlamai/cha_phonlamai_kw02_bing_000100.jpg,cha_phonlamai,kw02,1,ชาลิ้นจี่ ชาเสาวรส เย็น,th,bing,web_scrape,,800,800,1.0,RGB,False,False,
cha_phonlamai_kw02_bing_000101.jpg,cha_phonlamai/cha_phonlamai_kw02_bing_000101.jpg,cha_phonlamai,kw02,1,ชาลิ้นจี่ ชาเสาวรส เย็น,th,bing,web_scrape,,1200,630,1.9048,RGB,False,False,
cha_phonlamai_kw02_bing_000103.jpg,cha_phonlamai/cha_phonlamai_kw02_bing_000103.jpg,cha_phonlamai,kw02,1,ชาลิ้นจี่ ชาเสาวรส เย็น,th,bing,web_scrape,,1000,1000,1.0,RGB,False,False,
cha_phonlamai_kw03_bing_000000.webp,cha_phonlamai/cha_phonlamai_kw03_bing_000000.webp,cha_phonlamai,kw03,1,fruit tea iced cup slices,en,bing,web_scrape,,1024,1024,1.0,RGB,False,False,
cha_phonlamai_kw03_bing_000001.jpg,cha_phonlamai/cha_phonlamai_kw03_bing_000001.jpg,cha_phonlamai,kw03,1,fruit tea iced cup slices,en,bing,web_scrape,,753,900,0.8367,RGB,False,False,
cha_phonlamai_kw03_bing_000002.jpg,cha_phonlamai/cha_phonlamai_kw03_bing_000002.jpg,cha_phonlamai,kw03,1,fruit tea iced cup slices,en,bing,web_scrape,,725,900,0.8056,RGB,False,False,
cha_phonlamai_kw03_bing_000003.jpg,cha_phonlamai/cha_phonlamai_kw03_bing_000003.jpg,cha_phonlamai,kw03,1,fruit tea iced cup slices,en,bing,web_scrape,,2940,1960,1.5,RGB,False,False,
cha_phonlamai_kw03_bing_000004.webp,cha_phonlamai/cha_phonlamai_kw03_bing_000004.webp,cha_phonlamai,kw03,1,fruit tea iced cup slices,en,bing,web_scrape,,1200,1200,1.0,RGB,False,False,
cha_phonlamai_kw03_bing_000005.jpg,cha_phonlamai/cha_phonlamai_kw03_bing_000005.jpg,cha_phonlamai,kw03,1,fruit tea iced cup slices,en,bing,web_scrape,,1200,1200,1.0,RGB,False,False,
cha_phonlamai_kw03_bing_000006.jpg,cha_phonlamai/cha_phonlamai_kw03_bing_000006.jpg,cha_phonlamai,kw03,1,fruit tea iced cup slices,en,bing,web_scrape,,626,626,1.0,RGB,False,False,
cha_phonlamai_kw03_bing_000008.jpg,cha_phonlamai/cha_phonlamai_kw03_bing_000008.jpg,cha_phonlamai,kw03,1,fruit tea iced cup slices,en,bing,web_scrape,,1200,1800,0.6667,RGB,False,False,
cha_phonlamai_kw03_bing_000009.jpg,cha_phonlamai/cha_phonlamai_kw03_bing_000009.jpg,cha_phonlamai,kw03,1,fruit tea iced cup slices,en,bing,web_scrape,,1080,675,1.6,RGB,False,False,
cha_phonlamai_kw03_bing_000010.jpg,cha_phonlamai/cha_phonlamai_kw03_bing_000010.jpg,cha_phonlamai,kw03,1,fruit tea iced cup slices,en,bing,web_scrape,,3594,1960,1.8337,RGB,False,False,
cha_phonlamai_kw03_bing_000012.jpg,cha_phonlamai/cha_phonlamai_kw03_bing_000012.jpg,cha_phonlamai,kw03,1,fruit tea iced cup slices,en,bing,web_scrape,,700,2383,0.2937,RGB,False,False,
cha_phonlamai_kw03_bing_000013.jpg,cha_phonlamai/cha_phonlamai_kw03_bing_000013.jpg,cha_phonlamai,kw03,1,fruit tea iced cup slices,en,bing,web_scrape,,1470,980,1.5,RGB,False,False,
cha_phonlamai_kw03_bing_000014.jpg,cha_phonlamai/cha_phonlamai_kw03_bing_000014.jpg,cha_phonlamai,kw03,1,fruit tea iced cup slices,en,bing,web_scrape,,626,417,1.5012,RGB,False,False,
cha_phonlamai_kw03_bing_000015.jpg,cha_phonlamai/cha_phonlamai_kw03_bing_000015.jpg,cha_phonlamai,kw03,1,fruit tea iced cup slices,en,bing,web_scrape,,800,388,2.0619,RGB,False,False,
cha_phonlamai_kw03_bing_000016.webp,cha_phonlamai/cha_phonlamai_kw03_bing_000016.webp,cha_phonlamai,kw03,1,fruit tea iced cup slices,en,bing,web_scrape,,768,768,1.0,RGB,False,False,
cha_phonlamai_kw03_bing_000017.jpg,cha_phonlamai/cha_phonlamai_kw03_bing_000017.jpg,cha_phonlamai,kw03,1,fruit tea iced cup slices,en,bing,web_scrape,,800,832,0.9615,RGB,False,False,
cha_phonlamai_kw03_bing_000018.webp,cha_phonlamai/cha_phonlamai_kw03_bing_000018.webp,cha_phonlamai,kw03,1,fruit tea iced cup slices,en,bing,web_scrape,,896,1344,0.6667,RGB,False,False,
cha_phonlamai_kw03_bing_000019.jpg,cha_phonlamai/cha_phonlamai_kw03_bing_000019.jpg,cha_phonlamai,kw03,1,fruit tea iced cup slices,en,bing,web_scrape,,600,900,0.6667,RGB,False,False,
cha_phonlamai_kw03_bing_000020.jpg,cha_phonlamai/cha_phonlamai_kw03_bing_000020.jpg,cha_phonlamai,kw03,1,fruit tea iced cup slices,en,bing,web_scrape,,768,431,1.7819,RGB,False,False,
cha_phonlamai_kw03_bing_000021.webp,cha_phonlamai/cha_phonlamai_kw03_bing_000021.webp,cha_phonlamai,kw03,1,fruit tea iced cup slices,en,bing,web_scrape,,1200,1200,1.0,RGB,False,False,
cha_phonlamai_kw03_bing_000022.jpg,cha_phonlamai/cha_phonlamai_kw03_bing_000022.jpg,cha_phonlamai,kw03,1,fruit tea iced cup slices,en,bing,web_scrape,,1300,1390,0.9353,RGB,False,False,
cha_phonlamai_kw03_bing_000023.jpg,cha_phonlamai/cha_phonlamai_kw03_bing_000023.jpg,cha_phonlamai,kw03,1,fruit tea iced cup slices,en,bing,web_scrape,,1600,1690,0.9467,RGB,False,False,
cha_phonlamai_kw03_bing_000024.jpg,cha_phonlamai/cha_phonlamai_kw03_bing_000024.jpg,cha_phonlamai,kw03,1,fruit tea iced cup slices,en,bing,web_scrape,,1300,1390,0.9353,RGB,False,False,
cha_phonlamai_kw03_bing_000025.jpg,cha_phonlamai/cha_phonlamai_kw03_bing_000025.jpg,cha_phonlamai,kw03,1,fruit tea iced cup slices,en,bing,web_scrape,,814,960,0.8479,RGB,False,False,
cha_phonlamai_kw03_bing_000026.jpg,cha_phonlamai/cha_phonlamai_kw03_bing_000026.jpg,cha_phonlamai,kw03,1,fruit tea iced cup slices,en,bing,web_scrape,,800,363,2.2039,RGB,False,False,
cha_phonlamai_kw03_bing_000027.jpg,cha_phonlamai/cha_phonlamai_kw03_bing_000027.jpg,cha_phonlamai,kw03,1,fruit tea iced cup slices,en,bing,web_scrape,,1280,959,1.3347,RGB,False,False,
cha_phonlamai_kw03_bing_000028.jpg,cha_phonlamai/cha_phonlamai_kw03_bing_000028.jpg,cha_phonlamai,kw03,1,fruit tea iced cup slices,en,bing,web_scrape,,800,454,1.7621,RGB,False,False,
cha_phonlamai_kw03_bing_000029.jpg,cha_phonlamai/cha_phonlamai_kw03_bing_000029.jpg,cha_phonlamai,kw03,1,fruit tea iced cup slices,en,bing,web_scrape,,866,1390,0.623,RGB,False,False,
cha_phonlamai_kw03_bing_000030.jpg,cha_phonlamai/cha_phonlamai_kw03_bing_000030.jpg,cha_phonlamai,kw03,1,fruit tea iced cup slices,en,bing,web_scrape,,800,450,1.7778,RGB,False,False,
cha_phonlamai_kw03_bing_000032.jpg,cha_phonlamai/cha_phonlamai_kw03_bing_000032.jpg,cha_phonlamai,kw03,1,fruit tea iced cup slices,en,bing,web_scrape,,1500,1001,1.4985,RGB,False,False,
cha_phonlamai_kw03_bing_000033.jpg,cha_phonlamai/cha_phonlamai_kw03_bing_000033.jpg,cha_phonlamai,kw03,1,fruit tea iced cup slices,en,bing,web_scrape,,1336,1958,0.6823,RGB,False,False,
cha_phonlamai_kw03_bing_000034.jpg,cha_phonlamai/cha_phonlamai_kw03_bing_000034.jpg,cha_phonlamai,kw03,1,fruit tea iced cup slices,en,bing,web_scrape,,1300,1390,0.9353,RGB,False,False,
cha_phonlamai_kw03_bing_000036.jpg,cha_phonlamai/cha_phonlamai_kw03_bing_000036.jpg,cha_phonlamai,kw03,1,fruit tea iced cup slices,en,bing,web_scrape,,1296,864,1.5,RGB,False,False,
cha_phonlamai_kw03_bing_000037.jpg,cha_phonlamai/cha_phonlamai_kw03_bing_000037.jpg,cha_phonlamai,kw03,1,fruit tea iced cup slices,en,bing,web_scrape,,992,661,1.5008,RGB,False,False,
cha_phonlamai_kw03_bing_000038.jpg,cha_phonlamai/cha_phonlamai_kw03_bing_000038.jpg,cha_phonlamai,kw03,1,fruit tea iced cup slices,en,bing,web_scrape,,626,626,1.0,RGB,False,False,
cha_phonlamai_kw03_bing_000039.jpg,cha_phonlamai/cha_phonlamai_kw03_bing_000039.jpg,cha_phonlamai,kw03,1,fruit tea iced cup slices,en,bing,web_scrape,,1200,1600,0.75,RGB,False,False,
cha_phonlamai_kw03_bing_000040.jpg,cha_phonlamai/cha_phonlamai_kw03_bing_000040.jpg,cha_phonlamai,kw03,1,fruit tea iced cup slices,en,bing,web_scrape,,866,1390,0.623,RGB,False,False,
cha_phonlamai_kw03_bing_000041.jpg,cha_phonlamai/cha_phonlamai_kw03_bing_000041.jpg,cha_phonlamai,kw03,1,fruit tea iced cup slices,en,bing,web_scrape,,626,626,1.0,RGB,False,False,
cha_phonlamai_kw03_bing_000042.jpg,cha_phonlamai/cha_phonlamai_kw03_bing_000042.jpg,cha_phonlamai,kw03,1,fruit tea iced cup slices,en,bing,web_scrape,,533,533,1.0,RGB,False,False,
cha_phonlamai_kw03_bing_000044.jpg,cha_phonlamai/cha_phonlamai_kw03_bing_000044.jpg,cha_phonlamai,kw03,1,fruit tea iced cup slices,en,bing,web_scrape,,1160,1505,0.7708,RGB,False,False,
cha_phonlamai_kw03_bing_000045.jpg,cha_phonlamai/cha_phonlamai_kw03_bing_000045.jpg,cha_phonlamai,kw03,1,fruit tea iced cup slices,en,bing,web_scrape,,600,900,0.6667,RGB,False,False,
cha_phonlamai_kw03_bing_000046.jpg,cha_phonlamai/cha_phonlamai_kw03_bing_000046.jpg,cha_phonlamai,kw03,1,fruit tea iced cup slices,en,bing,web_scrape,,600,900,0.6667,RGB,False,False,
cha_phonlamai_kw03_bing_000047.jpg,cha_phonlamai/cha_phonlamai_kw03_bing_000047.jpg,cha_phonlamai,kw03,1,fruit tea iced cup slices,en,bing,web_scrape,,736,1104,0.6667,RGB,False,False,
cha_phonlamai_kw03_bing_000048.jpg,cha_phonlamai/cha_phonlamai_kw03_bing_000048.jpg,cha_phonlamai,kw03,1,fruit tea iced cup slices,en,bing,web_scrape,,1200,1800,0.6667,RGB,False,False,
cha_phonlamai_kw03_bing_000049.jpg,cha_phonlamai/cha_phonlamai_kw03_bing_000049.jpg,cha_phonlamai,kw03,1,fruit tea iced cup slices,en,bing,web_scrape,,866,1390,0.623,RGB,False,False,
cha_phonlamai_kw03_bing_000050.jpg,cha_phonlamai/cha_phonlamai_kw03_bing_000050.jpg,cha_phonlamai,kw03,1,fruit tea iced cup slices,en,bing,web_scrape,,800,533,1.5009,RGB,False,False,
cha_phonlamai_kw03_bing_000051.jpg,cha_phonlamai/cha_phonlamai_kw03_bing_000051.jpg,cha_phonlamai,kw03,1,fruit tea iced cup slices,en,bing,web_scrape,,736,1104,0.6667,RGB,False,False,
cha_phonlamai_kw03_bing_000052.webp,cha_phonlamai/cha_phonlamai_kw03_bing_000052.webp,cha_phonlamai,kw03,1,fruit tea iced cup slices,en,bing,web_scrape,,960,1200,0.8,RGB,False,False,
cha_phonlamai_kw03_bing_000053.jpg,cha_phonlamai/cha_phonlamai_kw03_bing_000053.jpg,cha_phonlamai,kw03,1,fruit tea iced cup slices,en,bing,web_scrape,,760,1140,0.6667,RGB,False,False,
cha_phonlamai_kw03_bing_000054.jpg,cha_phonlamai/cha_phonlamai_kw03_bing_000054.jpg,cha_phonlamai,kw03,1,fruit tea iced cup slices,en,bing,web_scrape,,626,626,1.0,RGB,False,False,
cha_phonlamai_kw03_bing_000055.jpg,cha_phonlamai/cha_phonlamai_kw03_bing_000055.jpg,cha_phonlamai,kw03,1,fruit tea iced cup slices,en,bing,web_scrape,,3920,1960,2.0,RGB,False,False,
cha_phonlamai_kw03_bing_000056.jpg,cha_phonlamai/cha_phonlamai_kw03_bing_000056.jpg,cha_phonlamai,kw03,1,fruit tea iced cup slices,en,bing,web_scrape,,1200,1200,1.0,RGB,False,False,
cha_phonlamai_kw03_bing_000057.jpg,cha_phonlamai/cha_phonlamai_kw03_bing_000057.jpg,cha_phonlamai,kw03,1,fruit tea iced cup slices,en,bing,web_scrape,,1200,630,1.9048,RGB,False,False,
cha_phonlamai_kw03_bing_000058.webp,cha_phonlamai/cha_phonlamai_kw03_bing_000058.webp,cha_phonlamai,kw03,1,fruit tea iced cup slices,en,bing,web_scrape,,2626,2026,1.2962,RGB,False,False,
cha_phonlamai_kw03_bing_000060.jpg,cha_phonlamai/cha_phonlamai_kw03_bing_000060.jpg,cha_phonlamai,kw03,1,fruit tea iced cup slices,en,bing,web_scrape,,600,900,0.6667,RGB,False,False,
cha_phonlamai_kw03_bing_000061.jpg,cha_phonlamai/cha_phonlamai_kw03_bing_000061.jpg,cha_phonlamai,kw03,1,fruit tea iced cup slices,en,bing,web_scrape,,626,417,1.5012,RGB,False,False,
cha_phonlamai_kw03_bing_000062.jpg,cha_phonlamai/cha_phonlamai_kw03_bing_000062.jpg,cha_phonlamai,kw03,1,fruit tea iced cup slices,en,bing,web_scrape,,1024,576,1.7778,RGB,False,False,
cha_phonlamai_kw03_bing_000063.jpg,cha_phonlamai/cha_phonlamai_kw03_bing_000063.jpg,cha_phonlamai,kw03,1,fruit tea iced cup slices,en,bing,web_scrape,,733,1100,0.6664,RGB,False,False,
cha_phonlamai_kw03_bing_000064.jpg,cha_phonlamai/cha_phonlamai_kw03_bing_000064.jpg,cha_phonlamai,kw03,1,fruit tea iced cup slices,en,bing,web_scrape,,1050,700,1.5,RGB,False,False,
cha_phonlamai_kw03_bing_000065.jpg,cha_phonlamai/cha_phonlamai_kw03_bing_000065.jpg,cha_phonlamai,kw03,1,fruit tea iced cup slices,en,bing,web_scrape,,674,453,1.4879,RGB,False,False,
cha_phonlamai_kw03_bing_000066.jpg,cha_phonlamai/cha_phonlamai_kw03_bing_000066.jpg,cha_phonlamai,kw03,1,fruit tea iced cup slices,en,bing,web_scrape,,2200,3300,0.6667,RGB,False,False,
cha_phonlamai_kw03_bing_000067.jpg,cha_phonlamai/cha_phonlamai_kw03_bing_000067.jpg,cha_phonlamai,kw03,1,fruit tea iced cup slices,en,bing,web_scrape,,736,1472,0.5,RGB,False,False,
cha_phonlamai_kw03_bing_000068.jpg,cha_phonlamai/cha_phonlamai_kw03_bing_000068.jpg,cha_phonlamai,kw03,1,fruit tea iced cup slices,en,bing,web_scrape,,624,416,1.5,RGB,False,False,
cha_phonlamai_kw03_bing_000070.jpg,cha_phonlamai/cha_phonlamai_kw03_bing_000070.jpg,cha_phonlamai,kw03,1,fruit tea iced cup slices,en,bing,web_scrape,,768,399,1.9248,RGB,False,False,
cha_phonlamai_kw03_bing_000071.jpg,cha_phonlamai/cha_phonlamai_kw03_bing_000071.jpg,cha_phonlamai,kw03,1,fruit tea iced cup slices,en,bing,web_scrape,,351,626,0.5607,RGB,False,False,
cha_phonlamai_kw03_bing_000073.jpg,cha_phonlamai/cha_phonlamai_kw03_bing_000073.jpg,cha_phonlamai,kw03,1,fruit tea iced cup slices,en,bing,web_scrape,,626,626,1.0,RGB,False,False,
cha_phonlamai_kw03_bing_000074.jpg,cha_phonlamai/cha_phonlamai_kw03_bing_000074.jpg,cha_phonlamai,kw03,1,fruit tea iced cup slices,en,bing,web_scrape,,1333,2000,0.6665,RGB,False,False,
cha_phonlamai_kw03_bing_000075.jpg,cha_phonlamai/cha_phonlamai_kw03_bing_000075.jpg,cha_phonlamai,kw03,1,fruit tea iced cup slices,en,bing,web_scrape,,1300,954,1.3627,RGB,False,False,
cha_phonlamai_kw03_bing_000076.jpg,cha_phonlamai/cha_phonlamai_kw03_bing_000076.jpg,cha_phonlamai,kw03,1,fruit tea iced cup slices,en,bing,web_scrape,,680,1020,0.6667,RGB,False,False,
cha_phonlamai_kw03_bing_000077.jpg,cha_phonlamai/cha_phonlamai_kw03_bing_000077.jpg,cha_phonlamai,kw03,1,fruit tea iced cup slices,en,bing,web_scrape,,408,612,0.6667,RGB,False,False,
cha_phonlamai_kw03_bing_000078.jpg,cha_phonlamai/cha_phonlamai_kw03_bing_000078.jpg,cha_phonlamai,kw03,1,fruit tea iced cup slices,en,bing,web_scrape,,750,500,1.5,RGB,False,False,
cha_phonlamai_kw03_bing_000080.jpg,cha_phonlamai/cha_phonlamai_kw03_bing_000080.jpg,cha_phonlamai,kw03,1,fruit tea iced cup slices,en,bing,web_scrape,,1600,901,1.7758,RGB,False,False,
cha_phonlamai_kw03_bing_000081.jpg,cha_phonlamai/cha_phonlamai_kw03_bing_000081.jpg,cha_phonlamai,kw03,1,fruit tea iced cup slices,en,bing,web_scrape,,800,931,0.8593,RGB,False,False,
cha_phonlamai_kw03_bing_000082.jpg,cha_phonlamai/cha_phonlamai_kw03_bing_000082.jpg,cha_phonlamai,kw03,1,fruit tea iced cup slices,en,bing,web_scrape,,900,675,1.3333,RGB,False,False,
cha_phonlamai_kw03_bing_000083.jpg,cha_phonlamai/cha_phonlamai_kw03_bing_000083.jpg,cha_phonlamai,kw03,1,fruit tea iced cup slices,en,bing,web_scrape,,866,1390,0.623,RGB,False,False,
cha_phonlamai_kw03_bing_000084.jpg,cha_phonlamai/cha_phonlamai_kw03_bing_000084.jpg,cha_phonlamai,kw03,1,fruit tea iced cup slices,en,bing,web_scrape,,1200,1200,1.0,RGB,False,False,
cha_phonlamai_kw03_bing_000086.jpg,cha_phonlamai/cha_phonlamai_kw03_bing_000086.jpg,cha_phonlamai,kw03,1,fruit tea iced cup slices,en,bing,web_scrape,,3899,2924,1.3334,RGB,False,False,
cha_phonlamai_kw03_bing_000087.webp,cha_phonlamai/cha_phonlamai_kw03_bing_000087.webp,cha_phonlamai,kw03,1,fruit tea iced cup slices,en,bing,web_scrape,,1000,999,1.001,RGB,False,False,
cha_phonlamai_kw03_bing_000088.jpg,cha_phonlamai/cha_phonlamai_kw03_bing_000088.jpg,cha_phonlamai,kw03,1,fruit tea iced cup slices,en,bing,web_scrape,,4032,3024,1.3333,RGB,False,False,
cha_phonlamai_kw03_bing_000089.jpg,cha_phonlamai/cha_phonlamai_kw03_bing_000089.jpg,cha_phonlamai,kw03,1,fruit tea iced cup slices,en,bing,web_scrape,,599,900,0.6656,RGB,False,False,
cha_phonlamai_kw03_bing_000090.jpg,cha_phonlamai/cha_phonlamai_kw03_bing_000090.jpg,cha_phonlamai,kw03,1,fruit tea iced cup slices,en,bing,web_scrape,,1160,1170,0.9915,RGB,False,False,
cha_phonlamai_kw03_bing_000091.jpg,cha_phonlamai/cha_phonlamai_kw03_bing_000091.jpg,cha_phonlamai,kw03,1,fruit tea iced cup slices,en,bing,web_scrape,,900,598,1.505,RGB,False,False,
cha_phonlamai_kw03_bing_000092.jpg,cha_phonlamai/cha_phonlamai_kw03_bing_000092.jpg,cha_phonlamai,kw03,1,fruit tea iced cup slices,en,bing,web_scrape,,800,526,1.5209,RGB,False,False,
cha_phonlamai_kw03_bing_000093.jpg,cha_phonlamai/cha_phonlamai_kw03_bing_000093.jpg,cha_phonlamai,kw03,1,fruit tea iced cup slices,en,bing,web_scrape,,1500,1500,1.0,RGB,False,False,
cha_phonlamai_kw03_bing_000094.png,cha_phonlamai/cha_phonlamai_kw03_bing_000094.png,cha_phonlamai,kw03,1,fruit tea iced cup slices,en,bing,web_scrape,,1600,1600,1.0,RGBA,False,False,
cha_phonlamai_kw03_bing_000096.jpg,cha_phonlamai/cha_phonlamai_kw03_bing_000096.jpg,cha_phonlamai,kw03,1,fruit tea iced cup slices,en,bing,web_scrape,,794,794,1.0,RGB,False,False,
cha_phonlamai_kw03_bing_000097.jpg,cha_phonlamai/cha_phonlamai_kw03_bing_000097.jpg,cha_phonlamai,kw03,1,fruit tea iced cup slices,en,bing,web_scrape,,768,1152,0.6667,RGB,False,False,
cha_phonlamai_kw03_bing_000101.jpg,cha_phonlamai/cha_phonlamai_kw03_bing_000101.jpg,cha_phonlamai,kw03,1,fruit tea iced cup slices,en,bing,web_scrape,,683,1024,0.667,RGB,False,False,
cha_phonlamai_kw03_bing_000104.jpg,cha_phonlamai/cha_phonlamai_kw03_bing_000104.jpg,cha_phonlamai,kw03,1,fruit tea iced cup slices,en,bing,web_scrape,,500,650,0.7692,RGB,False,False,
cha_phonlamai_kw03_bing_000105.webp,cha_phonlamai/cha_phonlamai_kw03_bing_000105.webp,cha_phonlamai,kw03,1,fruit tea iced cup slices,en,bing,web_scrape,,1672,941,1.7768,RGB,False,False,
cha_phonlamai_kw03_bing_000107.jpg,cha_phonlamai/cha_phonlamai_kw03_bing_000107.jpg,cha_phonlamai,kw03,1,fruit tea iced cup slices,en,bing,web_scrape,,956,1024,0.9336,RGB,False,False,
cha_phonlamai_kw03_bing_000109.jpg,cha_phonlamai/cha_phonlamai_kw03_bing_000109.jpg,cha_phonlamai,kw03,1,fruit tea iced cup slices,en,bing,web_scrape,,1200,1200,1.0,RGB,False,False,
cha_phonlamai_kw03_baidu_000001.jpg,cha_phonlamai/cha_phonlamai_kw03_baidu_000001.jpg,cha_phonlamai,kw03,1,fruit tea iced cup slices,en,baidu,web_scrape,,1500,943,1.5907,RGB,False,False,
cha_phonlamai_kw03_baidu_000002.jpg,cha_phonlamai/cha_phonlamai_kw03_baidu_000002.jpg,cha_phonlamai,kw03,1,fruit tea iced cup slices,en,baidu,web_scrape,,1001,1600,0.6256,RGB,False,False,
cha_phonlamai_kw03_baidu_000003.jpg,cha_phonlamai/cha_phonlamai_kw03_baidu_000003.jpg,cha_phonlamai,kw03,1,fruit tea iced cup slices,en,baidu,web_scrape,,1500,1096,1.3686,RGB,False,False,
cha_phonlamai_kw03_baidu_000004.jpg,cha_phonlamai/cha_phonlamai_kw03_baidu_000004.jpg,cha_phonlamai,kw03,1,fruit tea iced cup slices,en,baidu,web_scrape,,1500,1101,1.3624,RGB,False,False,
cha_phonlamai_kw03_baidu_000005.jpg,cha_phonlamai/cha_phonlamai_kw03_baidu_000005.jpg,cha_phonlamai,kw03,1,fruit tea iced cup slices,en,baidu,web_scrape,,1500,945,1.5873,RGB,False,False,
cha_phonlamai_kw03_baidu_000006.jpg,cha_phonlamai/cha_phonlamai_kw03_baidu_000006.jpg,cha_phonlamai,kw03,1,fruit tea iced cup slices,en,baidu,web_scrape,,1001,1600,0.6256,RGB,False,False,
cha_phonlamai_kw03_baidu_000007.jpg,cha_phonlamai/cha_phonlamai_kw03_baidu_000007.jpg,cha_phonlamai,kw03,1,fruit tea iced cup slices,en,baidu,web_scrape,,1500,1101,1.3624,RGB,False,False,
cha_phonlamai_kw03_baidu_000008.jpg,cha_phonlamai/cha_phonlamai_kw03_baidu_000008.jpg,cha_phonlamai,kw03,1,fruit tea iced cup slices,en,baidu,web_scrape,,1500,1104,1.3587,RGB,False,False,
cha_phonlamai_kw03_baidu_000009.jpg,cha_phonlamai/cha_phonlamai_kw03_baidu_000009.jpg,cha_phonlamai,kw03,1,fruit tea iced cup slices,en,baidu,web_scrape,,800,800,1.0,RGB,False,False,
cha_phonlamai_kw03_baidu_000010.jpg,cha_phonlamai/cha_phonlamai_kw03_baidu_000010.jpg,cha_phonlamai,kw03,1,fruit tea iced cup slices,en,baidu,web_scrape,,5148,3640,1.4143,RGB,False,False,
cha_phonlamai_kw03_baidu_000011.jpg,cha_phonlamai/cha_phonlamai_kw03_baidu_000011.jpg,cha_phonlamai,kw03,1,fruit tea iced cup slices,en,baidu,web_scrape,,2048,2731,0.7499,RGB,False,False,
cha_phonlamai_kw03_baidu_000012.jpg,cha_phonlamai/cha_phonlamai_kw03_baidu_000012.jpg,cha_phonlamai,kw03,1,fruit tea iced cup slices,en,baidu,web_scrape,,1500,1101,1.3624,RGB,False,False,
cha_phonlamai_kw03_baidu_000013.jpg,cha_phonlamai/cha_phonlamai_kw03_baidu_000013.jpg,cha_phonlamai,kw03,1,fruit tea iced cup slices,en,baidu,web_scrape,,1080,808,1.3366,RGB,False,False,
cha_phonlamai_kw03_baidu_000014.jpg,cha_phonlamai/cha_phonlamai_kw03_baidu_000014.jpg,cha_phonlamai,kw03,1,fruit tea iced cup slices,en,baidu,web_scrape,,1500,1225,1.2245,RGB,False,False,
cha_phonlamai_kw03_baidu_000015.jpg,cha_phonlamai/cha_phonlamai_kw03_baidu_000015.jpg,cha_phonlamai,kw03,1,fruit tea iced cup slices,en,baidu,web_scrape,,1001,1600,0.6256,RGB,False,False,
cha_phonlamai_kw03_baidu_000016.jpg,cha_phonlamai/cha_phonlamai_kw03_baidu_000016.jpg,cha_phonlamai,kw03,1,fruit tea iced cup slices,en,baidu,web_scrape,,1500,1534,0.9778,RGB,False,False,
cha_phonlamai_kw03_baidu_000017.jpg,cha_phonlamai/cha_phonlamai_kw03_baidu_000017.jpg,cha_phonlamai,kw03,1,fruit tea iced cup slices,en,baidu,web_scrape,,1500,1096,1.3686,RGB,False,False,
cha_phonlamai_kw03_baidu_000018.jpg,cha_phonlamai/cha_phonlamai_kw03_baidu_000018.jpg,cha_phonlamai,kw03,1,fruit tea iced cup slices,en,baidu,web_scrape,,1001,1600,0.6256,RGB,False,False,
cha_phonlamai_kw03_baidu_000019.jpg,cha_phonlamai/cha_phonlamai_kw03_baidu_000019.jpg,cha_phonlamai,kw03,1,fruit tea iced cup slices,en,baidu,web_scrape,,1500,1102,1.3612,RGB,False,False,
cha_phonlamai_kw03_baidu_000020.jpg,cha_phonlamai/cha_phonlamai_kw03_baidu_000020.jpg,cha_phonlamai,kw03,1,fruit tea iced cup slices,en,baidu,web_scrape,,1500,1096,1.3686,RGB,False,False,
cha_phonlamai_kw03_baidu_000021.jpg,cha_phonlamai/cha_phonlamai_kw03_baidu_000021.jpg,cha_phonlamai,kw03,1,fruit tea iced cup slices,en,baidu,web_scrape,,1500,1101,1.3624,RGB,False,False,
cha_phonlamai_kw03_baidu_000022.jpg,cha_phonlamai/cha_phonlamai_kw03_baidu_000022.jpg,cha_phonlamai,kw03,1,fruit tea iced cup slices,en,baidu,web_scrape,,1500,1101,1.3624,RGB,False,False,
cha_phonlamai_kw03_baidu_000023.jpg,cha_phonlamai/cha_phonlamai_kw03_baidu_000023.jpg,cha_phonlamai,kw03,1,fruit tea iced cup slices,en,baidu,web_scrape,,1500,1098,1.3661,RGB,False,False,
cha_phonlamai_kw03_baidu_000024.jpg,cha_phonlamai/cha_phonlamai_kw03_baidu_000024.jpg,cha_phonlamai,kw03,1,fruit tea iced cup slices,en,baidu,web_scrape,,1500,1101,1.3624,RGB,False,False,
cha_phonlamai_kw03_baidu_000025.jpg,cha_phonlamai/cha_phonlamai_kw03_baidu_000025.jpg,cha_phonlamai,kw03,1,fruit tea iced cup slices,en,baidu,web_scrape,,1001,1600,0.6256,RGB,False,False,
cha_phonlamai_kw03_baidu_000026.jpg,cha_phonlamai/cha_phonlamai_kw03_baidu_000026.jpg,cha_phonlamai,kw03,1,fruit tea iced cup slices,en,baidu,web_scrape,,1920,1280,1.5,RGB,False,False,
cha_phonlamai_kw03_baidu_000027.png,cha_phonlamai/cha_phonlamai_kw03_baidu_000027.png,cha_phonlamai,kw03,1,fruit tea iced cup slices,en,baidu,web_scrape,,960,960,1.0,RGBA,False,False,
cha_phonlamai_kw03_baidu_000028.jpg,cha_phonlamai/cha_phonlamai_kw03_baidu_000028.jpg,cha_phonlamai,kw03,1,fruit tea iced cup slices,en,baidu,web_scrape,,1280,768,1.6667,RGB,False,False,
cha_phonlamai_kw03_baidu_000029.jpg,cha_phonlamai/cha_phonlamai_kw03_baidu_000029.jpg,cha_phonlamai,kw03,1,fruit tea iced cup slices,en,baidu,web_scrape,,1001,1600,0.6256,RGB,False,False,
cha_phonlamai_kw03_baidu_000030.jpg,cha_phonlamai/cha_phonlamai_kw03_baidu_000030.jpg,cha_phonlamai,kw03,1,fruit tea iced cup slices,en,baidu,web_scrape,,1500,1101,1.3624,RGB,False,False,
cha_phonlamai_kw03_baidu_000031.jpg,cha_phonlamai/cha_phonlamai_kw03_baidu_000031.jpg,cha_phonlamai,kw03,1,fruit tea iced cup slices,en,baidu,web_scrape,,1080,808,1.3366,RGB,False,False,
cha_phonlamai_kw03_baidu_000032.jpg,cha_phonlamai/cha_phonlamai_kw03_baidu_000032.jpg,cha_phonlamai,kw03,1,fruit tea iced cup slices,en,baidu,web_scrape,,1500,1101,1.3624,RGB,False,False,
cha_phonlamai_kw03_baidu_000033.jpg,cha_phonlamai/cha_phonlamai_kw03_baidu_000033.jpg,cha_phonlamai,kw03,1,fruit tea iced cup slices,en,baidu,web_scrape,,1001,1600,0.6256,RGB,False,False,
cha_phonlamai_kw03_baidu_000034.jpg,cha_phonlamai/cha_phonlamai_kw03_baidu_000034.jpg,cha_phonlamai,kw03,1,fruit tea iced cup slices,en,baidu,web_scrape,,5454,3647,1.4955,RGB,False,False,
cha_phonlamai_kw03_baidu_000035.jpg,cha_phonlamai/cha_phonlamai_kw03_baidu_000035.jpg,cha_phonlamai,kw03,1,fruit tea iced cup slices,en,baidu,web_scrape,,1001,1600,0.6256,RGB,False,False,
cha_phonlamai_kw03_baidu_000036.jpg,cha_phonlamai/cha_phonlamai_kw03_baidu_000036.jpg,cha_phonlamai,kw03,1,fruit tea iced cup slices,en,baidu,web_scrape,,1500,1101,1.3624,RGB,False,False,
cha_phonlamai_kw03_baidu_000037.jpg,cha_phonlamai/cha_phonlamai_kw03_baidu_000037.jpg,cha_phonlamai,kw03,1,fruit tea iced cup slices,en,baidu,web_scrape,,1077,1600,0.6731,RGB,False,False,
cha_phonlamai_kw03_baidu_000038.jpg,cha_phonlamai/cha_phonlamai_kw03_baidu_000038.jpg,cha_phonlamai,kw03,1,fruit tea iced cup slices,en,baidu,web_scrape,,1001,1600,0.6256,RGB,False,False,
cha_phonlamai_kw03_baidu_000039.jpg,cha_phonlamai/cha_phonlamai_kw03_baidu_000039.jpg,cha_phonlamai,kw03,1,fruit tea iced cup slices,en,baidu,web_scrape,,1001,1600,0.6256,RGB,False,False,
cha_phonlamai_kw03_baidu_000040.jpeg,cha_phonlamai/cha_phonlamai_kw03_baidu_000040.jpeg,cha_phonlamai,kw03,1,fruit tea iced cup slices,en,baidu,web_scrape,,683,1024,0.667,RGB,False,False,
cha_phonlamai_kw03_baidu_000041.jpg,cha_phonlamai/cha_phonlamai_kw03_baidu_000041.jpg,cha_phonlamai,kw03,1,fruit tea iced cup slices,en,baidu,web_scrape,,1001,1600,0.6256,RGB,False,False,
cha_phonlamai_kw03_baidu_000042.jpg,cha_phonlamai/cha_phonlamai_kw03_baidu_000042.jpg,cha_phonlamai,kw03,1,fruit tea iced cup slices,en,baidu,web_scrape,,1500,1101,1.3624,RGB,False,False,
cha_phonlamai_kw03_baidu_000043.jpg,cha_phonlamai/cha_phonlamai_kw03_baidu_000043.jpg,cha_phonlamai,kw03,1,fruit tea iced cup slices,en,baidu,web_scrape,,1001,1600,0.6256,RGB,False,False,
cha_phonlamai_kw03_baidu_000044.jpg,cha_phonlamai/cha_phonlamai_kw03_baidu_000044.jpg,cha_phonlamai,kw03,1,fruit tea iced cup slices,en,baidu,web_scrape,,1500,1101,1.3624,RGB,False,False,
cha_phonlamai_kw03_baidu_000045.jpg,cha_phonlamai/cha_phonlamai_kw03_baidu_000045.jpg,cha_phonlamai,kw03,1,fruit tea iced cup slices,en,baidu,web_scrape,,3000,4387,0.6838,RGB,False,False,
cha_phonlamai_kw03_baidu_000047.jpg,cha_phonlamai/cha_phonlamai_kw03_baidu_000047.jpg,cha_phonlamai,kw03,1,fruit tea iced cup slices,en,baidu,web_scrape,,1500,1101,1.3624,RGB,False,False,
cha_phonlamai_kw03_baidu_000048.jpg,cha_phonlamai/cha_phonlamai_kw03_baidu_000048.jpg,cha_phonlamai,kw03,1,fruit tea iced cup slices,en,baidu,web_scrape,,1601,900,1.7789,RGB,False,False,
cha_phonlamai_kw03_baidu_000049.jpg,cha_phonlamai/cha_phonlamai_kw03_baidu_000049.jpg,cha_phonlamai,kw03,1,fruit tea iced cup slices,en,baidu,web_scrape,,1500,1101,1.3624,RGB,False,False,
cha_phonlamai_kw03_baidu_000050.jpg,cha_phonlamai/cha_phonlamai_kw03_baidu_000050.jpg,cha_phonlamai,kw03,1,fruit tea iced cup slices,en,baidu,web_scrape,,1500,1101,1.3624,RGB,False,False,
cha_phonlamai_kw03_baidu_000051.jpg,cha_phonlamai/cha_phonlamai_kw03_baidu_000051.jpg,cha_phonlamai,kw03,1,fruit tea iced cup slices,en,baidu,web_scrape,,1001,1600,0.6256,RGB,False,False,
cha_phonlamai_kw03_baidu_000052.jpg,cha_phonlamai/cha_phonlamai_kw03_baidu_000052.jpg,cha_phonlamai,kw03,1,fruit tea iced cup slices,en,baidu,web_scrape,,1500,945,1.5873,RGB,False,False,
cha_phonlamai_kw03_baidu_000053.jpg,cha_phonlamai/cha_phonlamai_kw03_baidu_000053.jpg,cha_phonlamai,kw03,1,fruit tea iced cup slices,en,baidu,web_scrape,,1500,1101,1.3624,RGB,False,False,
cha_phonlamai_kw03_baidu_000054.jpg,cha_phonlamai/cha_phonlamai_kw03_baidu_000054.jpg,cha_phonlamai,kw03,1,fruit tea iced cup slices,en,baidu,web_scrape,,1571,2355,0.6671,RGB,False,False,
cha_phonlamai_kw03_baidu_000055.jpg,cha_phonlamai/cha_phonlamai_kw03_baidu_000055.jpg,cha_phonlamai,kw03,1,fruit tea iced cup slices,en,baidu,web_scrape,,6000,4000,1.5,RGB,False,False,
cha_phonlamai_kw03_baidu_000056.jpg,cha_phonlamai/cha_phonlamai_kw03_baidu_000056.jpg,cha_phonlamai,kw03,1,fruit tea iced cup slices,en,baidu,web_scrape,,1025,656,1.5625,RGB,False,False,
cha_phonlamai_kw04_bing_000000.jpg,cha_phonlamai/cha_phonlamai_kw04_bing_000000.jpg,cha_phonlamai,kw04,1,peach iced tea with fruit pieces,en,bing,web_scrape,,1200,1800,0.6667,RGB,False,False,
cha_phonlamai_kw04_bing_000001.jpg,cha_phonlamai/cha_phonlamai_kw04_bing_000001.jpg,cha_phonlamai,kw04,1,peach iced tea with fruit pieces,en,bing,web_scrape,,1820,3185,0.5714,RGB,False,False,
cha_phonlamai_kw04_bing_000002.jpg,cha_phonlamai/cha_phonlamai_kw04_bing_000002.jpg,cha_phonlamai,kw04,1,peach iced tea with fruit pieces,en,bing,web_scrape,,1200,1200,1.0,RGB,False,False,
cha_phonlamai_kw04_bing_000003.jpg,cha_phonlamai/cha_phonlamai_kw04_bing_000003.jpg,cha_phonlamai,kw04,1,peach iced tea with fruit pieces,en,bing,web_scrape,,683,1024,0.667,RGB,False,False,
cha_phonlamai_kw04_bing_000004.jpg,cha_phonlamai/cha_phonlamai_kw04_bing_000004.jpg,cha_phonlamai,kw04,1,peach iced tea with fruit pieces,en,bing,web_scrape,,736,1104,0.6667,RGB,False,False,
cha_phonlamai_kw04_bing_000005.jpg,cha_phonlamai/cha_phonlamai_kw04_bing_000005.jpg,cha_phonlamai,kw04,1,peach iced tea with fruit pieces,en,bing,web_scrape,,3497,1960,1.7842,RGB,False,False,
cha_phonlamai_kw04_bing_000006.jpg,cha_phonlamai/cha_phonlamai_kw04_bing_000006.jpg,cha_phonlamai,kw04,1,peach iced tea with fruit pieces,en,bing,web_scrape,,1200,1800,0.6667,RGB,False,False,
cha_phonlamai_kw04_bing_000007.jpg,cha_phonlamai/cha_phonlamai_kw04_bing_000007.jpg,cha_phonlamai,kw04,1,peach iced tea with fruit pieces,en,bing,web_scrape,,1200,1800,0.6667,RGB,False,False,
cha_phonlamai_kw04_bing_000008.png,cha_phonlamai/cha_phonlamai_kw04_bing_000008.png,cha_phonlamai,kw04,1,peach iced tea with fruit pieces,en,bing,web_scrape,,960,1200,0.8,P,False,False,
cha_phonlamai_kw04_bing_000009.jpg,cha_phonlamai/cha_phonlamai_kw04_bing_000009.jpg,cha_phonlamai,kw04,1,peach iced tea with fruit pieces,en,bing,web_scrape,,657,980,0.6704,RGB,False,False,
cha_phonlamai_kw04_bing_000011.jpg,cha_phonlamai/cha_phonlamai_kw04_bing_000011.jpg,cha_phonlamai,kw04,1,peach iced tea with fruit pieces,en,bing,web_scrape,,1200,1750,0.6857,RGB,False,False,
cha_phonlamai_kw04_bing_000012.jpg,cha_phonlamai/cha_phonlamai_kw04_bing_000012.jpg,cha_phonlamai,kw04,1,peach iced tea with fruit pieces,en,bing,web_scrape,,1500,1125,1.3333,RGB,False,False,
cha_phonlamai_kw04_bing_000013.jpg,cha_phonlamai/cha_phonlamai_kw04_bing_000013.jpg,cha_phonlamai,kw04,1,peach iced tea with fruit pieces,en,bing,web_scrape,,1200,1800,0.6667,RGB,False,False,
cha_phonlamai_kw04_bing_000014.jpg,cha_phonlamai/cha_phonlamai_kw04_bing_000014.jpg,cha_phonlamai,kw04,1,peach iced tea with fruit pieces,en,bing,web_scrape,,800,533,1.5009,RGB,False,False,
cha_phonlamai_kw04_bing_000015.jpg,cha_phonlamai/cha_phonlamai_kw04_bing_000015.jpg,cha_phonlamai,kw04,1,peach iced tea with fruit pieces,en,bing,web_scrape,,1024,1536,0.6667,RGB,False,False,
cha_phonlamai_kw04_bing_000016.jpg,cha_phonlamai/cha_phonlamai_kw04_bing_000016.jpg,cha_phonlamai,kw04,1,peach iced tea with fruit pieces,en,bing,web_scrape,,626,626,1.0,RGB,False,False,
cha_phonlamai_kw04_bing_000017.webp,cha_phonlamai/cha_phonlamai_kw04_bing_000017.webp,cha_phonlamai,kw04,1,peach iced tea with fruit pieces,en,bing,web_scrape,,1200,992,1.2097,RGB,False,False,
cha_phonlamai_kw04_bing_000018.jpg,cha_phonlamai/cha_phonlamai_kw04_bing_000018.jpg,cha_phonlamai,kw04,1,peach iced tea with fruit pieces,en,bing,web_scrape,,1200,1516,0.7916,RGB,False,False,
cha_phonlamai_kw04_bing_000019.jpg,cha_phonlamai/cha_phonlamai_kw04_bing_000019.jpg,cha_phonlamai,kw04,1,peach iced tea with fruit pieces,en,bing,web_scrape,,2160,3840,0.5625,RGB,False,False,
cha_phonlamai_kw04_bing_000020.jpg,cha_phonlamai/cha_phonlamai_kw04_bing_000020.jpg,cha_phonlamai,kw04,1,peach iced tea with fruit pieces,en,bing,web_scrape,,1200,1200,1.0,RGB,False,False,
cha_phonlamai_kw04_bing_000021.jpg,cha_phonlamai/cha_phonlamai_kw04_bing_000021.jpg,cha_phonlamai,kw04,1,peach iced tea with fruit pieces,en,bing,web_scrape,,1024,1024,1.0,RGB,False,False,
cha_phonlamai_kw04_bing_000022.jpg,cha_phonlamai/cha_phonlamai_kw04_bing_000022.jpg,cha_phonlamai,kw04,1,peach iced tea with fruit pieces,en,bing,web_scrape,,800,1200,0.6667,RGB,False,False,
cha_phonlamai_kw04_bing_000023.jpg,cha_phonlamai/cha_phonlamai_kw04_bing_000023.jpg,cha_phonlamai,kw04,1,peach iced tea with fruit pieces,en,bing,web_scrape,,980,982,0.998,RGB,False,False,
cha_phonlamai_kw04_bing_000024.jpg,cha_phonlamai/cha_phonlamai_kw04_bing_000024.jpg,cha_phonlamai,kw04,1,peach iced tea with fruit pieces,en,bing,web_scrape,,1200,1807,0.6641,RGB,False,False,
cha_phonlamai_kw04_bing_000025.jpg,cha_phonlamai/cha_phonlamai_kw04_bing_000025.jpg,cha_phonlamai,kw04,1,peach iced tea with fruit pieces,en,bing,web_scrape,,963,2000,0.4815,RGB,False,False,
cha_phonlamai_kw04_bing_000026.jpg,cha_phonlamai/cha_phonlamai_kw04_bing_000026.jpg,cha_phonlamai,kw04,1,peach iced tea with fruit pieces,en,bing,web_scrape,,800,533,1.5009,RGB,False,False,
cha_phonlamai_kw04_bing_000027.jpg,cha_phonlamai/cha_phonlamai_kw04_bing_000027.jpg,cha_phonlamai,kw04,1,peach iced tea with fruit pieces,en,bing,web_scrape,,626,626,1.0,RGB,False,False,
cha_phonlamai_kw04_bing_000028.jpg,cha_phonlamai/cha_phonlamai_kw04_bing_000028.jpg,cha_phonlamai,kw04,1,peach iced tea with fruit pieces,en,bing,web_scrape,,1200,1800,0.6667,RGB,False,False,
cha_phonlamai_kw04_bing_000029.jpg,cha_phonlamai/cha_phonlamai_kw04_bing_000029.jpg,cha_phonlamai,kw04,1,peach iced tea with fruit pieces,en,bing,web_scrape,,683,1024,0.667,RGB,False,False,
cha_phonlamai_kw04_bing_000031.jpg,cha_phonlamai/cha_phonlamai_kw04_bing_000031.jpg,cha_phonlamai,kw04,1,peach iced tea with fruit pieces,en,bing,web_scrape,,700,1050,0.6667,RGB,False,False,
cha_phonlamai_kw04_bing_000032.jpg,cha_phonlamai/cha_phonlamai_kw04_bing_000032.jpg,cha_phonlamai,kw04,1,peach iced tea with fruit pieces,en,bing,web_scrape,,896,1344,0.6667,RGB,False,False,
cha_phonlamai_kw04_bing_000033.jpg,cha_phonlamai/cha_phonlamai_kw04_bing_000033.jpg,cha_phonlamai,kw04,1,peach iced tea with fruit pieces,en,bing,web_scrape,,656,1024,0.6406,RGB,False,False,
cha_phonlamai_kw04_bing_000034.jpg,cha_phonlamai/cha_phonlamai_kw04_bing_000034.jpg,cha_phonlamai,kw04,1,peach iced tea with fruit pieces,en,bing,web_scrape,,1200,1800,0.6667,RGB,False,False,
cha_phonlamai_kw04_bing_000035.webp,cha_phonlamai/cha_phonlamai_kw04_bing_000035.webp,cha_phonlamai,kw04,1,peach iced tea with fruit pieces,en,bing,web_scrape,,1200,1700,0.7059,RGB,False,False,
cha_phonlamai_kw04_bing_000036.jpg,cha_phonlamai/cha_phonlamai_kw04_bing_000036.jpg,cha_phonlamai,kw04,1,peach iced tea with fruit pieces,en,bing,web_scrape,,1000,1500,0.6667,RGB,False,False,
cha_phonlamai_kw04_bing_000037.jpg,cha_phonlamai/cha_phonlamai_kw04_bing_000037.jpg,cha_phonlamai,kw04,1,peach iced tea with fruit pieces,en,bing,web_scrape,,736,1619,0.4546,RGB,False,False,
cha_phonlamai_kw04_bing_000038.jpg,cha_phonlamai/cha_phonlamai_kw04_bing_000038.jpg,cha_phonlamai,kw04,1,peach iced tea with fruit pieces,en,bing,web_scrape,,768,1152,0.6667,RGB,False,False,
cha_phonlamai_kw04_bing_000039.jpg,cha_phonlamai/cha_phonlamai_kw04_bing_000039.jpg,cha_phonlamai,kw04,1,peach iced tea with fruit pieces,en,bing,web_scrape,,736,736,1.0,RGB,False,False,
cha_phonlamai_kw04_bing_000040.jpg,cha_phonlamai/cha_phonlamai_kw04_bing_000040.jpg,cha_phonlamai,kw04,1,peach iced tea with fruit pieces,en,bing,web_scrape,,996,996,1.0,RGB,False,False,
cha_phonlamai_kw04_bing_000041.webp,cha_phonlamai/cha_phonlamai_kw04_bing_000041.webp,cha_phonlamai,kw04,1,peach iced tea with fruit pieces,en,bing,web_scrape,,1200,992,1.2097,RGB,False,False,
cha_phonlamai_kw04_bing_000042.png,cha_phonlamai/cha_phonlamai_kw04_bing_000042.png,cha_phonlamai,kw04,1,peach iced tea with fruit pieces,en,bing,web_scrape,,1200,1798,0.6674,P,False,False,
cha_phonlamai_kw04_bing_000043.jpg,cha_phonlamai/cha_phonlamai_kw04_bing_000043.jpg,cha_phonlamai,kw04,1,peach iced tea with fruit pieces,en,bing,web_scrape,,1968,2965,0.6637,RGB,False,False,
cha_phonlamai_kw04_bing_000044.webp,cha_phonlamai/cha_phonlamai_kw04_bing_000044.webp,cha_phonlamai,kw04,1,peach iced tea with fruit pieces,en,bing,web_scrape,,960,1200,0.8,RGB,False,False,
cha_phonlamai_kw04_bing_000045.jpg,cha_phonlamai/cha_phonlamai_kw04_bing_000045.jpg,cha_phonlamai,kw04,1,peach iced tea with fruit pieces,en,bing,web_scrape,,3361,1763,1.9064,RGB,False,False,
cha_phonlamai_kw04_bing_000046.jpg,cha_phonlamai/cha_phonlamai_kw04_bing_000046.jpg,cha_phonlamai,kw04,1,peach iced tea with fruit pieces,en,bing,web_scrape,,1000,2000,0.5,RGB,False,False,
cha_phonlamai_kw04_bing_000047.png,cha_phonlamai/cha_phonlamai_kw04_bing_000047.png,cha_phonlamai,kw04,1,peach iced tea with fruit pieces,en,bing,web_scrape,,1200,750,1.6,RGB,False,False,
cha_phonlamai_kw04_bing_000048.jpg,cha_phonlamai/cha_phonlamai_kw04_bing_000048.jpg,cha_phonlamai,kw04,1,peach iced tea with fruit pieces,en,bing,web_scrape,,1200,1800,0.6667,RGB,False,False,
cha_phonlamai_kw04_bing_000049.jpg,cha_phonlamai/cha_phonlamai_kw04_bing_000049.jpg,cha_phonlamai,kw04,1,peach iced tea with fruit pieces,en,bing,web_scrape,,736,981,0.7503,RGB,False,False,
cha_phonlamai_kw04_bing_000051.jpg,cha_phonlamai/cha_phonlamai_kw04_bing_000051.jpg,cha_phonlamai,kw04,1,peach iced tea with fruit pieces,en,bing,web_scrape,,1200,1799,0.667,RGB,False,False,
cha_phonlamai_kw04_bing_000052.jpg,cha_phonlamai/cha_phonlamai_kw04_bing_000052.jpg,cha_phonlamai,kw04,1,peach iced tea with fruit pieces,en,bing,web_scrape,,700,1040,0.6731,RGB,False,False,
cha_phonlamai_kw04_bing_000055.jpg,cha_phonlamai/cha_phonlamai_kw04_bing_000055.jpg,cha_phonlamai,kw04,1,peach iced tea with fruit pieces,en,bing,web_scrape,,1000,1504,0.6649,RGB,False,False,
cha_phonlamai_kw04_bing_000056.jpg,cha_phonlamai/cha_phonlamai_kw04_bing_000056.jpg,cha_phonlamai,kw04,1,peach iced tea with fruit pieces,en,bing,web_scrape,,1200,1200,1.0,RGB,False,False,
cha_phonlamai_kw04_bing_000057.jpg,cha_phonlamai/cha_phonlamai_kw04_bing_000057.jpg,cha_phonlamai,kw04,1,peach iced tea with fruit pieces,en,bing,web_scrape,,720,1080,0.6667,RGB,False,False,
cha_phonlamai_kw04_bing_000058.png,cha_phonlamai/cha_phonlamai_kw04_bing_000058.png,cha_phonlamai,kw04,1,peach iced tea with fruit pieces,en,bing,web_scrape,,1024,1024,1.0,RGB,False,False,
cha_phonlamai_kw04_bing_000059.jpg,cha_phonlamai/cha_phonlamai_kw04_bing_000059.jpg,cha_phonlamai,kw04,1,peach iced tea with fruit pieces,en,bing,web_scrape,,717,1024,0.7002,RGB,False,False,
cha_phonlamai_kw04_bing_000060.png,cha_phonlamai/cha_phonlamai_kw04_bing_000060.png,cha_phonlamai,kw04,1,peach iced tea with fruit pieces,en,bing,web_scrape,,960,1200,0.8,P,False,False,
cha_phonlamai_kw04_bing_000061.jpg,cha_phonlamai/cha_phonlamai_kw04_bing_000061.jpg,cha_phonlamai,kw04,1,peach iced tea with fruit pieces,en,bing,web_scrape,,738,1024,0.7207,RGB,False,False,
cha_phonlamai_kw04_bing_000062.jpg,cha_phonlamai/cha_phonlamai_kw04_bing_000062.jpg,cha_phonlamai,kw04,1,peach iced tea with fruit pieces,en,bing,web_scrape,,580,1024,0.5664,RGB,False,False,
cha_phonlamai_kw04_bing_000063.jpg,cha_phonlamai/cha_phonlamai_kw04_bing_000063.jpg,cha_phonlamai,kw04,1,peach iced tea with fruit pieces,en,bing,web_scrape,,1000,1636,0.6112,RGB,False,False,
cha_phonlamai_kw04_bing_000064.jpg,cha_phonlamai/cha_phonlamai_kw04_bing_000064.jpg,cha_phonlamai,kw04,1,peach iced tea with fruit pieces,en,bing,web_scrape,,680,1021,0.666,RGB,False,False,
cha_phonlamai_kw04_bing_000065.jpg,cha_phonlamai/cha_phonlamai_kw04_bing_000065.jpg,cha_phonlamai,kw04,1,peach iced tea with fruit pieces,en,bing,web_scrape,,1024,1024,1.0,RGB,False,False,
cha_phonlamai_kw04_bing_000067.jpg,cha_phonlamai/cha_phonlamai_kw04_bing_000067.jpg,cha_phonlamai,kw04,1,peach iced tea with fruit pieces,en,bing,web_scrape,,800,533,1.5009,RGB,False,False,
cha_phonlamai_kw04_bing_000068.jpg,cha_phonlamai/cha_phonlamai_kw04_bing_000068.jpg,cha_phonlamai,kw04,1,peach iced tea with fruit pieces,en,bing,web_scrape,,950,1000,0.95,RGB,False,False,
cha_phonlamai_kw04_bing_000069.png,cha_phonlamai/cha_phonlamai_kw04_bing_000069.png,cha_phonlamai,kw04,1,peach iced tea with fruit pieces,en,bing,web_scrape,,819,1024,0.7998,P,False,False,
cha_phonlamai_kw04_bing_000071.png,cha_phonlamai/cha_phonlamai_kw04_bing_000071.png,cha_phonlamai,kw04,1,peach iced tea with fruit pieces,en,bing,web_scrape,,1200,1798,0.6674,P,False,False,
cha_phonlamai_kw04_bing_000073.jpg,cha_phonlamai/cha_phonlamai_kw04_bing_000073.jpg,cha_phonlamai,kw04,1,peach iced tea with fruit pieces,en,bing,web_scrape,,1200,1800,0.6667,RGB,False,False,
cha_phonlamai_kw04_bing_000075.jpg,cha_phonlamai/cha_phonlamai_kw04_bing_000075.jpg,cha_phonlamai,kw04,1,peach iced tea with fruit pieces,en,bing,web_scrape,,750,500,1.5,RGB,False,False,
cha_phonlamai_kw04_bing_000076.jpg,cha_phonlamai/cha_phonlamai_kw04_bing_000076.jpg,cha_phonlamai,kw04,1,peach iced tea with fruit pieces,en,bing,web_scrape,,740,1110,0.6667,RGB,False,False,
cha_phonlamai_kw04_bing_000077.jpg,cha_phonlamai/cha_phonlamai_kw04_bing_000077.jpg,cha_phonlamai,kw04,1,peach iced tea with fruit pieces,en,bing,web_scrape,,1000,1000,1.0,RGB,False,False,
cha_phonlamai_kw04_bing_000079.webp,cha_phonlamai/cha_phonlamai_kw04_bing_000079.webp,cha_phonlamai,kw04,1,peach iced tea with fruit pieces,en,bing,web_scrape,,960,1200,0.8,RGB,False,False,
cha_phonlamai_kw04_bing_000080.jpg,cha_phonlamai/cha_phonlamai_kw04_bing_000080.jpg,cha_phonlamai,kw04,1,peach iced tea with fruit pieces,en,bing,web_scrape,,950,1000,0.95,RGB,False,False,
cha_phonlamai_kw04_bing_000081.jpg,cha_phonlamai/cha_phonlamai_kw04_bing_000081.jpg,cha_phonlamai,kw04,1,peach iced tea with fruit pieces,en,bing,web_scrape,,1600,1034,1.5474,RGB,False,False,
cha_phonlamai_kw04_bing_000082.jpg,cha_phonlamai/cha_phonlamai_kw04_bing_000082.jpg,cha_phonlamai,kw04,1,peach iced tea with fruit pieces,en,bing,web_scrape,,736,1288,0.5714,RGB,False,False,
cha_phonlamai_kw04_bing_000083.jpg,cha_phonlamai/cha_phonlamai_kw04_bing_000083.jpg,cha_phonlamai,kw04,1,peach iced tea with fruit pieces,en,bing,web_scrape,,1445,1445,1.0,RGB,False,False,
cha_phonlamai_kw04_bing_000084.jpg,cha_phonlamai/cha_phonlamai_kw04_bing_000084.jpg,cha_phonlamai,kw04,1,peach iced tea with fruit pieces,en,bing,web_scrape,,1500,1000,1.5,RGB,False,False,
cha_phonlamai_kw04_bing_000085.jpg,cha_phonlamai/cha_phonlamai_kw04_bing_000085.jpg,cha_phonlamai,kw04,1,peach iced tea with fruit pieces,en,bing,web_scrape,,900,1200,0.75,RGB,False,False,
cha_phonlamai_kw04_bing_000086.png,cha_phonlamai/cha_phonlamai_kw04_bing_000086.png,cha_phonlamai,kw04,1,peach iced tea with fruit pieces,en,bing,web_scrape,,2365,2365,1.0,P,False,False,
cha_phonlamai_kw04_bing_000087.jpg,cha_phonlamai/cha_phonlamai_kw04_bing_000087.jpg,cha_phonlamai,kw04,1,peach iced tea with fruit pieces,en,bing,web_scrape,,1200,1200,1.0,RGB,False,False,
cha_phonlamai_kw04_bing_000088.jpg,cha_phonlamai/cha_phonlamai_kw04_bing_000088.jpg,cha_phonlamai,kw04,1,peach iced tea with fruit pieces,en,bing,web_scrape,,960,1200,0.8,RGB,False,False,
cha_phonlamai_kw04_bing_000089.webp,cha_phonlamai/cha_phonlamai_kw04_bing_000089.webp,cha_phonlamai,kw04,1,peach iced tea with fruit pieces,en,bing,web_scrape,,1024,768,1.3333,RGB,False,False,
cha_phonlamai_kw04_bing_000091.jpg,cha_phonlamai/cha_phonlamai_kw04_bing_000091.jpg,cha_phonlamai,kw04,1,peach iced tea with fruit pieces,en,bing,web_scrape,,800,800,1.0,RGB,False,False,
cha_phonlamai_kw04_bing_000092.jpg,cha_phonlamai/cha_phonlamai_kw04_bing_000092.jpg,cha_phonlamai,kw04,1,peach iced tea with fruit pieces,en,bing,web_scrape,,980,981,0.999,RGB,False,False,
cha_phonlamai_kw04_bing_000093.jpg,cha_phonlamai/cha_phonlamai_kw04_bing_000093.jpg,cha_phonlamai,kw04,1,peach iced tea with fruit pieces,en,bing,web_scrape,,980,980,1.0,RGB,False,False,
cha_phonlamai_kw04_bing_000094.webp,cha_phonlamai/cha_phonlamai_kw04_bing_000094.webp,cha_phonlamai,kw04,1,peach iced tea with fruit pieces,en,bing,web_scrape,,700,466,1.5021,RGB,False,False,
cha_phonlamai_kw04_bing_000097.jpg,cha_phonlamai/cha_phonlamai_kw04_bing_000097.jpg,cha_phonlamai,kw04,1,peach iced tea with fruit pieces,en,bing,web_scrape,,800,800,1.0,RGB,False,False,
cha_phonlamai_kw04_bing_000098.jpg,cha_phonlamai/cha_phonlamai_kw04_bing_000098.jpg,cha_phonlamai,kw04,1,peach iced tea with fruit pieces,en,bing,web_scrape,,800,800,1.0,RGB,False,False,
cha_phonlamai_kw04_bing_000101.jpg,cha_phonlamai/cha_phonlamai_kw04_bing_000101.jpg,cha_phonlamai,kw04,1,peach iced tea with fruit pieces,en,bing,web_scrape,,976,1301,0.7502,RGB,False,False,
cha_phonlamai_kw04_bing_000102.jpg,cha_phonlamai/cha_phonlamai_kw04_bing_000102.jpg,cha_phonlamai,kw04,1,peach iced tea with fruit pieces,en,bing,web_scrape,,780,438,1.7808,RGB,False,False,
cha_phonlamai_kw04_baidu_000001.jpg,cha_phonlamai/cha_phonlamai_kw04_baidu_000001.jpg,cha_phonlamai,kw04,1,peach iced tea with fruit pieces,en,baidu,web_scrape,,1000,1000,1.0,RGB,False,False,
cha_phonlamai_kw04_baidu_000002.jpg,cha_phonlamai/cha_phonlamai_kw04_baidu_000002.jpg,cha_phonlamai,kw04,1,peach iced tea with fruit pieces,en,baidu,web_scrape,,1500,1101,1.3624,RGB,False,False,
cha_phonlamai_kw04_baidu_000003.jpg,cha_phonlamai/cha_phonlamai_kw04_baidu_000003.jpg,cha_phonlamai,kw04,1,peach iced tea with fruit pieces,en,baidu,web_scrape,,1500,1093,1.3724,RGB,False,False,
cha_phonlamai_kw04_baidu_000004.jpg,cha_phonlamai/cha_phonlamai_kw04_baidu_000004.jpg,cha_phonlamai,kw04,1,peach iced tea with fruit pieces,en,baidu,web_scrape,,1001,1600,0.6256,RGB,False,False,
cha_phonlamai_kw04_baidu_000005.jpg,cha_phonlamai/cha_phonlamai_kw04_baidu_000005.jpg,cha_phonlamai,kw04,1,peach iced tea with fruit pieces,en,baidu,web_scrape,,658,990,0.6646,RGB,False,False,
cha_phonlamai_kw04_baidu_000006.jpg,cha_phonlamai/cha_phonlamai_kw04_baidu_000006.jpg,cha_phonlamai,kw04,1,peach iced tea with fruit pieces,en,baidu,web_scrape,,1500,1260,1.1905,RGB,False,False,
cha_phonlamai_kw04_baidu_000008.jpg,cha_phonlamai/cha_phonlamai_kw04_baidu_000008.jpg,cha_phonlamai,kw04,1,peach iced tea with fruit pieces,en,baidu,web_scrape,,1001,1600,0.6256,RGB,False,False,
cha_phonlamai_kw04_baidu_000011.jpg,cha_phonlamai/cha_phonlamai_kw04_baidu_000011.jpg,cha_phonlamai,kw04,1,peach iced tea with fruit pieces,en,baidu,web_scrape,,1001,1600,0.6256,RGB,False,False,
cha_phonlamai_kw04_baidu_000012.jpg,cha_phonlamai/cha_phonlamai_kw04_baidu_000012.jpg,cha_phonlamai,kw04,1,peach iced tea with fruit pieces,en,baidu,web_scrape,,1500,1101,1.3624,RGB,False,False,
cha_phonlamai_kw04_baidu_000014.jpg,cha_phonlamai/cha_phonlamai_kw04_baidu_000014.jpg,cha_phonlamai,kw04,1,peach iced tea with fruit pieces,en,baidu,web_scrape,,658,991,0.664,RGB,False,False,
cha_phonlamai_kw04_baidu_000015.jpg,cha_phonlamai/cha_phonlamai_kw04_baidu_000015.jpg,cha_phonlamai,kw04,1,peach iced tea with fruit pieces,en,baidu,web_scrape,,650,815,0.7975,RGB,False,False,
cha_phonlamai_kw04_baidu_000016.jpg,cha_phonlamai/cha_phonlamai_kw04_baidu_000016.jpg,cha_phonlamai,kw04,1,peach iced tea with fruit pieces,en,baidu,web_scrape,,600,1200,0.5,RGB,False,False,
cha_phonlamai_kw04_baidu_000017.jpg,cha_phonlamai/cha_phonlamai_kw04_baidu_000017.jpg,cha_phonlamai,kw04,1,peach iced tea with fruit pieces,en,baidu,web_scrape,,658,987,0.6667,RGB,False,False,
cha_phonlamai_kw04_baidu_000018.jpg,cha_phonlamai/cha_phonlamai_kw04_baidu_000018.jpg,cha_phonlamai,kw04,1,peach iced tea with fruit pieces,en,baidu,web_scrape,,1500,1101,1.3624,RGB,False,False,
cha_phonlamai_kw04_baidu_000019.jpg,cha_phonlamai/cha_phonlamai_kw04_baidu_000019.jpg,cha_phonlamai,kw04,1,peach iced tea with fruit pieces,en,baidu,web_scrape,,1120,630,1.7778,RGB,False,False,
cha_phonlamai_kw04_baidu_000020.jpg,cha_phonlamai/cha_phonlamai_kw04_baidu_000020.jpg,cha_phonlamai,kw04,1,peach iced tea with fruit pieces,en,baidu,web_scrape,,720,540,1.3333,RGB,False,False,
cha_phonlamai_kw04_baidu_000021.jpg,cha_phonlamai/cha_phonlamai_kw04_baidu_000021.jpg,cha_phonlamai,kw04,1,peach iced tea with fruit pieces,en,baidu,web_scrape,,658,987,0.6667,RGB,False,False,
cha_phonlamai_kw04_baidu_000022.jpg,cha_phonlamai/cha_phonlamai_kw04_baidu_000022.jpg,cha_phonlamai,kw04,1,peach iced tea with fruit pieces,en,baidu,web_scrape,,658,987,0.6667,RGB,False,False,
cha_phonlamai_kw04_baidu_000023.jpeg,cha_phonlamai/cha_phonlamai_kw04_baidu_000023.jpeg,cha_phonlamai,kw04,1,peach iced tea with fruit pieces,en,baidu,web_scrape,,5012,4435,1.1301,RGB,False,False,
cha_phonlamai_kw04_baidu_000024.jpg,cha_phonlamai/cha_phonlamai_kw04_baidu_000024.jpg,cha_phonlamai,kw04,1,peach iced tea with fruit pieces,en,baidu,web_scrape,,1500,1111,1.3501,RGB,False,False,
cha_phonlamai_kw04_baidu_000026.jpg,cha_phonlamai/cha_phonlamai_kw04_baidu_000026.jpg,cha_phonlamai,kw04,1,peach iced tea with fruit pieces,en,baidu,web_scrape,,1500,1216,1.2336,RGB,False,False,
cha_phonlamai_kw04_baidu_000027.jpg,cha_phonlamai/cha_phonlamai_kw04_baidu_000027.jpg,cha_phonlamai,kw04,1,peach iced tea with fruit pieces,en,baidu,web_scrape,,1500,1100,1.3636,RGB,False,False,
cha_phonlamai_kw04_baidu_000028.jpg,cha_phonlamai/cha_phonlamai_kw04_baidu_000028.jpg,cha_phonlamai,kw04,1,peach iced tea with fruit pieces,en,baidu,web_scrape,,700,930,0.7527,RGB,False,False,
cha_phonlamai_kw04_baidu_000029.jpg,cha_phonlamai/cha_phonlamai_kw04_baidu_000029.jpg,cha_phonlamai,kw04,1,peach iced tea with fruit pieces,en,baidu,web_scrape,,900,1023,0.8798,RGB,False,False,
cha_phonlamai_kw04_baidu_000030.png,cha_phonlamai/cha_phonlamai_kw04_baidu_000030.png,cha_phonlamai,kw04,1,peach iced tea with fruit pieces,en,baidu,web_scrape,,720,720,1.0,RGB,False,False,
cha_phonlamai_kw04_baidu_000031.jpg,cha_phonlamai/cha_phonlamai_kw04_baidu_000031.jpg,cha_phonlamai,kw04,1,peach iced tea with fruit pieces,en,baidu,web_scrape,,1500,1101,1.3624,RGB,False,False,
cha_phonlamai_kw04_baidu_000032.jpg,cha_phonlamai/cha_phonlamai_kw04_baidu_000032.jpg,cha_phonlamai,kw04,1,peach iced tea with fruit pieces,en,baidu,web_scrape,,1500,1102,1.3612,RGB,False,False,
cha_phonlamai_kw04_baidu_000034.jpg,cha_phonlamai/cha_phonlamai_kw04_baidu_000034.jpg,cha_phonlamai,kw04,1,peach iced tea with fruit pieces,en,baidu,web_scrape,,1500,1101,1.3624,RGB,False,False,
cha_phonlamai_kw04_baidu_000035.jpg,cha_phonlamai/cha_phonlamai_kw04_baidu_000035.jpg,cha_phonlamai,kw04,1,peach iced tea with fruit pieces,en,baidu,web_scrape,,1500,1101,1.3624,RGB,False,False,
cha_phonlamai_kw04_baidu_000036.jpg,cha_phonlamai/cha_phonlamai_kw04_baidu_000036.jpg,cha_phonlamai,kw04,1,peach iced tea with fruit pieces,en,baidu,web_scrape,,1500,1101,1.3624,RGB,False,False,
cha_phonlamai_kw04_baidu_000038.jpg,cha_phonlamai/cha_phonlamai_kw04_baidu_000038.jpg,cha_phonlamai,kw04,1,peach iced tea with fruit pieces,en,baidu,web_scrape,,1500,1101,1.3624,RGB,False,False,
cha_phonlamai_kw04_baidu_000039.jpg,cha_phonlamai/cha_phonlamai_kw04_baidu_000039.jpg,cha_phonlamai,kw04,1,peach iced tea with fruit pieces,en,baidu,web_scrape,,987,1600,0.6169,RGB,False,False,
cha_phonlamai_kw04_baidu_000040.jpg,cha_phonlamai/cha_phonlamai_kw04_baidu_000040.jpg,cha_phonlamai,kw04,1,peach iced tea with fruit pieces,en,baidu,web_scrape,,1001,1600,0.6256,RGB,False,False,
cha_phonlamai_kw04_baidu_000041.jpg,cha_phonlamai/cha_phonlamai_kw04_baidu_000041.jpg,cha_phonlamai,kw04,1,peach iced tea with fruit pieces,en,baidu,web_scrape,,1298,1690,0.768,RGB,False,False,
cha_phonlamai_kw04_baidu_000042.jpg,cha_phonlamai/cha_phonlamai_kw04_baidu_000042.jpg,cha_phonlamai,kw04,1,peach iced tea with fruit pieces,en,baidu,web_scrape,,1125,1600,0.7031,RGB,False,False,
cha_phonlamai_kw04_baidu_000043.jpg,cha_phonlamai/cha_phonlamai_kw04_baidu_000043.jpg,cha_phonlamai,kw04,1,peach iced tea with fruit pieces,en,baidu,web_scrape,,1500,1101,1.3624,RGB,False,False,
cha_phonlamai_kw04_baidu_000044.png,cha_phonlamai/cha_phonlamai_kw04_baidu_000044.png,cha_phonlamai,kw04,1,peach iced tea with fruit pieces,en,baidu,web_scrape,,1000,1000,1.0,RGBA,False,False,
cha_phonlamai_kw04_baidu_000045.jpg,cha_phonlamai/cha_phonlamai_kw04_baidu_000045.jpg,cha_phonlamai,kw04,1,peach iced tea with fruit pieces,en,baidu,web_scrape,,1500,1405,1.0676,RGB,False,False,
cha_phonlamai_kw04_baidu_000046.jpg,cha_phonlamai/cha_phonlamai_kw04_baidu_000046.jpg,cha_phonlamai,kw04,1,peach iced tea with fruit pieces,en,baidu,web_scrape,,600,600,1.0,RGB,False,False,
cha_phonlamai_kw04_baidu_000047.jpeg,cha_phonlamai/cha_phonlamai_kw04_baidu_000047.jpeg,cha_phonlamai,kw04,1,peach iced tea with fruit pieces,en,baidu,web_scrape,,1080,1359,0.7947,RGB,False,False,
cha_phonlamai_kw04_baidu_000048.jpg,cha_phonlamai/cha_phonlamai_kw04_baidu_000048.jpg,cha_phonlamai,kw04,1,peach iced tea with fruit pieces,en,baidu,web_scrape,,750,750,1.0,RGB,False,False,
cha_phonlamai_kw04_baidu_000049.jpg,cha_phonlamai/cha_phonlamai_kw04_baidu_000049.jpg,cha_phonlamai,kw04,1,peach iced tea with fruit pieces,en,baidu,web_scrape,,1200,799,1.5019,RGB,False,False,
cha_phonlamai_kw05_bing_000009.jpg,cha_phonlamai/cha_phonlamai_kw05_bing_000009.jpg,cha_phonlamai,kw05,2,ชาผลไม้ แก้วพลาสติก ใส่น้ำแข็ง,th,bing,web_scrape,,1024,1024,1.0,RGB,False,False,
cha_phonlamai_kw05_bing_000016.jpg,cha_phonlamai/cha_phonlamai_kw05_bing_000016.jpg,cha_phonlamai,kw05,2,ชาผลไม้ แก้วพลาสติก ใส่น้ำแข็ง,th,bing,web_scrape,,800,800,1.0,RGB,False,False,
cha_phonlamai_kw05_bing_000022.jpg,cha_phonlamai/cha_phonlamai_kw05_bing_000022.jpg,cha_phonlamai,kw05,2,ชาผลไม้ แก้วพลาสติก ใส่น้ำแข็ง,th,bing,web_scrape,,1024,1024,1.0,RGB,False,False,
cha_phonlamai_kw05_bing_000027.jpg,cha_phonlamai/cha_phonlamai_kw05_bing_000027.jpg,cha_phonlamai,kw05,2,ชาผลไม้ แก้วพลาสติก ใส่น้ำแข็ง,th,bing,web_scrape,,800,800,1.0,RGB,False,False,
cha_phonlamai_kw05_bing_000032.jpg,cha_phonlamai/cha_phonlamai_kw05_bing_000032.jpg,cha_phonlamai,kw05,2,ชาผลไม้ แก้วพลาสติก ใส่น้ำแข็ง,th,bing,web_scrape,,750,750,1.0,RGB,False,False,
cha_phonlamai_kw05_bing_000033.jpg,cha_phonlamai/cha_phonlamai_kw05_bing_000033.jpg,cha_phonlamai,kw05,2,ชาผลไม้ แก้วพลาสติก ใส่น้ำแข็ง,th,bing,web_scrape,,743,743,1.0,RGB,False,False,
cha_phonlamai_kw05_bing_000034.jpg,cha_phonlamai/cha_phonlamai_kw05_bing_000034.jpg,cha_phonlamai,kw05,2,ชาผลไม้ แก้วพลาสติก ใส่น้ำแข็ง,th,bing,web_scrape,,800,800,1.0,RGB,False,False,
cha_phonlamai_kw05_bing_000038.jpg,cha_phonlamai/cha_phonlamai_kw05_bing_000038.jpg,cha_phonlamai,kw05,2,ชาผลไม้ แก้วพลาสติก ใส่น้ำแข็ง,th,bing,web_scrape,,1024,1024,1.0,RGB,False,False,
cha_phonlamai_kw05_bing_000042.jpg,cha_phonlamai/cha_phonlamai_kw05_bing_000042.jpg,cha_phonlamai,kw05,2,ชาผลไม้ แก้วพลาสติก ใส่น้ำแข็ง,th,bing,web_scrape,,590,920,0.6413,RGB,False,False,
cha_phonlamai_kw05_bing_000047.jpg,cha_phonlamai/cha_phonlamai_kw05_bing_000047.jpg,cha_phonlamai,kw05,2,ชาผลไม้ แก้วพลาสติก ใส่น้ำแข็ง,th,bing,web_scrape,,800,800,1.0,RGB,False,False,
cha_phonlamai_kw05_bing_000055.jpg,cha_phonlamai/cha_phonlamai_kw05_bing_000055.jpg,cha_phonlamai,kw05,2,ชาผลไม้ แก้วพลาสติก ใส่น้ำแข็ง,th,bing,web_scrape,,710,980,0.7245,RGB,False,False,
cha_phonlamai_kw05_bing_000060.jpg,cha_phonlamai/cha_phonlamai_kw05_bing_000060.jpg,cha_phonlamai,kw05,2,ชาผลไม้ แก้วพลาสติก ใส่น้ำแข็ง,th,bing,web_scrape,,800,800,1.0,RGB,False,False,
cha_phonlamai_kw05_bing_000061.jpg,cha_phonlamai/cha_phonlamai_kw05_bing_000061.jpg,cha_phonlamai,kw05,2,ชาผลไม้ แก้วพลาสติก ใส่น้ำแข็ง,th,bing,web_scrape,,1000,560,1.7857,RGB,False,False,
cha_phonlamai_kw05_bing_000062.jpg,cha_phonlamai/cha_phonlamai_kw05_bing_000062.jpg,cha_phonlamai,kw05,2,ชาผลไม้ แก้วพลาสติก ใส่น้ำแข็ง,th,bing,web_scrape,,1000,1000,1.0,RGB,False,False,
cha_phonlamai_kw05_bing_000064.jpg,cha_phonlamai/cha_phonlamai_kw05_bing_000064.jpg,cha_phonlamai,kw05,2,ชาผลไม้ แก้วพลาสติก ใส่น้ำแข็ง,th,bing,web_scrape,,534,534,1.0,RGB,False,False,
cha_phonlamai_kw05_bing_000065.jpg,cha_phonlamai/cha_phonlamai_kw05_bing_000065.jpg,cha_phonlamai,kw05,2,ชาผลไม้ แก้วพลาสติก ใส่น้ำแข็ง,th,bing,web_scrape,,415,550,0.7545,RGB,False,False,
cha_phonlamai_kw05_bing_000066.jpg,cha_phonlamai/cha_phonlamai_kw05_bing_000066.jpg,cha_phonlamai,kw05,2,ชาผลไม้ แก้วพลาสติก ใส่น้ำแข็ง,th,bing,web_scrape,,720,405,1.7778,RGB,False,False,
cha_phonlamai_kw05_bing_000067.jpg,cha_phonlamai/cha_phonlamai_kw05_bing_000067.jpg,cha_phonlamai,kw05,2,ชาผลไม้ แก้วพลาสติก ใส่น้ำแข็ง,th,bing,web_scrape,,564,564,1.0,RGB,False,False,
cha_phonlamai_kw05_bing_000068.png,cha_phonlamai/cha_phonlamai_kw05_bing_000068.png,cha_phonlamai,kw05,2,ชาผลไม้ แก้วพลาสติก ใส่น้ำแข็ง,th,bing,web_scrape,,1080,1080,1.0,RGBA,False,False,
cha_phonlamai_kw05_bing_000071.webp,cha_phonlamai/cha_phonlamai_kw05_bing_000071.webp,cha_phonlamai,kw05,2,ชาผลไม้ แก้วพลาสติก ใส่น้ำแข็ง,th,bing,web_scrape,,800,800,1.0,RGB,False,False,
cha_phonlamai_kw05_bing_000073.jpg,cha_phonlamai/cha_phonlamai_kw05_bing_000073.jpg,cha_phonlamai,kw05,2,ชาผลไม้ แก้วพลาสติก ใส่น้ำแข็ง,th,bing,web_scrape,,600,600,1.0,RGB,False,False,
cha_phonlamai_kw05_bing_000077.jpg,cha_phonlamai/cha_phonlamai_kw05_bing_000077.jpg,cha_phonlamai,kw05,2,ชาผลไม้ แก้วพลาสติก ใส่น้ำแข็ง,th,bing,web_scrape,,675,1200,0.5625,RGB,False,False,
cha_phonlamai_kw05_bing_000079.jpg,cha_phonlamai/cha_phonlamai_kw05_bing_000079.jpg,cha_phonlamai,kw05,2,ชาผลไม้ แก้วพลาสติก ใส่น้ำแข็ง,th,bing,web_scrape,,1200,1200,1.0,RGB,False,False,
cha_phonlamai_kw05_bing_000080.webp,cha_phonlamai/cha_phonlamai_kw05_bing_000080.webp,cha_phonlamai,kw05,2,ชาผลไม้ แก้วพลาสติก ใส่น้ำแข็ง,th,bing,web_scrape,,1600,1600,1.0,RGB,False,False,
cha_phonlamai_kw05_bing_000082.jpg,cha_phonlamai/cha_phonlamai_kw05_bing_000082.jpg,cha_phonlamai,kw05,2,ชาผลไม้ แก้วพลาสติก ใส่น้ำแข็ง,th,bing,web_scrape,,800,800,1.0,RGB,False,False,
cha_phonlamai_kw05_bing_000083.jpg,cha_phonlamai/cha_phonlamai_kw05_bing_000083.jpg,cha_phonlamai,kw05,2,ชาผลไม้ แก้วพลาสติก ใส่น้ำแข็ง,th,bing,web_scrape,,640,640,1.0,RGB,False,False,
cha_phonlamai_kw05_bing_000084.jpg,cha_phonlamai/cha_phonlamai_kw05_bing_000084.jpg,cha_phonlamai,kw05,2,ชาผลไม้ แก้วพลาสติก ใส่น้ำแข็ง,th,bing,web_scrape,,736,889,0.8279,RGB,False,False,
cha_phonlamai_kw05_bing_000085.jpg,cha_phonlamai/cha_phonlamai_kw05_bing_000085.jpg,cha_phonlamai,kw05,2,ชาผลไม้ แก้วพลาสติก ใส่น้ำแข็ง,th,bing,web_scrape,,900,1198,0.7513,RGB,False,False,
cha_phonlamai_kw05_bing_000086.jpg,cha_phonlamai/cha_phonlamai_kw05_bing_000086.jpg,cha_phonlamai,kw05,2,ชาผลไม้ แก้วพลาสติก ใส่น้ำแข็ง,th,bing,web_scrape,,740,740,1.0,RGB,False,False,
cha_phonlamai_kw05_bing_000087.jpg,cha_phonlamai/cha_phonlamai_kw05_bing_000087.jpg,cha_phonlamai,kw05,2,ชาผลไม้ แก้วพลาสติก ใส่น้ำแข็ง,th,bing,web_scrape,,736,736,1.0,RGB,False,False,
cha_phonlamai_kw05_bing_000088.jpg,cha_phonlamai/cha_phonlamai_kw05_bing_000088.jpg,cha_phonlamai,kw05,2,ชาผลไม้ แก้วพลาสติก ใส่น้ำแข็ง,th,bing,web_scrape,,1600,1600,1.0,RGB,False,False,
cha_phonlamai_kw05_bing_000090.jpg,cha_phonlamai/cha_phonlamai_kw05_bing_000090.jpg,cha_phonlamai,kw05,2,ชาผลไม้ แก้วพลาสติก ใส่น้ำแข็ง,th,bing,web_scrape,,800,800,1.0,RGB,False,False,
cha_phonlamai_kw05_bing_000092.jpg,cha_phonlamai/cha_phonlamai_kw05_bing_000092.jpg,cha_phonlamai,kw05,2,ชาผลไม้ แก้วพลาสติก ใส่น้ำแข็ง,th,bing,web_scrape,,1000,1000,1.0,RGB,False,False,
cha_phonlamai_kw05_bing_000094.png,cha_phonlamai/cha_phonlamai_kw05_bing_000094.png,cha_phonlamai,kw05,2,ชาผลไม้ แก้วพลาสติก ใส่น้ำแข็ง,th,bing,web_scrape,,720,708,1.0169,RGBA,False,False,
cha_phonlamai_kw05_bing_000095.jpg,cha_phonlamai/cha_phonlamai_kw05_bing_000095.jpg,cha_phonlamai,kw05,2,ชาผลไม้ แก้วพลาสติก ใส่น้ำแข็ง,th,bing,web_scrape,,1024,1024,1.0,RGB,False,False,
cha_phonlamai_kw05_bing_000096.jpg,cha_phonlamai/cha_phonlamai_kw05_bing_000096.jpg,cha_phonlamai,kw05,2,ชาผลไม้ แก้วพลาสติก ใส่น้ำแข็ง,th,bing,web_scrape,,736,1307,0.5631,RGB,False,False,
cha_phonlamai_kw05_bing_000097.jpg,cha_phonlamai/cha_phonlamai_kw05_bing_000097.jpg,cha_phonlamai,kw05,2,ชาผลไม้ แก้วพลาสติก ใส่น้ำแข็ง,th,bing,web_scrape,,736,736,1.0,RGB,False,False,
cha_phonlamai_kw06_bing_000002.jpg,cha_phonlamai/cha_phonlamai_kw06_bing_000002.jpg,cha_phonlamai,kw06,2,ชาผลไม้ ร้านชาริมทาง,th,bing,web_scrape,,1917,1080,1.775,RGB,False,False,
cha_phonlamai_kw06_bing_000003.webp,cha_phonlamai/cha_phonlamai_kw06_bing_000003.webp,cha_phonlamai,kw06,2,ชาผลไม้ ร้านชาริมทาง,th,bing,web_scrape,,1080,1440,0.75,RGB,False,False,
cha_phonlamai_kw06_bing_000004.jpg,cha_phonlamai/cha_phonlamai_kw06_bing_000004.jpg,cha_phonlamai,kw06,2,ชาผลไม้ ร้านชาริมทาง,th,bing,web_scrape,,1600,1069,1.4967,RGB,False,False,
cha_phonlamai_kw06_bing_000006.jpg,cha_phonlamai/cha_phonlamai_kw06_bing_000006.jpg,cha_phonlamai,kw06,2,ชาผลไม้ ร้านชาริมทาง,th,bing,web_scrape,,1080,1440,0.75,RGB,False,False,
cha_phonlamai_kw06_bing_000009.jpg,cha_phonlamai/cha_phonlamai_kw06_bing_000009.jpg,cha_phonlamai,kw06,2,ชาผลไม้ ร้านชาริมทาง,th,bing,web_scrape,,1024,1024,1.0,RGB,False,False,
cha_phonlamai_kw06_bing_000010.jpg,cha_phonlamai/cha_phonlamai_kw06_bing_000010.jpg,cha_phonlamai,kw06,2,ชาผลไม้ ร้านชาริมทาง,th,bing,web_scrape,,1200,630,1.9048,RGB,False,False,
cha_phonlamai_kw06_bing_000012.webp,cha_phonlamai/cha_phonlamai_kw06_bing_000012.webp,cha_phonlamai,kw06,2,ชาผลไม้ ร้านชาริมทาง,th,bing,web_scrape,,1560,2080,0.75,RGB,False,False,
cha_phonlamai_kw06_bing_000013.webp,cha_phonlamai/cha_phonlamai_kw06_bing_000013.webp,cha_phonlamai,kw06,2,ชาผลไม้ ร้านชาริมทาง,th,bing,web_scrape,,1668,2224,0.75,RGB,False,False,
cha_phonlamai_kw06_bing_000014.jpg,cha_phonlamai/cha_phonlamai_kw06_bing_000014.jpg,cha_phonlamai,kw06,2,ชาผลไม้ ร้านชาริมทาง,th,bing,web_scrape,,795,1074,0.7402,RGB,False,False,
cha_phonlamai_kw06_bing_000017.webp,cha_phonlamai/cha_phonlamai_kw06_bing_000017.webp,cha_phonlamai,kw06,2,ชาผลไม้ ร้านชาริมทาง,th,bing,web_scrape,,1284,1716,0.7483,RGB,False,False,
cha_phonlamai_kw06_bing_000018.jpg,cha_phonlamai/cha_phonlamai_kw06_bing_000018.jpg,cha_phonlamai,kw06,2,ชาผลไม้ ร้านชาริมทาง,th,bing,web_scrape,,1024,1024,1.0,RGB,False,False,
cha_phonlamai_kw06_bing_000020.jpg,cha_phonlamai/cha_phonlamai_kw06_bing_000020.jpg,cha_phonlamai,kw06,2,ชาผลไม้ ร้านชาริมทาง,th,bing,web_scrape,,1920,1080,1.7778,RGB,False,False,
cha_phonlamai_kw06_bing_000021.jpg,cha_phonlamai/cha_phonlamai_kw06_bing_000021.jpg,cha_phonlamai,kw06,2,ชาผลไม้ ร้านชาริมทาง,th,bing,web_scrape,,1024,1024,1.0,RGB,False,False,
cha_phonlamai_kw06_bing_000022.jpg,cha_phonlamai/cha_phonlamai_kw06_bing_000022.jpg,cha_phonlamai,kw06,2,ชาผลไม้ ร้านชาริมทาง,th,bing,web_scrape,,1080,1080,1.0,RGB,False,False,
cha_phonlamai_kw06_bing_000024.jpg,cha_phonlamai/cha_phonlamai_kw06_bing_000024.jpg,cha_phonlamai,kw06,2,ชาผลไม้ ร้านชาริมทาง,th,bing,web_scrape,,720,960,0.75,RGB,False,False,
cha_phonlamai_kw06_bing_000025.jpg,cha_phonlamai/cha_phonlamai_kw06_bing_000025.jpg,cha_phonlamai,kw06,2,ชาผลไม้ ร้านชาริมทาง,th,bing,web_scrape,,1080,1440,0.75,RGB,False,False,
cha_phonlamai_kw06_bing_000027.jpg,cha_phonlamai/cha_phonlamai_kw06_bing_000027.jpg,cha_phonlamai,kw06,2,ชาผลไม้ ร้านชาริมทาง,th,bing,web_scrape,,1440,1920,0.75,RGB,False,False,
cha_phonlamai_kw06_bing_000028.jpg,cha_phonlamai/cha_phonlamai_kw06_bing_000028.jpg,cha_phonlamai,kw06,2,ชาผลไม้ ร้านชาริมทาง,th,bing,web_scrape,,512,512,1.0,RGB,False,False,
cha_phonlamai_kw06_bing_000029.jpg,cha_phonlamai/cha_phonlamai_kw06_bing_000029.jpg,cha_phonlamai,kw06,2,ชาผลไม้ ร้านชาริมทาง,th,bing,web_scrape,,1425,1900,0.75,RGB,False,False,
cha_phonlamai_kw06_bing_000030.jpg,cha_phonlamai/cha_phonlamai_kw06_bing_000030.jpg,cha_phonlamai,kw06,2,ชาผลไม้ ร้านชาริมทาง,th,bing,web_scrape,,710,960,0.7396,RGB,False,False,
cha_phonlamai_kw06_bing_000031.jpg,cha_phonlamai/cha_phonlamai_kw06_bing_000031.jpg,cha_phonlamai,kw06,2,ชาผลไม้ ร้านชาริมทาง,th,bing,web_scrape,,1080,1080,1.0,RGB,False,False,
cha_phonlamai_kw06_bing_000037.jpg,cha_phonlamai/cha_phonlamai_kw06_bing_000037.jpg,cha_phonlamai,kw06,2,ชาผลไม้ ร้านชาริมทาง,th,bing,web_scrape,,512,512,1.0,RGB,False,False,
cha_phonlamai_kw06_bing_000040.png,cha_phonlamai/cha_phonlamai_kw06_bing_000040.png,cha_phonlamai,kw06,2,ชาผลไม้ ร้านชาริมทาง,th,bing,web_scrape,,1024,1024,1.0,RGBA,False,False,
cha_phonlamai_kw06_bing_000041.jpg,cha_phonlamai/cha_phonlamai_kw06_bing_000041.jpg,cha_phonlamai,kw06,2,ชาผลไม้ ร้านชาริมทาง,th,bing,web_scrape,,1071,1900,0.5637,RGB,False,False,
cha_phonlamai_kw06_bing_000044.jpg,cha_phonlamai/cha_phonlamai_kw06_bing_000044.jpg,cha_phonlamai,kw06,2,ชาผลไม้ ร้านชาริมทาง,th,bing,web_scrape,,1600,1600,1.0,RGB,False,False,
cha_phonlamai_kw06_bing_000045.jpg,cha_phonlamai/cha_phonlamai_kw06_bing_000045.jpg,cha_phonlamai,kw06,2,ชาผลไม้ ร้านชาริมทาง,th,bing,web_scrape,,1024,1024,1.0,RGB,False,False,
cha_phonlamai_kw06_bing_000046.jpg,cha_phonlamai/cha_phonlamai_kw06_bing_000046.jpg,cha_phonlamai,kw06,2,ชาผลไม้ ร้านชาริมทาง,th,bing,web_scrape,,736,981,0.7503,RGB,False,False,
cha_phonlamai_kw06_bing_000050.jpg,cha_phonlamai/cha_phonlamai_kw06_bing_000050.jpg,cha_phonlamai,kw06,2,ชาผลไม้ ร้านชาริมทาง,th,bing,web_scrape,,1000,932,1.073,RGB,False,False,
cha_phonlamai_kw06_bing_000051.jpg,cha_phonlamai/cha_phonlamai_kw06_bing_000051.jpg,cha_phonlamai,kw06,2,ชาผลไม้ ร้านชาริมทาง,th,bing,web_scrape,,1920,1080,1.7778,RGB,False,False,
cha_phonlamai_kw06_bing_000053.jpg,cha_phonlamai/cha_phonlamai_kw06_bing_000053.jpg,cha_phonlamai,kw06,2,ชาผลไม้ ร้านชาริมทาง,th,bing,web_scrape,,1425,1900,0.75,RGB,False,False,
cha_phonlamai_kw06_bing_000056.jpg,cha_phonlamai/cha_phonlamai_kw06_bing_000056.jpg,cha_phonlamai,kw06,2,ชาผลไม้ ร้านชาริมทาง,th,bing,web_scrape,,512,512,1.0,RGB,False,False,
cha_phonlamai_kw06_bing_000061.png,cha_phonlamai/cha_phonlamai_kw06_bing_000061.png,cha_phonlamai,kw06,2,ชาผลไม้ ร้านชาริมทาง,th,bing,web_scrape,,1200,1200,1.0,P,False,False,
cha_phonlamai_kw06_bing_000062.jpg,cha_phonlamai/cha_phonlamai_kw06_bing_000062.jpg,cha_phonlamai,kw06,2,ชาผลไม้ ร้านชาริมทาง,th,bing,web_scrape,,1213,1900,0.6384,RGB,False,False,
cha_phonlamai_kw06_bing_000063.jpg,cha_phonlamai/cha_phonlamai_kw06_bing_000063.jpg,cha_phonlamai,kw06,2,ชาผลไม้ ร้านชาริมทาง,th,bing,web_scrape,,1920,1080,1.7778,RGB,False,False,
cha_phonlamai_kw06_bing_000064.jpg,cha_phonlamai/cha_phonlamai_kw06_bing_000064.jpg,cha_phonlamai,kw06,2,ชาผลไม้ ร้านชาริมทาง,th,bing,web_scrape,,1024,683,1.4993,RGB,False,False,
cha_phonlamai_kw06_bing_000065.jpg,cha_phonlamai/cha_phonlamai_kw06_bing_000065.jpg,cha_phonlamai,kw06,2,ชาผลไม้ ร้านชาริมทาง,th,bing,web_scrape,,1425,1900,0.75,RGB,False,False,
cha_phonlamai_kw06_bing_000068.jpg,cha_phonlamai/cha_phonlamai_kw06_bing_000068.jpg,cha_phonlamai,kw06,2,ชาผลไม้ ร้านชาริมทาง,th,bing,web_scrape,,1920,1080,1.7778,RGB,False,False,
cha_phonlamai_kw06_bing_000069.jpg,cha_phonlamai/cha_phonlamai_kw06_bing_000069.jpg,cha_phonlamai,kw06,2,ชาผลไม้ ร้านชาริมทาง,th,bing,web_scrape,,512,512,1.0,RGB,False,False,
cha_phonlamai_kw06_bing_000070.jpg,cha_phonlamai/cha_phonlamai_kw06_bing_000070.jpg,cha_phonlamai,kw06,2,ชาผลไม้ ร้านชาริมทาง,th,bing,web_scrape,,512,512,1.0,RGB,False,False,
cha_phonlamai_kw06_bing_000073.jpg,cha_phonlamai/cha_phonlamai_kw06_bing_000073.jpg,cha_phonlamai,kw06,2,ชาผลไม้ ร้านชาริมทาง,th,bing,web_scrape,,1024,1024,1.0,RGB,False,False,
cha_phonlamai_kw06_bing_000074.jpg,cha_phonlamai/cha_phonlamai_kw06_bing_000074.jpg,cha_phonlamai,kw06,2,ชาผลไม้ ร้านชาริมทาง,th,bing,web_scrape,,900,1200,0.75,RGB,False,False,
cha_phonlamai_kw06_bing_000075.jpg,cha_phonlamai/cha_phonlamai_kw06_bing_000075.jpg,cha_phonlamai,kw06,2,ชาผลไม้ ร้านชาริมทาง,th,bing,web_scrape,,1425,1900,0.75,RGB,False,False,
cha_phonlamai_kw06_bing_000076.jpg,cha_phonlamai/cha_phonlamai_kw06_bing_000076.jpg,cha_phonlamai,kw06,2,ชาผลไม้ ร้านชาริมทาง,th,bing,web_scrape,,1440,1920,0.75,RGB,False,False,
cha_phonlamai_kw06_bing_000079.jpg,cha_phonlamai/cha_phonlamai_kw06_bing_000079.jpg,cha_phonlamai,kw06,2,ชาผลไม้ ร้านชาริมทาง,th,bing,web_scrape,,512,512,1.0,RGB,False,False,
cha_phonlamai_kw06_bing_000080.webp,cha_phonlamai/cha_phonlamai_kw06_bing_000080.webp,cha_phonlamai,kw06,2,ชาผลไม้ ร้านชาริมทาง,th,bing,web_scrape,,1720,2297,0.7488,RGB,False,False,
cha_phonlamai_kw06_bing_000081.jpg,cha_phonlamai/cha_phonlamai_kw06_bing_000081.jpg,cha_phonlamai,kw06,2,ชาผลไม้ ร้านชาริมทาง,th,bing,web_scrape,,512,512,1.0,RGB,False,False,
cha_phonlamai_kw06_bing_000084.webp,cha_phonlamai/cha_phonlamai_kw06_bing_000084.webp,cha_phonlamai,kw06,2,ชาผลไม้ ร้านชาริมทาง,th,bing,web_scrape,,1440,736,1.9565,RGB,False,False,
cha_phonlamai_kw06_bing_000085.jpg,cha_phonlamai/cha_phonlamai_kw06_bing_000085.jpg,cha_phonlamai,kw06,2,ชาผลไม้ ร้านชาริมทาง,th,bing,web_scrape,,1755,1241,1.4142,RGB,False,False,
cha_phonlamai_kw06_bing_000086.jpg,cha_phonlamai/cha_phonlamai_kw06_bing_000086.jpg,cha_phonlamai,kw06,2,ชาผลไม้ ร้านชาริมทาง,th,bing,web_scrape,,736,736,1.0,RGB,False,False,
cha_phonlamai_kw06_bing_000087.jpg,cha_phonlamai/cha_phonlamai_kw06_bing_000087.jpg,cha_phonlamai,kw06,2,ชาผลไม้ ร้านชาริมทาง,th,bing,web_scrape,,1425,1900,0.75,RGB,False,False,
cha_phonlamai_kw06_bing_000090.jpg,cha_phonlamai/cha_phonlamai_kw06_bing_000090.jpg,cha_phonlamai,kw06,2,ชาผลไม้ ร้านชาริมทาง,th,bing,web_scrape,,1248,1664,0.75,RGB,False,False,
cha_phonlamai_kw06_bing_000093.jpg,cha_phonlamai/cha_phonlamai_kw06_bing_000093.jpg,cha_phonlamai,kw06,2,ชาผลไม้ ร้านชาริมทาง,th,bing,web_scrape,,512,512,1.0,RGB,False,False,
cha_phonlamai_kw06_bing_000094.jpg,cha_phonlamai/cha_phonlamai_kw06_bing_000094.jpg,cha_phonlamai,kw06,2,ชาผลไม้ ร้านชาริมทาง,th,bing,web_scrape,,3333,3333,1.0,RGB,False,False,
cha_phonlamai_kw06_bing_000097.jpg,cha_phonlamai/cha_phonlamai_kw06_bing_000097.jpg,cha_phonlamai,kw06,2,ชาผลไม้ ร้านชาริมทาง,th,bing,web_scrape,,512,512,1.0,RGB,False,False,
cha_phonlamai_kw06_bing_000101.png,cha_phonlamai/cha_phonlamai_kw06_bing_000101.png,cha_phonlamai,kw06,2,ชาผลไม้ ร้านชาริมทาง,th,bing,web_scrape,,1080,1080,1.0,RGBA,False,False,
cha_phonlamai_kw06_bing_000102.jpg,cha_phonlamai/cha_phonlamai_kw06_bing_000102.jpg,cha_phonlamai,kw06,2,ชาผลไม้ ร้านชาริมทาง,th,bing,web_scrape,,1440,1920,0.75,RGB,False,False,
cha_phonlamai_kw06_bing_000104.jpg,cha_phonlamai/cha_phonlamai_kw06_bing_000104.jpg,cha_phonlamai,kw06,2,ชาผลไม้ ร้านชาริมทาง,th,bing,web_scrape,,1920,1440,1.3333,RGB,False,False,
cha_phonlamai_kw06_bing_000107.jpg,cha_phonlamai/cha_phonlamai_kw06_bing_000107.jpg,cha_phonlamai,kw06,2,ชาผลไม้ ร้านชาริมทาง,th,bing,web_scrape,,735,586,1.2543,RGB,False,False,
cha_phonlamai_kw06_bing_000109.jpg,cha_phonlamai/cha_phonlamai_kw06_bing_000109.jpg,cha_phonlamai,kw06,2,ชาผลไม้ ร้านชาริมทาง,th,bing,web_scrape,,564,564,1.0,RGB,False,False,
cha_phonlamai_kw06_bing_000110.jpg,cha_phonlamai/cha_phonlamai_kw06_bing_000110.jpg,cha_phonlamai,kw06,2,ชาผลไม้ ร้านชาริมทาง,th,bing,web_scrape,,1200,630,1.9048,RGB,False,False,
cha_phonlamai_kw07_bing_000000.webp,cha_phonlamai/cha_phonlamai_kw07_bing_000000.webp,cha_phonlamai,kw07,2,ชาผลไม้รวม ชาสตรอว์เบอร์รี่ ชาส้ม เย็น,th,bing,web_scrape,,1200,628,1.9108,RGB,False,False,
cha_phonlamai_kw07_bing_000001.webp,cha_phonlamai/cha_phonlamai_kw07_bing_000001.webp,cha_phonlamai,kw07,2,ชาผลไม้รวม ชาสตรอว์เบอร์รี่ ชาส้ม เย็น,th,bing,web_scrape,,1024,1024,1.0,RGB,False,False,
cha_phonlamai_kw07_bing_000002.jpg,cha_phonlamai/cha_phonlamai_kw07_bing_000002.jpg,cha_phonlamai,kw07,2,ชาผลไม้รวม ชาสตรอว์เบอร์รี่ ชาส้ม เย็น,th,bing,web_scrape,,540,400,1.35,RGB,False,False,
cha_phonlamai_kw07_bing_000003.jpg,cha_phonlamai/cha_phonlamai_kw07_bing_000003.jpg,cha_phonlamai,kw07,2,ชาผลไม้รวม ชาสตรอว์เบอร์รี่ ชาส้ม เย็น,th,bing,web_scrape,,500,500,1.0,RGB,False,False,
cha_phonlamai_kw07_bing_000004.jpg,cha_phonlamai/cha_phonlamai_kw07_bing_000004.jpg,cha_phonlamai,kw07,2,ชาผลไม้รวม ชาสตรอว์เบอร์รี่ ชาส้ม เย็น,th,bing,web_scrape,,1280,720,1.7778,RGB,False,False,
cha_phonlamai_kw07_bing_000005.webp,cha_phonlamai/cha_phonlamai_kw07_bing_000005.webp,cha_phonlamai,kw07,2,ชาผลไม้รวม ชาสตรอว์เบอร์รี่ ชาส้ม เย็น,th,bing,web_scrape,,1024,1024,1.0,RGB,False,False,
cha_phonlamai_kw07_bing_000007.webp,cha_phonlamai/cha_phonlamai_kw07_bing_000007.webp,cha_phonlamai,kw07,2,ชาผลไม้รวม ชาสตรอว์เบอร์รี่ ชาส้ม เย็น,th,bing,web_scrape,,1288,1719,0.7493,RGB,False,False,
cha_phonlamai_kw07_bing_000008.jpg,cha_phonlamai/cha_phonlamai_kw07_bing_000008.jpg,cha_phonlamai,kw07,2,ชาผลไม้รวม ชาสตรอว์เบอร์รี่ ชาส้ม เย็น,th,bing,web_scrape,,1024,1024,1.0,RGB,False,False,
cha_phonlamai_kw07_bing_000010.jpg,cha_phonlamai/cha_phonlamai_kw07_bing_000010.jpg,cha_phonlamai,kw07,2,ชาผลไม้รวม ชาสตรอว์เบอร์รี่ ชาส้ม เย็น,th,bing,web_scrape,,1040,1040,1.0,RGB,False,False,
cha_phonlamai_kw07_bing_000011.jpg,cha_phonlamai/cha_phonlamai_kw07_bing_000011.jpg,cha_phonlamai,kw07,2,ชาผลไม้รวม ชาสตรอว์เบอร์รี่ ชาส้ม เย็น,th,bing,web_scrape,,1280,1280,1.0,RGB,False,False,
cha_phonlamai_kw07_bing_000013.jpg,cha_phonlamai/cha_phonlamai_kw07_bing_000013.jpg,cha_phonlamai,kw07,2,ชาผลไม้รวม ชาสตรอว์เบอร์รี่ ชาส้ม เย็น,th,bing,web_scrape,,1024,1024,1.0,RGB,False,False,
cha_phonlamai_kw07_bing_000014.jpg,cha_phonlamai/cha_phonlamai_kw07_bing_000014.jpg,cha_phonlamai,kw07,2,ชาผลไม้รวม ชาสตรอว์เบอร์รี่ ชาส้ม เย็น,th,bing,web_scrape,,800,800,1.0,RGB,False,False,
cha_phonlamai_kw07_bing_000015.jpg,cha_phonlamai/cha_phonlamai_kw07_bing_000015.jpg,cha_phonlamai,kw07,2,ชาผลไม้รวม ชาสตรอว์เบอร์รี่ ชาส้ม เย็น,th,bing,web_scrape,,1024,1024,1.0,RGB,False,False,
cha_phonlamai_kw07_bing_000016.jpg,cha_phonlamai/cha_phonlamai_kw07_bing_000016.jpg,cha_phonlamai,kw07,2,ชาผลไม้รวม ชาสตรอว์เบอร์รี่ ชาส้ม เย็น,th,bing,web_scrape,,400,400,1.0,RGB,False,False,
cha_phonlamai_kw07_bing_000017.jpg,cha_phonlamai/cha_phonlamai_kw07_bing_000017.jpg,cha_phonlamai,kw07,2,ชาผลไม้รวม ชาสตรอว์เบอร์รี่ ชาส้ม เย็น,th,bing,web_scrape,,820,1024,0.8008,RGB,False,False,
cha_phonlamai_kw07_bing_000019.jpg,cha_phonlamai/cha_phonlamai_kw07_bing_000019.jpg,cha_phonlamai,kw07,2,ชาผลไม้รวม ชาสตรอว์เบอร์รี่ ชาส้ม เย็น,th,bing,web_scrape,,2048,2048,1.0,RGB,False,False,
cha_phonlamai_kw07_bing_000021.jpg,cha_phonlamai/cha_phonlamai_kw07_bing_000021.jpg,cha_phonlamai,kw07,2,ชาผลไม้รวม ชาสตรอว์เบอร์รี่ ชาส้ม เย็น,th,bing,web_scrape,,1500,1500,1.0,RGB,False,False,
cha_phonlamai_kw07_bing_000022.jpg,cha_phonlamai/cha_phonlamai_kw07_bing_000022.jpg,cha_phonlamai,kw07,2,ชาผลไม้รวม ชาสตรอว์เบอร์รี่ ชาส้ม เย็น,th,bing,web_scrape,,1024,1024,1.0,RGB,False,False,
cha_phonlamai_kw07_bing_000023.webp,cha_phonlamai/cha_phonlamai_kw07_bing_000023.webp,cha_phonlamai,kw07,2,ชาผลไม้รวม ชาสตรอว์เบอร์รี่ ชาส้ม เย็น,th,bing,web_scrape,,900,1000,0.9,RGB,False,False,
cha_phonlamai_kw07_bing_000024.jpg,cha_phonlamai/cha_phonlamai_kw07_bing_000024.jpg,cha_phonlamai,kw07,2,ชาผลไม้รวม ชาสตรอว์เบอร์รี่ ชาส้ม เย็น,th,bing,web_scrape,,1024,1024,1.0,RGB,False,False,
cha_phonlamai_kw07_bing_000026.jpg,cha_phonlamai/cha_phonlamai_kw07_bing_000026.jpg,cha_phonlamai,kw07,2,ชาผลไม้รวม ชาสตรอว์เบอร์รี่ ชาส้ม เย็น,th,bing,web_scrape,,1536,1536,1.0,RGB,False,False,
cha_phonlamai_kw07_bing_000027.jpg,cha_phonlamai/cha_phonlamai_kw07_bing_000027.jpg,cha_phonlamai,kw07,2,ชาผลไม้รวม ชาสตรอว์เบอร์รี่ ชาส้ม เย็น,th,bing,web_scrape,,1024,1024,1.0,RGB,False,False,
cha_phonlamai_kw07_bing_000028.jpg,cha_phonlamai/cha_phonlamai_kw07_bing_000028.jpg,cha_phonlamai,kw07,2,ชาผลไม้รวม ชาสตรอว์เบอร์รี่ ชาส้ม เย็น,th,bing,web_scrape,,1200,628,1.9108,RGB,False,False,
cha_phonlamai_kw07_bing_000029.jpg,cha_phonlamai/cha_phonlamai_kw07_bing_000029.jpg,cha_phonlamai,kw07,2,ชาผลไม้รวม ชาสตรอว์เบอร์รี่ ชาส้ม เย็น,th,bing,web_scrape,,1024,1024,1.0,RGB,False,False,
cha_phonlamai_kw07_bing_000030.jpg,cha_phonlamai/cha_phonlamai_kw07_bing_000030.jpg,cha_phonlamai,kw07,2,ชาผลไม้รวม ชาสตรอว์เบอร์รี่ ชาส้ม เย็น,th,bing,web_scrape,,1024,1024,1.0,RGB,False,False,
cha_phonlamai_kw07_bing_000032.webp,cha_phonlamai/cha_phonlamai_kw07_bing_000032.webp,cha_phonlamai,kw07,2,ชาผลไม้รวม ชาสตรอว์เบอร์รี่ ชาส้ม เย็น,th,bing,web_scrape,,1656,2208,0.75,RGB,False,False,
cha_phonlamai_kw07_bing_000033.jpg,cha_phonlamai/cha_phonlamai_kw07_bing_000033.jpg,cha_phonlamai,kw07,2,ชาผลไม้รวม ชาสตรอว์เบอร์รี่ ชาส้ม เย็น,th,bing,web_scrape,,1080,1080,1.0,RGB,False,False,
cha_phonlamai_kw07_bing_000034.jpg,cha_phonlamai/cha_phonlamai_kw07_bing_000034.jpg,cha_phonlamai,kw07,2,ชาผลไม้รวม ชาสตรอว์เบอร์รี่ ชาส้ม เย็น,th,bing,web_scrape,,828,820,1.0098,RGB,False,False,
cha_phonlamai_kw07_bing_000037.webp,cha_phonlamai/cha_phonlamai_kw07_bing_000037.webp,cha_phonlamai,kw07,2,ชาผลไม้รวม ชาสตรอว์เบอร์รี่ ชาส้ม เย็น,th,bing,web_scrape,,1536,2048,0.75,RGB,False,False,
cha_phonlamai_kw07_bing_000039.jpg,cha_phonlamai/cha_phonlamai_kw07_bing_000039.jpg,cha_phonlamai,kw07,2,ชาผลไม้รวม ชาสตรอว์เบอร์รี่ ชาส้ม เย็น,th,bing,web_scrape,,800,600,1.3333,RGB,False,False,
cha_phonlamai_kw07_bing_000040.jpg,cha_phonlamai/cha_phonlamai_kw07_bing_000040.jpg,cha_phonlamai,kw07,2,ชาผลไม้รวม ชาสตรอว์เบอร์รี่ ชาส้ม เย็น,th,bing,web_scrape,,1076,1436,0.7493,RGB,False,False,
cha_phonlamai_kw07_bing_000041.jpg,cha_phonlamai/cha_phonlamai_kw07_bing_000041.jpg,cha_phonlamai,kw07,2,ชาผลไม้รวม ชาสตรอว์เบอร์รี่ ชาส้ม เย็น,th,bing,web_scrape,,1024,536,1.9104,RGB,False,False,
cha_phonlamai_kw07_bing_000042.jpg,cha_phonlamai/cha_phonlamai_kw07_bing_000042.jpg,cha_phonlamai,kw07,2,ชาผลไม้รวม ชาสตรอว์เบอร์รี่ ชาส้ม เย็น,th,bing,web_scrape,,1440,1920,0.75,RGB,False,False,
cha_phonlamai_kw07_bing_000045.jpg,cha_phonlamai/cha_phonlamai_kw07_bing_000045.jpg,cha_phonlamai,kw07,2,ชาผลไม้รวม ชาสตรอว์เบอร์รี่ ชาส้ม เย็น,th,bing,web_scrape,,800,800,1.0,RGB,False,False,
cha_phonlamai_kw07_bing_000046.jpg,cha_phonlamai/cha_phonlamai_kw07_bing_000046.jpg,cha_phonlamai,kw07,2,ชาผลไม้รวม ชาสตรอว์เบอร์รี่ ชาส้ม เย็น,th,bing,web_scrape,,1181,1181,1.0,RGB,False,False,
cha_phonlamai_kw07_bing_000047.jpg,cha_phonlamai/cha_phonlamai_kw07_bing_000047.jpg,cha_phonlamai,kw07,2,ชาผลไม้รวม ชาสตรอว์เบอร์รี่ ชาส้ม เย็น,th,bing,web_scrape,,1024,1024,1.0,RGB,False,False,
cha_phonlamai_kw07_bing_000048.jpg,cha_phonlamai/cha_phonlamai_kw07_bing_000048.jpg,cha_phonlamai,kw07,2,ชาผลไม้รวม ชาสตรอว์เบอร์รี่ ชาส้ม เย็น,th,bing,web_scrape,,945,945,1.0,RGB,False,False,
cha_phonlamai_kw07_bing_000049.webp,cha_phonlamai/cha_phonlamai_kw07_bing_000049.webp,cha_phonlamai,kw07,2,ชาผลไม้รวม ชาสตรอว์เบอร์รี่ ชาส้ม เย็น,th,bing,web_scrape,,768,402,1.9104,RGB,False,False,
cha_phonlamai_kw07_bing_000050.png,cha_phonlamai/cha_phonlamai_kw07_bing_000050.png,cha_phonlamai,kw07,2,ชาผลไม้รวม ชาสตรอว์เบอร์รี่ ชาส้ม เย็น,th,bing,web_scrape,,1920,1918,1.001,RGB,False,False,
cha_phonlamai_kw07_bing_000051.webp,cha_phonlamai/cha_phonlamai_kw07_bing_000051.webp,cha_phonlamai,kw07,2,ชาผลไม้รวม ชาสตรอว์เบอร์รี่ ชาส้ม เย็น,th,bing,web_scrape,,1083,1444,0.75,RGB,False,False,
cha_phonlamai_kw07_bing_000053.webp,cha_phonlamai/cha_phonlamai_kw07_bing_000053.webp,cha_phonlamai,kw07,2,ชาผลไม้รวม ชาสตรอว์เบอร์รี่ ชาส้ม เย็น,th,bing,web_scrape,,1720,2294,0.7498,RGB,False,False,
cha_phonlamai_kw07_bing_000055.jpg,cha_phonlamai/cha_phonlamai_kw07_bing_000055.jpg,cha_phonlamai,kw07,2,ชาผลไม้รวม ชาสตรอว์เบอร์รี่ ชาส้ม เย็น,th,bing,web_scrape,,800,800,1.0,RGB,False,False,
cha_phonlamai_kw07_bing_000056.jpg,cha_phonlamai/cha_phonlamai_kw07_bing_000056.jpg,cha_phonlamai,kw07,2,ชาผลไม้รวม ชาสตรอว์เบอร์รี่ ชาส้ม เย็น,th,bing,web_scrape,,452,640,0.7063,RGB,False,False,
cha_phonlamai_kw07_bing_000057.jpg,cha_phonlamai/cha_phonlamai_kw07_bing_000057.jpg,cha_phonlamai,kw07,2,ชาผลไม้รวม ชาสตรอว์เบอร์รี่ ชาส้ม เย็น,th,bing,web_scrape,,600,400,1.5,RGB,False,False,
cha_phonlamai_kw07_bing_000058.webp,cha_phonlamai/cha_phonlamai_kw07_bing_000058.webp,cha_phonlamai,kw07,2,ชาผลไม้รวม ชาสตรอว์เบอร์รี่ ชาส้ม เย็น,th,bing,web_scrape,,1440,1920,0.75,RGB,False,False,
cha_phonlamai_kw07_bing_000060.jpg,cha_phonlamai/cha_phonlamai_kw07_bing_000060.jpg,cha_phonlamai,kw07,2,ชาผลไม้รวม ชาสตรอว์เบอร์รี่ ชาส้ม เย็น,th,bing,web_scrape,,960,960,1.0,RGB,False,False,
cha_phonlamai_kw07_bing_000061.jpg,cha_phonlamai/cha_phonlamai_kw07_bing_000061.jpg,cha_phonlamai,kw07,2,ชาผลไม้รวม ชาสตรอว์เบอร์รี่ ชาส้ม เย็น,th,bing,web_scrape,,2560,1344,1.9048,RGB,False,False,
cha_phonlamai_kw07_bing_000062.jpg,cha_phonlamai/cha_phonlamai_kw07_bing_000062.jpg,cha_phonlamai,kw07,2,ชาผลไม้รวม ชาสตรอว์เบอร์รี่ ชาส้ม เย็น,th,bing,web_scrape,,1277,861,1.4832,RGB,False,False,
cha_phonlamai_kw07_bing_000064.jpg,cha_phonlamai/cha_phonlamai_kw07_bing_000064.jpg,cha_phonlamai,kw07,2,ชาผลไม้รวม ชาสตรอว์เบอร์รี่ ชาส้ม เย็น,th,bing,web_scrape,,1280,1280,1.0,RGB,False,False,
cha_phonlamai_kw07_bing_000065.webp,cha_phonlamai/cha_phonlamai_kw07_bing_000065.webp,cha_phonlamai,kw07,2,ชาผลไม้รวม ชาสตรอว์เบอร์รี่ ชาส้ม เย็น,th,bing,web_scrape,,1668,2224,0.75,RGB,False,False,
cha_phonlamai_kw07_bing_000069.jpg,cha_phonlamai/cha_phonlamai_kw07_bing_000069.jpg,cha_phonlamai,kw07,2,ชาผลไม้รวม ชาสตรอว์เบอร์รี่ ชาส้ม เย็น,th,bing,web_scrape,,900,1200,0.75,RGB,False,False,
cha_phonlamai_kw07_bing_000070.webp,cha_phonlamai/cha_phonlamai_kw07_bing_000070.webp,cha_phonlamai,kw07,2,ชาผลไม้รวม ชาสตรอว์เบอร์รี่ ชาส้ม เย็น,th,bing,web_scrape,,1000,1332,0.7508,RGB,False,False,
cha_phonlamai_kw07_bing_000071.jpg,cha_phonlamai/cha_phonlamai_kw07_bing_000071.jpg,cha_phonlamai,kw07,2,ชาผลไม้รวม ชาสตรอว์เบอร์รี่ ชาส้ม เย็น,th,bing,web_scrape,,1500,1500,1.0,RGB,False,False,
cha_phonlamai_kw07_bing_000072.jpg,cha_phonlamai/cha_phonlamai_kw07_bing_000072.jpg,cha_phonlamai,kw07,2,ชาผลไม้รวม ชาสตรอว์เบอร์รี่ ชาส้ม เย็น,th,bing,web_scrape,,1920,1920,1.0,RGB,False,False,
cha_phonlamai_kw07_bing_000075.webp,cha_phonlamai/cha_phonlamai_kw07_bing_000075.webp,cha_phonlamai,kw07,2,ชาผลไม้รวม ชาสตรอว์เบอร์รี่ ชาส้ม เย็น,th,bing,web_scrape,,600,600,1.0,RGB,False,False,
cha_phonlamai_kw07_bing_000077.jpg,cha_phonlamai/cha_phonlamai_kw07_bing_000077.jpg,cha_phonlamai,kw07,2,ชาผลไม้รวม ชาสตรอว์เบอร์รี่ ชาส้ม เย็น,th,bing,web_scrape,,700,700,1.0,RGB,False,False,
cha_phonlamai_kw07_bing_000078.jpg,cha_phonlamai/cha_phonlamai_kw07_bing_000078.jpg,cha_phonlamai,kw07,2,ชาผลไม้รวม ชาสตรอว์เบอร์รี่ ชาส้ม เย็น,th,bing,web_scrape,,800,534,1.4981,RGB,False,False,
cha_phonlamai_kw07_bing_000080.jpg,cha_phonlamai/cha_phonlamai_kw07_bing_000080.jpg,cha_phonlamai,kw07,2,ชาผลไม้รวม ชาสตรอว์เบอร์รี่ ชาส้ม เย็น,th,bing,web_scrape,,1080,1920,0.5625,RGB,False,False,
cha_phonlamai_kw07_bing_000081.jpg,cha_phonlamai/cha_phonlamai_kw07_bing_000081.jpg,cha_phonlamai,kw07,2,ชาผลไม้รวม ชาสตรอว์เบอร์รี่ ชาส้ม เย็น,th,bing,web_scrape,,1900,1900,1.0,RGB,False,False,
cha_phonlamai_kw07_bing_000083.jpg,cha_phonlamai/cha_phonlamai_kw07_bing_000083.jpg,cha_phonlamai,kw07,2,ชาผลไม้รวม ชาสตรอว์เบอร์รี่ ชาส้ม เย็น,th,bing,web_scrape,,1200,630,1.9048,RGB,False,False,
cha_phonlamai_kw07_bing_000084.webp,cha_phonlamai/cha_phonlamai_kw07_bing_000084.webp,cha_phonlamai,kw07,2,ชาผลไม้รวม ชาสตรอว์เบอร์รี่ ชาส้ม เย็น,th,bing,web_scrape,,960,1280,0.75,RGB,False,False,
cha_phonlamai_kw07_bing_000086.jpg,cha_phonlamai/cha_phonlamai_kw07_bing_000086.jpg,cha_phonlamai,kw07,2,ชาผลไม้รวม ชาสตรอว์เบอร์รี่ ชาส้ม เย็น,th,bing,web_scrape,,540,400,1.35,RGB,False,False,
cha_phonlamai_kw07_bing_000087.jpg,cha_phonlamai/cha_phonlamai_kw07_bing_000087.jpg,cha_phonlamai,kw07,2,ชาผลไม้รวม ชาสตรอว์เบอร์รี่ ชาส้ม เย็น,th,bing,web_scrape,,1248,715,1.7455,RGB,False,False,
cha_phonlamai_kw07_bing_000088.jpg,cha_phonlamai/cha_phonlamai_kw07_bing_000088.jpg,cha_phonlamai,kw07,2,ชาผลไม้รวม ชาสตรอว์เบอร์รี่ ชาส้ม เย็น,th,bing,web_scrape,,800,800,1.0,RGB,False,False,
cha_phonlamai_kw07_bing_000089.webp,cha_phonlamai/cha_phonlamai_kw07_bing_000089.webp,cha_phonlamai,kw07,2,ชาผลไม้รวม ชาสตรอว์เบอร์รี่ ชาส้ม เย็น,th,bing,web_scrape,,1560,2080,0.75,RGB,False,False,
cha_phonlamai_kw07_bing_000091.jpg,cha_phonlamai/cha_phonlamai_kw07_bing_000091.jpg,cha_phonlamai,kw07,2,ชาผลไม้รวม ชาสตรอว์เบอร์รี่ ชาส้ม เย็น,th,bing,web_scrape,,1500,1013,1.4808,RGB,False,False,
cha_phonlamai_kw07_bing_000092.jpg,cha_phonlamai/cha_phonlamai_kw07_bing_000092.jpg,cha_phonlamai,kw07,2,ชาผลไม้รวม ชาสตรอว์เบอร์รี่ ชาส้ม เย็น,th,bing,web_scrape,,1174,1180,0.9949,RGB,False,False,
cha_phonlamai_kw07_bing_000095.jpg,cha_phonlamai/cha_phonlamai_kw07_bing_000095.jpg,cha_phonlamai,kw07,2,ชาผลไม้รวม ชาสตรอว์เบอร์รี่ ชาส้ม เย็น,th,bing,web_scrape,,900,1200,0.75,RGB,False,False,
cha_phonlamai_kw07_bing_000098.webp,cha_phonlamai/cha_phonlamai_kw07_bing_000098.webp,cha_phonlamai,kw07,2,ชาผลไม้รวม ชาสตรอว์เบอร์รี่ ชาส้ม เย็น,th,bing,web_scrape,,1712,2283,0.7499,RGB,False,False,
cha_phonlamai_kw07_bing_000101.jpg,cha_phonlamai/cha_phonlamai_kw07_bing_000101.jpg,cha_phonlamai,kw07,2,ชาผลไม้รวม ชาสตรอว์เบอร์รี่ ชาส้ม เย็น,th,bing,web_scrape,,1040,1040,1.0,RGB,False,False,
cha_phonlamai_kw07_bing_000102.webp,cha_phonlamai/cha_phonlamai_kw07_bing_000102.webp,cha_phonlamai,kw07,2,ชาผลไม้รวม ชาสตรอว์เบอร์รี่ ชาส้ม เย็น,th,bing,web_scrape,,1498,1996,0.7505,RGB,False,False,
cha_phonlamai_kw07_bing_000103.jpg,cha_phonlamai/cha_phonlamai_kw07_bing_000103.jpg,cha_phonlamai,kw07,2,ชาผลไม้รวม ชาสตรอว์เบอร์รี่ ชาส้ม เย็น,th,bing,web_scrape,,1040,1040,1.0,RGB,False,False,
cha_phonlamai_kw07_bing_000104.jpg,cha_phonlamai/cha_phonlamai_kw07_bing_000104.jpg,cha_phonlamai,kw07,2,ชาผลไม้รวม ชาสตรอว์เบอร์รี่ ชาส้ม เย็น,th,bing,web_scrape,,1024,1024,1.0,RGB,False,False,
cha_phonlamai_kw07_bing_000105.webp,cha_phonlamai/cha_phonlamai_kw07_bing_000105.webp,cha_phonlamai,kw07,2,ชาผลไม้รวม ชาสตรอว์เบอร์รี่ ชาส้ม เย็น,th,bing,web_scrape,,1500,2000,0.75,RGB,False,False,
cha_dam_yen_manual_manual_4054c66714.jpg,cha_dam_yen/cha_dam_yen_manual_manual_4054c66714.jpg,cha_dam_yen,,3,,manual,manual,manual,single__4054c66714,415,739,0.5616,RGB,False,False,manual_add/cha_dam_yen/IMG_3495.JPG
cha_dam_yen_manual_manual_2d6dd5fc73.jpg,cha_dam_yen/cha_dam_yen_manual_manual_2d6dd5fc73.jpg,cha_dam_yen,,3,,manual,manual,manual,single__2d6dd5fc73,1000,1000,1.0,RGB,False,False,manual_add/cha_dam_yen/IMG_3496.JPG
cha_dam_yen_manual_manual_ed9c975ff6.png,cha_dam_yen/cha_dam_yen_manual_manual_ed9c975ff6.png,cha_dam_yen,,3,,manual,manual,manual,single__ed9c975ff6,2500,2500,1.0,P,False,False,manual_add/cha_dam_yen/IMG_3497 2.PNG
cha_dam_yen_manual_manual_33b3012f02.jpg,cha_dam_yen/cha_dam_yen_manual_manual_33b3012f02.jpg,cha_dam_yen,,3,,manual,manual,manual,single__33b3012f02,1920,2880,0.6667,RGB,False,False,manual_add/cha_dam_yen/IMG_3499.JPG
cha_dam_yen_manual_manual_847a4b9279.jpg,cha_dam_yen/cha_dam_yen_manual_manual_847a4b9279.jpg,cha_dam_yen,,3,,manual,manual,manual,single__847a4b9279,1206,1162,1.0379,RGB,False,False,manual_add/cha_dam_yen/IMG_3500.jpg
cha_dam_yen_manual_manual_4b830fbdf2.jpg,cha_dam_yen/cha_dam_yen_manual_manual_4b830fbdf2.jpg,cha_dam_yen,,3,,manual,manual,manual,single__4b830fbdf2,1206,1117,1.0797,RGB,False,False,manual_add/cha_dam_yen/IMG_3501.jpg
cha_dam_yen_manual_manual_9b2bf23a48.jpg,cha_dam_yen/cha_dam_yen_manual_manual_9b2bf23a48.jpg,cha_dam_yen,,3,,manual,manual,manual,single__9b2bf23a48,1206,1152,1.0469,RGB,False,False,manual_add/cha_dam_yen/IMG_3502.jpg
cha_dam_yen_manual_manual_1fc378b57b.jpg,cha_dam_yen/cha_dam_yen_manual_manual_1fc378b57b.jpg,cha_dam_yen,,3,,manual,manual,manual,single__1fc378b57b,1206,1117,1.0797,RGB,False,False,manual_add/cha_dam_yen/IMG_3503.jpg
cha_dam_yen_manual_manual_9fce54fcf0.jpg,cha_dam_yen/cha_dam_yen_manual_manual_9fce54fcf0.jpg,cha_dam_yen,,3,,manual,manual,manual,single__9fce54fcf0,1206,1107,1.0894,RGB,False,False,manual_add/cha_dam_yen/IMG_3504.jpg
cha_dam_yen_manual_manual_79568209ce.jpg,cha_dam_yen/cha_dam_yen_manual_manual_79568209ce.jpg,cha_dam_yen,,3,,manual,manual,manual,single__79568209ce,1206,1171,1.0299,RGB,False,False,manual_add/cha_dam_yen/IMG_3506.jpg
cha_dam_yen_manual_manual_38344d62e2.jpg,cha_dam_yen/cha_dam_yen_manual_manual_38344d62e2.jpg,cha_dam_yen,,3,,manual,manual,manual,single__38344d62e2,480,640,0.75,RGB,False,False,manual_add/cha_dam_yen/IMG_3508.JPG
cha_dam_yen_manual_manual_145b2c74fe.jpg,cha_dam_yen/cha_dam_yen_manual_manual_145b2c74fe.jpg,cha_dam_yen,,3,,manual,manual,manual,single__145b2c74fe,459,668,0.6871,RGB,False,False,manual_add/cha_dam_yen/IMG_3509.JPG
cha_dam_yen_manual_manual_02cf1fc9fa.jpg,cha_dam_yen/cha_dam_yen_manual_manual_02cf1fc9fa.jpg,cha_dam_yen,,3,,manual,manual,manual,single__02cf1fc9fa,480,639,0.7512,RGB,False,False,manual_add/cha_dam_yen/IMG_3510.JPG
cha_dam_yen_manual_manual_acf81a5955.jpg,cha_dam_yen/cha_dam_yen_manual_manual_acf81a5955.jpg,cha_dam_yen,,3,,manual,manual,manual,single__acf81a5955,554,554,1.0,RGB,False,False,manual_add/cha_dam_yen/IMG_3511.JPG
cha_dam_yen_manual_manual_d135d2b32e.jpg,cha_dam_yen/cha_dam_yen_manual_manual_d135d2b32e.jpg,cha_dam_yen,,3,,manual,manual,manual,single__d135d2b32e,433,600,0.7217,RGB,False,False,manual_add/cha_dam_yen/IMG_3513.JPG
cha_dam_yen_manual_manual_7ef72b1a6f.png,cha_dam_yen/cha_dam_yen_manual_manual_7ef72b1a6f.png,cha_dam_yen,,3,,manual,manual,manual,single__7ef72b1a6f,570,632,0.9019,RGBA,False,False,manual_add/cha_dam_yen/IMG_3515.PNG
cha_dam_yen_manual_manual_d3e104d2b4.jpg,cha_dam_yen/cha_dam_yen_manual_manual_d3e104d2b4.jpg,cha_dam_yen,,3,,manual,manual,manual,single__d3e104d2b4,1193,1880,0.6346,RGB,False,False,manual_add/cha_dam_yen/IMG_3517.jpg
cha_dam_yen_manual_manual_fffd203e29.jpg,cha_dam_yen/cha_dam_yen_manual_manual_fffd203e29.jpg,cha_dam_yen,,3,,manual,manual,manual,single__fffd203e29,1206,1523,0.7919,RGB,False,False,manual_add/cha_dam_yen/IMG_3519.jpg
cha_dam_yen_manual_manual_79b6e5abc1.webp,cha_dam_yen/cha_dam_yen_manual_manual_79b6e5abc1.webp,cha_dam_yen,,3,,manual,manual,manual,single__79b6e5abc1,1080,1440,0.75,RGB,False,False,manual_add/cha_dam_yen/temp_image_2DC2989F-D660-4BAA-B35D-035A5274C661.WEBP
cha_dam_yen_manual_manual_4a88619662.webp,cha_dam_yen/cha_dam_yen_manual_manual_4a88619662.webp,cha_dam_yen,,3,,manual,manual,manual,single__4a88619662,1988,1828,1.0875,RGB,False,False,manual_add/cha_dam_yen/temp_image_655CF28F-60E2-4D8F-AA6D-77AE8FE626AB.WEBP
cha_khiao_nom_manual_manual_4ec48897e2.jpg,cha_khiao_nom/cha_khiao_nom_manual_manual_4ec48897e2.jpg,cha_khiao_nom,,3,,manual,manual,manual,single__4ec48897e2,4032,3024,1.3333,RGB,False,False,manual_add/cha_khiao_nom/IMG_0714 2.JPG
cha_khiao_nom_manual_manual_4c831e91b4.jpg,cha_khiao_nom/cha_khiao_nom_manual_manual_4c831e91b4.jpg,cha_khiao_nom,,3,,manual,manual,manual,single__4c831e91b4,5712,4284,1.3333,RGB,False,False,manual_add/cha_khiao_nom/IMG_0717 2.JPG
cha_khiao_nom_manual_manual_1fee95fbc7.jpg,cha_khiao_nom/cha_khiao_nom_manual_manual_1fee95fbc7.jpg,cha_khiao_nom,,3,,manual,manual,manual,single__1fee95fbc7,4032,3024,1.3333,RGB,False,False,manual_add/cha_khiao_nom/IMG_0797 2.JPG
cha_khiao_nom_manual_manual_537b3e85f2.jpg,cha_khiao_nom/cha_khiao_nom_manual_manual_537b3e85f2.jpg,cha_khiao_nom,,3,,manual,manual,manual,single__537b3e85f2,4032,3024,1.3333,RGB,False,False,manual_add/cha_khiao_nom/IMG_0862 2.JPG
cha_khiao_nom_manual_manual_bc7c0519f8.jpg,cha_khiao_nom/cha_khiao_nom_manual_manual_bc7c0519f8.jpg,cha_khiao_nom,,3,,manual,manual,manual,single__bc7c0519f8,5712,4284,1.3333,RGB,False,False,manual_add/cha_khiao_nom/IMG_0942 2.JPG
cha_khiao_nom_manual_manual_d2af93f7fe.jpg,cha_khiao_nom/cha_khiao_nom_manual_manual_d2af93f7fe.jpg,cha_khiao_nom,,3,,manual,manual,manual,single__d2af93f7fe,5712,4284,1.3333,RGB,False,False,manual_add/cha_khiao_nom/IMG_0946 2.JPG
cha_khiao_nom_manual_manual_7e86cf7019.jpg,cha_khiao_nom/cha_khiao_nom_manual_manual_7e86cf7019.jpg,cha_khiao_nom,,3,,manual,manual,manual,single__7e86cf7019,5712,4284,1.3333,RGB,False,False,manual_add/cha_khiao_nom/IMG_1593 2.JPG
cha_khiao_nom_manual_manual_af6a262f6f.jpg,cha_khiao_nom/cha_khiao_nom_manual_manual_af6a262f6f.jpg,cha_khiao_nom,,3,,manual,manual,manual,single__af6a262f6f,4032,3024,1.3333,RGB,False,False,manual_add/cha_khiao_nom/IMG_1734 2.JPG
cha_khiao_nom_manual_manual_5b72b4b401.jpg,cha_khiao_nom/cha_khiao_nom_manual_manual_5b72b4b401.jpg,cha_khiao_nom,,3,,manual,manual,manual,single__5b72b4b401,1535,2729,0.5625,RGB,False,False,manual_add/cha_khiao_nom/IMG_1990 2.JPG
cha_khiao_nom_manual_manual_0b39dda7cf.jpg,cha_khiao_nom/cha_khiao_nom_manual_manual_0b39dda7cf.jpg,cha_khiao_nom,,3,,manual,manual,manual,single__0b39dda7cf,4032,3024,1.3333,RGB,False,False,manual_add/cha_khiao_nom/IMG_2224 2.JPG
cha_khiao_nom_manual_manual_d046160982.jpg,cha_khiao_nom/cha_khiao_nom_manual_manual_d046160982.jpg,cha_khiao_nom,,3,,manual,manual,manual,single__d046160982,1280,1600,0.8,RGB,False,False,manual_add/cha_khiao_nom/IMG_3520.JPG
cha_khiao_nom_manual_manual_212aa70614.jpg,cha_khiao_nom/cha_khiao_nom_manual_manual_212aa70614.jpg,cha_khiao_nom,,3,,manual,manual,manual,single__212aa70614,1280,1708,0.7494,RGB,False,False,manual_add/cha_khiao_nom/IMG_3522.JPG
cha_khiao_nom_manual_manual_d2af833ee4.jpg,cha_khiao_nom/cha_khiao_nom_manual_manual_d2af833ee4.jpg,cha_khiao_nom,,3,,manual,manual,manual,single__d2af833ee4,1206,1608,0.75,RGB,False,False,manual_add/cha_khiao_nom/IMG_3523.JPG
cha_khiao_nom_manual_manual_d79fcf9ae3.jpg,cha_khiao_nom/cha_khiao_nom_manual_manual_d79fcf9ae3.jpg,cha_khiao_nom,,3,,manual,manual,manual,single__d79fcf9ae3,1206,1538,0.7841,RGB,False,False,manual_add/cha_khiao_nom/IMG_3524.jpg
cha_khiao_nom_manual_manual_fcd404bc47.jpg,cha_khiao_nom/cha_khiao_nom_manual_manual_fcd404bc47.jpg,cha_khiao_nom,,3,,manual,manual,manual,single__fcd404bc47,400,533,0.7505,RGB,False,False,manual_add/cha_khiao_nom/IMG_3525.JPG
cha_khiao_nom_manual_manual_052361cf2f.jpg,cha_khiao_nom/cha_khiao_nom_manual_manual_052361cf2f.jpg,cha_khiao_nom,,3,,manual,manual,manual,single__052361cf2f,1536,2048,0.75,RGB,False,False,manual_add/cha_khiao_nom/IMG_3526.JPG
cha_khiao_nom_manual_manual_5bb3297b0d.jpg,cha_khiao_nom/cha_khiao_nom_manual_manual_5bb3297b0d.jpg,cha_khiao_nom,,3,,manual,manual,manual,single__5bb3297b0d,602,802,0.7506,RGB,False,False,manual_add/cha_khiao_nom/IMG_3527.jpg
cha_khiao_nom_manual_manual_e5afcf4472.jpg,cha_khiao_nom/cha_khiao_nom_manual_manual_e5afcf4472.jpg,cha_khiao_nom,,3,,manual,manual,manual,single__e5afcf4472,812,1082,0.7505,RGB,False,False,manual_add/cha_khiao_nom/IMG_3528.jpg
cha_khiao_nom_manual_manual_20d1ba8596.jpg,cha_khiao_nom/cha_khiao_nom_manual_manual_20d1ba8596.jpg,cha_khiao_nom,,3,,manual,manual,manual,single__20d1ba8596,1536,2048,0.75,RGB,False,False,manual_add/cha_khiao_nom/IMG_3529.JPG
cha_khiao_nom_manual_manual_34a33e4e54.jpg,cha_khiao_nom/cha_khiao_nom_manual_manual_34a33e4e54.jpg,cha_khiao_nom,,3,,manual,manual,manual,single__34a33e4e54,1312,814,1.6118,RGB,False,False,manual_add/cha_khiao_nom/IMG_3530.JPG
cha_khiao_nom_manual_manual_9b3ade5936.jpg,cha_khiao_nom/cha_khiao_nom_manual_manual_9b3ade5936.jpg,cha_khiao_nom,,3,,manual,manual,manual,single__9b3ade5936,1080,1920,0.5625,RGB,False,False,manual_add/cha_khiao_nom/IMG_3531.JPG
cha_khiao_nom_manual_manual_89447a9ec4.jpg,cha_khiao_nom/cha_khiao_nom_manual_manual_89447a9ec4.jpg,cha_khiao_nom,,3,,manual,manual,manual,single__89447a9ec4,1206,1156,1.0433,RGB,False,False,manual_add/cha_khiao_nom/IMG_3532.jpg
cha_khiao_nom_manual_manual_498d5da697.jpg,cha_khiao_nom/cha_khiao_nom_manual_manual_498d5da697.jpg,cha_khiao_nom,,3,,manual,manual,manual,single__498d5da697,1536,2048,0.75,RGB,False,False,manual_add/cha_khiao_nom/IMG_3533.JPG
cha_khiao_nom_manual_manual_f0c1fa9878.jpg,cha_khiao_nom/cha_khiao_nom_manual_manual_f0c1fa9878.jpg,cha_khiao_nom,,3,,manual,manual,manual,single__f0c1fa9878,1536,2048,0.75,RGB,False,False,manual_add/cha_khiao_nom/IMG_3534.JPG
cha_nom_khai_muk_manual_manual_c50eceb744.jpg,cha_nom_khai_muk/cha_nom_khai_muk_manual_manual_c50eceb744.jpg,cha_nom_khai_muk,,3,,manual,manual,manual,single__c50eceb744,1280,1708,0.7494,RGB,False,False,manual_add/cha_nom_khai_muk/IMG_3535.JPG
cha_nom_khai_muk_manual_manual_9be422548a.jpg,cha_nom_khai_muk/cha_nom_khai_muk_manual_manual_9be422548a.jpg,cha_nom_khai_muk,,3,,manual,manual,manual,single__9be422548a,1280,1708,0.7494,RGB,False,False,manual_add/cha_nom_khai_muk/IMG_3536.JPG
cha_nom_khai_muk_manual_manual_93c6ee439b.jpg,cha_nom_khai_muk/cha_nom_khai_muk_manual_manual_93c6ee439b.jpg,cha_nom_khai_muk,,3,,manual,manual,manual,single__93c6ee439b,1280,1708,0.7494,RGB,False,False,manual_add/cha_nom_khai_muk/IMG_3537.JPG
cha_nom_khai_muk_manual_manual_d3502eee3c.jpg,cha_nom_khai_muk/cha_nom_khai_muk_manual_manual_d3502eee3c.jpg,cha_nom_khai_muk,,3,,manual,manual,manual,single__d3502eee3c,1440,1936,0.7438,RGB,False,False,manual_add/cha_nom_khai_muk/IMG_3538.JPG
cha_nom_khai_muk_manual_manual_50c1753831.jpg,cha_nom_khai_muk/cha_nom_khai_muk_manual_manual_50c1753831.jpg,cha_nom_khai_muk,,3,,manual,manual,manual,single__50c1753831,1440,1920,0.75,RGB,False,False,manual_add/cha_nom_khai_muk/IMG_3539.JPG
cha_nom_khai_muk_manual_manual_a15b676cad.jpg,cha_nom_khai_muk/cha_nom_khai_muk_manual_manual_a15b676cad.jpg,cha_nom_khai_muk,,3,,manual,manual,manual,single__a15b676cad,1206,1608,0.75,RGB,False,False,manual_add/cha_nom_khai_muk/IMG_3540.JPG
cha_nom_khai_muk_manual_manual_1ce1597691.jpg,cha_nom_khai_muk/cha_nom_khai_muk_manual_manual_1ce1597691.jpg,cha_nom_khai_muk,,3,,manual,manual,manual,single__1ce1597691,1206,1607,0.7505,RGB,False,False,manual_add/cha_nom_khai_muk/IMG_3541.JPG
cha_nom_khai_muk_manual_manual_4c66a0f7c0.jpg,cha_nom_khai_muk/cha_nom_khai_muk_manual_manual_4c66a0f7c0.jpg,cha_nom_khai_muk,,3,,manual,manual,manual,single__4c66a0f7c0,1440,1920,0.75,RGB,False,False,manual_add/cha_nom_khai_muk/IMG_3542.JPG
cha_nom_khai_muk_manual_manual_39a6f83587.jpg,cha_nom_khai_muk/cha_nom_khai_muk_manual_manual_39a6f83587.jpg,cha_nom_khai_muk,,3,,manual,manual,manual,single__39a6f83587,1440,1920,0.75,RGB,False,False,manual_add/cha_nom_khai_muk/IMG_3543 2.JPG
cha_nom_khai_muk_manual_manual_ff2d214d2f.jpg,cha_nom_khai_muk/cha_nom_khai_muk_manual_manual_ff2d214d2f.jpg,cha_nom_khai_muk,,3,,manual,manual,manual,single__ff2d214d2f,1440,1920,0.75,RGB,False,False,manual_add/cha_nom_khai_muk/IMG_3544.JPG
cha_nom_khai_muk_manual_manual_61ac86f2da.jpg,cha_nom_khai_muk/cha_nom_khai_muk_manual_manual_61ac86f2da.jpg,cha_nom_khai_muk,,3,,manual,manual,manual,single__61ac86f2da,1206,1610,0.7491,RGB,False,False,manual_add/cha_nom_khai_muk/IMG_3545.JPG
cha_nom_khai_muk_manual_manual_6b8a167b86.jpg,cha_nom_khai_muk/cha_nom_khai_muk_manual_manual_6b8a167b86.jpg,cha_nom_khai_muk,,3,,manual,manual,manual,single__6b8a167b86,1206,1608,0.75,RGB,False,False,manual_add/cha_nom_khai_muk/IMG_3546.JPG
cha_nom_khai_muk_manual_manual_20d9703e1e.jpg,cha_nom_khai_muk/cha_nom_khai_muk_manual_manual_20d9703e1e.jpg,cha_nom_khai_muk,,3,,manual,manual,manual,single__20d9703e1e,1440,1920,0.75,RGB,False,False,manual_add/cha_nom_khai_muk/IMG_3547.JPG
cha_nom_khai_muk_manual_manual_c08d8dd9b4.jpg,cha_nom_khai_muk/cha_nom_khai_muk_manual_manual_c08d8dd9b4.jpg,cha_nom_khai_muk,,3,,manual,manual,manual,single__c08d8dd9b4,1440,1920,0.75,RGB,False,False,manual_add/cha_nom_khai_muk/IMG_3548.JPG
cha_nom_khai_muk_manual_manual_6325adcb14.jpg,cha_nom_khai_muk/cha_nom_khai_muk_manual_manual_6325adcb14.jpg,cha_nom_khai_muk,,3,,manual,manual,manual,single__6325adcb14,1000,667,1.4993,RGB,False,False,manual_add/cha_nom_khai_muk/IMG_3550.JPG
cha_nom_khai_muk_manual_manual_e39fabe57a.jpg,cha_nom_khai_muk/cha_nom_khai_muk_manual_manual_e39fabe57a.jpg,cha_nom_khai_muk,,3,,manual,manual,manual,single__e39fabe57a,965,1500,0.6433,RGB,False,False,manual_add/cha_nom_khai_muk/IMG_3551.JPG
cha_nom_khai_muk_manual_manual_abf57aede3.jpg,cha_nom_khai_muk/cha_nom_khai_muk_manual_manual_abf57aede3.jpg,cha_nom_khai_muk,,3,,manual,manual,manual,single__abf57aede3,600,400,1.5,RGB,False,False,manual_add/cha_nom_khai_muk/IMG_3552.JPG
cha_nom_khai_muk_manual_manual_3f2c62205a.jpg,cha_nom_khai_muk/cha_nom_khai_muk_manual_manual_3f2c62205a.jpg,cha_nom_khai_muk,,3,,manual,manual,manual,single__3f2c62205a,800,800,1.0,RGB,False,False,manual_add/cha_nom_khai_muk/IMG_3553.JPG
cha_nom_khai_muk_manual_manual_8d6abfbb08.jpg,cha_nom_khai_muk/cha_nom_khai_muk_manual_manual_8d6abfbb08.jpg,cha_nom_khai_muk,,3,,manual,manual,manual,single__8d6abfbb08,564,911,0.6191,RGB,False,False,manual_add/cha_nom_khai_muk/IMG_3555.JPG
cha_nom_khai_muk_manual_manual_daa286761c.jpg,cha_nom_khai_muk/cha_nom_khai_muk_manual_manual_daa286761c.jpg,cha_nom_khai_muk,,3,,manual,manual,manual,single__daa286761c,801,1200,0.6675,RGB,False,False,manual_add/cha_nom_khai_muk/IMG_3557.JPG
cha_nom_khai_muk_manual_manual_efa8182bd6.webp,cha_nom_khai_muk/cha_nom_khai_muk_manual_manual_efa8182bd6.webp,cha_nom_khai_muk,,3,,manual,manual,manual,single__efa8182bd6,683,1024,0.667,RGB,False,False,manual_add/cha_nom_khai_muk/IMG_3558.WEBP
cha_phonlamai_manual_manual_f7cc88085e.jpg,cha_phonlamai/cha_phonlamai_manual_manual_f7cc88085e.jpg,cha_phonlamai,,3,,manual,manual,manual,single__f7cc88085e,1280,1708,0.7494,RGB,False,False,manual_add/cha_phonlamai/IMG_3559.JPG
cha_phonlamai_manual_manual_b6ca642b69.jpg,cha_phonlamai/cha_phonlamai_manual_manual_b6ca642b69.jpg,cha_phonlamai,,3,,manual,manual,manual,single__b6ca642b69,1206,1608,0.75,RGB,False,False,manual_add/cha_phonlamai/IMG_3560.JPG
cha_phonlamai_manual_manual_defdb2c4bf.jpg,cha_phonlamai/cha_phonlamai_manual_manual_defdb2c4bf.jpg,cha_phonlamai,,3,,manual,manual,manual,single__defdb2c4bf,1280,1708,0.7494,RGB,False,False,manual_add/cha_phonlamai/IMG_3561.JPG
cha_phonlamai_manual_manual_95f71abee7.jpg,cha_phonlamai/cha_phonlamai_manual_manual_95f71abee7.jpg,cha_phonlamai,,3,,manual,manual,manual,single__95f71abee7,1206,1608,0.75,RGB,False,False,manual_add/cha_phonlamai/IMG_3562.JPG
cha_phonlamai_manual_manual_47a498cb8e.jpg,cha_phonlamai/cha_phonlamai_manual_manual_47a498cb8e.jpg,cha_phonlamai,,3,,manual,manual,manual,single__47a498cb8e,463,662,0.6994,RGB,False,False,manual_add/cha_phonlamai/IMG_3563.JPG
cha_phonlamai_manual_manual_1ddb9bd4bf.jpg,cha_phonlamai/cha_phonlamai_manual_manual_1ddb9bd4bf.jpg,cha_phonlamai,,3,,manual,manual,manual,single__1ddb9bd4bf,480,640,0.75,RGB,False,False,manual_add/cha_phonlamai/IMG_3564.JPG
cha_phonlamai_manual_manual_2bb46dea11.jpg,cha_phonlamai/cha_phonlamai_manual_manual_2bb46dea11.jpg,cha_phonlamai,,3,,manual,manual,manual,single__2bb46dea11,480,640,0.75,RGB,False,False,manual_add/cha_phonlamai/IMG_3565.JPG
cha_phonlamai_manual_manual_aaa48ee3c2.jpg,cha_phonlamai/cha_phonlamai_manual_manual_aaa48ee3c2.jpg,cha_phonlamai,,3,,manual,manual,manual,single__aaa48ee3c2,480,640,0.75,RGB,False,False,manual_add/cha_phonlamai/IMG_3566.JPG
cha_phonlamai_manual_manual_f4e49762f6.jpg,cha_phonlamai/cha_phonlamai_manual_manual_f4e49762f6.jpg,cha_phonlamai,,3,,manual,manual,manual,single__f4e49762f6,500,750,0.6667,RGB,False,False,manual_add/cha_phonlamai/IMG_3567.JPG
cha_phonlamai_manual_manual_6c9e9b918f.webp,cha_phonlamai/cha_phonlamai_manual_manual_6c9e9b918f.webp,cha_phonlamai,,3,,manual,manual,manual,single__6c9e9b918f,800,800,1.0,RGB,False,False,manual_add/cha_phonlamai/IMG_3568.WEBP
cha_phonlamai_manual_manual_d18e9616d2.jpg,cha_phonlamai/cha_phonlamai_manual_manual_d18e9616d2.jpg,cha_phonlamai,,3,,manual,manual,manual,single__d18e9616d2,495,619,0.7997,RGB,False,False,manual_add/cha_phonlamai/IMG_3569.JPG
cha_phonlamai_manual_manual_809a088025.jpg,cha_phonlamai/cha_phonlamai_manual_manual_809a088025.jpg,cha_phonlamai,,3,,manual,manual,manual,single__809a088025,554,554,1.0,RGB,False,False,manual_add/cha_phonlamai/IMG_3570.JPG
cha_phonlamai_manual_manual_b557286b29.jpg,cha_phonlamai/cha_phonlamai_manual_manual_b557286b29.jpg,cha_phonlamai,,3,,manual,manual,manual,single__b557286b29,554,554,1.0,RGB,False,False,manual_add/cha_phonlamai/IMG_3571.JPG
cha_phonlamai_manual_manual_14082c857b.jpg,cha_phonlamai/cha_phonlamai_manual_manual_14082c857b.jpg,cha_phonlamai,,3,,manual,manual,manual,single__14082c857b,495,619,0.7997,RGB,False,False,manual_add/cha_phonlamai/IMG_3572.JPG
cha_phonlamai_manual_manual_e01a5b9fb1.jpg,cha_phonlamai/cha_phonlamai_manual_manual_e01a5b9fb1.jpg,cha_phonlamai,,3,,manual,manual,manual,single__e01a5b9fb1,415,739,0.5616,RGB,False,False,manual_add/cha_phonlamai/IMG_3573.JPG
cha_phonlamai_manual_manual_ec14a3358c.jpg,cha_phonlamai/cha_phonlamai_manual_manual_ec14a3358c.jpg,cha_phonlamai,,3,,manual,manual,manual,single__ec14a3358c,465,659,0.7056,RGB,False,False,manual_add/cha_phonlamai/IMG_3574.JPG
cha_phonlamai_manual_manual_8846f9c800.jpg,cha_phonlamai/cha_phonlamai_manual_manual_8846f9c800.jpg,cha_phonlamai,,3,,manual,manual,manual,single__8846f9c800,480,640,0.75,RGB,False,False,manual_add/cha_phonlamai/IMG_3575.JPG
cha_phonlamai_manual_manual_c0f49bf1ff.jpg,cha_phonlamai/cha_phonlamai_manual_manual_c0f49bf1ff.jpg,cha_phonlamai,,3,,manual,manual,manual,single__c0f49bf1ff,460,667,0.6897,RGB,False,False,manual_add/cha_phonlamai/IMG_3576.JPG
cha_phonlamai_manual_manual_ab147b006f.jpg,cha_phonlamai/cha_phonlamai_manual_manual_ab147b006f.jpg,cha_phonlamai,,3,,manual,manual,manual,single__ab147b006f,1206,1134,1.0635,RGB,False,False,manual_add/cha_phonlamai/IMG_3578.jpg
cha_phonlamai_manual_manual_39e712a87f.jpg,cha_phonlamai/cha_phonlamai_manual_manual_39e712a87f.jpg,cha_phonlamai,,3,,manual,manual,manual,single__39e712a87f,1206,1145,1.0533,RGB,False,False,manual_add/cha_phonlamai/IMG_3579.jpg
cha_phonlamai_manual_manual_08781b80d8.png,cha_phonlamai/cha_phonlamai_manual_manual_08781b80d8.png,cha_phonlamai,,3,,manual,manual,manual,single__08781b80d8,1206,2622,0.46,RGB,False,False,manual_add/cha_phonlamai/IMG_3580.PNG
cha_phonlamai_manual_manual_f91af891ec.jpg,cha_phonlamai/cha_phonlamai_manual_manual_f91af891ec.jpg,cha_phonlamai,,3,,manual,manual,manual,single__f91af891ec,1206,1068,1.1292,RGB,False,False,manual_add/cha_phonlamai/IMG_3583.jpg
cha_phonlamai_manual_manual_f70e16a5af.jpg,cha_phonlamai/cha_phonlamai_manual_manual_f70e16a5af.jpg,cha_phonlamai,,3,,manual,manual,manual,single__f70e16a5af,1206,1027,1.1743,RGB,False,False,manual_add/cha_phonlamai/IMG_3584.jpg
cha_phonlamai_manual_manual_9bc1d68b2a.jpg,cha_phonlamai/cha_phonlamai_manual_manual_9bc1d68b2a.jpg,cha_phonlamai,,3,,manual,manual,manual,single__9bc1d68b2a,1206,1049,1.1497,RGB,False,False,manual_add/cha_phonlamai/IMG_3587.jpg
cha_phonlamai_manual_manual_08594555c8.jpg,cha_phonlamai/cha_phonlamai_manual_manual_08594555c8.jpg,cha_phonlamai,,3,,manual,manual,manual,single__08594555c8,1206,1005,1.2,RGB,False,False,manual_add/cha_phonlamai/IMG_3588.jpg
cha_thai_manual_manual_34f7e0ce09.jpg,cha_thai/cha_thai_manual_manual_34f7e0ce09.jpg,cha_thai,,3,,manual,manual,manual,single__34f7e0ce09,1280,1600,0.8,RGB,False,False,manual_add/cha_thai/IMG_3521.JPG
