filename,class,keyword_id,lang,engine,xclass_dup,p_drink,top_junk,p_top_junk,clip_class,clip_class_p,clip_agree,bucket
cha_thai_kw00_bing_000000.jpg,cha_thai,kw00,th,bing,True,1.0,bottle,0.0,cha_thai,0.9832,True,review
cha_thai_kw00_bing_000001.jpg,cha_thai,kw00,th,bing,False,1.0,object,0.0,cha_thai,0.9755,True,auto_keep
cha_thai_kw00_bing_000002.jpg,cha_thai,kw00,th,bing,False,1.0,object,0.0,cha_thai,0.8957,True,auto_keep
cha_thai_kw00_bing_000003.jpg,cha_thai,kw00,th,bing,False,0.9867,bottle,0.0051,cha_thai,0.7503,True,auto_keep
cha_thai_kw00_bing_000004.webp,cha_thai,kw00,th,bing,False,1.0,object,0.0,cha_thai,0.8919,True,auto_keep
cha_thai_kw00_bing_000006.png,cha_thai,kw00,th,bing,True,0.9999,object,0.0,cha_dam_yen,0.8123,False,review
cha_thai_kw00_bing_000007.png,cha_thai,kw00,th,bing,False,1.0,bottle,0.0,cha_thai,0.5492,True,auto_keep
cha_thai_kw00_bing_000008.webp,cha_thai,kw00,th,bing,False,0.9996,leaves,0.0003,cha_dam_yen,0.7708,False,review
cha_thai_kw00_bing_000009.jpg,cha_thai,kw00,th,bing,True,0.9998,object,0.0002,cha_nom_khai_muk,0.5304,False,review
cha_thai_kw00_bing_000010.jpg,cha_thai,kw00,th,bing,True,1.0,object,0.0,cha_thai,0.9751,True,review
cha_thai_kw00_bing_000011.jpg,cha_thai,kw00,th,bing,False,0.9997,bottle,0.0002,cha_thai,0.5536,True,auto_keep
cha_thai_kw00_bing_000012.jpg,cha_thai,kw00,th,bing,False,1.0,hot_tea,0.0,cha_thai,0.8982,True,auto_keep
cha_thai_kw00_bing_000013.jpg,cha_thai,kw00,th,bing,False,1.0,object,0.0,cha_nom_khai_muk,0.9194,False,review
cha_thai_kw00_bing_000014.jpg,cha_thai,kw00,th,bing,False,1.0,object,0.0,cha_dam_yen,0.7994,False,review
cha_thai_kw00_bing_000015.jpg,cha_thai,kw00,th,bing,False,1.0,bottle,0.0,cha_thai,0.9971,True,auto_keep
cha_thai_kw00_bing_000016.jpg,cha_thai,kw00,th,bing,False,1.0,object,0.0,cha_thai,0.6883,True,auto_keep
cha_thai_kw00_bing_000017.jpg,cha_thai,kw00,th,bing,False,1.0,bottle,0.0,cha_thai,0.7394,True,auto_keep
cha_thai_kw00_bing_000019.jpg,cha_thai,kw00,th,bing,True,0.9904,bottle,0.0095,cha_dam_yen,0.7524,False,review
cha_thai_kw00_bing_000021.jpg,cha_thai,kw00,th,bing,False,1.0,object,0.0,cha_thai,0.8911,True,auto_keep
cha_thai_kw00_bing_000022.png,cha_thai,kw00,th,bing,False,0.9996,bottle,0.0003,cha_thai,0.997,True,auto_keep
cha_thai_kw00_bing_000024.png,cha_thai,kw00,th,bing,True,1.0,object,0.0,cha_thai,0.8229,True,review
cha_thai_kw00_bing_000025.jpg,cha_thai,kw00,th,bing,False,0.9982,text,0.001,cha_thai,0.5176,True,auto_keep
cha_thai_kw00_bing_000026.jpg,cha_thai,kw00,th,bing,True,0.9997,object,0.0002,cha_thai,0.9453,True,review
cha_thai_kw00_bing_000027.jpg,cha_thai,kw00,th,bing,False,0.9642,bottle,0.0248,cha_thai,0.7783,True,auto_keep
cha_thai_kw00_bing_000028.webp,cha_thai,kw00,th,bing,False,1.0,object,0.0,cha_dam_yen,0.5543,False,review
cha_thai_kw00_bing_000029.jpg,cha_thai,kw00,th,bing,True,1.0,bottle,0.0,cha_thai,0.8886,True,review
cha_thai_kw00_bing_000030.jpg,cha_thai,kw00,th,bing,True,1.0,object,0.0,cha_thai,0.9838,True,review
cha_thai_kw00_bing_000031.jpg,cha_thai,kw00,th,bing,True,1.0,bottle,0.0,cha_thai,0.976,True,review
cha_thai_kw00_bing_000032.jpg,cha_thai,kw00,th,bing,True,0.9995,hot_tea,0.0004,cha_thai,0.7448,True,review
cha_thai_kw00_bing_000033.webp,cha_thai,kw00,th,bing,False,0.991,bottle,0.0076,cha_thai,0.9977,True,auto_keep
cha_thai_kw00_bing_000034.webp,cha_thai,kw00,th,bing,True,0.9927,bottle,0.0038,cha_thai,0.7972,True,review
cha_thai_kw00_bing_000035.png,cha_thai,kw00,th,bing,False,0.0145,hot_tea,0.9843,cha_nom_khai_muk,0.4931,False,auto_reject
cha_thai_kw00_bing_000036.webp,cha_thai,kw00,th,bing,False,0.7876,object,0.1689,cha_nom_khai_muk,0.908,False,review
cha_thai_kw00_bing_000038.jpg,cha_thai,kw00,th,bing,False,1.0,object,0.0,cha_thai,0.9992,True,auto_keep
cha_thai_kw00_bing_000039.jpg,cha_thai,kw00,th,bing,True,0.9979,hot_tea,0.0016,cha_thai,0.9056,True,review
cha_thai_kw00_bing_000040.webp,cha_thai,kw00,th,bing,True,0.9929,object,0.0037,cha_thai,0.6766,True,review
cha_thai_kw00_bing_000041.webp,cha_thai,kw00,th,bing,True,0.9999,text,0.0,cha_thai,0.9386,True,review
cha_thai_kw00_bing_000042.jpg,cha_thai,kw00,th,bing,False,1.0,leaves,0.0,cha_nom_khai_muk,0.9929,False,review
cha_thai_kw00_bing_000043.jpg,cha_thai,kw00,th,bing,True,0.9998,bottle,0.0002,cha_thai,0.7419,True,review
cha_thai_kw00_bing_000044.webp,cha_thai,kw00,th,bing,True,0.9894,bottle,0.0049,cha_dam_yen,0.9767,False,review
cha_thai_kw00_bing_000045.webp,cha_thai,kw00,th,bing,False,0.9767,object,0.0131,cha_thai,0.8578,True,auto_keep
cha_thai_kw00_bing_000046.jpg,cha_thai,kw00,th,bing,False,0.0116,bottle,0.9882,cha_thai,0.9938,True,auto_reject
cha_thai_kw00_bing_000047.jpg,cha_thai,kw00,th,bing,False,0.9999,bottle,0.0001,cha_khiao_nom,0.9433,False,review
cha_thai_kw00_bing_000048.jpg,cha_thai,kw00,th,bing,False,0.4249,hot_tea,0.5745,cha_thai,0.6337,True,review
cha_thai_kw00_bing_000049.webp,cha_thai,kw00,th,bing,False,0.0001,bottle,0.9998,cha_thai,0.8099,True,auto_reject
cha_thai_kw00_bing_000050.jpg,cha_thai,kw00,th,bing,False,0.0323,bottle,0.9657,cha_thai,0.9502,True,auto_reject
cha_thai_kw00_bing_000051.jpg,cha_thai,kw00,th,bing,True,0.9994,object,0.0005,cha_dam_yen,0.9907,False,review
cha_thai_kw00_bing_000053.png,cha_thai,kw00,th,bing,False,0.9994,object,0.0005,cha_thai,0.7738,True,auto_keep
cha_thai_kw00_bing_000054.webp,cha_thai,kw00,th,bing,False,0.9999,bottle,0.0001,cha_thai,0.5442,True,auto_keep
cha_thai_kw00_bing_000055.png,cha_thai,kw00,th,bing,False,0.9999,object,0.0001,cha_thai,0.9959,True,auto_keep
cha_thai_kw00_bing_000056.webp,cha_thai,kw00,th,bing,True,0.9943,text,0.0035,cha_dam_yen,0.7367,False,review
cha_thai_kw00_bing_000057.jpg,cha_thai,kw00,th,bing,False,0.9996,object,0.0004,cha_thai,0.7846,True,auto_keep
cha_thai_kw00_bing_000058.webp,cha_thai,kw00,th,bing,True,0.9901,bottle,0.0096,cha_thai,0.9912,True,review
cha_thai_kw00_bing_000060.webp,cha_thai,kw00,th,bing,False,0.9995,object,0.0003,cha_thai,0.6657,True,auto_keep
cha_thai_kw00_bing_000061.jpg,cha_thai,kw00,th,bing,False,0.7683,leaves,0.2309,cha_dam_yen,0.9631,False,review
cha_thai_kw00_bing_000062.jpg,cha_thai,kw00,th,bing,True,0.9999,object,0.0001,cha_dam_yen,0.5116,False,review
cha_thai_kw00_bing_000063.jpg,cha_thai,kw00,th,bing,True,0.9997,bottle,0.0003,cha_dam_yen,0.8754,False,review
cha_thai_kw00_bing_000066.webp,cha_thai,kw00,th,bing,False,0.0001,object,0.9835,cha_dam_yen,0.5704,False,auto_reject
cha_thai_kw00_bing_000067.jpg,cha_thai,kw00,th,bing,False,0.4833,bottle,0.516,cha_thai,0.9992,True,review
cha_thai_kw00_bing_000069.webp,cha_thai,kw00,th,bing,False,0.9898,text,0.0065,cha_thai,0.9501,True,auto_keep
cha_thai_kw00_bing_000071.jpg,cha_thai,kw00,th,bing,False,1.0,object,0.0,cha_thai,0.7697,True,auto_keep
cha_thai_kw00_bing_000079.jpg,cha_thai,kw00,th,bing,False,0.9997,leaves,0.0002,cha_khiao_nom,0.9882,False,review
cha_thai_kw00_bing_000083.jpg,cha_thai,kw00,th,bing,True,0.0003,person,0.685,cha_thai,0.9653,True,auto_reject
cha_thai_kw00_bing_000084.webp,cha_thai,kw00,th,bing,False,0.0,person,0.994,cha_thai,0.6959,True,auto_reject
cha_thai_kw00_bing_000104.webp,cha_thai,kw00,th,bing,True,0.1043,bottle,0.888,cha_thai,0.9152,True,auto_reject
cha_thai_kw00_bing_000138.jpg,cha_thai,kw00,th,bing,False,1.0,bottle,0.0,cha_thai,0.9953,True,auto_keep
cha_thai_kw00_bing_000139.jpg,cha_thai,kw00,th,bing,False,1.0,object,0.0,cha_thai,0.9709,True,auto_keep
cha_thai_kw00_bing_000155.webp,cha_thai,kw00,th,bing,False,0.0001,person,0.6801,cha_thai,0.5883,True,auto_reject
cha_thai_kw01_bing_000000.jpg,cha_thai,kw01,th,bing,False,1.0,object,0.0,cha_thai,0.9978,True,auto_keep
cha_thai_kw01_bing_000001.jpg,cha_thai,kw01,th,bing,False,0.9994,object,0.0004,cha_thai,0.982,True,auto_keep
cha_thai_kw01_bing_000002.jpg,cha_thai,kw01,th,bing,False,1.0,bottle,0.0,cha_thai,0.9723,True,auto_keep
cha_thai_kw01_bing_000003.jpg,cha_thai,kw01,th,bing,False,1.0,bottle,0.0,cha_thai,0.9983,True,auto_keep
cha_thai_kw01_bing_000004.jpg,cha_thai,kw01,th,bing,False,1.0,object,0.0,cha_thai,0.9764,True,auto_keep
cha_thai_kw01_bing_000005.jpg,cha_thai,kw01,th,bing,False,0.9967,object,0.0012,cha_thai,0.9113,True,auto_keep
cha_thai_kw01_bing_000007.jpg,cha_thai,kw01,th,bing,False,1.0,object,0.0,cha_thai,0.9847,True,auto_keep
cha_thai_kw01_bing_000008.jpg,cha_thai,kw01,th,bing,False,0.9998,bottle,0.0001,cha_thai,0.9506,True,auto_keep
cha_thai_kw01_bing_000009.jpg,cha_thai,kw01,th,bing,False,0.9977,bottle,0.001,cha_thai,0.9913,True,auto_keep
cha_thai_kw01_bing_000010.jpg,cha_thai,kw01,th,bing,False,0.9994,bottle,0.0005,cha_thai,0.9901,True,auto_keep
cha_thai_kw01_bing_000011.jpg,cha_thai,kw01,th,bing,True,1.0,object,0.0,cha_thai,0.9777,True,review
cha_thai_kw01_bing_000012.jpg,cha_thai,kw01,th,bing,False,1.0,bottle,0.0,cha_thai,0.7326,True,auto_keep
cha_thai_kw01_bing_000015.jpg,cha_thai,kw01,th,bing,False,0.8948,leaves,0.0551,cha_dam_yen,0.9989,False,review
cha_thai_kw01_bing_000016.jpg,cha_thai,kw01,th,bing,False,0.9992,hot_tea,0.0008,cha_thai,0.9609,True,auto_keep
cha_thai_kw01_bing_000017.jpg,cha_thai,kw01,th,bing,False,1.0,object,0.0,cha_thai,0.6786,True,auto_keep
cha_thai_kw01_bing_000018.jpg,cha_thai,kw01,th,bing,False,0.9992,object,0.0006,cha_thai,0.9863,True,auto_keep
cha_thai_kw01_bing_000019.jpg,cha_thai,kw01,th,bing,False,1.0,object,0.0,cha_nom_khai_muk,0.6784,False,review
cha_thai_kw01_bing_000020.jpg,cha_thai,kw01,th,bing,False,1.0,object,0.0,cha_thai,0.999,True,auto_keep
cha_thai_kw01_bing_000021.jpg,cha_thai,kw01,th,bing,False,1.0,bottle,0.0,cha_thai,0.9988,True,auto_keep
cha_thai_kw01_bing_000023.jpg,cha_thai,kw01,th,bing,False,1.0,object,0.0,cha_nom_khai_muk,0.9271,False,review
cha_thai_kw01_bing_000025.webp,cha_thai,kw01,th,bing,True,0.7496,bottle,0.1809,cha_thai,0.5772,True,review
cha_thai_kw01_bing_000026.jpg,cha_thai,kw01,th,bing,False,0.9877,object,0.0121,cha_thai,0.9693,True,auto_keep
cha_thai_kw01_bing_000027.jpg,cha_thai,kw01,th,bing,True,1.0,hot_tea,0.0,cha_thai,0.9888,True,review
cha_thai_kw01_bing_000028.jpg,cha_thai,kw01,th,bing,True,0.9998,bottle,0.0002,cha_thai,0.6534,True,review
cha_thai_kw01_bing_000029.jpg,cha_thai,kw01,th,bing,False,1.0,bottle,0.0,cha_thai,0.9979,True,auto_keep
cha_thai_kw01_bing_000030.jpg,cha_thai,kw01,th,bing,False,0.9993,bottle,0.0005,cha_thai,0.5561,True,auto_keep
cha_thai_kw01_bing_000032.jpg,cha_thai,kw01,th,bing,True,1.0,object,0.0,cha_thai,0.9142,True,review
cha_thai_kw01_bing_000033.jpg,cha_thai,kw01,th,bing,False,0.9964,person,0.0027,cha_dam_yen,0.9332,False,review
cha_thai_kw01_bing_000034.jpg,cha_thai,kw01,th,bing,True,0.986,bottle,0.0112,cha_dam_yen,0.932,False,review
cha_thai_kw01_bing_000035.jpg,cha_thai,kw01,th,bing,False,0.0199,bottle,0.8786,cha_thai,0.6187,True,auto_reject
cha_thai_kw01_bing_000036.jpg,cha_thai,kw01,th,bing,False,0.9884,bottle,0.0116,cha_thai,0.4572,True,auto_keep
cha_thai_kw01_bing_000039.webp,cha_thai,kw01,th,bing,True,0.9496,text,0.0341,cha_dam_yen,0.8553,False,review
cha_thai_kw01_bing_000040.jpg,cha_thai,kw01,th,bing,False,0.013,text,0.3897,cha_thai,0.994,True,auto_reject
cha_thai_kw01_bing_000041.jpg,cha_thai,kw01,th,bing,True,0.9998,bottle,0.0001,cha_nom_khai_muk,0.9905,False,review
cha_thai_kw01_bing_000042.webp,cha_thai,kw01,th,bing,False,0.001,text,0.4643,cha_thai,0.9979,True,auto_reject
cha_thai_kw01_bing_000043.jpg,cha_thai,kw01,th,bing,False,0.0419,object,0.5335,cha_thai,0.9823,True,auto_reject
cha_thai_kw01_bing_000048.jpg,cha_thai,kw01,th,bing,False,1.0,hot_tea,0.0,cha_thai,0.7795,True,auto_keep
cha_thai_kw01_bing_000050.jpg,cha_thai,kw01,th,bing,False,0.9978,object,0.0022,cha_thai,0.5393,True,auto_keep
cha_thai_kw01_bing_000051.jpg,cha_thai,kw01,th,bing,False,0.9995,object,0.0005,cha_thai,0.9897,True,auto_keep
cha_thai_kw01_bing_000052.webp,cha_thai,kw01,th,bing,False,0.9685,object,0.0124,cha_thai,0.9867,True,auto_keep
cha_thai_kw01_bing_000053.jpg,cha_thai,kw01,th,bing,True,0.7365,bottle,0.2112,cha_nom_khai_muk,0.4931,False,review
cha_thai_kw01_bing_000054.jpg,cha_thai,kw01,th,bing,True,0.9979,object,0.002,cha_thai,0.6163,True,review
cha_thai_kw01_bing_000055.jpg,cha_thai,kw01,th,bing,False,1.0,object,0.0,cha_nom_khai_muk,0.9634,False,review
cha_thai_kw01_bing_000056.jpg,cha_thai,kw01,th,bing,True,1.0,object,0.0,cha_thai,0.9906,True,review
cha_thai_kw01_bing_000058.jpg,cha_thai,kw01,th,bing,False,0.0565,text,0.9211,cha_dam_yen,0.3491,False,auto_reject
cha_thai_kw01_bing_000060.jpg,cha_thai,kw01,th,bing,False,1.0,bottle,0.0,cha_khiao_nom,0.9998,False,review
cha_thai_kw01_bing_000061.jpg,cha_thai,kw01,th,bing,False,1.0,object,0.0,cha_dam_yen,0.9833,False,review
cha_thai_kw01_bing_000062.jpg,cha_thai,kw01,th,bing,True,0.9999,object,0.0001,cha_khiao_nom,0.8571,False,review
cha_thai_kw01_bing_000064.jpg,cha_thai,kw01,th,bing,False,0.9976,object,0.0023,cha_phonlamai,0.6743,False,review
cha_thai_kw01_bing_000065.jpg,cha_thai,kw01,th,bing,False,0.9999,object,0.0001,cha_khiao_nom,0.9931,False,review
cha_thai_kw01_bing_000066.jpg,cha_thai,kw01,th,bing,False,0.9998,object,0.0002,cha_nom_khai_muk,0.6198,False,review
cha_thai_kw01_bing_000068.jpg,cha_thai,kw01,th,bing,False,0.9851,object,0.0146,cha_thai,0.9953,True,auto_keep
cha_thai_kw01_bing_000069.jpg,cha_thai,kw01,th,bing,False,1.0,object,0.0,cha_thai,0.5467,True,auto_keep
cha_thai_kw01_bing_000071.jpg,cha_thai,kw01,th,bing,True,0.0949,bottle,0.7907,cha_dam_yen,0.7283,False,auto_reject
cha_thai_kw01_bing_000072.jpg,cha_thai,kw01,th,bing,False,0.9998,hot_tea,0.0001,cha_khiao_nom,0.9098,False,review
cha_thai_kw01_bing_000074.jpg,cha_thai,kw01,th,bing,False,0.9999,object,0.0,cha_khiao_nom,0.9985,False,review
cha_thai_kw01_bing_000075.jpg,cha_thai,kw01,th,bing,True,0.0404,logo,0.6962,cha_dam_yen,0.9515,False,auto_reject
cha_thai_kw01_bing_000077.jpg,cha_thai,kw01,th,bing,True,0.9996,text,0.0002,cha_dam_yen,0.6478,False,review
cha_thai_kw01_bing_000078.jpg,cha_thai,kw01,th,bing,False,0.38,bottle,0.3726,cha_dam_yen,0.6481,False,review
cha_thai_kw01_bing_000079.jpg,cha_thai,kw01,th,bing,False,0.9954,bottle,0.0044,cha_phonlamai,0.4461,False,review
cha_thai_kw01_bing_000084.jpg,cha_thai,kw01,th,bing,False,1.0,bottle,0.0,cha_thai,0.5429,True,auto_keep
cha_thai_kw01_bing_000086.jpg,cha_thai,kw01,th,bing,False,0.9989,bottle,0.001,cha_khiao_nom,0.9138,False,review
cha_thai_kw01_bing_000087.jpg,cha_thai,kw01,th,bing,False,0.9962,object,0.0034,cha_nom_khai_muk,0.8986,False,review
cha_thai_kw01_bing_000088.jpg,cha_thai,kw01,th,bing,False,0.9979,object,0.0013,cha_phonlamai,0.8545,False,review
cha_thai_kw01_bing_000089.jpg,cha_thai,kw01,th,bing,False,0.9947,bottle,0.0052,cha_thai,0.449,True,auto_keep
cha_thai_kw01_bing_000090.webp,cha_thai,kw01,th,bing,False,1.0,hot_tea,0.0,cha_dam_yen,0.8117,False,review
cha_thai_kw01_bing_000091.jpg,cha_thai,kw01,th,bing,True,0.4929,text,0.3982,cha_dam_yen,0.9596,False,review
cha_thai_kw01_bing_000092.jpg,cha_thai,kw01,th,bing,True,0.9991,object,0.0008,cha_khiao_nom,0.999,False,review
cha_thai_kw01_bing_000093.jpg,cha_thai,kw01,th,bing,True,0.0497,bottle,0.5495,cha_dam_yen,0.4404,False,auto_reject
cha_thai_kw01_bing_000094.jpg,cha_thai,kw01,th,bing,False,1.0,bottle,0.0,cha_nom_khai_muk,0.8596,False,review
cha_thai_kw01_bing_000096.jpg,cha_thai,kw01,th,bing,False,0.9946,bottle,0.0046,cha_khiao_nom,0.4954,False,review
cha_thai_kw01_bing_000098.jpg,cha_thai,kw01,th,bing,False,1.0,object,0.0,cha_nom_khai_muk,0.9291,False,review
cha_thai_kw01_bing_000099.jpg,cha_thai,kw01,th,bing,False,0.9843,bottle,0.0139,cha_khiao_nom,0.7648,False,review
cha_thai_kw01_bing_000100.jpg,cha_thai,kw01,th,bing,False,0.9188,bottle,0.0801,cha_nom_khai_muk,0.5026,False,review
cha_thai_kw01_bing_000101.jpg,cha_thai,kw01,th,bing,True,0.0022,food,0.9965,cha_thai,0.6119,True,auto_reject
cha_thai_kw01_bing_000102.jpg,cha_thai,kw01,th,bing,False,1.0,object,0.0,cha_nom_khai_muk,0.7046,False,review
cha_thai_kw01_bing_000103.jpg,cha_thai,kw01,th,bing,True,0.0335,text,0.9125,cha_dam_yen,0.9835,False,auto_reject
cha_thai_kw01_bing_000113.webp,cha_thai,kw01,th,bing,False,0.2987,bottle,0.6742,cha_thai,0.9921,True,review
cha_thai_kw01_bing_000118.jpg,cha_thai,kw01,th,bing,False,0.5725,bottle,0.4203,cha_thai,0.9536,True,review
cha_thai_kw01_bing_000120.jpg,cha_thai,kw01,th,bing,False,0.9997,object,0.0002,cha_thai,0.4993,True,auto_keep
cha_thai_kw01_bing_000123.jpg,cha_thai,kw01,th,bing,False,0.007,bottle,0.9911,cha_dam_yen,0.5361,False,auto_reject
cha_thai_kw01_bing_000124.webp,cha_thai,kw01,th,bing,False,0.0,person,0.9996,cha_nom_khai_muk,0.5378,False,auto_reject
cha_thai_kw01_bing_000131.jpg,cha_thai,kw01,th,bing,False,0.9997,object,0.0002,cha_thai,0.8037,True,auto_keep
cha_thai_kw01_bing_000146.webp,cha_thai,kw01,th,bing,True,0.5476,bottle,0.2376,cha_thai,0.9393,True,review
cha_thai_kw01_bing_000152.webp,cha_thai,kw01,th,bing,True,0.0506,bottle,0.8909,cha_thai,0.6168,True,auto_reject
cha_thai_kw02_bing_000000.jpg,cha_thai,kw02,th,bing,False,0.9998,object,0.0001,cha_dam_yen,0.7082,False,review
cha_thai_kw02_bing_000001.jpg,cha_thai,kw02,th,bing,False,0.9994,bottle,0.0003,cha_dam_yen,0.5497,False,review
cha_thai_kw02_bing_000002.jpg,cha_thai,kw02,th,bing,False,0.9799,bottle,0.0197,cha_dam_yen,0.9312,False,review
cha_thai_kw02_bing_000003.jpg,cha_thai,kw02,th,bing,True,0.9492,bottle,0.0501,cha_nom_khai_muk,0.4453,False,review
cha_thai_kw02_bing_000004.jpg,cha_thai,kw02,th,bing,False,1.0,bottle,0.0,cha_thai,0.9917,True,auto_keep
cha_thai_kw02_bing_000005.jpg,cha_thai,kw02,th,bing,True,0.9728,bottle,0.0267,cha_dam_yen,0.7059,False,review
cha_thai_kw02_bing_000006.jpg,cha_thai,kw02,th,bing,False,1.0,leaves,0.0,cha_thai,0.9467,True,auto_keep
cha_thai_kw02_bing_000007.jpg,cha_thai,kw02,th,bing,False,0.9999,object,0.0,cha_thai,0.9306,True,auto_keep
cha_thai_kw02_bing_000008.jpg,cha_thai,kw02,th,bing,False,0.1049,bottle,0.8804,cha_thai,0.7274,True,auto_reject
cha_thai_kw02_bing_000009.jpg,cha_thai,kw02,th,bing,True,0.0385,bottle,0.9305,cha_dam_yen,0.8437,False,auto_reject
cha_thai_kw02_bing_000010.png,cha_thai,kw02,th,bing,True,0.9981,hot_tea,0.0007,cha_dam_yen,0.5877,False,review
cha_thai_kw02_bing_000011.jpg,cha_thai,kw02,th,bing,False,1.0,bottle,0.0,cha_thai,0.9944,True,auto_keep
cha_thai_kw02_bing_000013.jpg,cha_thai,kw02,th,bing,False,1.0,object,0.0,cha_thai,0.7638,True,auto_keep
cha_thai_kw02_bing_000014.jpg,cha_thai,kw02,th,bing,False,0.4487,bottle,0.5495,cha_nom_khai_muk,0.661,False,review
cha_thai_kw02_bing_000015.jpg,cha_thai,kw02,th,bing,False,0.9976,bottle,0.002,cha_nom_khai_muk,0.6836,False,review
cha_thai_kw02_bing_000016.jpg,cha_thai,kw02,th,bing,True,0.9974,leaves,0.0017,cha_nom_khai_muk,0.8941,False,review
cha_thai_kw02_bing_000017.jpg,cha_thai,kw02,th,bing,True,0.9657,bottle,0.0227,cha_phonlamai,0.4816,False,review
cha_thai_kw02_bing_000018.jpg,cha_thai,kw02,th,bing,False,0.9991,bottle,0.0009,cha_thai,0.3931,True,auto_keep
cha_thai_kw02_bing_000019.jpg,cha_thai,kw02,th,bing,False,0.8822,bottle,0.1158,cha_dam_yen,0.9536,False,review
cha_thai_kw02_bing_000020.jpg,cha_thai,kw02,th,bing,True,0.0003,bottle,0.9986,cha_dam_yen,0.5896,False,auto_reject
cha_thai_kw02_bing_000021.jpg,cha_thai,kw02,th,bing,True,0.0019,bottle,0.9956,cha_dam_yen,0.8243,False,auto_reject
cha_thai_kw02_bing_000022.jpg,cha_thai,kw02,th,bing,True,0.0001,bottle,0.9857,cha_thai,0.6386,True,auto_reject
cha_thai_kw02_bing_000024.webp,cha_thai,kw02,th,bing,False,0.9993,object,0.0004,cha_thai,0.9986,True,auto_keep
cha_thai_kw02_bing_000025.jpg,cha_thai,kw02,th,bing,False,0.9589,bottle,0.0218,cha_thai,0.922,True,auto_keep
cha_thai_kw02_bing_000026.jpg,cha_thai,kw02,th,bing,False,1.0,object,0.0,cha_thai,0.7622,True,auto_keep
cha_thai_kw02_bing_000028.jpg,cha_thai,kw02,th,bing,True,1.0,object,0.0,cha_thai,0.9849,True,review
cha_thai_kw02_bing_000029.jpg,cha_thai,kw02,th,bing,True,0.006,bottle,0.795,cha_thai,0.7545,True,auto_reject
cha_thai_kw02_bing_000030.jpg,cha_thai,kw02,th,bing,False,0.0092,bottle,0.9907,cha_dam_yen,0.4203,False,auto_reject
cha_thai_kw02_bing_000031.jpg,cha_thai,kw02,th,bing,True,0.0228,bottle,0.977,cha_thai,0.9877,True,auto_reject
cha_thai_kw02_bing_000032.jpg,cha_thai,kw02,th,bing,False,0.9083,bottle,0.0721,cha_dam_yen,0.9974,False,review
cha_thai_kw02_bing_000034.jpg,cha_thai,kw02,th,bing,True,0.9999,bottle,0.0001,cha_nom_khai_muk,0.4444,False,review
cha_thai_kw02_bing_000035.jpg,cha_thai,kw02,th,bing,True,1.0,text,0.0,cha_nom_khai_muk,0.9554,False,review
cha_thai_kw02_bing_000036.jpg,cha_thai,kw02,th,bing,False,0.9307,bottle,0.0566,cha_dam_yen,0.9779,False,review
cha_thai_kw02_bing_000038.jpg,cha_thai,kw02,th,bing,True,0.1224,bottle,0.873,cha_nom_khai_muk,0.915,False,auto_reject
cha_thai_kw02_bing_000039.jpg,cha_thai,kw02,th,bing,True,0.9995,object,0.0004,cha_thai,0.988,True,review
cha_thai_kw02_bing_000040.webp,cha_thai,kw02,th,bing,False,0.9967,text,0.0018,cha_thai,0.8108,True,auto_keep
cha_thai_kw02_bing_000041.jpg,cha_thai,kw02,th,bing,False,0.0008,bottle,0.9407,cha_thai,0.631,True,auto_reject
cha_thai_kw02_bing_000042.jpg,cha_thai,kw02,th,bing,False,0.0148,bottle,0.9849,cha_phonlamai,0.9084,False,auto_reject
cha_thai_kw02_bing_000043.jpg,cha_thai,kw02,th,bing,True,0.0935,bottle,0.9063,cha_dam_yen,0.7843,False,auto_reject
cha_thai_kw02_bing_000044.webp,cha_thai,kw02,th,bing,True,0.9743,text,0.0139,cha_khiao_nom,0.7414,False,review
cha_thai_kw02_bing_000045.webp,cha_thai,kw02,th,bing,False,0.9968,text,0.0029,cha_dam_yen,0.6298,False,review
cha_thai_kw02_bing_000046.jpg,cha_thai,kw02,th,bing,True,0.0212,bottle,0.977,cha_thai,0.9836,True,auto_reject
cha_thai_kw02_bing_000047.png,cha_thai,kw02,th,bing,True,0.0665,bottle,0.9333,cha_thai,0.6342,True,auto_reject
cha_thai_kw02_bing_000048.jpg,cha_thai,kw02,th,bing,False,0.9993,bottle,0.0007,cha_thai,0.4378,True,auto_keep
cha_thai_kw02_bing_000049.jpg,cha_thai,kw02,th,bing,False,0.0008,object,0.952,cha_dam_yen,0.9977,False,auto_reject
cha_thai_kw02_bing_000050.jpg,cha_thai,kw02,th,bing,True,0.0,bottle,1.0,cha_thai,0.8264,True,auto_reject
cha_thai_kw02_bing_000051.jpg,cha_thai,kw02,th,bing,True,0.0004,bottle,0.9996,cha_thai,0.9135,True,auto_reject
cha_thai_kw02_bing_000052.jpg,cha_thai,kw02,th,bing,True,0.9998,bottle,0.0001,cha_nom_khai_muk,0.9994,False,review
cha_thai_kw02_bing_000054.jpg,cha_thai,kw02,th,bing,False,0.9885,bottle,0.0113,cha_phonlamai,0.9977,False,review
cha_thai_kw02_bing_000055.webp,cha_thai,kw02,th,bing,False,0.6402,bottle,0.2498,cha_dam_yen,0.9997,False,review
cha_thai_kw02_bing_000056.jpg,cha_thai,kw02,th,bing,True,0.9999,object,0.0001,cha_thai,0.9769,True,review
cha_thai_kw02_bing_000057.jpg,cha_thai,kw02,th,bing,False,0.0124,bottle,0.9824,cha_thai,0.8776,True,auto_reject
cha_thai_kw02_bing_000058.jpg,cha_thai,kw02,th,bing,False,0.0526,object,0.6423,cha_dam_yen,0.8408,False,auto_reject
cha_thai_kw02_bing_000059.jpg,cha_thai,kw02,th,bing,True,0.9928,bottle,0.0064,cha_nom_khai_muk,0.9996,False,review
cha_thai_kw02_bing_000060.jpg,cha_thai,kw02,th,bing,True,0.0439,bottle,0.9082,cha_thai,0.679,True,auto_reject
cha_thai_kw02_bing_000061.webp,cha_thai,kw02,th,bing,False,0.997,object,0.0021,cha_dam_yen,0.539,False,review
cha_thai_kw02_bing_000062.jpg,cha_thai,kw02,th,bing,True,0.0,bottle,0.999,cha_nom_khai_muk,0.6497,False,auto_reject
cha_thai_kw02_bing_000064.jpg,cha_thai,kw02,th,bing,False,0.0005,bottle,0.9985,cha_phonlamai,0.7616,False,auto_reject
cha_thai_kw02_bing_000065.jpg,cha_thai,kw02,th,bing,True,0.0776,bottle,0.7996,cha_dam_yen,0.7517,False,auto_reject
cha_thai_kw02_bing_000066.png,cha_thai,kw02,th,bing,True,0.0002,bottle,0.9997,cha_khiao_nom,0.7825,False,auto_reject
cha_thai_kw02_bing_000067.jpg,cha_thai,kw02,th,bing,True,0.0117,bottle,0.95,cha_khiao_nom,0.6983,False,auto_reject
cha_thai_kw02_bing_000068.jpg,cha_thai,kw02,th,bing,True,0.4535,object,0.3083,cha_thai,0.4496,True,review
cha_thai_kw02_bing_000069.jpg,cha_thai,kw02,th,bing,False,0.0145,bottle,0.818,cha_dam_yen,0.8095,False,auto_reject
cha_thai_kw02_bing_000070.jpg,cha_thai,kw02,th,bing,False,0.2289,leaves,0.7064,cha_dam_yen,0.7783,False,review
cha_thai_kw02_bing_000071.jpg,cha_thai,kw02,th,bing,False,0.6287,bottle,0.3017,cha_dam_yen,0.7238,False,review
cha_thai_kw02_bing_000072.jpg,cha_thai,kw02,th,bing,True,0.7261,bottle,0.2555,cha_dam_yen,0.8232,False,review
cha_thai_kw02_bing_000074.webp,cha_thai,kw02,th,bing,True,0.0031,bottle,0.9923,cha_thai,0.9651,True,auto_reject
cha_thai_kw02_bing_000075.jpg,cha_thai,kw02,th,bing,True,0.0083,bottle,0.9907,cha_nom_khai_muk,0.8721,False,auto_reject
cha_thai_kw02_bing_000080.jpg,cha_thai,kw02,th,bing,True,0.0011,bottle,0.9983,cha_thai,0.9488,True,auto_reject
cha_thai_kw02_bing_000081.jpg,cha_thai,kw02,th,bing,True,0.0003,bottle,0.9885,cha_dam_yen,0.5011,False,auto_reject
cha_thai_kw02_bing_000082.jpg,cha_thai,kw02,th,bing,False,0.0221,leaves,0.9737,cha_dam_yen,0.9997,False,auto_reject
cha_thai_kw02_bing_000085.webp,cha_thai,kw02,th,bing,False,0.9995,hot_tea,0.0005,cha_thai,0.719,True,auto_keep
cha_thai_kw02_bing_000086.png,cha_thai,kw02,th,bing,True,0.6645,bottle,0.2499,cha_nom_khai_muk,0.89,False,review
cha_thai_kw02_bing_000087.png,cha_thai,kw02,th,bing,False,0.0,bottle,0.9616,cha_dam_yen,0.9711,False,auto_reject
cha_thai_kw02_bing_000089.webp,cha_thai,kw02,th,bing,True,0.0,bottle,0.9999,cha_dam_yen,0.9126,False,auto_reject
cha_thai_kw02_bing_000090.jpg,cha_thai,kw02,th,bing,False,0.7232,bottle,0.2733,cha_phonlamai,0.7729,False,review
cha_thai_kw02_bing_000091.jpg,cha_thai,kw02,th,bing,False,0.0,text,0.9951,cha_dam_yen,0.9419,False,auto_reject
cha_thai_kw02_bing_000092.png,cha_thai,kw02,th,bing,False,0.9996,bottle,0.0002,cha_nom_khai_muk,0.9763,False,review
cha_thai_kw02_bing_000093.jpg,cha_thai,kw02,th,bing,False,0.0,bottle,0.9971,cha_dam_yen,0.9853,False,auto_reject
cha_thai_kw02_bing_000094.png,cha_thai,kw02,th,bing,False,0.0,bottle,0.9295,cha_dam_yen,0.9799,False,auto_reject
cha_thai_kw02_bing_000095.jpg,cha_thai,kw02,th,bing,True,0.0765,bottle,0.9113,cha_thai,0.9307,True,auto_reject
cha_thai_kw02_bing_000096.webp,cha_thai,kw02,th,bing,False,0.0014,bottle,0.972,cha_nom_khai_muk,0.6887,False,auto_reject
cha_thai_kw02_bing_000097.jpg,cha_thai,kw02,th,bing,False,0.0,bottle,0.9981,cha_khiao_nom,0.4551,False,auto_reject
cha_thai_kw02_bing_000098.jpg,cha_thai,kw02,th,bing,True,0.0,bottle,1.0,cha_thai,0.6014,True,auto_reject
cha_thai_kw02_bing_000099.jpg,cha_thai,kw02,th,bing,True,0.033,bottle,0.9614,cha_nom_khai_muk,0.9959,False,auto_reject
cha_thai_kw02_bing_000100.png,cha_thai,kw02,th,bing,True,0.8997,object,0.0615,cha_khiao_nom,0.9993,False,review
cha_thai_kw02_bing_000101.jpg,cha_thai,kw02,th,bing,True,0.0001,bottle,0.9931,cha_khiao_nom,0.904,False,auto_reject
cha_thai_kw02_bing_000102.jpg,cha_thai,kw02,th,bing,True,0.0023,bottle,0.9899,cha_dam_yen,0.6818,False,auto_reject
cha_thai_kw02_bing_000103.jpg,cha_thai,kw02,th,bing,False,0.9988,bottle,0.0009,cha_khiao_nom,0.6829,False,review
cha_thai_kw02_bing_000104.jpg,cha_thai,kw02,th,bing,True,0.0068,bottle,0.9787,cha_thai,0.9228,True,auto_reject
cha_thai_kw02_bing_000106.png,cha_thai,kw02,th,bing,False,0.0005,leaves,0.8465,cha_khiao_nom,0.6594,False,auto_reject
cha_thai_kw02_bing_000107.jpg,cha_thai,kw02,th,bing,False,0.0006,leaves,0.9639,cha_nom_khai_muk,0.66,False,auto_reject
cha_thai_kw02_bing_000108.jpg,cha_thai,kw02,th,bing,True,1.0,bottle,0.0,cha_phonlamai,0.9575,False,review
cha_thai_kw02_bing_000109.jpg,cha_thai,kw02,th,bing,False,0.0004,bottle,0.9946,cha_dam_yen,0.5821,False,auto_reject
cha_thai_kw02_bing_000110.jpg,cha_thai,kw02,th,bing,False,0.0025,hot_tea,0.7715,cha_nom_khai_muk,0.7958,False,auto_reject
cha_thai_kw03_bing_000000.jpg,cha_thai,kw03,en,bing,False,1.0,hot_tea,0.0,cha_thai,0.936,True,auto_keep
cha_thai_kw03_bing_000001.jpg,cha_thai,kw03,en,bing,False,1.0,object,0.0,cha_thai,0.931,True,auto_keep
cha_thai_kw03_bing_000002.jpg,cha_thai,kw03,en,bing,False,1.0,hot_tea,0.0,cha_thai,0.9272,True,auto_keep
cha_thai_kw03_bing_000003.jpg,cha_thai,kw03,en,bing,False,1.0,bottle,0.0,cha_thai,0.6904,True,auto_keep
cha_thai_kw03_bing_000004.jpg,cha_thai,kw03,en,bing,False,0.9999,bottle,0.0,cha_dam_yen,0.8156,False,review
cha_thai_kw03_bing_000005.jpg,cha_thai,kw03,en,bing,False,1.0,object,0.0,cha_thai,0.6709,True,auto_keep
cha_thai_kw03_bing_000006.jpg,cha_thai,kw03,en,bing,False,1.0,hot_tea,0.0,cha_thai,0.8597,True,auto_keep
cha_thai_kw03_bing_000007.jpg,cha_thai,kw03,en,bing,False,1.0,bottle,0.0,cha_dam_yen,0.6927,False,review
cha_thai_kw03_bing_000008.jpg,cha_thai,kw03,en,bing,False,1.0,object,0.0,cha_thai,0.9864,True,auto_keep
cha_thai_kw03_bing_000009.jpg,cha_thai,kw03,en,bing,False,1.0,bottle,0.0,cha_dam_yen,0.9701,False,review
cha_thai_kw03_bing_000010.jpg,cha_thai,kw03,en,bing,True,0.9999,bottle,0.0001,cha_thai,0.9517,True,review
cha_thai_kw03_bing_000011.jpg,cha_thai,kw03,en,bing,False,1.0,hot_tea,0.0,cha_thai,0.6633,True,auto_keep
cha_thai_kw03_bing_000012.jpg,cha_thai,kw03,en,bing,False,0.9992,bottle,0.0005,cha_dam_yen,0.8259,False,review
cha_thai_kw03_bing_000013.jpg,cha_thai,kw03,en,bing,False,1.0,bottle,0.0,cha_dam_yen,0.888,False,review
cha_thai_kw03_bing_000014.jpg,cha_thai,kw03,en,bing,True,0.9999,hot_tea,0.0,cha_thai,0.8288,True,review
cha_thai_kw03_bing_000015.jpg,cha_thai,kw03,en,bing,False,0.9995,object,0.0005,cha_thai,0.9687,True,auto_keep
cha_thai_kw03_bing_000016.jpg,cha_thai,kw03,en,bing,False,1.0,object,0.0,cha_thai,0.9893,True,auto_keep
cha_thai_kw03_bing_000017.jpg,cha_thai,kw03,en,bing,False,0.9988,object,0.0011,cha_dam_yen,0.5481,False,review
cha_thai_kw03_bing_000018.jpg,cha_thai,kw03,en,bing,False,1.0,object,0.0,cha_thai,0.9774,True,auto_keep
cha_thai_kw03_bing_000019.jpg,cha_thai,kw03,en,bing,True,1.0,bottle,0.0,cha_thai,0.5074,True,review
cha_thai_kw03_bing_000020.jpg,cha_thai,kw03,en,bing,False,0.9999,hot_tea,0.0001,cha_thai,0.9228,True,auto_keep
cha_thai_kw03_bing_000021.jpg,cha_thai,kw03,en,bing,False,1.0,object,0.0,cha_thai,0.9844,True,auto_keep
cha_thai_kw03_bing_000022.jpg,cha_thai,kw03,en,bing,False,0.9084,leaves,0.089,cha_dam_yen,0.9658,False,review
cha_thai_kw03_bing_000023.jpg,cha_thai,kw03,en,bing,True,1.0,bottle,0.0,cha_thai,0.9848,True,review
cha_thai_kw03_bing_000024.jpg,cha_thai,kw03,en,bing,False,1.0,bottle,0.0,cha_thai,0.5265,True,auto_keep
cha_thai_kw03_bing_000025.jpg,cha_thai,kw03,en,bing,False,1.0,hot_tea,0.0,cha_thai,0.6126,True,auto_keep
cha_thai_kw03_bing_000026.jpg,cha_thai,kw03,en,bing,False,0.9999,bottle,0.0,cha_thai,0.574,True,auto_keep
cha_thai_kw03_bing_000027.jpg,cha_thai,kw03,en,bing,False,0.9994,leaves,0.0003,cha_thai,0.6364,True,auto_keep
cha_thai_kw03_bing_000028.jpg,cha_thai,kw03,en,bing,False,0.9982,object,0.0009,cha_thai,0.5294,True,auto_keep
cha_thai_kw03_bing_000029.png,cha_thai,kw03,en,bing,False,1.0,object,0.0,cha_thai,0.8758,True,auto_keep
cha_thai_kw03_bing_000030.jpg,cha_thai,kw03,en,bing,True,1.0,object,0.0,cha_thai,0.9766,True,review
cha_thai_kw03_bing_000031.jpg,cha_thai,kw03,en,bing,False,0.9873,bottle,0.0127,cha_thai,0.8734,True,auto_keep
cha_thai_kw03_bing_000032.jpg,cha_thai,kw03,en,bing,False,0.9999,bottle,0.0001,cha_dam_yen,0.8166,False,review
cha_thai_kw03_bing_000033.jpg,cha_thai,kw03,en,bing,False,0.9934,bottle,0.0037,cha_thai,0.728,True,auto_keep
cha_thai_kw03_bing_000034.jpg,cha_thai,kw03,en,bing,False,0.9999,bottle,0.0001,cha_dam_yen,0.685,False,review
cha_thai_kw03_bing_000035.jpg,cha_thai,kw03,en,bing,False,0.9992,bottle,0.0004,cha_dam_yen,0.6898,False,review
cha_thai_kw03_bing_000036.jpg,cha_thai,kw03,en,bing,False,0.9999,hot_tea,0.0,cha_thai,0.6685,True,auto_keep
cha_thai_kw03_bing_000037.jpg,cha_thai,kw03,en,bing,False,1.0,bottle,0.0,cha_thai,0.8507,True,auto_keep
cha_thai_kw03_bing_000038.jpg,cha_thai,kw03,en,bing,False,0.9999,bottle,0.0001,cha_thai,0.9833,True,auto_keep
cha_thai_kw03_bing_000039.jpg,cha_thai,kw03,en,bing,False,0.9914,leaves,0.0079,cha_dam_yen,0.4749,False,review
cha_thai_kw03_bing_000040.jpg,cha_thai,kw03,en,bing,False,1.0,object,0.0,cha_dam_yen,0.6864,False,review
cha_thai_kw03_bing_000041.jpg,cha_thai,kw03,en,bing,False,1.0,bottle,0.0,cha_nom_khai_muk,0.9978,False,review
cha_thai_kw03_bing_000042.jpg,cha_thai,kw03,en,bing,True,1.0,bottle,0.0,cha_thai,0.9806,True,review
cha_thai_kw03_bing_000043.jpg,cha_thai,kw03,en,bing,False,0.9999,bottle,0.0,cha_thai,0.8985,True,auto_keep
cha_thai_kw03_bing_000044.jpg,cha_thai,kw03,en,bing,False,0.9971,bottle,0.0029,cha_thai,0.9961,True,auto_keep
cha_thai_kw03_bing_000045.jpg,cha_thai,kw03,en,bing,False,0.9985,bottle,0.0013,cha_thai,0.9679,True,auto_keep
cha_thai_kw03_bing_000046.jpg,cha_thai,kw03,en,bing,False,0.9998,hot_tea,0.0001,cha_dam_yen,0.5022,False,review
cha_thai_kw03_bing_000047.jpg,cha_thai,kw03,en,bing,False,0.9996,object,0.0003,cha_thai,0.7971,True,auto_keep
cha_thai_kw03_bing_000048.jpg,cha_thai,kw03,en,bing,False,0.9999,bottle,0.0,cha_thai,0.864,True,auto_keep
cha_thai_kw03_bing_000049.jpg,cha_thai,kw03,en,bing,True,0.9988,bottle,0.001,cha_thai,0.9858,True,review
cha_thai_kw03_bing_000051.jpg,cha_thai,kw03,en,bing,False,1.0,object,0.0,cha_thai,0.9626,True,auto_keep
cha_thai_kw03_bing_000053.jpg,cha_thai,kw03,en,bing,False,0.9999,bottle,0.0001,cha_thai,0.8541,True,auto_keep
cha_thai_kw03_bing_000054.jpg,cha_thai,kw03,en,bing,False,0.9998,hot_tea,0.0001,cha_thai,0.8942,True,auto_keep
cha_thai_kw03_bing_000055.jpg,cha_thai,kw03,en,bing,False,1.0,object,0.0,cha_thai,0.8901,True,auto_keep
cha_thai_kw03_bing_000057.jpg,cha_thai,kw03,en,bing,False,1.0,person,0.0,cha_thai,0.995,True,auto_keep
cha_thai_kw03_bing_000058.jpg,cha_thai,kw03,en,bing,False,1.0,object,0.0,cha_thai,0.9574,True,auto_keep
cha_thai_kw03_bing_000059.jpg,cha_thai,kw03,en,bing,False,0.9998,object,0.0001,cha_thai,0.9988,True,auto_keep
cha_thai_kw03_bing_000061.jpg,cha_thai,kw03,en,bing,False,0.9998,bottle,0.0002,cha_thai,0.474,True,auto_keep
cha_thai_kw03_bing_000062.jpg,cha_thai,kw03,en,bing,False,0.9987,object,0.0011,cha_thai,0.9472,True,auto_keep
cha_thai_kw03_bing_000063.jpg,cha_thai,kw03,en,bing,False,1.0,hot_tea,0.0,cha_thai,0.9759,True,auto_keep
cha_thai_kw03_bing_000064.jpg,cha_thai,kw03,en,bing,True,1.0,bottle,0.0,cha_thai,0.974,True,review
cha_thai_kw03_bing_000065.jpg,cha_thai,kw03,en,bing,True,0.9997,object,0.0002,cha_thai,0.9969,True,review
cha_thai_kw03_bing_000069.jpg,cha_thai,kw03,en,bing,False,1.0,object,0.0,cha_thai,0.5901,True,auto_keep
cha_thai_kw03_bing_000070.png,cha_thai,kw03,en,bing,True,0.9993,bottle,0.0004,cha_thai,0.7648,True,review
cha_thai_kw03_bing_000071.jpg,cha_thai,kw03,en,bing,True,1.0,hot_tea,0.0,cha_thai,0.5094,True,review
cha_thai_kw03_bing_000072.jpg,cha_thai,kw03,en,bing,False,0.9972,object,0.0013,cha_dam_yen,0.7162,False,review
cha_thai_kw03_bing_000073.jpg,cha_thai,kw03,en,bing,False,0.9996,bottle,0.0004,cha_thai,0.9963,True,auto_keep
cha_thai_kw03_bing_000074.jpg,cha_thai,kw03,en,bing,False,0.9999,object,0.0001,cha_thai,0.8584,True,auto_keep
cha_thai_kw03_bing_000075.jpg,cha_thai,kw03,en,bing,False,0.9999,object,0.0001,cha_thai,0.8859,True,auto_keep
cha_thai_kw03_bing_000076.jpg,cha_thai,kw03,en,bing,True,1.0,bottle,0.0,cha_thai,0.973,True,review
cha_thai_kw03_bing_000077.jpg,cha_thai,kw03,en,bing,False,0.997,object,0.0021,cha_thai,0.943,True,auto_keep
cha_thai_kw03_bing_000078.png,cha_thai,kw03,en,bing,False,0.9797,object,0.0107,cha_thai,0.6171,True,auto_keep
cha_thai_kw03_bing_000079.jpg,cha_thai,kw03,en,bing,False,0.9953,object,0.0023,cha_khiao_nom,1.0,False,review
cha_thai_kw03_bing_000080.jpg,cha_thai,kw03,en,bing,False,0.825,object,0.1535,cha_thai,0.9982,True,auto_keep
cha_thai_kw03_bing_000081.png,cha_thai,kw03,en,bing,True,0.9902,object,0.0093,cha_khiao_nom,0.9985,False,review
cha_thai_kw03_bing_000082.jpg,cha_thai,kw03,en,bing,True,0.9973,object,0.0022,cha_khiao_nom,0.9999,False,review
cha_thai_kw03_bing_000083.jpg,cha_thai,kw03,en,bing,True,0.9999,object,0.0,cha_phonlamai,0.368,False,review
cha_thai_kw03_bing_000084.jpg,cha_thai,kw03,en,bing,False,0.9993,hot_tea,0.0007,cha_thai,0.6383,True,auto_keep
cha_thai_kw03_bing_000085.jpg,cha_thai,kw03,en,bing,False,0.9966,object,0.0034,cha_thai,0.4957,True,auto_keep
cha_thai_kw03_bing_000086.jpg,cha_thai,kw03,en,bing,True,1.0,object,0.0,cha_thai,0.8673,True,review
cha_thai_kw03_bing_000087.jpg,cha_thai,kw03,en,bing,False,0.9532,object,0.043,cha_thai,0.9559,True,auto_keep
cha_thai_kw03_bing_000088.png,cha_thai,kw03,en,bing,False,0.9998,object,0.0002,cha_thai,0.9399,True,auto_keep
cha_thai_kw03_bing_000091.png,cha_thai,kw03,en,bing,True,1.0,object,0.0,cha_thai,0.6879,True,review
cha_thai_kw03_bing_000093.jpg,cha_thai,kw03,en,bing,True,1.0,object,0.0,cha_thai,0.9769,True,review
cha_thai_kw03_bing_000094.jpg,cha_thai,kw03,en,bing,True,1.0,object,0.0,cha_thai,0.9268,True,review
cha_thai_kw03_bing_000095.jpg,cha_thai,kw03,en,bing,True,1.0,object,0.0,cha_phonlamai,0.9483,False,review
cha_thai_kw03_bing_000096.jpg,cha_thai,kw03,en,bing,True,0.9953,bottle,0.0029,cha_khiao_nom,0.9634,False,review
cha_thai_kw03_bing_000097.jpg,cha_thai,kw03,en,bing,False,0.9997,object,0.0003,cha_thai,0.9676,True,auto_keep
cha_thai_kw03_bing_000098.jpg,cha_thai,kw03,en,bing,True,1.0,object,0.0,cha_dam_yen,0.9962,False,review
cha_thai_kw03_bing_000099.jpg,cha_thai,kw03,en,bing,False,0.9999,object,0.0,cha_dam_yen,0.835,False,review
cha_thai_kw03_bing_000100.jpg,cha_thai,kw03,en,bing,True,0.0605,hot_tea,0.9366,cha_dam_yen,0.9975,False,auto_reject
cha_thai_kw03_bing_000101.jpg,cha_thai,kw03,en,bing,False,0.9667,bottle,0.0298,cha_phonlamai,0.9604,False,review
cha_thai_kw03_bing_000102.jpg,cha_thai,kw03,en,bing,False,0.7229,bottle,0.2686,cha_phonlamai,0.9865,False,review
cha_thai_kw03_baidu_000001.jpg,cha_thai,kw03,en,baidu,False,1.0,bottle,0.0,cha_thai,0.8433,True,auto_keep
cha_thai_kw03_baidu_000002.jpg,cha_thai,kw03,en,baidu,False,1.0,object,0.0,cha_dam_yen,0.9286,False,review
cha_thai_kw03_baidu_000003.jpg,cha_thai,kw03,en,baidu,False,0.9999,object,0.0,cha_dam_yen,0.8584,False,review
cha_thai_kw03_baidu_000004.jpg,cha_thai,kw03,en,baidu,True,1.0,object,0.0,cha_thai,0.9697,True,review
cha_thai_kw03_baidu_000005.jpg,cha_thai,kw03,en,baidu,False,0.9999,object,0.0,cha_thai,0.6867,True,auto_keep
cha_thai_kw03_baidu_000006.jpg,cha_thai,kw03,en,baidu,True,0.999,object,0.0009,cha_dam_yen,0.963,False,review
cha_thai_kw03_baidu_000007.jpg,cha_thai,kw03,en,baidu,True,1.0,bottle,0.0,cha_thai,0.5372,True,review
cha_thai_kw03_baidu_000008.jpg,cha_thai,kw03,en,baidu,False,0.9984,leaves,0.0015,cha_nom_khai_muk,0.9944,False,review
cha_thai_kw03_baidu_000009.jpg,cha_thai,kw03,en,baidu,False,1.0,object,0.0,cha_nom_khai_muk,0.4541,False,review
cha_thai_kw03_baidu_000010.jpg,cha_thai,kw03,en,baidu,False,1.0,hot_tea,0.0,cha_thai,0.9556,True,auto_keep
cha_thai_kw03_baidu_000011.jpg,cha_thai,kw03,en,baidu,False,0.9987,hot_tea,0.0011,cha_nom_khai_muk,0.4987,False,review
cha_thai_kw03_baidu_000012.jpg,cha_thai,kw03,en,baidu,False,1.0,object,0.0,cha_thai,0.9828,True,auto_keep
cha_thai_kw03_baidu_000013.jpg,cha_thai,kw03,en,baidu,True,1.0,hot_tea,0.0,cha_thai,0.9178,True,review
cha_thai_kw03_baidu_000014.jpg,cha_thai,kw03,en,baidu,False,0.9824,leaves,0.0126,cha_dam_yen,0.7896,False,review
cha_thai_kw03_baidu_000015.jpg,cha_thai,kw03,en,baidu,False,0.9992,object,0.0007,cha_thai,0.9455,True,auto_keep
cha_thai_kw03_baidu_000016.jpg,cha_thai,kw03,en,baidu,False,0.6838,object,0.2786,cha_thai,0.9327,True,auto_keep
cha_thai_kw03_baidu_000017.jpg,cha_thai,kw03,en,baidu,False,0.9999,leaves,0.0001,cha_nom_khai_muk,0.982,False,review
cha_thai_kw03_baidu_000018.jpg,cha_thai,kw03,en,baidu,True,0.9995,bottle,0.0003,cha_thai,0.987,True,review
cha_thai_kw03_baidu_000019.jpg,cha_thai,kw03,en,baidu,False,0.6744,object,0.2913,cha_thai,0.5152,True,auto_keep
cha_thai_kw03_baidu_000020.jpg,cha_thai,kw03,en,baidu,False,0.9991,object,0.0007,cha_thai,0.9926,True,auto_keep
cha_thai_kw03_baidu_000021.jpg,cha_thai,kw03,en,baidu,False,0.994,hot_tea,0.0048,cha_dam_yen,0.9921,False,review
cha_thai_kw03_baidu_000022.jpg,cha_thai,kw03,en,baidu,False,1.0,bottle,0.0,cha_nom_khai_muk,0.9919,False,review
cha_thai_kw03_baidu_000023.jpg,cha_thai,kw03,en,baidu,False,0.4797,object,0.3161,cha_thai,0.6359,True,review
cha_thai_kw03_baidu_000024.jpg,cha_thai,kw03,en,baidu,True,1.0,object,0.0,cha_thai,0.9799,True,review
cha_thai_kw03_baidu_000025.jpg,cha_thai,kw03,en,baidu,True,0.9997,bottle,0.0002,cha_khiao_nom,0.7708,False,review
cha_thai_kw03_baidu_000026.jpg,cha_thai,kw03,en,baidu,True,0.9998,object,0.0002,cha_dam_yen,0.969,False,review
cha_thai_kw03_baidu_000027.jpg,cha_thai,kw03,en,baidu,False,0.9985,person,0.0009,cha_nom_khai_muk,0.9009,False,review
cha_thai_kw03_baidu_000028.jpg,cha_thai,kw03,en,baidu,True,0.9999,object,0.0001,cha_thai,0.9884,True,review
cha_thai_kw03_baidu_000029.jpg,cha_thai,kw03,en,baidu,True,0.9998,bottle,0.0001,cha_dam_yen,0.7834,False,review
cha_thai_kw03_baidu_000030.jpg,cha_thai,kw03,en,baidu,True,0.9919,hot_tea,0.0072,cha_thai,0.8291,True,review
cha_thai_kw03_baidu_000031.jpg,cha_thai,kw03,en,baidu,True,1.0,object,0.0,cha_thai,0.9218,True,review
cha_thai_kw03_baidu_000032.jpg,cha_thai,kw03,en,baidu,True,0.9999,hot_tea,0.0,cha_thai,0.7011,True,review
cha_thai_kw03_baidu_000033.jpg,cha_thai,kw03,en,baidu,False,0.9996,object,0.0002,cha_thai,0.6823,True,auto_keep
cha_thai_kw03_baidu_000034.jpg,cha_thai,kw03,en,baidu,False,1.0,bottle,0.0,cha_dam_yen,0.9511,False,review
cha_thai_kw03_baidu_000035.jpg,cha_thai,kw03,en,baidu,False,0.9996,hot_tea,0.0003,cha_dam_yen,0.4977,False,review
cha_thai_kw03_baidu_000036.jpg,cha_thai,kw03,en,baidu,True,0.9998,hot_tea,0.0001,cha_thai,0.6457,True,review
cha_thai_kw03_baidu_000037.png,cha_thai,kw03,en,baidu,True,0.9971,object,0.0017,cha_nom_khai_muk,0.5709,False,review
cha_thai_kw03_baidu_000038.jpg,cha_thai,kw03,en,baidu,True,0.9985,object,0.0012,cha_thai,0.9376,True,review
cha_thai_kw03_baidu_000039.jpg,cha_thai,kw03,en,baidu,False,0.9999,object,0.0001,cha_thai,0.9499,True,auto_keep
cha_thai_kw03_baidu_000040.jpg,cha_thai,kw03,en,baidu,True,1.0,bottle,0.0,cha_phonlamai,0.5021,False,review
cha_thai_kw03_baidu_000041.jpg,cha_thai,kw03,en,baidu,False,1.0,object,0.0,cha_dam_yen,0.9237,False,review
cha_thai_kw03_baidu_000042.jpg,cha_thai,kw03,en,baidu,False,0.0001,food,0.9991,cha_dam_yen,0.4564,False,auto_reject
cha_thai_kw03_baidu_000043.jpg,cha_thai,kw03,en,baidu,True,0.9349,bottle,0.0607,cha_khiao_nom,0.459,False,review
cha_thai_kw03_baidu_000044.jpg,cha_thai,kw03,en,baidu,True,0.9975,object,0.0022,cha_khiao_nom,0.9999,False,review
cha_thai_kw03_baidu_000045.jpg,cha_thai,kw03,en,baidu,True,0.9701,bottle,0.0263,cha_dam_yen,0.5245,False,review
cha_thai_kw03_baidu_000046.jpg,cha_thai,kw03,en,baidu,True,0.999,object,0.0007,cha_khiao_nom,0.9999,False,review
cha_thai_kw03_baidu_000047.jpg,cha_thai,kw03,en,baidu,True,0.977,bottle,0.0227,cha_dam_yen,0.5184,False,review
cha_thai_kw03_baidu_000048.jpg,cha_thai,kw03,en,baidu,True,0.8169,hot_tea,0.0804,cha_nom_khai_muk,0.9985,False,review
cha_thai_kw03_baidu_000049.jpg,cha_thai,kw03,en,baidu,False,1.0,hot_tea,0.0,cha_nom_khai_muk,0.9997,False,review
cha_thai_kw03_baidu_000050.jpg,cha_thai,kw03,en,baidu,False,0.8863,hot_tea,0.0906,cha_thai,0.7786,True,auto_keep
cha_thai_kw03_baidu_000051.jpg,cha_thai,kw03,en,baidu,False,0.9993,object,0.0003,cha_thai,0.9912,True,auto_keep
cha_thai_kw03_baidu_000052.jpg,cha_thai,kw03,en,baidu,False,0.9987,hot_tea,0.0008,cha_thai,0.9935,True,auto_keep
cha_thai_kw04_bing_000000.jpg,cha_thai,kw04,en,bing,False,1.0,bottle,0.0,cha_thai,0.897,True,auto_keep
cha_thai_kw04_bing_000001.jpg,cha_thai,kw04,en,bing,False,1.0,hot_tea,0.0,cha_dam_yen,0.7035,False,review
cha_thai_kw04_bing_000003.jpg,cha_thai,kw04,en,bing,False,1.0,object,0.0,cha_dam_yen,0.5185,False,review
cha_thai_kw04_bing_000004.jpg,cha_thai,kw04,en,bing,False,1.0,bottle,0.0,cha_dam_yen,0.6521,False,review
cha_thai_kw04_bing_000005.jpg,cha_thai,kw04,en,bing,True,1.0,object,0.0,cha_dam_yen,0.6215,False,review
cha_thai_kw04_bing_000006.jpg,cha_thai,kw04,en,bing,False,0.4985,hot_tea,0.4582,cha_dam_yen,0.7481,False,review
cha_thai_kw04_bing_000007.jpg,cha_thai,kw04,en,bing,False,0.9999,bottle,0.0001,cha_thai,0.484,True,auto_keep
cha_thai_kw04_bing_000008.jpg,cha_thai,kw04,en,bing,False,0.9999,object,0.0001,cha_thai,0.9945,True,auto_keep
cha_thai_kw04_bing_000009.jpg,cha_thai,kw04,en,bing,False,1.0,object,0.0,cha_thai,0.9316,True,auto_keep
cha_thai_kw04_bing_000010.jpg,cha_thai,kw04,en,bing,False,0.9628,leaves,0.0245,cha_thai,0.8692,True,auto_keep
cha_thai_kw04_bing_000013.jpg,cha_thai,kw04,en,bing,False,0.9995,object,0.0004,cha_thai,0.5043,True,auto_keep
cha_thai_kw04_bing_000014.png,cha_thai,kw04,en,bing,False,0.9853,bottle,0.0103,cha_dam_yen,0.7519,False,review
cha_thai_kw04_bing_000015.jpg,cha_thai,kw04,en,bing,False,1.0,object,0.0,cha_thai,0.8899,True,auto_keep
cha_thai_kw04_bing_000016.jpg,cha_thai,kw04,en,bing,False,0.9999,object,0.0001,cha_thai,0.9956,True,auto_keep
cha_thai_kw04_bing_000017.jpg,cha_thai,kw04,en,bing,False,1.0,object,0.0,cha_thai,0.9519,True,auto_keep
cha_thai_kw04_bing_000018.jpg,cha_thai,kw04,en,bing,False,1.0,bottle,0.0,cha_thai,0.9227,True,auto_keep
cha_thai_kw04_bing_000020.jpg,cha_thai,kw04,en,bing,False,0.9999,object,0.0,cha_thai,0.9964,True,auto_keep
cha_thai_kw04_bing_000023.jpg,cha_thai,kw04,en,bing,False,0.9989,hot_tea,0.001,cha_thai,0.5048,True,auto_keep
cha_thai_kw04_bing_000024.png,cha_thai,kw04,en,bing,False,1.0,object,0.0,cha_thai,0.9969,True,auto_keep
cha_thai_kw04_bing_000025.jpg,cha_thai,kw04,en,bing,False,1.0,object,0.0,cha_dam_yen,0.8753,False,review
cha_thai_kw04_bing_000026.jpg,cha_thai,kw04,en,bing,False,0.9995,bottle,0.0005,cha_thai,0.4656,True,auto_keep
cha_thai_kw04_bing_000028.jpg,cha_thai,kw04,en,bing,False,1.0,bottle,0.0,cha_phonlamai,0.4487,False,review
cha_thai_kw04_bing_000029.jpg,cha_thai,kw04,en,bing,True,1.0,object,0.0,cha_thai,0.9439,True,review
cha_thai_kw04_bing_000030.jpg,cha_thai,kw04,en,bing,False,1.0,object,0.0,cha_nom_khai_muk,0.6038,False,review
cha_thai_kw04_bing_000031.jpg,cha_thai,kw04,en,bing,False,1.0,bottle,0.0,cha_thai,0.865,True,auto_keep
cha_thai_kw04_bing_000032.jpg,cha_thai,kw04,en,bing,False,1.0,object,0.0,cha_thai,0.8826,True,auto_keep
cha_thai_kw04_bing_000033.png,cha_thai,kw04,en,bing,False,0.9996,object,0.0002,cha_thai,0.8013,True,auto_keep
cha_thai_kw04_bing_000036.jpg,cha_thai,kw04,en,bing,False,1.0,bottle,0.0,cha_thai,0.9449,True,auto_keep
cha_thai_kw04_bing_000039.jpg,cha_thai,kw04,en,bing,True,0.9999,object,0.0,cha_thai,0.8744,True,review
cha_thai_kw04_bing_000040.jpg,cha_thai,kw04,en,bing,False,0.9999,object,0.0001,cha_thai,0.9736,True,auto_keep
cha_thai_kw04_bing_000041.jpg,cha_thai,kw04,en,bing,False,1.0,bottle,0.0,cha_thai,0.8839,True,auto_keep
cha_thai_kw04_bing_000042.jpg,cha_thai,kw04,en,bing,False,0.9999,object,0.0,cha_dam_yen,0.8767,False,review
cha_thai_kw04_bing_000044.jpg,cha_thai,kw04,en,bing,False,0.9637,hot_tea,0.033,cha_thai,0.5906,True,auto_keep
cha_thai_kw04_bing_000045.jpg,cha_thai,kw04,en,bing,False,0.9931,hot_tea,0.0067,cha_dam_yen,0.9301,False,review
cha_thai_kw04_bing_000046.jpg,cha_thai,kw04,en,bing,False,1.0,object,0.0,cha_nom_khai_muk,0.966,False,review
cha_thai_kw04_bing_000047.jpg,cha_thai,kw04,en,bing,False,0.9349,bottle,0.0638,cha_dam_yen,0.7194,False,review
cha_thai_kw04_bing_000048.jpg,cha_thai,kw04,en,bing,False,1.0,object,0.0,cha_thai,0.989,True,auto_keep
cha_thai_kw04_bing_000051.jpg,cha_thai,kw04,en,bing,False,0.9906,bottle,0.0071,cha_thai,0.9971,True,auto_keep
cha_thai_kw04_bing_000052.jpg,cha_thai,kw04,en,bing,False,0.1084,food,0.8486,cha_thai,0.8438,True,auto_reject
cha_thai_kw04_bing_000054.jpg,cha_thai,kw04,en,bing,False,1.0,object,0.0,cha_thai,0.9691,True,auto_keep
cha_thai_kw04_bing_000055.jpg,cha_thai,kw04,en,bing,False,1.0,bottle,0.0,cha_thai,0.9012,True,auto_keep
cha_thai_kw04_bing_000056.jpg,cha_thai,kw04,en,bing,False,0.9331,object,0.0662,cha_thai,0.6567,True,auto_keep
cha_thai_kw04_bing_000057.webp,cha_thai,kw04,en,bing,False,0.2846,bottle,0.3909,cha_thai,0.9963,True,review
cha_thai_kw04_bing_000061.jpg,cha_thai,kw04,en,bing,False,0.9984,bottle,0.0016,cha_khiao_nom,0.6639,False,review
cha_thai_kw04_bing_000062.jpg,cha_thai,kw04,en,bing,False,1.0,object,0.0,cha_thai,0.7145,True,auto_keep
cha_thai_kw04_bing_000063.jpg,cha_thai,kw04,en,bing,False,0.9996,leaves,0.0002,cha_dam_yen,0.9918,False,review
cha_thai_kw04_bing_000064.jpg,cha_thai,kw04,en,bing,False,0.9884,bottle,0.0103,cha_thai,0.991,True,auto_keep
cha_thai_kw04_bing_000065.jpg,cha_thai,kw04,en,bing,False,1.0,bottle,0.0,cha_thai,0.7869,True,auto_keep
cha_thai_kw04_bing_000066.png,cha_thai,kw04,en,bing,False,0.999,hot_tea,0.0006,cha_dam_yen,0.7995,False,review
cha_thai_kw04_bing_000067.jpg,cha_thai,kw04,en,bing,False,0.9856,bottle,0.0072,cha_thai,0.7587,True,auto_keep
cha_thai_kw04_bing_000068.jpg,cha_thai,kw04,en,bing,False,1.0,object,0.0,cha_dam_yen,0.57,False,review
cha_thai_kw04_bing_000069.jpg,cha_thai,kw04,en,bing,False,0.9906,object,0.005,cha_dam_yen,0.8788,False,review
cha_thai_kw04_bing_000070.jpg,cha_thai,kw04,en,bing,False,0.0471,hot_tea,0.9514,cha_dam_yen,0.9915,False,auto_reject
cha_thai_kw04_bing_000071.webp,cha_thai,kw04,en,bing,False,0.9979,object,0.0014,cha_thai,0.7232,True,auto_keep
cha_thai_kw04_bing_000072.jpg,cha_thai,kw04,en,bing,False,0.0006,bottle,0.9993,cha_thai,0.4928,True,auto_reject
cha_thai_kw04_bing_000074.jpg,cha_thai,kw04,en,bing,False,0.9823,hot_tea,0.0173,cha_thai,0.6889,True,auto_keep
cha_thai_kw04_bing_000075.jpg,cha_thai,kw04,en,bing,False,1.0,bottle,0.0,cha_nom_khai_muk,0.9871,False,review
cha_thai_kw04_bing_000077.jpg,cha_thai,kw04,en,bing,False,0.9882,object,0.0107,cha_thai,0.9996,True,auto_keep
cha_thai_kw04_bing_000078.png,cha_thai,kw04,en,bing,False,0.0001,bottle,0.6082,cha_dam_yen,0.945,False,auto_reject
cha_thai_kw04_bing_000082.jpg,cha_thai,kw04,en,bing,False,0.9776,hot_tea,0.0223,cha_thai,0.5447,True,auto_keep
cha_thai_kw04_bing_000083.jpg,cha_thai,kw04,en,bing,False,0.0,hot_tea,0.9996,cha_thai,0.6507,True,auto_reject
cha_thai_kw04_bing_000084.jpg,cha_thai,kw04,en,bing,False,0.0,hot_tea,0.9999,cha_dam_yen,0.8618,False,auto_reject
cha_thai_kw04_bing_000085.jpg,cha_thai,kw04,en,bing,False,0.9903,object,0.0039,cha_dam_yen,0.896,False,review
cha_thai_kw04_bing_000086.jpg,cha_thai,kw04,en,bing,False,0.9872,hot_tea,0.0082,cha_thai,0.7661,True,auto_keep
cha_thai_kw04_bing_000087.jpg,cha_thai,kw04,en,bing,False,0.9845,hot_tea,0.0112,cha_thai,0.7277,True,auto_keep
cha_thai_kw04_bing_000088.jpg,cha_thai,kw04,en,bing,False,0.0001,hot_tea,0.9986,cha_dam_yen,0.6687,False,auto_reject
cha_thai_kw04_bing_000090.jpg,cha_thai,kw04,en,bing,False,0.0011,hot_tea,0.7963,cha_nom_khai_muk,0.6139,False,auto_reject
cha_thai_kw04_bing_000092.jpg,cha_thai,kw04,en,bing,False,0.0001,bottle,0.8997,cha_dam_yen,0.7121,False,auto_reject
cha_thai_kw04_bing_000094.jpg,cha_thai,kw04,en,bing,False,0.0,food,1.0,cha_phonlamai,0.8561,False,auto_reject
cha_thai_kw04_bing_000096.jpg,cha_thai,kw04,en,bing,False,0.9999,object,0.0,cha_khiao_nom,0.4624,False,review
cha_thai_kw04_bing_000104.jpg,cha_thai,kw04,en,bing,False,0.0,vehicle,0.9989,cha_thai,0.9546,True,auto_reject
cha_thai_kw04_bing_000105.jpg,cha_thai,kw04,en,bing,False,0.0,logo,0.9945,cha_dam_yen,0.9316,False,auto_reject
cha_thai_kw04_bing_000106.png,cha_thai,kw04,en,bing,False,0.0,logo,0.9962,cha_dam_yen,0.5595,False,auto_reject
cha_thai_kw04_bing_000107.jpg,cha_thai,kw04,en,bing,False,0.0,vehicle,0.9835,cha_dam_yen,0.9452,False,auto_reject
cha_thai_kw04_bing_000108.jpg,cha_thai,kw04,en,bing,False,0.0,vehicle,0.994,cha_dam_yen,0.8013,False,auto_reject
cha_thai_kw04_bing_000109.jpg,cha_thai,kw04,en,bing,False,0.0,scenery,0.6361,cha_thai,0.8997,True,auto_reject
cha_thai_kw04_bing_000110.jpg,cha_thai,kw04,en,bing,False,0.0,scenery,0.9997,cha_dam_yen,0.5975,False,auto_reject
cha_thai_kw04_bing_000111.jpg,cha_thai,kw04,en,bing,False,0.0,vehicle,0.956,cha_dam_yen,0.7073,False,auto_reject
cha_thai_kw04_bing_000112.jpg,cha_thai,kw04,en,bing,False,0.0,food,0.9979,cha_thai,0.9588,True,auto_reject
cha_thai_kw04_bing_000113.jpg,cha_thai,kw04,en,bing,False,0.0,vehicle,0.9988,cha_thai,0.9448,True,auto_reject
cha_thai_kw04_bing_000114.jpg,cha_thai,kw04,en,bing,False,0.0,vehicle,0.9945,cha_dam_yen,0.6825,False,auto_reject
cha_thai_kw04_bing_000115.jpg,cha_thai,kw04,en,bing,False,0.0,scenery,0.9595,cha_dam_yen,0.9102,False,auto_reject
cha_thai_kw04_bing_000116.jpg,cha_thai,kw04,en,bing,False,0.0,scenery,0.5986,cha_dam_yen,0.7007,False,auto_reject
cha_thai_kw04_bing_000117.jpg,cha_thai,kw04,en,bing,False,0.0,vehicle,0.9983,cha_dam_yen,0.7089,False,auto_reject
cha_thai_kw04_bing_000118.jpg,cha_thai,kw04,en,bing,False,0.0,vehicle,0.995,cha_phonlamai,0.4461,False,auto_reject
cha_thai_kw04_baidu_000002.jpg,cha_thai,kw04,en,baidu,False,0.999,object,0.0004,cha_thai,0.9769,True,auto_keep
cha_thai_kw04_baidu_000003.jpg,cha_thai,kw04,en,baidu,False,0.9867,bottle,0.013,cha_khiao_nom,0.9832,False,review
cha_thai_kw04_baidu_000004.jpg,cha_thai,kw04,en,baidu,False,0.9967,hot_tea,0.0017,cha_nom_khai_muk,0.7819,False,review
cha_thai_kw04_baidu_000005.jpg,cha_thai,kw04,en,baidu,False,1.0,object,0.0,cha_thai,0.976,True,auto_keep
cha_thai_kw04_baidu_000006.jpg,cha_thai,kw04,en,baidu,False,1.0,object,0.0,cha_thai,0.7425,True,auto_keep
cha_thai_kw04_baidu_000007.jpg,cha_thai,kw04,en,baidu,False,0.0025,hot_tea,0.9938,cha_thai,0.7021,True,auto_reject
cha_thai_kw04_baidu_000008.jpg,cha_thai,kw04,en,baidu,False,0.0001,object,0.9919,cha_thai,0.8334,True,auto_reject
cha_thai_kw04_baidu_000009.jpg,cha_thai,kw04,en,baidu,False,0.0422,hot_tea,0.8841,cha_dam_yen,0.538,False,auto_reject
cha_thai_kw04_baidu_000010.jpg,cha_thai,kw04,en,baidu,False,0.9992,bottle,0.0007,cha_phonlamai,0.5028,False,review
cha_thai_kw04_baidu_000011.jpg,cha_thai,kw04,en,baidu,False,1.0,object,0.0,cha_thai,0.9967,True,auto_keep
cha_thai_kw04_baidu_000012.jpg,cha_thai,kw04,en,baidu,False,0.1171,hot_tea,0.8388,cha_nom_khai_muk,0.9492,False,auto_reject
cha_thai_kw04_baidu_000013.jpg,cha_thai,kw04,en,baidu,False,0.0832,hot_tea,0.8824,cha_thai,0.8324,True,auto_reject
cha_thai_kw04_baidu_000014.jpg,cha_thai,kw04,en,baidu,False,0.9963,hot_tea,0.0025,cha_dam_yen,0.7795,False,review
cha_thai_kw04_baidu_000015.jpg,cha_thai,kw04,en,baidu,False,0.9825,hot_tea,0.0128,cha_thai,0.9614,True,auto_keep
cha_thai_kw04_baidu_000016.jpg,cha_thai,kw04,en,baidu,False,0.0012,hot_tea,0.9971,cha_dam_yen,0.9306,False,auto_reject
cha_thai_kw04_baidu_000017.jpg,cha_thai,kw04,en,baidu,False,0.0002,food,0.9418,cha_thai,0.5755,True,auto_reject
cha_thai_kw04_baidu_000018.jpg,cha_thai,kw04,en,baidu,False,0.9967,bottle,0.0017,cha_thai,0.9719,True,auto_keep
cha_thai_kw04_baidu_000019.jpg,cha_thai,kw04,en,baidu,False,0.018,hot_tea,0.502,cha_dam_yen,0.7731,False,auto_reject
cha_thai_kw04_baidu_000020.jpg,cha_thai,kw04,en,baidu,False,0.9989,hot_tea,0.0007,cha_thai,0.9489,True,auto_keep
cha_thai_kw04_baidu_000021.jpg,cha_thai,kw04,en,baidu,False,0.0048,hot_tea,0.9285,cha_thai,0.4748,True,auto_reject
cha_thai_kw04_baidu_000022.jpg,cha_thai,kw04,en,baidu,False,0.5391,hot_tea,0.4422,cha_thai,0.4802,True,review
cha_thai_kw04_baidu_000023.jpg,cha_thai,kw04,en,baidu,False,0.9605,bottle,0.0234,cha_dam_yen,0.7138,False,review
cha_thai_kw04_baidu_000024.jpg,cha_thai,kw04,en,baidu,True,1.0,object,0.0,cha_dam_yen,0.913,False,review
cha_thai_kw04_baidu_000026.jpg,cha_thai,kw04,en,baidu,False,0.0019,hot_tea,0.8939,cha_dam_yen,0.9596,False,auto_reject
cha_thai_kw04_baidu_000027.jpg,cha_thai,kw04,en,baidu,True,0.9468,hot_tea,0.0453,cha_thai,0.5375,True,review
cha_thai_kw04_baidu_000028.jpg,cha_thai,kw04,en,baidu,False,0.1035,hot_tea,0.8458,cha_dam_yen,0.5283,False,auto_reject
cha_thai_kw04_baidu_000029.jpg,cha_thai,kw04,en,baidu,True,0.9997,leaves,0.0002,cha_dam_yen,0.8855,False,review
cha_thai_kw04_baidu_000030.jpg,cha_thai,kw04,en,baidu,False,0.9987,object,0.0007,cha_thai,0.8252,True,auto_keep
cha_thai_kw04_baidu_000031.jpg,cha_thai,kw04,en,baidu,False,0.0001,hot_tea,0.9978,cha_dam_yen,0.8396,False,auto_reject
cha_thai_kw04_baidu_000032.jpg,cha_thai,kw04,en,baidu,False,0.0098,leaves,0.9263,cha_khiao_nom,0.4271,False,auto_reject
cha_thai_kw04_baidu_000033.png,cha_thai,kw04,en,baidu,False,0.9988,food,0.0005,cha_thai,0.9013,True,auto_keep
cha_thai_kw04_baidu_000034.jpg,cha_thai,kw04,en,baidu,False,0.0,hot_tea,1.0,cha_dam_yen,0.9813,False,auto_reject
cha_thai_kw04_baidu_000036.jpg,cha_thai,kw04,en,baidu,False,0.9927,hot_tea,0.0064,cha_dam_yen,0.5912,False,review
cha_thai_kw04_baidu_000037.jpg,cha_thai,kw04,en,baidu,False,0.9999,bottle,0.0001,cha_dam_yen,0.9743,False,review
cha_thai_kw04_baidu_000038.png,cha_thai,kw04,en,baidu,False,0.0001,food,0.9984,cha_thai,0.8087,True,auto_reject
cha_thai_kw04_baidu_000039.jpg,cha_thai,kw04,en,baidu,False,1.0,bottle,0.0,cha_nom_khai_muk,0.5554,False,review
cha_thai_kw04_baidu_000040.jpg,cha_thai,kw04,en,baidu,False,0.999,object,0.0008,cha_dam_yen,0.7318,False,review
cha_thai_kw04_baidu_000041.jpg,cha_thai,kw04,en,baidu,False,0.9457,hot_tea,0.0495,cha_phonlamai,0.8187,False,review
cha_thai_kw04_baidu_000042.jpg,cha_thai,kw04,en,baidu,False,0.3855,leaves,0.4724,cha_dam_yen,0.9715,False,review
cha_thai_kw04_baidu_000043.jpg,cha_thai,kw04,en,baidu,False,0.0,hot_tea,0.9559,cha_dam_yen,0.7732,False,auto_reject
cha_thai_kw04_baidu_000044.jpg,cha_thai,kw04,en,baidu,False,0.9999,hot_tea,0.0001,cha_dam_yen,0.6766,False,review
cha_thai_kw04_baidu_000045.jpg,cha_thai,kw04,en,baidu,False,1.0,bottle,0.0,cha_thai,0.734,True,auto_keep
cha_thai_kw04_baidu_000046.jpg,cha_thai,kw04,en,baidu,False,0.8454,hot_tea,0.1169,cha_dam_yen,0.9897,False,review
cha_thai_kw04_baidu_000047.jpg,cha_thai,kw04,en,baidu,False,0.9997,hot_tea,0.0002,cha_thai,0.9186,True,auto_keep
cha_thai_kw04_baidu_000048.jpg,cha_thai,kw04,en,baidu,False,0.9921,object,0.0056,cha_dam_yen,0.5123,False,review
cha_thai_kw04_baidu_000049.jpg,cha_thai,kw04,en,baidu,False,1.0,leaves,0.0,cha_thai,0.8481,True,auto_keep
cha_thai_kw04_baidu_000050.jpg,cha_thai,kw04,en,baidu,False,0.0375,hot_tea,0.9032,cha_dam_yen,0.7531,False,auto_reject
cha_thai_kw04_baidu_000052.jpg,cha_thai,kw04,en,baidu,False,0.0933,hot_tea,0.8465,cha_dam_yen,0.4193,False,auto_reject
cha_thai_kw04_baidu_000053.jpg,cha_thai,kw04,en,baidu,False,0.0069,hot_tea,0.9863,cha_dam_yen,0.9675,False,auto_reject
cha_thai_kw04_baidu_000054.jpg,cha_thai,kw04,en,baidu,False,0.0049,hot_tea,0.9908,cha_dam_yen,0.7436,False,auto_reject
cha_thai_kw04_baidu_000055.png,cha_thai,kw04,en,baidu,False,0.0591,object,0.4487,cha_nom_khai_muk,0.6787,False,auto_reject
cha_thai_kw04_baidu_000056.jpg,cha_thai,kw04,en,baidu,False,0.9998,object,0.0001,cha_thai,0.9989,True,auto_keep
cha_thai_kw05_bing_000000.png,cha_thai,kw05,th,bing,True,0.9795,bottle,0.0177,cha_dam_yen,0.8998,False,review
cha_thai_kw05_bing_000001.png,cha_thai,kw05,th,bing,True,1.0,bottle,0.0,cha_dam_yen,0.9634,False,review
cha_thai_kw05_bing_000003.jpg,cha_thai,kw05,th,bing,False,0.8868,bottle,0.0686,cha_dam_yen,0.8397,False,review
cha_thai_kw05_bing_000005.jpg,cha_thai,kw05,th,bing,False,0.3555,bottle,0.5147,cha_nom_khai_muk,0.8506,False,review
cha_thai_kw05_bing_000006.jpg,cha_thai,kw05,th,bing,True,0.9998,bottle,0.0002,cha_dam_yen,0.6501,False,review
cha_thai_kw05_bing_000007.jpg,cha_thai,kw05,th,bing,True,0.9422,object,0.0373,cha_phonlamai,0.6108,False,review
cha_thai_kw05_bing_000008.jpg,cha_thai,kw05,th,bing,True,0.0012,bottle,0.8967,cha_thai,0.5453,True,auto_reject
cha_thai_kw05_bing_000009.jpg,cha_thai,kw05,th,bing,True,0.1708,bottle,0.679,cha_phonlamai,0.9394,False,review
cha_thai_kw05_bing_000010.jpg,cha_thai,kw05,th,bing,True,0.0005,hot_tea,0.8626,cha_nom_khai_muk,0.5436,False,auto_reject
cha_thai_kw05_bing_000011.jpg,cha_thai,kw05,th,bing,False,0.5261,illustration,0.1783,cha_dam_yen,0.9803,False,review
cha_thai_kw05_bing_000012.jpg,cha_thai,kw05,th,bing,False,0.12,bottle,0.5233,cha_thai,0.9443,True,auto_reject
cha_thai_kw05_bing_000013.jpg,cha_thai,kw05,th,bing,True,0.0048,bottle,0.6419,cha_thai,0.4596,True,auto_reject
cha_thai_kw05_bing_000014.jpg,cha_thai,kw05,th,bing,True,0.9879,bottle,0.0112,cha_nom_khai_muk,0.5864,False,review
cha_thai_kw05_bing_000015.jpg,cha_thai,kw05,th,bing,True,0.8872,bottle,0.0572,cha_thai,0.6999,True,review
cha_thai_kw05_bing_000016.jpg,cha_thai,kw05,th,bing,False,0.9958,bottle,0.0041,cha_khiao_nom,0.9906,False,review
cha_thai_kw05_bing_000017.jpg,cha_thai,kw05,th,bing,False,0.9989,bottle,0.0008,cha_khiao_nom,0.4035,False,review
cha_thai_kw05_bing_000018.jpg,cha_thai,kw05,th,bing,True,0.8653,bottle,0.0868,cha_khiao_nom,0.7774,False,review
cha_thai_kw05_bing_000019.webp,cha_thai,kw05,th,bing,True,0.9987,bottle,0.0013,cha_phonlamai,0.6053,False,review
cha_thai_kw05_bing_000020.jpg,cha_thai,kw05,th,bing,False,0.5231,bottle,0.304,cha_thai,0.6676,True,review
cha_thai_kw05_bing_000021.png,cha_thai,kw05,th,bing,True,0.9601,bottle,0.0386,cha_thai,0.896,True,review
cha_thai_kw05_bing_000024.jpg,cha_thai,kw05,th,bing,True,0.0066,bottle,0.9872,cha_thai,0.6029,True,auto_reject
cha_thai_kw05_bing_000025.jpg,cha_thai,kw05,th,bing,True,0.6085,bottle,0.3904,cha_nom_khai_muk,0.9266,False,review
cha_thai_kw05_bing_000026.webp,cha_thai,kw05,th,bing,True,0.9765,bottle,0.0228,cha_khiao_nom,0.5295,False,review
cha_thai_kw05_bing_000028.jpg,cha_thai,kw05,th,bing,False,0.0,bottle,1.0,cha_dam_yen,0.9644,False,auto_reject
cha_thai_kw05_bing_000029.jpg,cha_thai,kw05,th,bing,True,0.0117,bottle,0.9858,cha_thai,0.8646,True,auto_reject
cha_thai_kw05_bing_000030.jpg,cha_thai,kw05,th,bing,True,0.8355,bottle,0.1329,cha_thai,0.6832,True,review
cha_thai_kw05_bing_000031.jpg,cha_thai,kw05,th,bing,True,0.06,bottle,0.9369,cha_thai,0.8785,True,auto_reject
cha_thai_kw05_bing_000033.jpg,cha_thai,kw05,th,bing,True,0.9022,bottle,0.0973,cha_thai,0.7065,True,review
cha_thai_kw05_bing_000034.jpg,cha_thai,kw05,th,bing,True,0.9986,bottle,0.0009,cha_khiao_nom,0.8252,False,review
cha_thai_kw05_bing_000036.jpg,cha_thai,kw05,th,bing,True,0.9844,bottle,0.0153,cha_thai,0.6242,True,review
cha_thai_kw05_bing_000037.jpg,cha_thai,kw05,th,bing,False,0.5942,bottle,0.3419,cha_thai,0.4958,True,review
cha_thai_kw05_bing_000038.jpg,cha_thai,kw05,th,bing,False,0.2369,object,0.5218,cha_dam_yen,0.9962,False,review
cha_thai_kw05_bing_000039.jpg,cha_thai,kw05,th,bing,True,0.9999,object,0.0001,cha_phonlamai,0.5758,False,review
cha_thai_kw05_bing_000040.jpg,cha_thai,kw05,th,bing,True,0.6014,bottle,0.3963,cha_dam_yen,0.6837,False,review
cha_thai_kw05_bing_000041.jpg,cha_thai,kw05,th,bing,False,0.0648,bottle,0.9258,cha_nom_khai_muk,0.9037,False,auto_reject
cha_thai_kw05_bing_000042.jpg,cha_thai,kw05,th,bing,False,0.339,bottle,0.6161,cha_thai,0.4864,True,review
cha_thai_kw05_bing_000043.jpg,cha_thai,kw05,th,bing,True,0.0067,bottle,0.9933,cha_dam_yen,0.6898,False,auto_reject
cha_thai_kw05_bing_000044.jpg,cha_thai,kw05,th,bing,True,0.001,object,0.9673,cha_thai,0.8746,True,auto_reject
cha_thai_kw05_bing_000045.jpg,cha_thai,kw05,th,bing,True,0.9327,bottle,0.0664,cha_khiao_nom,0.9189,False,review
cha_thai_kw05_bing_000047.jpg,cha_thai,kw05,th,bing,True,0.9979,object,0.0019,cha_khiao_nom,0.4362,False,review
cha_thai_kw05_bing_000048.jpg,cha_thai,kw05,th,bing,True,0.9312,bottle,0.0646,cha_dam_yen,0.8715,False,review
cha_thai_kw05_bing_000049.jpg,cha_thai,kw05,th,bing,True,0.9904,object,0.0044,cha_phonlamai,0.3954,False,review
cha_thai_kw05_bing_000052.jpg,cha_thai,kw05,th,bing,False,0.0049,bottle,0.9948,cha_phonlamai,0.9666,False,auto_reject
cha_thai_kw05_bing_000053.jpg,cha_thai,kw05,th,bing,True,0.0109,leaves,0.562,cha_dam_yen,0.933,False,auto_reject
cha_thai_kw05_bing_000054.jpg,cha_thai,kw05,th,bing,False,0.3087,bottle,0.6816,cha_dam_yen,0.5074,False,review
cha_thai_kw05_bing_000055.jpg,cha_thai,kw05,th,bing,False,0.8731,bottle,0.1239,cha_dam_yen,0.8928,False,review
cha_thai_kw05_bing_000056.jpg,cha_thai,kw05,th,bing,False,0.0049,bottle,0.9914,cha_thai,0.8467,True,auto_reject
cha_thai_kw05_bing_000057.png,cha_thai,kw05,th,bing,True,0.9993,object,0.0003,cha_phonlamai,0.5028,False,review
cha_thai_kw05_bing_000058.jpg,cha_thai,kw05,th,bing,True,0.1283,bottle,0.484,cha_thai,0.6249,True,auto_reject
cha_thai_kw05_bing_000059.jpg,cha_thai,kw05,th,bing,False,0.0004,bottle,0.6164,cha_dam_yen,0.8033,False,auto_reject
cha_thai_kw05_bing_000062.jpg,cha_thai,kw05,th,bing,True,0.0,bottle,0.9999,cha_dam_yen,0.9855,False,auto_reject
cha_thai_kw05_bing_000063.jpg,cha_thai,kw05,th,bing,True,0.0145,object,0.9618,cha_phonlamai,0.6948,False,auto_reject
cha_thai_kw05_bing_000065.jpg,cha_thai,kw05,th,bing,False,0.061,bottle,0.9365,cha_phonlamai,0.5848,False,auto_reject
cha_thai_kw05_bing_000066.png,cha_thai,kw05,th,bing,True,0.0202,bottle,0.9763,cha_dam_yen,0.9862,False,auto_reject
cha_thai_kw05_bing_000067.jpg,cha_thai,kw05,th,bing,False,0.0005,bottle,0.9865,cha_khiao_nom,0.9615,False,auto_reject
cha_thai_kw05_bing_000069.jpg,cha_thai,kw05,th,bing,False,0.1024,bottle,0.8944,cha_dam_yen,0.7319,False,auto_reject
cha_thai_kw05_bing_000070.jpg,cha_thai,kw05,th,bing,False,0.0003,bottle,0.94,cha_thai,0.4778,True,auto_reject
cha_thai_kw05_bing_000072.jpg,cha_thai,kw05,th,bing,True,0.2072,object,0.7599,cha_thai,0.9238,True,review
cha_thai_kw05_bing_000073.jpg,cha_thai,kw05,th,bing,False,0.0096,bottle,0.9506,cha_nom_khai_muk,0.5143,False,auto_reject
cha_thai_kw05_bing_000077.jpg,cha_thai,kw05,th,bing,True,0.0138,bottle,0.9787,cha_dam_yen,0.9616,False,auto_reject
cha_thai_kw05_bing_000078.jpg,cha_thai,kw05,th,bing,False,0.0946,bottle,0.8283,cha_nom_khai_muk,0.8956,False,auto_reject
cha_thai_kw05_bing_000079.jpg,cha_thai,kw05,th,bing,True,0.9998,bottle,0.0002,cha_dam_yen,0.95,False,review
cha_thai_kw05_bing_000081.jpg,cha_thai,kw05,th,bing,False,0.4316,bottle,0.4856,cha_dam_yen,0.8485,False,review
cha_thai_kw05_bing_000083.jpg,cha_thai,kw05,th,bing,True,0.0004,bottle,0.9986,cha_dam_yen,0.4677,False,auto_reject
cha_thai_kw05_bing_000084.png,cha_thai,kw05,th,bing,True,0.9196,object,0.0656,cha_thai,0.996,True,review
cha_thai_kw05_bing_000085.jpg,cha_thai,kw05,th,bing,False,0.2028,bottle,0.6547,cha_dam_yen,0.6256,False,review
cha_thai_kw05_bing_000086.jpg,cha_thai,kw05,th,bing,True,0.2569,bottle,0.3071,cha_khiao_nom,0.9326,False,review
cha_thai_kw05_bing_000087.jpg,cha_thai,kw05,th,bing,True,0.9962,bottle,0.0028,cha_nom_khai_muk,0.9254,False,review
cha_thai_kw05_bing_000091.jpg,cha_thai,kw05,th,bing,False,0.0,bottle,0.9983,cha_thai,0.6745,True,auto_reject
cha_thai_kw05_bing_000093.jpg,cha_thai,kw05,th,bing,True,0.1646,object,0.7433,cha_nom_khai_muk,0.5428,False,review
cha_thai_kw05_bing_000094.jpg,cha_thai,kw05,th,bing,True,0.1237,bottle,0.8734,cha_thai,0.9488,True,auto_reject
cha_thai_kw05_bing_000096.webp,cha_thai,kw05,th,bing,False,0.0034,bottle,0.6247,cha_dam_yen,0.4943,False,auto_reject
cha_thai_kw05_bing_000097.png,cha_thai,kw05,th,bing,False,0.2075,bottle,0.7597,cha_khiao_nom,0.4807,False,review
cha_thai_kw05_bing_000098.webp,cha_thai,kw05,th,bing,False,0.0117,bottle,0.9692,cha_phonlamai,0.6267,False,auto_reject
cha_thai_kw05_bing_000099.jpg,cha_thai,kw05,th,bing,True,0.1316,object,0.8107,cha_dam_yen,0.4257,False,auto_reject
cha_thai_kw05_bing_000100.webp,cha_thai,kw05,th,bing,True,0.9584,bottle,0.0374,cha_phonlamai,0.9991,False,review
cha_thai_kw05_bing_000101.jpg,cha_thai,kw05,th,bing,False,0.0055,bottle,0.9567,cha_dam_yen,0.5141,False,auto_reject
cha_thai_kw05_bing_000102.jpg,cha_thai,kw05,th,bing,False,0.0217,illustration,0.6534,cha_nom_khai_muk,0.6242,False,auto_reject
cha_thai_kw05_bing_000103.webp,cha_thai,kw05,th,bing,True,0.0,bottle,1.0,cha_dam_yen,0.9554,False,auto_reject
cha_thai_kw06_bing_000014.jpg,cha_thai,kw06,th,bing,True,0.0006,hot_tea,0.9684,cha_dam_yen,0.9469,False,auto_reject
cha_thai_kw06_bing_000015.jpg,cha_thai,kw06,th,bing,True,0.0,hot_tea,0.9934,cha_khiao_nom,0.6122,False,auto_reject
cha_thai_kw06_bing_000017.jpg,cha_thai,kw06,th,bing,True,0.9999,bottle,0.0001,cha_thai,0.7326,True,review
cha_thai_kw06_bing_000020.jpg,cha_thai,kw06,th,bing,True,0.0,leaves,0.9987,cha_dam_yen,0.9606,False,auto_reject
cha_thai_kw06_bing_000023.jpg,cha_thai,kw06,th,bing,True,0.0001,leaves,0.9542,cha_dam_yen,0.9995,False,auto_reject
cha_thai_kw06_bing_000025.jpg,cha_thai,kw06,th,bing,True,0.0126,hot_tea,0.7743,cha_dam_yen,0.8141,False,auto_reject
cha_thai_kw06_bing_000026.png,cha_thai,kw06,th,bing,True,0.9989,bottle,0.0009,cha_thai,0.8278,True,review
cha_thai_kw06_bing_000027.jpg,cha_thai,kw06,th,bing,True,0.0,leaves,0.9953,cha_khiao_nom,0.9831,False,auto_reject
cha_thai_kw06_bing_000028.jpg,cha_thai,kw06,th,bing,True,0.0,leaves,0.9955,cha_nom_khai_muk,0.5918,False,auto_reject
cha_thai_kw06_bing_000029.jpg,cha_thai,kw06,th,bing,True,0.9999,object,0.0001,cha_thai,0.9684,True,review
cha_thai_kw06_bing_000030.jpg,cha_thai,kw06,th,bing,True,0.0756,leaves,0.8409,cha_khiao_nom,0.9976,False,auto_reject
cha_thai_kw06_bing_000031.jpg,cha_thai,kw06,th,bing,True,0.0758,hot_tea,0.8368,cha_thai,0.6571,True,auto_reject
cha_thai_kw06_bing_000033.jpg,cha_thai,kw06,th,bing,True,0.9807,leaves,0.0183,cha_khiao_nom,0.9985,False,review
cha_thai_kw06_bing_000035.jpg,cha_thai,kw06,th,bing,False,0.9988,object,0.0011,cha_thai,0.9525,True,auto_keep
cha_thai_kw06_bing_000036.jpg,cha_thai,kw06,th,bing,False,0.9798,hot_tea,0.0142,cha_dam_yen,0.4935,False,review
cha_thai_kw06_bing_000039.webp,cha_thai,kw06,th,bing,False,0.0241,bottle,0.6956,cha_dam_yen,0.4923,False,auto_reject
cha_thai_kw06_bing_000041.webp,cha_thai,kw06,th,bing,True,1.0,object,0.0,cha_thai,0.9645,True,review
cha_thai_kw06_bing_000042.jpg,cha_thai,kw06,th,bing,False,0.0,illustration,0.3082,cha_khiao_nom,0.799,False,auto_reject
cha_thai_kw06_bing_000043.jpg,cha_thai,kw06,th,bing,True,0.0021,text,0.6106,cha_dam_yen,0.7877,False,auto_reject
cha_thai_kw06_bing_000044.jpg,cha_thai,kw06,th,bing,False,0.2666,food,0.6113,cha_nom_khai_muk,0.4623,False,review
cha_thai_kw06_bing_000046.jpg,cha_thai,kw06,th,bing,False,0.0382,bottle,0.947,cha_dam_yen,0.9902,False,auto_reject
cha_thai_kw06_bing_000047.jpg,cha_thai,kw06,th,bing,False,0.0216,leaves,0.2986,cha_khiao_nom,0.8759,False,auto_reject
cha_thai_kw06_bing_000048.jpg,cha_thai,kw06,th,bing,False,0.9884,hot_tea,0.0097,cha_thai,0.81,True,auto_keep
cha_thai_kw06_bing_000049.webp,cha_thai,kw06,th,bing,False,0.008,logo,0.2817,cha_thai,0.5568,True,auto_reject
cha_thai_kw06_bing_000052.jpg,cha_thai,kw06,th,bing,False,0.9981,bottle,0.0016,cha_nom_khai_muk,0.8116,False,review
cha_thai_kw06_bing_000053.jpg,cha_thai,kw06,th,bing,False,1.0,object,0.0,cha_thai,0.9204,True,auto_keep
cha_thai_kw06_bing_000054.webp,cha_thai,kw06,th,bing,False,0.9992,leaves,0.0003,cha_thai,0.9342,True,auto_keep
cha_thai_kw06_bing_000055.jpg,cha_thai,kw06,th,bing,True,0.9987,bottle,0.0007,cha_thai,0.5642,True,review
cha_thai_kw06_bing_000057.jpg,cha_thai,kw06,th,bing,False,0.9914,bottle,0.0049,cha_thai,0.6171,True,auto_keep
cha_thai_kw06_bing_000058.jpg,cha_thai,kw06,th,bing,False,0.0651,object,0.5816,cha_nom_khai_muk,0.485,False,auto_reject
cha_thai_kw06_bing_000059.jpg,cha_thai,kw06,th,bing,False,0.1257,logo,0.2857,cha_dam_yen,0.8992,False,auto_reject
cha_thai_kw06_bing_000060.jpg,cha_thai,kw06,th,bing,False,0.9996,object,0.0004,cha_nom_khai_muk,0.4854,False,review
cha_thai_kw06_bing_000061.jpg,cha_thai,kw06,th,bing,False,0.9992,bottle,0.0006,cha_khiao_nom,0.5742,False,review
cha_thai_kw06_bing_000063.webp,cha_thai,kw06,th,bing,False,1.0,object,0.0,cha_thai,0.9877,True,auto_keep
cha_thai_kw06_bing_000064.jpg,cha_thai,kw06,th,bing,True,0.0468,object,0.3615,cha_thai,0.8721,True,auto_reject
cha_thai_kw06_bing_000065.webp,cha_thai,kw06,th,bing,False,0.9817,person,0.0079,cha_dam_yen,0.572,False,review
cha_thai_kw06_bing_000066.webp,cha_thai,kw06,th,bing,False,0.9588,text,0.014,cha_khiao_nom,1.0,False,review
cha_thai_kw06_bing_000067.jpg,cha_thai,kw06,th,bing,False,1.0,object,0.0,cha_thai,0.6256,True,auto_keep
cha_thai_kw06_bing_000069.webp,cha_thai,kw06,th,bing,False,0.0083,text,0.4361,cha_dam_yen,0.6375,False,auto_reject
cha_thai_kw06_bing_000071.jpg,cha_thai,kw06,th,bing,False,0.6537,object,0.1595,cha_thai,0.9858,True,auto_keep
cha_thai_kw06_bing_000072.webp,cha_thai,kw06,th,bing,False,0.9587,bottle,0.0363,cha_thai,0.9918,True,auto_keep
cha_thai_kw06_bing_000073.jpg,cha_thai,kw06,th,bing,True,1.0,object,0.0,cha_khiao_nom,0.555,False,review
cha_thai_kw06_bing_000075.webp,cha_thai,kw06,th,bing,False,0.0,text,0.9394,cha_dam_yen,0.4964,False,auto_reject
cha_thai_kw06_bing_000077.jpg,cha_thai,kw06,th,bing,False,0.0003,object,0.892,cha_nom_khai_muk,0.4303,False,auto_reject
cha_thai_kw06_bing_000078.jpg,cha_thai,kw06,th,bing,True,0.0698,text,0.8014,cha_thai,0.9465,True,auto_reject
cha_thai_kw06_bing_000079.webp,cha_thai,kw06,th,bing,False,0.9867,object,0.0124,cha_thai,0.9627,True,auto_keep
cha_thai_kw06_bing_000080.jpg,cha_thai,kw06,th,bing,False,0.0506,object,0.4702,cha_dam_yen,0.505,False,auto_reject
cha_thai_kw06_bing_000082.jpg,cha_thai,kw06,th,bing,True,0.0216,object,0.7456,cha_nom_khai_muk,0.4114,False,auto_reject
cha_thai_kw06_bing_000083.jpg,cha_thai,kw06,th,bing,True,0.4372,text,0.5359,cha_thai,0.5914,True,review
cha_thai_kw06_bing_000088.jpg,cha_thai,kw06,th,bing,True,0.9999,object,0.0001,cha_thai,0.9368,True,review
cha_thai_kw06_bing_000089.webp,cha_thai,kw06,th,bing,False,0.0003,bottle,0.9991,cha_thai,0.993,True,auto_reject
cha_thai_kw06_bing_000091.webp,cha_thai,kw06,th,bing,False,1.0,bottle,0.0,cha_thai,0.9301,True,auto_keep
cha_thai_kw06_bing_000092.jpg,cha_thai,kw06,th,bing,False,0.8944,leaves,0.0714,cha_dam_yen,0.5564,False,review
cha_thai_kw06_bing_000093.jpg,cha_thai,kw06,th,bing,False,0.0085,object,0.9176,cha_nom_khai_muk,0.8855,False,auto_reject
cha_thai_kw06_bing_000094.webp,cha_thai,kw06,th,bing,False,0.0651,text,0.7401,cha_thai,0.97,True,auto_reject
cha_thai_kw06_bing_000096.jpg,cha_thai,kw06,th,bing,True,0.9998,object,0.0002,cha_thai,0.9379,True,review
cha_thai_kw06_bing_000098.jpg,cha_thai,kw06,th,bing,True,0.0001,text,0.995,cha_dam_yen,0.5118,False,auto_reject
cha_thai_kw06_bing_000099.jpg,cha_thai,kw06,th,bing,True,0.0086,object,0.6761,cha_thai,0.5535,True,auto_reject
cha_thai_kw06_bing_000106.jpg,cha_thai,kw06,th,bing,False,1.0,hot_tea,0.0,cha_nom_khai_muk,0.9971,False,review
cha_thai_kw06_bing_000110.jpg,cha_thai,kw06,th,bing,False,0.0047,object,0.7074,cha_thai,0.6332,True,auto_reject
cha_thai_kw06_bing_000112.jpg,cha_thai,kw06,th,bing,False,0.0093,object,0.9015,cha_thai,0.9713,True,auto_reject
cha_thai_kw06_bing_000128.jpg,cha_thai,kw06,th,bing,False,1.0,object,0.0,cha_thai,0.5113,True,auto_keep
cha_thai_kw06_bing_000134.jpg,cha_thai,kw06,th,bing,False,0.0003,bottle,0.9981,cha_khiao_nom,0.7877,False,auto_reject
cha_thai_kw06_bing_000149.png,cha_thai,kw06,th,bing,False,0.0001,logo,0.9507,cha_nom_khai_muk,0.7423,False,auto_reject
cha_thai_kw07_bing_000002.jpg,cha_thai,kw07,th,bing,False,0.9972,bottle,0.0027,cha_thai,0.7514,True,auto_keep
cha_thai_kw07_bing_000003.png,cha_thai,kw07,th,bing,False,0.9968,object,0.0029,cha_thai,0.9737,True,auto_keep
cha_thai_kw07_bing_000005.webp,cha_thai,kw07,th,bing,False,0.9693,bottle,0.0231,cha_thai,0.6923,True,auto_keep
cha_thai_kw07_bing_000006.jpg,cha_thai,kw07,th,bing,False,1.0,object,0.0,cha_thai,0.7341,True,auto_keep
cha_thai_kw07_bing_000007.webp,cha_thai,kw07,th,bing,False,0.9494,text,0.0452,cha_dam_yen,0.9767,False,review
cha_thai_kw07_bing_000008.webp,cha_thai,kw07,th,bing,False,1.0,object,0.0,cha_thai,0.9455,True,auto_keep
cha_thai_kw07_bing_000009.webp,cha_thai,kw07,th,bing,False,0.9997,object,0.0002,cha_thai,0.9099,True,auto_keep
cha_thai_kw07_bing_000010.jpg,cha_thai,kw07,th,bing,False,1.0,text,0.0,cha_thai,0.8519,True,auto_keep
cha_thai_kw07_bing_000011.jpg,cha_thai,kw07,th,bing,False,1.0,object,0.0,cha_thai,0.7317,True,auto_keep
cha_thai_kw07_bing_000012.jpg,cha_thai,kw07,th,bing,False,0.9914,object,0.0081,cha_thai,0.993,True,auto_keep
cha_thai_kw07_bing_000014.jpg,cha_thai,kw07,th,bing,False,1.0,object,0.0,cha_thai,0.9989,True,auto_keep
cha_thai_kw07_bing_000017.jpg,cha_thai,kw07,th,bing,False,0.9246,object,0.0578,cha_dam_yen,0.9983,False,review
cha_thai_kw07_bing_000022.jpg,cha_thai,kw07,th,bing,False,1.0,hot_tea,0.0,cha_thai,0.9899,True,auto_keep
cha_thai_kw07_bing_000023.jpg,cha_thai,kw07,th,bing,False,1.0,bottle,0.0,cha_nom_khai_muk,0.9988,False,review
cha_thai_kw07_bing_000025.jpg,cha_thai,kw07,th,bing,False,0.9924,object,0.0068,cha_phonlamai,0.7428,False,review
cha_thai_kw07_bing_000030.jpg,cha_thai,kw07,th,bing,False,0.9997,object,0.0003,cha_thai,0.9234,True,auto_keep
cha_thai_kw07_bing_000031.jpg,cha_thai,kw07,th,bing,False,0.9354,bottle,0.0646,cha_phonlamai,0.7787,False,review
cha_thai_kw07_bing_000033.jpg,cha_thai,kw07,th,bing,False,0.104,bottle,0.7961,cha_thai,0.8721,True,auto_reject
cha_thai_kw07_bing_000034.jpg,cha_thai,kw07,th,bing,False,0.5085,bottle,0.491,cha_thai,0.6946,True,review
cha_thai_kw07_bing_000035.jpg,cha_thai,kw07,th,bing,False,0.9997,object,0.0001,cha_thai,0.5844,True,auto_keep
cha_thai_kw07_bing_000038.jpg,cha_thai,kw07,th,bing,False,0.0004,bottle,0.9996,cha_dam_yen,0.9121,False,auto_reject
cha_thai_kw07_bing_000039.jpg,cha_thai,kw07,th,bing,True,0.9999,bottle,0.0001,cha_thai,0.4633,True,review
cha_thai_kw07_bing_000040.jpg,cha_thai,kw07,th,bing,False,0.0003,bottle,0.9991,cha_thai,0.9989,True,auto_reject
cha_thai_kw07_bing_000041.jpg,cha_thai,kw07,th,bing,False,0.9963,object,0.0028,cha_phonlamai,0.7507,False,review
cha_thai_kw07_bing_000042.jpg,cha_thai,kw07,th,bing,False,1.0,object,0.0,cha_thai,0.6537,True,auto_keep
cha_thai_kw07_bing_000045.jpg,cha_thai,kw07,th,bing,False,0.9999,object,0.0001,cha_dam_yen,0.7048,False,review
cha_thai_kw07_bing_000051.jpg,cha_thai,kw07,th,bing,False,0.9998,object,0.0001,cha_thai,0.6965,True,auto_keep
cha_thai_kw07_bing_000053.jpg,cha_thai,kw07,th,bing,False,1.0,object,0.0,cha_khiao_nom,0.9571,False,review
cha_thai_kw07_bing_000054.jpg,cha_thai,kw07,th,bing,False,0.8461,bottle,0.1401,cha_nom_khai_muk,0.5519,False,review
cha_thai_kw07_bing_000057.jpg,cha_thai,kw07,th,bing,False,0.0043,bottle,0.9868,cha_thai,0.9942,True,auto_reject
cha_thai_kw07_bing_000058.jpg,cha_thai,kw07,th,bing,False,0.0,bottle,1.0,cha_dam_yen,0.7502,False,auto_reject
cha_thai_kw07_bing_000059.jpg,cha_thai,kw07,th,bing,False,0.9997,object,0.0002,cha_dam_yen,0.9429,False,review
cha_thai_kw07_bing_000060.webp,cha_thai,kw07,th,bing,False,0.9695,bottle,0.0265,cha_nom_khai_muk,0.9935,False,review
cha_thai_kw07_bing_000061.jpg,cha_thai,kw07,th,bing,False,0.0095,bottle,0.9541,cha_khiao_nom,0.9688,False,auto_reject
cha_thai_kw07_bing_000062.jpg,cha_thai,kw07,th,bing,False,0.4497,object,0.5496,cha_thai,0.9701,True,review
cha_thai_kw07_bing_000063.jpg,cha_thai,kw07,th,bing,False,0.9999,object,0.0,cha_nom_khai_muk,0.9665,False,review
cha_thai_kw07_bing_000064.jpg,cha_thai,kw07,th,bing,False,0.0002,bottle,0.9992,cha_thai,0.5814,True,auto_reject
cha_thai_kw07_bing_000065.webp,cha_thai,kw07,th,bing,False,0.0001,bottle,0.9922,cha_thai,0.7786,True,auto_reject
cha_thai_kw07_bing_000071.webp,cha_thai,kw07,th,bing,False,1.0,bottle,0.0,cha_nom_khai_muk,0.9978,False,review
cha_thai_kw07_bing_000072.jpg,cha_thai,kw07,th,bing,False,0.9943,bottle,0.0056,cha_phonlamai,0.4363,False,review
cha_thai_kw07_bing_000074.webp,cha_thai,kw07,th,bing,False,1.0,object,0.0,cha_nom_khai_muk,0.9522,False,review
cha_thai_kw07_bing_000076.jpg,cha_thai,kw07,th,bing,False,0.9877,bottle,0.0119,cha_dam_yen,0.5508,False,review
cha_thai_kw07_bing_000077.jpg,cha_thai,kw07,th,bing,True,0.9995,object,0.0005,cha_thai,0.8713,True,review
cha_thai_kw07_bing_000079.jpg,cha_thai,kw07,th,bing,False,0.4961,bottle,0.4982,cha_phonlamai,0.7406,False,review
cha_thai_kw07_bing_000082.jpg,cha_thai,kw07,th,bing,False,0.9999,bottle,0.0001,cha_thai,0.7143,True,auto_keep
cha_thai_kw07_bing_000084.jpg,cha_thai,kw07,th,bing,False,0.9919,bottle,0.007,cha_nom_khai_muk,0.6381,False,review
cha_thai_kw07_bing_000085.webp,cha_thai,kw07,th,bing,False,0.0039,bottle,0.9824,cha_nom_khai_muk,0.9705,False,auto_reject
cha_thai_kw07_bing_000086.jpg,cha_thai,kw07,th,bing,True,0.9984,bottle,0.0011,cha_dam_yen,0.992,False,review
cha_thai_kw07_bing_000087.jpg,cha_thai,kw07,th,bing,False,0.9965,bottle,0.0035,cha_dam_yen,0.9289,False,review
cha_thai_kw07_bing_000092.jpg,cha_thai,kw07,th,bing,True,0.0019,bottle,0.9953,cha_thai,0.5904,True,auto_reject
cha_thai_kw07_bing_000100.jpg,cha_thai,kw07,th,bing,False,0.0,person,0.8407,cha_dam_yen,0.9197,False,auto_reject
cha_thai_kw07_bing_000101.jpg,cha_thai,kw07,th,bing,False,0.0003,bottle,0.9995,cha_phonlamai,0.5252,False,auto_reject
cha_thai_kw07_bing_000113.png,cha_thai,kw07,th,bing,True,0.0011,illustration,0.9936,cha_nom_khai_muk,0.9998,False,auto_reject
cha_thai_kw07_bing_000116.jpg,cha_thai,kw07,th,bing,False,0.9917,illustration,0.0059,cha_thai,0.8088,True,auto_keep
cha_thai_kw07_bing_000123.jpg,cha_thai,kw07,th,bing,False,0.0,hot_tea,0.9999,cha_dam_yen,0.8956,False,auto_reject
cha_dam_yen_kw00_bing_000001.jpg,cha_dam_yen,kw00,th,bing,False,0.9876,object,0.0056,cha_dam_yen,0.9956,True,auto_keep
cha_dam_yen_kw00_bing_000002.png,cha_dam_yen,kw00,th,bing,False,0.8795,bottle,0.1167,cha_dam_yen,0.8419,True,auto_keep
cha_dam_yen_kw00_bing_000003.jpg,cha_dam_yen,kw00,th,bing,False,0.9997,object,0.0003,cha_dam_yen,0.9708,True,auto_keep
cha_dam_yen_kw00_bing_000005.jpg,cha_dam_yen,kw00,th,bing,False,0.9947,leaves,0.0028,cha_dam_yen,0.9561,True,auto_keep
cha_dam_yen_kw00_bing_000006.jpg,cha_dam_yen,kw00,th,bing,False,0.9997,bottle,0.0003,cha_dam_yen,0.9989,True,auto_keep
cha_dam_yen_kw00_bing_000007.jpg,cha_dam_yen,kw00,th,bing,False,0.9997,object,0.0003,cha_dam_yen,0.9951,True,auto_keep
cha_dam_yen_kw00_bing_000009.jpg,cha_dam_yen,kw00,th,bing,False,0.9668,bottle,0.0315,cha_dam_yen,0.9522,True,auto_keep
cha_dam_yen_kw00_bing_000010.jpg,cha_dam_yen,kw00,th,bing,False,0.9988,object,0.0012,cha_thai,0.5631,False,review
cha_dam_yen_kw00_bing_000011.jpg,cha_dam_yen,kw00,th,bing,False,0.0372,bottle,0.9577,cha_dam_yen,1.0,True,auto_reject
cha_dam_yen_kw00_bing_000012.jpg,cha_dam_yen,kw00,th,bing,False,0.9898,hot_tea,0.0076,cha_dam_yen,0.9995,True,auto_keep
cha_dam_yen_kw00_bing_000013.jpg,cha_dam_yen,kw00,th,bing,False,0.0,bottle,0.9999,cha_dam_yen,0.9992,True,auto_reject
cha_dam_yen_kw00_bing_000014.jpg,cha_dam_yen,kw00,th,bing,False,0.9989,object,0.0009,cha_thai,0.5036,False,review
cha_dam_yen_kw00_bing_000015.jpg,cha_dam_yen,kw00,th,bing,False,0.9999,object,0.0001,cha_dam_yen,0.9181,True,auto_keep
cha_dam_yen_kw00_bing_000017.jpg,cha_dam_yen,kw00,th,bing,False,0.9999,hot_tea,0.0001,cha_dam_yen,0.9908,True,auto_keep
cha_dam_yen_kw00_bing_000018.jpg,cha_dam_yen,kw00,th,bing,False,1.0,bottle,0.0,cha_dam_yen,0.7864,True,auto_keep
cha_dam_yen_kw00_bing_000019.jpg,cha_dam_yen,kw00,th,bing,False,0.9985,bottle,0.0013,cha_dam_yen,0.9872,True,auto_keep
cha_dam_yen_kw00_bing_000020.jpg,cha_dam_yen,kw00,th,bing,False,0.9932,bottle,0.0042,cha_dam_yen,0.9435,True,auto_keep
cha_dam_yen_kw00_bing_000021.jpg,cha_dam_yen,kw00,th,bing,False,0.0001,bottle,0.9998,cha_dam_yen,0.9999,True,auto_reject
cha_dam_yen_kw00_bing_000022.jpg,cha_dam_yen,kw00,th,bing,False,0.9992,object,0.0008,cha_dam_yen,0.9348,True,auto_keep
cha_dam_yen_kw00_bing_000023.jpg,cha_dam_yen,kw00,th,bing,False,0.9974,object,0.0025,cha_dam_yen,0.7721,True,auto_keep
cha_dam_yen_kw00_bing_000024.jpg,cha_dam_yen,kw00,th,bing,False,0.9998,bottle,0.0001,cha_thai,0.6568,False,review
cha_dam_yen_kw00_bing_000025.png,cha_dam_yen,kw00,th,bing,False,0.9988,bottle,0.0007,cha_dam_yen,0.9997,True,auto_keep
cha_dam_yen_kw00_bing_000027.jpg,cha_dam_yen,kw00,th,bing,False,0.0119,bottle,0.9676,cha_dam_yen,0.9852,True,auto_reject
cha_dam_yen_kw00_bing_000028.jpg,cha_dam_yen,kw00,th,bing,False,0.0008,bottle,0.9852,cha_dam_yen,0.9995,True,auto_reject
cha_dam_yen_kw00_bing_000029.jpg,cha_dam_yen,kw00,th,bing,False,0.6019,bottle,0.3504,cha_dam_yen,0.9989,True,auto_keep
cha_dam_yen_kw00_bing_000030.webp,cha_dam_yen,kw00,th,bing,False,1.0,bottle,0.0,cha_dam_yen,0.9657,True,auto_keep
cha_dam_yen_kw00_bing_000031.jpg,cha_dam_yen,kw00,th,bing,False,0.9999,hot_tea,0.0001,cha_dam_yen,0.8923,True,auto_keep
cha_dam_yen_kw00_bing_000032.jpg,cha_dam_yen,kw00,th,bing,False,0.8833,bottle,0.1166,cha_dam_yen,0.9853,True,auto_keep
cha_dam_yen_kw00_bing_000033.jpg,cha_dam_yen,kw00,th,bing,True,0.6656,object,0.2947,cha_dam_yen,0.6885,True,review
cha_dam_yen_kw00_bing_000034.png,cha_dam_yen,kw00,th,bing,False,0.9999,object,0.0,cha_dam_yen,0.863,True,auto_keep
cha_dam_yen_kw00_bing_000035.jpg,cha_dam_yen,kw00,th,bing,False,0.9997,text,0.0002,cha_dam_yen,0.9986,True,auto_keep
cha_dam_yen_kw00_bing_000036.jpg,cha_dam_yen,kw00,th,bing,False,0.998,object,0.0018,cha_dam_yen,0.9919,True,auto_keep
cha_dam_yen_kw00_bing_000037.jpg,cha_dam_yen,kw00,th,bing,False,0.9999,bottle,0.0001,cha_dam_yen,0.9395,True,auto_keep
cha_dam_yen_kw00_bing_000038.jpg,cha_dam_yen,kw00,th,bing,False,0.9586,bottle,0.034,cha_dam_yen,0.9769,True,auto_keep
cha_dam_yen_kw00_bing_000039.jpg,cha_dam_yen,kw00,th,bing,False,0.9968,bottle,0.0027,cha_dam_yen,0.8982,True,auto_keep
cha_dam_yen_kw00_bing_000040.png,cha_dam_yen,kw00,th,bing,False,1.0,bottle,0.0,cha_nom_khai_muk,0.6135,False,review
cha_dam_yen_kw00_bing_000042.jpg,cha_dam_yen,kw00,th,bing,False,0.9584,bottle,0.0395,cha_dam_yen,0.9986,True,auto_keep
cha_dam_yen_kw00_bing_000043.jpg,cha_dam_yen,kw00,th,bing,False,0.0002,bottle,0.9989,cha_dam_yen,0.9985,True,auto_reject
cha_dam_yen_kw00_bing_000044.jpg,cha_dam_yen,kw00,th,bing,False,0.9995,bottle,0.0005,cha_dam_yen,0.6551,True,auto_keep
cha_dam_yen_kw00_bing_000046.jpg,cha_dam_yen,kw00,th,bing,False,0.0015,bottle,0.9958,cha_dam_yen,0.9807,True,auto_reject
cha_dam_yen_kw00_bing_000047.jpg,cha_dam_yen,kw00,th,bing,False,0.9976,bottle,0.0021,cha_thai,0.637,False,review
cha_dam_yen_kw00_bing_000048.jpg,cha_dam_yen,kw00,th,bing,False,0.7455,leaves,0.1941,cha_dam_yen,0.9999,True,auto_keep
cha_dam_yen_kw00_bing_000049.jpg,cha_dam_yen,kw00,th,bing,False,0.0146,leaves,0.7351,cha_dam_yen,1.0,True,auto_reject
cha_dam_yen_kw00_bing_000050.webp,cha_dam_yen,kw00,th,bing,False,0.0031,bottle,0.9843,cha_dam_yen,0.9998,True,auto_reject
cha_dam_yen_kw00_bing_000051.jpg,cha_dam_yen,kw00,th,bing,False,0.0099,bottle,0.7407,cha_dam_yen,0.9995,True,auto_reject
cha_dam_yen_kw00_bing_000052.webp,cha_dam_yen,kw00,th,bing,False,0.0001,bottle,0.9965,cha_dam_yen,0.9995,True,auto_reject
cha_dam_yen_kw00_bing_000053.jpg,cha_dam_yen,kw00,th,bing,False,0.0006,bottle,0.9983,cha_dam_yen,0.9995,True,auto_reject
cha_dam_yen_kw00_bing_000054.jpg,cha_dam_yen,kw00,th,bing,False,0.0001,bottle,0.9989,cha_dam_yen,0.9999,True,auto_reject
cha_dam_yen_kw00_bing_000055.png,cha_dam_yen,kw00,th,bing,False,0.0018,bottle,0.986,cha_dam_yen,0.9985,True,auto_reject
cha_dam_yen_kw00_bing_000056.jpg,cha_dam_yen,kw00,th,bing,True,0.0009,bottle,0.9916,cha_dam_yen,0.9967,True,auto_reject
cha_dam_yen_kw00_bing_000057.jpg,cha_dam_yen,kw00,th,bing,False,0.0335,bottle,0.966,cha_dam_yen,0.991,True,auto_reject
cha_dam_yen_kw00_bing_000058.png,cha_dam_yen,kw00,th,bing,False,0.0013,bottle,0.6843,cha_dam_yen,0.992,True,auto_reject
cha_dam_yen_kw00_bing_000060.jpg,cha_dam_yen,kw00,th,bing,False,1.0,object,0.0,cha_dam_yen,0.9935,True,auto_keep
cha_dam_yen_kw00_bing_000061.jpg,cha_dam_yen,kw00,th,bing,False,0.0452,hot_tea,0.8865,cha_dam_yen,0.9983,True,auto_reject
cha_dam_yen_kw00_bing_000062.jpg,cha_dam_yen,kw00,th,bing,True,1.0,object,0.0,cha_dam_yen,0.9904,True,review
cha_dam_yen_kw00_bing_000063.jpg,cha_dam_yen,kw00,th,bing,False,0.0024,leaves,0.997,cha_dam_yen,0.9761,True,auto_reject
cha_dam_yen_kw00_bing_000064.jpg,cha_dam_yen,kw00,th,bing,True,0.0001,leaves,0.7735,cha_dam_yen,0.9999,True,auto_reject
cha_dam_yen_kw00_bing_000066.jpg,cha_dam_yen,kw00,th,bing,False,0.0001,leaves,0.999,cha_dam_yen,0.9998,True,auto_reject
cha_dam_yen_kw00_bing_000069.jpg,cha_dam_yen,kw00,th,bing,False,0.1856,hot_tea,0.7873,cha_dam_yen,0.8877,True,review
cha_dam_yen_kw00_bing_000070.jpg,cha_dam_yen,kw00,th,bing,True,1.0,bottle,0.0,cha_nom_khai_muk,0.9978,False,review
cha_dam_yen_kw00_bing_000071.jpg,cha_dam_yen,kw00,th,bing,False,0.0,leaves,0.8951,cha_dam_yen,0.9959,True,auto_reject
cha_dam_yen_kw00_bing_000072.jpg,cha_dam_yen,kw00,th,bing,False,0.9999,bottle,0.0001,cha_dam_yen,0.6835,True,auto_keep
cha_dam_yen_kw00_bing_000073.jpg,cha_dam_yen,kw00,th,bing,True,0.9997,object,0.0002,cha_khiao_nom,0.9749,False,review
cha_dam_yen_kw00_bing_000075.jpg,cha_dam_yen,kw00,th,bing,False,0.0059,object,0.6471,cha_nom_khai_muk,0.7696,False,auto_reject
cha_dam_yen_kw00_bing_000079.jpg,cha_dam_yen,kw00,th,bing,True,1.0,object,0.0,cha_thai,0.966,False,review
cha_dam_yen_kw00_bing_000081.webp,cha_dam_yen,kw00,th,bing,False,0.0,leaves,0.9994,cha_dam_yen,0.999,True,auto_reject
cha_dam_yen_kw00_bing_000083.jpg,cha_dam_yen,kw00,th,bing,False,0.0066,hot_tea,0.964,cha_dam_yen,0.9994,True,auto_reject
cha_dam_yen_kw00_bing_000084.jpg,cha_dam_yen,kw00,th,bing,False,0.0315,hot_tea,0.6167,cha_dam_yen,0.97,True,auto_reject
cha_dam_yen_kw00_bing_000087.jpg,cha_dam_yen,kw00,th,bing,False,0.0,leaves,0.9975,cha_dam_yen,1.0,True,auto_reject
cha_dam_yen_kw00_bing_000088.jpg,cha_dam_yen,kw00,th,bing,False,0.1038,hot_tea,0.6634,cha_dam_yen,0.9989,True,auto_reject
cha_dam_yen_kw00_bing_000093.jpg,cha_dam_yen,kw00,th,bing,True,0.9994,object,0.0006,cha_phonlamai,0.4665,False,review
cha_dam_yen_kw00_bing_000094.jpg,cha_dam_yen,kw00,th,bing,False,1.0,object,0.0,cha_dam_yen,0.8195,True,auto_keep
cha_dam_yen_kw00_bing_000095.webp,cha_dam_yen,kw00,th,bing,False,0.0384,leaves,0.9359,cha_dam_yen,0.6688,True,auto_reject
cha_dam_yen_kw00_bing_000096.jpg,cha_dam_yen,kw00,th,bing,False,0.0001,bottle,0.85,cha_dam_yen,0.9986,True,auto_reject
cha_dam_yen_kw00_bing_000097.jpg,cha_dam_yen,kw00,th,bing,False,0.0001,hot_tea,0.6703,cha_dam_yen,0.9997,True,auto_reject
cha_dam_yen_kw00_bing_000101.jpg,cha_dam_yen,kw00,th,bing,False,0.9997,bottle,0.0001,cha_thai,0.9065,False,review
cha_dam_yen_kw00_bing_000105.jpg,cha_dam_yen,kw00,th,bing,True,1.0,object,0.0,cha_thai,0.5275,False,review
cha_dam_yen_kw00_bing_000111.jpg,cha_dam_yen,kw00,th,bing,False,0.0003,leaves,0.9284,cha_dam_yen,0.9998,True,auto_reject
cha_dam_yen_kw00_bing_000114.jpg,cha_dam_yen,kw00,th,bing,False,0.1939,bottle,0.485,cha_dam_yen,0.7419,True,review
cha_dam_yen_kw00_bing_000119.jpg,cha_dam_yen,kw00,th,bing,False,0.0075,bottle,0.992,cha_phonlamai,0.9969,False,auto_reject
cha_dam_yen_kw00_bing_000124.jpg,cha_dam_yen,kw00,th,bing,False,1.0,object,0.0,cha_thai,0.7406,False,review
cha_dam_yen_kw01_bing_000002.jpg,cha_dam_yen,kw01,th,bing,False,0.9999,object,0.0001,cha_dam_yen,0.7141,True,auto_keep
cha_dam_yen_kw01_bing_000006.jpg,cha_dam_yen,kw01,th,bing,False,1.0,object,0.0,cha_nom_khai_muk,0.6839,False,review
cha_dam_yen_kw01_bing_000007.jpg,cha_dam_yen,kw01,th,bing,False,0.0008,object,0.4401,cha_nom_khai_muk,0.8637,False,auto_reject
cha_dam_yen_kw01_bing_000010.jpg,cha_dam_yen,kw01,th,bing,False,1.0,object,0.0,cha_nom_khai_muk,0.9844,False,review
cha_dam_yen_kw01_bing_000013.jpg,cha_dam_yen,kw01,th,bing,False,0.0,leaves,0.9316,cha_dam_yen,0.9596,True,auto_reject
cha_dam_yen_kw01_bing_000016.jpg,cha_dam_yen,kw01,th,bing,False,1.0,object,0.0,cha_dam_yen,0.988,True,auto_keep
cha_dam_yen_kw01_bing_000017.jpg,cha_dam_yen,kw01,th,bing,False,0.9992,object,0.0007,cha_phonlamai,0.5723,False,review
cha_dam_yen_kw01_bing_000018.jpg,cha_dam_yen,kw01,th,bing,False,0.0017,bottle,0.4893,cha_dam_yen,0.9963,True,auto_reject
cha_dam_yen_kw01_bing_000019.jpg,cha_dam_yen,kw01,th,bing,False,0.0001,text,0.5561,cha_dam_yen,0.9765,True,auto_reject
cha_dam_yen_kw01_bing_000020.jpg,cha_dam_yen,kw01,th,bing,False,0.2212,hot_tea,0.6045,cha_dam_yen,1.0,True,review
cha_dam_yen_kw01_bing_000022.jpg,cha_dam_yen,kw01,th,bing,False,0.0008,hot_tea,0.8804,cha_dam_yen,0.7965,True,auto_reject
cha_dam_yen_kw01_bing_000023.png,cha_dam_yen,kw01,th,bing,False,0.9999,bottle,0.0001,cha_thai,0.6112,False,review
cha_dam_yen_kw01_bing_000026.png,cha_dam_yen,kw01,th,bing,False,0.999,object,0.0008,cha_dam_yen,0.9473,True,auto_keep
cha_dam_yen_kw01_bing_000027.jpg,cha_dam_yen,kw01,th,bing,False,1.0,object,0.0,cha_nom_khai_muk,0.524,False,review
cha_dam_yen_kw01_bing_000028.jpg,cha_dam_yen,kw01,th,bing,False,1.0,object,0.0,cha_dam_yen,0.9693,True,auto_keep
cha_dam_yen_kw01_bing_000030.jpg,cha_dam_yen,kw01,th,bing,False,0.0071,bottle,0.4506,cha_dam_yen,0.997,True,auto_reject
cha_dam_yen_kw01_bing_000031.jpg,cha_dam_yen,kw01,th,bing,False,0.0052,bottle,0.6857,cha_dam_yen,0.9981,True,auto_reject
cha_dam_yen_kw01_bing_000032.jpg,cha_dam_yen,kw01,th,bing,False,0.0,text,0.9014,cha_dam_yen,0.985,True,auto_reject
cha_dam_yen_kw01_bing_000033.jpg,cha_dam_yen,kw01,th,bing,False,0.0004,text,0.7377,cha_dam_yen,0.9996,True,auto_reject
cha_dam_yen_kw01_bing_000034.jpg,cha_dam_yen,kw01,th,bing,False,1.0,bottle,0.0,cha_thai,0.966,False,review
cha_dam_yen_kw01_bing_000038.jpg,cha_dam_yen,kw01,th,bing,False,0.0537,bottle,0.4634,cha_nom_khai_muk,0.6515,False,auto_reject
cha_dam_yen_kw01_bing_000039.jpg,cha_dam_yen,kw01,th,bing,False,0.0001,bottle,0.8507,cha_dam_yen,0.8408,True,auto_reject
cha_dam_yen_kw01_bing_000040.jpg,cha_dam_yen,kw01,th,bing,False,1.0,object,0.0,cha_dam_yen,0.9503,True,auto_keep
cha_dam_yen_kw01_bing_000042.jpg,cha_dam_yen,kw01,th,bing,False,1.0,bottle,0.0,cha_dam_yen,0.6577,True,auto_keep
cha_dam_yen_kw01_bing_000043.jpg,cha_dam_yen,kw01,th,bing,False,0.9996,bottle,0.0003,cha_nom_khai_muk,0.9695,False,review
cha_dam_yen_kw01_bing_000046.png,cha_dam_yen,kw01,th,bing,False,0.0049,text,0.4195,cha_dam_yen,0.9988,True,auto_reject
cha_dam_yen_kw01_bing_000047.jpg,cha_dam_yen,kw01,th,bing,False,0.0246,object,0.4876,cha_nom_khai_muk,0.7603,False,auto_reject
cha_dam_yen_kw01_bing_000048.jpg,cha_dam_yen,kw01,th,bing,True,0.9999,bottle,0.0,cha_khiao_nom,0.7039,False,review
cha_dam_yen_kw01_bing_000049.png,cha_dam_yen,kw01,th,bing,True,0.9998,object,0.0001,cha_thai,0.9719,False,review
cha_dam_yen_kw01_bing_000051.jpg,cha_dam_yen,kw01,th,bing,False,0.9997,hot_tea,0.0002,cha_dam_yen,0.478,True,auto_keep
cha_dam_yen_kw01_bing_000052.jpg,cha_dam_yen,kw01,th,bing,False,0.7948,bottle,0.1979,cha_khiao_nom,0.7429,False,review
cha_dam_yen_kw01_bing_000053.jpg,cha_dam_yen,kw01,th,bing,False,0.0003,hot_tea,0.6279,cha_nom_khai_muk,0.5303,False,auto_reject
cha_dam_yen_kw01_bing_000054.jpg,cha_dam_yen,kw01,th,bing,False,0.0366,bottle,0.9177,cha_dam_yen,0.9989,True,auto_reject
cha_dam_yen_kw01_bing_000056.jpg,cha_dam_yen,kw01,th,bing,False,0.9983,object,0.0015,cha_dam_yen,0.9997,True,auto_keep
cha_dam_yen_kw01_bing_000057.jpg,cha_dam_yen,kw01,th,bing,False,1.0,object,0.0,cha_dam_yen,0.6369,True,auto_keep
cha_dam_yen_kw01_bing_000059.jpg,cha_dam_yen,kw01,th,bing,False,0.0003,text,0.3279,cha_dam_yen,0.9993,True,auto_reject
cha_dam_yen_kw01_bing_000060.jpg,cha_dam_yen,kw01,th,bing,False,0.9999,object,0.0001,cha_thai,0.6193,False,review
cha_dam_yen_kw01_bing_000061.jpg,cha_dam_yen,kw01,th,bing,False,0.9996,object,0.0004,cha_phonlamai,0.8503,False,review
cha_dam_yen_kw01_bing_000062.jpg,cha_dam_yen,kw01,th,bing,False,0.0004,leaves,0.4699,cha_dam_yen,0.9637,True,auto_reject
cha_dam_yen_kw01_bing_000063.jpg,cha_dam_yen,kw01,th,bing,False,1.0,object,0.0,cha_thai,0.8281,False,review
cha_dam_yen_kw01_bing_000064.jpg,cha_dam_yen,kw01,th,bing,False,0.9969,leaves,0.001,cha_dam_yen,0.7928,True,auto_keep
cha_dam_yen_kw01_bing_000066.jpg,cha_dam_yen,kw01,th,bing,False,0.109,text,0.7353,cha_khiao_nom,0.6447,False,auto_reject
cha_dam_yen_kw01_bing_000067.jpg,cha_dam_yen,kw01,th,bing,False,0.0001,text,0.9188,cha_dam_yen,0.9534,True,auto_reject
cha_dam_yen_kw01_bing_000069.jpg,cha_dam_yen,kw01,th,bing,False,0.5631,text,0.2209,cha_dam_yen,0.5342,True,review
cha_dam_yen_kw01_bing_000071.jpg,cha_dam_yen,kw01,th,bing,True,0.0038,food,0.5191,cha_thai,0.6783,False,auto_reject
cha_dam_yen_kw01_bing_000072.jpg,cha_dam_yen,kw01,th,bing,False,0.0067,hot_tea,0.9375,cha_nom_khai_muk,0.9576,False,auto_reject
cha_dam_yen_kw01_bing_000073.jpg,cha_dam_yen,kw01,th,bing,False,0.0005,hot_tea,0.9902,cha_nom_khai_muk,0.9368,False,auto_reject
cha_dam_yen_kw01_bing_000074.jpg,cha_dam_yen,kw01,th,bing,False,0.0262,hot_tea,0.9466,cha_nom_khai_muk,0.9409,False,auto_reject
cha_dam_yen_kw01_bing_000075.jpg,cha_dam_yen,kw01,th,bing,False,0.0013,hot_tea,0.9833,cha_nom_khai_muk,0.9835,False,auto_reject
cha_dam_yen_kw01_bing_000076.jpg,cha_dam_yen,kw01,th,bing,False,0.984,object,0.0061,cha_dam_yen,0.9988,True,auto_keep
cha_dam_yen_kw01_bing_000078.webp,cha_dam_yen,kw01,th,bing,False,1.0,hot_tea,0.0,cha_dam_yen,0.608,True,auto_keep
cha_dam_yen_kw01_bing_000079.jpg,cha_dam_yen,kw01,th,bing,False,0.0381,text,0.729,cha_dam_yen,0.997,True,auto_reject
cha_dam_yen_kw01_bing_000080.jpg,cha_dam_yen,kw01,th,bing,False,0.9998,bottle,0.0002,cha_dam_yen,0.5138,True,auto_keep
cha_dam_yen_kw01_bing_000081.jpg,cha_dam_yen,kw01,th,bing,False,0.9995,object,0.0005,cha_dam_yen,0.9585,True,auto_keep
cha_dam_yen_kw01_bing_000082.jpg,cha_dam_yen,kw01,th,bing,False,0.9997,object,0.0002,cha_khiao_nom,0.8636,False,review
cha_dam_yen_kw01_bing_000084.jpg,cha_dam_yen,kw01,th,bing,False,1.0,object,0.0,cha_thai,0.5569,False,review
cha_dam_yen_kw01_bing_000089.jpg,cha_dam_yen,kw01,th,bing,False,0.9588,leaves,0.0198,cha_dam_yen,0.994,True,auto_keep
cha_dam_yen_kw01_bing_000091.jpg,cha_dam_yen,kw01,th,bing,True,0.6215,bottle,0.3087,cha_dam_yen,0.7262,True,review
cha_dam_yen_kw01_bing_000092.webp,cha_dam_yen,kw01,th,bing,False,0.0375,object,0.4723,cha_dam_yen,0.9989,True,auto_reject
cha_dam_yen_kw01_bing_000093.jpg,cha_dam_yen,kw01,th,bing,False,1.0,object,0.0,cha_thai,0.9969,False,review
cha_dam_yen_kw01_bing_000095.jpg,cha_dam_yen,kw01,th,bing,False,0.0323,bottle,0.8087,cha_dam_yen,0.9844,True,auto_reject
cha_dam_yen_kw01_bing_000097.jpg,cha_dam_yen,kw01,th,bing,False,0.0,bottle,0.8059,cha_dam_yen,0.8856,True,auto_reject
cha_dam_yen_kw01_bing_000099.png,cha_dam_yen,kw01,th,bing,False,0.005,hot_tea,0.6441,cha_nom_khai_muk,0.7274,False,auto_reject
cha_dam_yen_kw01_bing_000100.jpg,cha_dam_yen,kw01,th,bing,False,0.0179,text,0.7309,cha_dam_yen,0.9988,True,auto_reject
cha_dam_yen_kw01_bing_000101.webp,cha_dam_yen,kw01,th,bing,False,0.0005,object,0.6513,cha_nom_khai_muk,0.8792,False,auto_reject
cha_dam_yen_kw01_bing_000102.jpg,cha_dam_yen,kw01,th,bing,False,0.0,leaves,0.9525,cha_dam_yen,0.9938,True,auto_reject
cha_dam_yen_kw01_bing_000103.jpg,cha_dam_yen,kw01,th,bing,False,0.7683,bottle,0.2082,cha_dam_yen,0.9862,True,auto_keep
cha_dam_yen_kw01_bing_000105.jpg,cha_dam_yen,kw01,th,bing,False,0.026,bottle,0.8349,cha_nom_khai_muk,0.8615,False,auto_reject
cha_dam_yen_kw01_bing_000106.jpg,cha_dam_yen,kw01,th,bing,False,0.0022,object,0.706,cha_dam_yen,0.801,True,auto_reject
cha_dam_yen_kw01_bing_000107.jpg,cha_dam_yen,kw01,th,bing,False,0.0195,logo,0.707,cha_dam_yen,0.9073,True,auto_reject
cha_dam_yen_kw01_bing_000108.jpg,cha_dam_yen,kw01,th,bing,False,0.0322,bottle,0.8295,cha_dam_yen,0.9185,True,auto_reject
cha_dam_yen_kw02_bing_000000.jpg,cha_dam_yen,kw02,th,bing,False,0.9828,text,0.0091,cha_dam_yen,0.9921,True,auto_keep
cha_dam_yen_kw02_bing_000002.jpg,cha_dam_yen,kw02,th,bing,False,0.4221,bottle,0.4398,cha_dam_yen,0.9888,True,review
cha_dam_yen_kw02_bing_000005.jpg,cha_dam_yen,kw02,th,bing,False,0.9989,object,0.0009,cha_dam_yen,0.9987,True,auto_keep
cha_dam_yen_kw02_bing_000006.webp,cha_dam_yen,kw02,th,bing,False,0.9256,bottle,0.0432,cha_dam_yen,0.9835,True,auto_keep
cha_dam_yen_kw02_bing_000014.jpg,cha_dam_yen,kw02,th,bing,False,0.0001,leaves,0.9963,cha_dam_yen,1.0,True,auto_reject
cha_dam_yen_kw02_bing_000018.jpg,cha_dam_yen,kw02,th,bing,False,0.9838,bottle,0.0161,cha_phonlamai,0.7943,False,review
cha_dam_yen_kw02_bing_000023.jpg,cha_dam_yen,kw02,th,bing,False,0.2094,leaves,0.7714,cha_dam_yen,0.9997,True,review
cha_dam_yen_kw02_bing_000024.jpg,cha_dam_yen,kw02,th,bing,False,0.0188,leaves,0.5292,cha_dam_yen,0.9926,True,auto_reject
cha_dam_yen_kw02_bing_000027.jpg,cha_dam_yen,kw02,th,bing,False,0.0001,leaves,0.9988,cha_dam_yen,0.9315,True,auto_reject
cha_dam_yen_kw02_bing_000029.jpg,cha_dam_yen,kw02,th,bing,False,0.5919,bottle,0.2286,cha_dam_yen,0.873,True,review
cha_dam_yen_kw02_bing_000030.webp,cha_dam_yen,kw02,th,bing,False,0.9624,bottle,0.0202,cha_thai,0.8342,False,review
cha_dam_yen_kw02_bing_000032.jpg,cha_dam_yen,kw02,th,bing,False,0.0013,leaves,0.4184,cha_khiao_nom,0.6625,False,auto_reject
cha_dam_yen_kw02_bing_000033.webp,cha_dam_yen,kw02,th,bing,True,0.9999,object,0.0001,cha_thai,0.8723,False,review
cha_dam_yen_kw02_bing_000038.jpg,cha_dam_yen,kw02,th,bing,False,0.9997,object,0.0003,cha_dam_yen,0.9997,True,auto_keep
cha_dam_yen_kw02_bing_000043.jpg,cha_dam_yen,kw02,th,bing,False,1.0,object,0.0,cha_dam_yen,0.9795,True,auto_keep
cha_dam_yen_kw02_bing_000046.jpg,cha_dam_yen,kw02,th,bing,False,0.0184,leaves,0.5815,cha_dam_yen,0.9784,True,auto_reject
cha_dam_yen_kw02_bing_000047.jpg,cha_dam_yen,kw02,th,bing,False,0.4447,text,0.4596,cha_thai,0.9684,False,review
cha_dam_yen_kw02_bing_000048.jpg,cha_dam_yen,kw02,th,bing,True,0.9987,bottle,0.0012,cha_dam_yen,0.8765,True,review
cha_dam_yen_kw02_bing_000049.webp,cha_dam_yen,kw02,th,bing,False,0.9962,bottle,0.0015,cha_nom_khai_muk,0.9938,False,review
cha_dam_yen_kw02_bing_000050.jpg,cha_dam_yen,kw02,th,bing,False,0.0,leaves,0.9989,cha_nom_khai_muk,0.6345,False,auto_reject
cha_dam_yen_kw02_bing_000051.jpg,cha_dam_yen,kw02,th,bing,False,0.0571,bottle,0.499,cha_dam_yen,0.9904,True,auto_reject
cha_dam_yen_kw02_bing_000052.jpg,cha_dam_yen,kw02,th,bing,True,1.0,object,0.0,cha_thai,0.7403,False,review
cha_dam_yen_kw02_bing_000056.webp,cha_dam_yen,kw02,th,bing,False,0.7295,bottle,0.2526,cha_nom_khai_muk,0.8841,False,review
cha_dam_yen_kw02_bing_000057.jpg,cha_dam_yen,kw02,th,bing,False,1.0,object,0.0,cha_thai,0.988,False,review
cha_dam_yen_kw02_bing_000058.png,cha_dam_yen,kw02,th,bing,True,0.0611,bottle,0.9253,cha_thai,0.657,False,auto_reject
cha_dam_yen_kw02_bing_000060.jpg,cha_dam_yen,kw02,th,bing,False,1.0,object,0.0,cha_thai,0.8626,False,review
cha_dam_yen_kw02_bing_000061.jpg,cha_dam_yen,kw02,th,bing,False,0.9117,object,0.0619,cha_thai,0.9698,False,review
cha_dam_yen_kw02_bing_000064.jpg,cha_dam_yen,kw02,th,bing,False,0.9998,bottle,0.0002,cha_thai,0.6358,False,review
cha_dam_yen_kw02_bing_000065.webp,cha_dam_yen,kw02,th,bing,False,0.0453,bottle,0.9501,cha_phonlamai,0.629,False,auto_reject
cha_dam_yen_kw02_bing_000066.jpg,cha_dam_yen,kw02,th,bing,True,0.0002,leaves,0.718,cha_dam_yen,0.9999,True,auto_reject
cha_dam_yen_kw02_bing_000067.jpg,cha_dam_yen,kw02,th,bing,False,0.0003,leaves,0.9971,cha_dam_yen,0.9999,True,auto_reject
cha_dam_yen_kw02_bing_000068.jpg,cha_dam_yen,kw02,th,bing,False,0.0,leaves,0.9998,cha_dam_yen,0.9999,True,auto_reject
cha_dam_yen_kw02_bing_000069.jpg,cha_dam_yen,kw02,th,bing,False,0.9999,bottle,0.0001,cha_phonlamai,0.6727,False,review
cha_dam_yen_kw02_bing_000070.jpg,cha_dam_yen,kw02,th,bing,True,1.0,hot_tea,0.0,cha_thai,0.9328,False,review
cha_dam_yen_kw02_bing_000071.webp,cha_dam_yen,kw02,th,bing,False,1.0,object,0.0,cha_nom_khai_muk,0.9993,False,review
cha_dam_yen_kw02_bing_000072.jpg,cha_dam_yen,kw02,th,bing,False,0.9967,object,0.0019,cha_nom_khai_muk,0.7356,False,review
cha_dam_yen_kw02_bing_000073.jpg,cha_dam_yen,kw02,th,bing,False,1.0,object,0.0,cha_thai,0.9662,False,review
cha_dam_yen_kw02_bing_000074.jpg,cha_dam_yen,kw02,th,bing,False,1.0,object,0.0,cha_thai,0.9855,False,review
cha_dam_yen_kw02_bing_000076.png,cha_dam_yen,kw02,th,bing,False,0.0,leaves,0.9999,cha_dam_yen,0.7967,True,auto_reject
cha_dam_yen_kw02_bing_000077.jpg,cha_dam_yen,kw02,th,bing,True,0.9999,leaves,0.0,cha_nom_khai_muk,0.6489,False,review
cha_dam_yen_kw02_bing_000078.jpg,cha_dam_yen,kw02,th,bing,True,0.9991,object,0.0008,cha_khiao_nom,0.9979,False,review
cha_dam_yen_kw02_bing_000079.jpg,cha_dam_yen,kw02,th,bing,False,0.0,hot_tea,0.9998,cha_nom_khai_muk,0.8291,False,auto_reject
cha_dam_yen_kw02_bing_000080.jpg,cha_dam_yen,kw02,th,bing,False,0.1262,hot_tea,0.7996,cha_khiao_nom,0.651,False,auto_reject
cha_dam_yen_kw02_bing_000082.webp,cha_dam_yen,kw02,th,bing,False,1.0,bottle,0.0,cha_dam_yen,0.7621,True,auto_keep
cha_dam_yen_kw02_bing_000083.jpg,cha_dam_yen,kw02,th,bing,True,1.0,object,0.0,cha_thai,0.9587,False,review
cha_dam_yen_kw02_bing_000084.jpg,cha_dam_yen,kw02,th,bing,False,0.8296,bottle,0.1682,cha_nom_khai_muk,0.5001,False,review
cha_dam_yen_kw02_bing_000086.webp,cha_dam_yen,kw02,th,bing,False,0.0001,bottle,0.805,cha_dam_yen,0.9347,True,auto_reject
cha_dam_yen_kw02_bing_000087.jpg,cha_dam_yen,kw02,th,bing,True,0.0,bottle,1.0,cha_thai,0.7887,False,auto_reject
cha_dam_yen_kw02_bing_000088.jpg,cha_dam_yen,kw02,th,bing,True,0.9922,hot_tea,0.0042,cha_khiao_nom,0.9985,False,review
cha_dam_yen_kw02_bing_000089.jpg,cha_dam_yen,kw02,th,bing,False,0.9981,text,0.0017,cha_nom_khai_muk,0.6675,False,review
cha_dam_yen_kw02_bing_000092.webp,cha_dam_yen,kw02,th,bing,False,0.006,leaves,0.941,cha_nom_khai_muk,0.9152,False,auto_reject
cha_dam_yen_kw03_bing_000000.jpg,cha_dam_yen,kw03,en,bing,False,0.9998,object,0.0002,cha_dam_yen,0.9955,True,auto_keep
cha_dam_yen_kw03_bing_000001.jpg,cha_dam_yen,kw03,en,bing,False,0.9992,object,0.0008,cha_thai,0.7671,False,review
cha_dam_yen_kw03_bing_000002.jpg,cha_dam_yen,kw03,en,bing,False,0.9989,bottle,0.0006,cha_thai,0.8061,False,review
cha_dam_yen_kw03_bing_000003.jpg,cha_dam_yen,kw03,en,bing,False,1.0,object,0.0,cha_dam_yen,0.9213,True,auto_keep
cha_dam_yen_kw03_bing_000005.jpg,cha_dam_yen,kw03,en,bing,False,0.9999,bottle,0.0,cha_dam_yen,0.997,True,auto_keep
cha_dam_yen_kw03_bing_000006.jpg,cha_dam_yen,kw03,en,bing,False,0.9998,leaves,0.0001,cha_dam_yen,0.9988,True,auto_keep
cha_dam_yen_kw03_bing_000007.jpg,cha_dam_yen,kw03,en,bing,False,0.9999,hot_tea,0.0001,cha_dam_yen,0.9972,True,auto_keep
cha_dam_yen_kw03_bing_000008.jpg,cha_dam_yen,kw03,en,bing,False,1.0,bottle,0.0,cha_phonlamai,0.8617,False,review
cha_dam_yen_kw03_bing_000009.jpg,cha_dam_yen,kw03,en,bing,False,0.9998,leaves,0.0001,cha_dam_yen,0.9796,True,auto_keep
cha_dam_yen_kw03_bing_000010.jpg,cha_dam_yen,kw03,en,bing,False,1.0,bottle,0.0,cha_dam_yen,0.8402,True,auto_keep
cha_dam_yen_kw03_bing_000011.jpg,cha_dam_yen,kw03,en,bing,False,0.9999,bottle,0.0001,cha_thai,0.922,False,review
cha_dam_yen_kw03_bing_000012.jpg,cha_dam_yen,kw03,en,bing,False,1.0,bottle,0.0,cha_dam_yen,0.8574,True,auto_keep
cha_dam_yen_kw03_bing_000013.jpg,cha_dam_yen,kw03,en,bing,False,0.9984,object,0.0008,cha_dam_yen,0.9235,True,auto_keep
cha_dam_yen_kw03_bing_000016.jpg,cha_dam_yen,kw03,en,bing,False,1.0,hot_tea,0.0,cha_thai,0.5843,False,review
cha_dam_yen_kw03_bing_000018.jpg,cha_dam_yen,kw03,en,bing,False,0.9982,hot_tea,0.0017,cha_thai,0.9552,False,review
cha_dam_yen_kw03_bing_000020.jpg,cha_dam_yen,kw03,en,bing,False,1.0,object,0.0,cha_thai,0.5627,False,review
cha_dam_yen_kw03_bing_000021.jpg,cha_dam_yen,kw03,en,bing,False,0.999,object,0.001,cha_dam_yen,0.5274,True,auto_keep
cha_dam_yen_kw03_bing_000022.jpg,cha_dam_yen,kw03,en,bing,False,0.9969,bottle,0.0027,cha_dam_yen,0.5493,True,auto_keep
cha_dam_yen_kw03_bing_000024.jpg,cha_dam_yen,kw03,en,bing,False,0.9989,object,0.001,cha_dam_yen,0.7882,True,auto_keep
cha_dam_yen_kw03_bing_000025.jpg,cha_dam_yen,kw03,en,bing,False,0.9999,object,0.0001,cha_dam_yen,0.817,True,auto_keep
cha_dam_yen_kw03_bing_000028.jpg,cha_dam_yen,kw03,en,bing,False,1.0,object,0.0,cha_thai,0.5351,False,review
cha_dam_yen_kw03_bing_000029.jpg,cha_dam_yen,kw03,en,bing,False,0.9998,hot_tea,0.0001,cha_thai,0.8778,False,review
cha_dam_yen_kw03_bing_000031.jpg,cha_dam_yen,kw03,en,bing,False,1.0,bottle,0.0,cha_dam_yen,0.7415,True,auto_keep
cha_dam_yen_kw03_bing_000032.webp,cha_dam_yen,kw03,en,bing,False,0.9999,leaves,0.0,cha_thai,0.9192,False,review
cha_dam_yen_kw03_bing_000033.jpg,cha_dam_yen,kw03,en,bing,False,0.9999,bottle,0.0001,cha_dam_yen,0.9434,True,auto_keep
cha_dam_yen_kw03_bing_000035.jpg,cha_dam_yen,kw03,en,bing,False,0.9902,hot_tea,0.0075,cha_dam_yen,0.7765,True,auto_keep
cha_dam_yen_kw03_bing_000036.jpg,cha_dam_yen,kw03,en,bing,False,1.0,bottle,0.0,cha_thai,0.5515,False,review
cha_dam_yen_kw03_bing_000037.jpg,cha_dam_yen,kw03,en,bing,False,1.0,object,0.0,cha_thai,0.9779,False,review
cha_dam_yen_kw03_bing_000038.jpg,cha_dam_yen,kw03,en,bing,False,1.0,bottle,0.0,cha_thai,0.9955,False,review
cha_dam_yen_kw03_bing_000039.jpg,cha_dam_yen,kw03,en,bing,False,0.9987,hot_tea,0.0011,cha_dam_yen,0.8992,True,auto_keep
cha_dam_yen_kw03_bing_000040.png,cha_dam_yen,kw03,en,bing,False,1.0,object,0.0,cha_dam_yen,0.9683,True,auto_keep
cha_dam_yen_kw03_bing_000041.jpg,cha_dam_yen,kw03,en,bing,False,1.0,object,0.0,cha_thai,0.7745,False,review
cha_dam_yen_kw03_bing_000044.jpg,cha_dam_yen,kw03,en,bing,False,0.9999,bottle,0.0001,cha_thai,0.6334,False,review
cha_dam_yen_kw03_bing_000050.jpg,cha_dam_yen,kw03,en,bing,False,0.9993,hot_tea,0.0006,cha_thai,0.9799,False,review
cha_dam_yen_kw03_bing_000051.jpg,cha_dam_yen,kw03,en,bing,False,0.9999,hot_tea,0.0001,cha_dam_yen,0.8219,True,auto_keep
cha_dam_yen_kw03_bing_000052.jpg,cha_dam_yen,kw03,en,bing,False,1.0,bottle,0.0,cha_dam_yen,0.9989,True,auto_keep
cha_dam_yen_kw03_bing_000053.jpg,cha_dam_yen,kw03,en,bing,False,0.9997,object,0.0003,cha_dam_yen,0.7506,True,auto_keep
cha_dam_yen_kw03_bing_000054.jpg,cha_dam_yen,kw03,en,bing,False,0.9999,object,0.0,cha_thai,0.9923,False,review
cha_dam_yen_kw03_bing_000055.jpg,cha_dam_yen,kw03,en,bing,False,1.0,bottle,0.0,cha_dam_yen,0.9661,True,auto_keep
cha_dam_yen_kw03_bing_000057.jpg,cha_dam_yen,kw03,en,bing,False,1.0,bottle,0.0,cha_dam_yen,0.4999,True,auto_keep
cha_dam_yen_kw03_bing_000058.png,cha_dam_yen,kw03,en,bing,False,0.9999,object,0.0,cha_thai,0.9985,False,review
cha_dam_yen_kw03_bing_000060.jpg,cha_dam_yen,kw03,en,bing,False,0.9984,bottle,0.0015,cha_thai,0.9017,False,review
cha_dam_yen_kw03_bing_000062.jpg,cha_dam_yen,kw03,en,bing,False,0.92,hot_tea,0.0792,cha_thai,0.6691,False,review
cha_dam_yen_kw03_bing_000063.jpg,cha_dam_yen,kw03,en,bing,False,0.9943,bottle,0.0053,cha_dam_yen,0.8698,True,auto_keep
cha_dam_yen_kw03_bing_000064.jpg,cha_dam_yen,kw03,en,bing,False,0.9996,object,0.0004,cha_dam_yen,0.5951,True,auto_keep
cha_dam_yen_kw03_bing_000065.jpg,cha_dam_yen,kw03,en,bing,False,0.9996,hot_tea,0.0004,cha_thai,0.8917,False,review
cha_dam_yen_kw03_bing_000068.png,cha_dam_yen,kw03,en,bing,False,0.9984,object,0.0012,cha_dam_yen,0.653,True,auto_keep
cha_dam_yen_kw03_bing_000069.jpg,cha_dam_yen,kw03,en,bing,False,0.9994,hot_tea,0.0005,cha_thai,0.5457,False,review
cha_dam_yen_kw03_bing_000070.jpg,cha_dam_yen,kw03,en,bing,False,0.9985,bottle,0.0011,cha_thai,0.9855,False,review
cha_dam_yen_kw03_bing_000071.jpg,cha_dam_yen,kw03,en,bing,False,1.0,bottle,0.0,cha_thai,0.9889,False,review
cha_dam_yen_kw03_bing_000072.jpg,cha_dam_yen,kw03,en,bing,False,1.0,object,0.0,cha_thai,0.6803,False,review
cha_dam_yen_kw03_bing_000073.jpg,cha_dam_yen,kw03,en,bing,False,1.0,object,0.0,cha_dam_yen,0.7889,True,auto_keep
cha_dam_yen_kw03_bing_000074.jpg,cha_dam_yen,kw03,en,bing,False,0.9491,object,0.0498,cha_dam_yen,0.9366,True,auto_keep
cha_dam_yen_kw03_bing_000076.jpg,cha_dam_yen,kw03,en,bing,False,1.0,bottle,0.0,cha_phonlamai,0.9083,False,review
cha_dam_yen_kw03_bing_000077.jpg,cha_dam_yen,kw03,en,bing,False,1.0,object,0.0,cha_khiao_nom,0.9976,False,review
cha_dam_yen_kw03_bing_000081.png,cha_dam_yen,kw03,en,bing,False,0.9963,object,0.0036,cha_dam_yen,0.898,True,auto_keep
cha_dam_yen_kw03_bing_000082.jpg,cha_dam_yen,kw03,en,bing,False,1.0,bottle,0.0,cha_phonlamai,0.66,False,review
cha_dam_yen_kw03_bing_000083.jpg,cha_dam_yen,kw03,en,bing,False,0.9996,bottle,0.0002,cha_dam_yen,0.9752,True,auto_keep
cha_dam_yen_kw03_bing_000086.jpg,cha_dam_yen,kw03,en,bing,False,0.9984,bottle,0.0016,cha_dam_yen,0.9837,True,auto_keep
cha_dam_yen_kw03_bing_000087.jpg,cha_dam_yen,kw03,en,bing,False,0.9996,hot_tea,0.0002,cha_dam_yen,0.9556,True,auto_keep
cha_dam_yen_kw03_bing_000088.png,cha_dam_yen,kw03,en,bing,False,0.9984,object,0.0011,cha_thai,0.5065,False,review
cha_dam_yen_kw03_bing_000089.webp,cha_dam_yen,kw03,en,bing,False,1.0,bottle,0.0,cha_thai,0.992,False,review
cha_dam_yen_kw03_bing_000090.jpg,cha_dam_yen,kw03,en,bing,False,1.0,hot_tea,0.0,cha_dam_yen,0.9966,True,auto_keep
cha_dam_yen_kw03_bing_000091.jpg,cha_dam_yen,kw03,en,bing,False,1.0,object,0.0,cha_thai,0.862,False,review
cha_dam_yen_kw03_bing_000092.jpg,cha_dam_yen,kw03,en,bing,False,0.9996,object,0.0002,cha_nom_khai_muk,0.5744,False,review
cha_dam_yen_kw03_bing_000095.jpg,cha_dam_yen,kw03,en,bing,False,0.0,leaves,0.9989,cha_dam_yen,1.0,True,auto_reject
cha_dam_yen_kw03_bing_000097.jpg,cha_dam_yen,kw03,en,bing,False,0.0004,bottle,0.5737,cha_dam_yen,0.9993,True,auto_reject
cha_dam_yen_kw03_bing_000098.jpg,cha_dam_yen,kw03,en,bing,False,0.9398,text,0.0502,cha_dam_yen,0.9284,True,auto_keep
cha_dam_yen_kw03_bing_000099.jpg,cha_dam_yen,kw03,en,bing,False,0.9999,object,0.0001,cha_dam_yen,0.9841,True,auto_keep
cha_dam_yen_kw03_bing_000101.jpg,cha_dam_yen,kw03,en,bing,False,0.0037,text,0.5413,cha_phonlamai,0.6086,False,auto_reject
cha_dam_yen_kw03_bing_000103.jpg,cha_dam_yen,kw03,en,bing,False,0.0086,food,0.7126,cha_nom_khai_muk,0.8868,False,auto_reject
cha_dam_yen_kw03_bing_000104.png,cha_dam_yen,kw03,en,bing,False,0.0001,bottle,0.9999,cha_dam_yen,0.5757,True,auto_reject
cha_dam_yen_kw03_bing_000105.jpg,cha_dam_yen,kw03,en,bing,False,0.1071,bottle,0.8917,cha_phonlamai,0.9994,False,auto_reject
cha_dam_yen_kw03_baidu_000001.jpg,cha_dam_yen,kw03,en,baidu,False,0.9996,bottle,0.0004,cha_phonlamai,0.9558,False,review
cha_dam_yen_kw03_baidu_000003.jpg,cha_dam_yen,kw03,en,baidu,False,1.0,object,0.0,cha_phonlamai,0.6004,False,review
cha_dam_yen_kw03_baidu_000004.jpg,cha_dam_yen,kw03,en,baidu,False,0.9999,object,0.0001,cha_dam_yen,0.9978,True,auto_keep
cha_dam_yen_kw03_baidu_000005.jpg,cha_dam_yen,kw03,en,baidu,False,0.9999,object,0.0001,cha_khiao_nom,0.9853,False,review
cha_dam_yen_kw03_baidu_000006.jpg,cha_dam_yen,kw03,en,baidu,False,0.0433,hot_tea,0.948,cha_phonlamai,0.8381,False,auto_reject
cha_dam_yen_kw03_baidu_000007.jpg,cha_dam_yen,kw03,en,baidu,False,1.0,object,0.0,cha_dam_yen,0.9799,True,auto_keep
cha_dam_yen_kw03_baidu_000009.jpg,cha_dam_yen,kw03,en,baidu,False,0.9985,leaves,0.0008,cha_dam_yen,0.6782,True,auto_keep
cha_dam_yen_kw03_baidu_000010.jpg,cha_dam_yen,kw03,en,baidu,False,0.9973,object,0.0025,cha_khiao_nom,0.9999,False,review
cha_dam_yen_kw03_baidu_000011.jpg,cha_dam_yen,kw03,en,baidu,False,0.9999,bottle,0.0001,cha_dam_yen,0.9648,True,auto_keep
cha_dam_yen_kw03_baidu_000013.jpg,cha_dam_yen,kw03,en,baidu,False,0.5564,leaves,0.3091,cha_dam_yen,0.9552,True,review
cha_dam_yen_kw03_baidu_000014.jpg,cha_dam_yen,kw03,en,baidu,False,0.0001,leaves,0.9686,cha_dam_yen,0.9737,True,auto_reject
cha_dam_yen_kw03_baidu_000015.jpg,cha_dam_yen,kw03,en,baidu,False,1.0,hot_tea,0.0,cha_dam_yen,0.9869,True,auto_keep
cha_dam_yen_kw03_baidu_000016.jpg,cha_dam_yen,kw03,en,baidu,False,0.9999,bottle,0.0001,cha_phonlamai,0.8841,False,review
cha_dam_yen_kw03_baidu_000017.jpg,cha_dam_yen,kw03,en,baidu,False,0.0107,hot_tea,0.9888,cha_dam_yen,0.9998,True,auto_reject
cha_dam_yen_kw03_baidu_000019.jpg,cha_dam_yen,kw03,en,baidu,False,1.0,object,0.0,cha_dam_yen,0.5383,True,auto_keep
cha_dam_yen_kw03_baidu_000020.jpg,cha_dam_yen,kw03,en,baidu,False,0.0021,hot_tea,0.8966,cha_dam_yen,0.9004,True,auto_reject
cha_dam_yen_kw03_baidu_000021.jpg,cha_dam_yen,kw03,en,baidu,False,1.0,object,0.0,cha_thai,0.8247,False,review
cha_dam_yen_kw03_baidu_000022.jpg,cha_dam_yen,kw03,en,baidu,False,0.0086,food,0.529,cha_nom_khai_muk,0.9681,False,auto_reject
cha_dam_yen_kw03_baidu_000024.jpg,cha_dam_yen,kw03,en,baidu,False,0.9998,bottle,0.0002,cha_phonlamai,0.9662,False,review
cha_dam_yen_kw03_baidu_000025.jpg,cha_dam_yen,kw03,en,baidu,True,0.9999,bottle,0.0001,cha_phonlamai,0.8099,False,review
cha_dam_yen_kw03_baidu_000026.jpg,cha_dam_yen,kw03,en,baidu,False,0.0457,hot_tea,0.7788,cha_dam_yen,0.997,True,auto_reject
cha_dam_yen_kw03_baidu_000028.jpg,cha_dam_yen,kw03,en,baidu,False,0.988,hot_tea,0.0078,cha_dam_yen,0.7868,True,auto_keep
cha_dam_yen_kw03_baidu_000029.jpg,cha_dam_yen,kw03,en,baidu,False,0.0012,hot_tea,0.9794,cha_dam_yen,0.9983,True,auto_reject
cha_dam_yen_kw03_baidu_000030.jpg,cha_dam_yen,kw03,en,baidu,False,0.9997,bottle,0.0002,cha_thai,0.9411,False,review
cha_dam_yen_kw03_baidu_000031.jpg,cha_dam_yen,kw03,en,baidu,False,0.9993,object,0.0005,cha_thai,0.8743,False,review
cha_dam_yen_kw03_baidu_000032.jpg,cha_dam_yen,kw03,en,baidu,False,1.0,bottle,0.0,cha_phonlamai,0.7351,False,review
cha_dam_yen_kw03_baidu_000033.jpg,cha_dam_yen,kw03,en,baidu,False,0.0005,hot_tea,0.9987,cha_dam_yen,0.9987,True,auto_reject
cha_dam_yen_kw03_baidu_000034.jpg,cha_dam_yen,kw03,en,baidu,False,0.691,hot_tea,0.2791,cha_dam_yen,0.9987,True,auto_keep
cha_dam_yen_kw03_baidu_000036.jpg,cha_dam_yen,kw03,en,baidu,False,0.9986,bottle,0.001,cha_phonlamai,0.7928,False,review
cha_dam_yen_kw03_baidu_000038.jpg,cha_dam_yen,kw03,en,baidu,False,0.0086,hot_tea,0.6448,cha_dam_yen,0.9951,True,auto_reject
cha_dam_yen_kw03_baidu_000039.jpg,cha_dam_yen,kw03,en,baidu,False,0.9999,object,0.0001,cha_dam_yen,0.9677,True,auto_keep
cha_dam_yen_kw03_baidu_000040.jpg,cha_dam_yen,kw03,en,baidu,False,0.9999,object,0.0001,cha_dam_yen,0.9936,True,auto_keep
cha_dam_yen_kw03_baidu_000041.jpg,cha_dam_yen,kw03,en,baidu,False,0.9998,bottle,0.0001,cha_dam_yen,0.6607,True,auto_keep
cha_dam_yen_kw03_baidu_000042.jpg,cha_dam_yen,kw03,en,baidu,False,1.0,object,0.0,cha_thai,0.7675,False,review
cha_dam_yen_kw03_baidu_000045.jpg,cha_dam_yen,kw03,en,baidu,False,0.9973,leaves,0.0018,cha_khiao_nom,1.0,False,review
cha_dam_yen_kw03_baidu_000046.jpg,cha_dam_yen,kw03,en,baidu,False,0.9999,object,0.0001,cha_dam_yen,0.9974,True,auto_keep
cha_dam_yen_kw03_baidu_000048.jpg,cha_dam_yen,kw03,en,baidu,False,0.0538,bottle,0.9433,cha_dam_yen,0.373,True,auto_reject
cha_dam_yen_kw03_baidu_000049.jpg,cha_dam_yen,kw03,en,baidu,False,0.9994,hot_tea,0.0005,cha_dam_yen,0.9253,True,auto_keep
cha_dam_yen_kw03_baidu_000050.jpg,cha_dam_yen,kw03,en,baidu,False,0.9997,bottle,0.0002,cha_phonlamai,0.927,False,review
cha_dam_yen_kw03_baidu_000051.jpg,cha_dam_yen,kw03,en,baidu,False,1.0,bottle,0.0,cha_phonlamai,0.811,False,review
cha_dam_yen_kw03_baidu_000052.jpg,cha_dam_yen,kw03,en,baidu,False,1.0,hot_tea,0.0,cha_phonlamai,0.5967,False,review
cha_dam_yen_kw03_baidu_000053.jpg,cha_dam_yen,kw03,en,baidu,False,0.999,object,0.001,cha_phonlamai,0.8102,False,review
cha_dam_yen_kw03_baidu_000054.jpg,cha_dam_yen,kw03,en,baidu,False,0.0017,leaves,0.8907,cha_dam_yen,0.9992,True,auto_reject
cha_dam_yen_kw03_baidu_000055.jpg,cha_dam_yen,kw03,en,baidu,False,1.0,object,0.0,cha_thai,0.9227,False,review
cha_dam_yen_kw03_baidu_000056.jpg,cha_dam_yen,kw03,en,baidu,False,0.9997,object,0.0003,cha_thai,0.9412,False,review
cha_dam_yen_kw04_bing_000000.jpg,cha_dam_yen,kw04,en,bing,False,1.0,bottle,0.0,cha_dam_yen,0.954,True,auto_keep
cha_dam_yen_kw04_bing_000001.jpg,cha_dam_yen,kw04,en,bing,False,1.0,bottle,0.0,cha_dam_yen,0.9899,True,auto_keep
cha_dam_yen_kw04_bing_000002.jpg,cha_dam_yen,kw04,en,bing,False,1.0,bottle,0.0,cha_dam_yen,0.9847,True,auto_keep
cha_dam_yen_kw04_bing_000003.jpg,cha_dam_yen,kw04,en,bing,False,0.9999,bottle,0.0001,cha_dam_yen,0.9855,True,auto_keep
cha_dam_yen_kw04_bing_000004.webp,cha_dam_yen,kw04,en,bing,False,1.0,bottle,0.0,cha_dam_yen,0.9958,True,auto_keep
cha_dam_yen_kw04_bing_000005.webp,cha_dam_yen,kw04,en,bing,False,1.0,bottle,0.0,cha_phonlamai,0.7739,False,review
cha_dam_yen_kw04_bing_000006.jpg,cha_dam_yen,kw04,en,bing,False,1.0,bottle,0.0,cha_dam_yen,0.8448,True,auto_keep
cha_dam_yen_kw04_bing_000008.jpg,cha_dam_yen,kw04,en,bing,False,0.9978,leaves,0.002,cha_dam_yen,0.9984,True,auto_keep
cha_dam_yen_kw04_bing_000009.png,cha_dam_yen,kw04,en,bing,False,1.0,bottle,0.0,cha_dam_yen,0.8502,True,auto_keep
cha_dam_yen_kw04_bing_000010.jpg,cha_dam_yen,kw04,en,bing,False,1.0,bottle,0.0,cha_dam_yen,0.8938,True,auto_keep
cha_dam_yen_kw04_bing_000011.jpg,cha_dam_yen,kw04,en,bing,False,1.0,bottle,0.0,cha_dam_yen,0.8961,True,auto_keep
cha_dam_yen_kw04_bing_000013.png,cha_dam_yen,kw04,en,bing,False,1.0,object,0.0,cha_dam_yen,0.9951,True,auto_keep
cha_dam_yen_kw04_bing_000014.jpg,cha_dam_yen,kw04,en,bing,False,0.0007,bottle,0.9989,cha_dam_yen,0.9908,True,auto_reject
cha_dam_yen_kw04_bing_000015.png,cha_dam_yen,kw04,en,bing,False,0.9994,object,0.0006,cha_dam_yen,0.5419,True,auto_keep
cha_dam_yen_kw04_bing_000016.webp,cha_dam_yen,kw04,en,bing,False,1.0,bottle,0.0,cha_dam_yen,0.5867,True,auto_keep
cha_dam_yen_kw04_bing_000017.jpg,cha_dam_yen,kw04,en,bing,False,1.0,bottle,0.0,cha_dam_yen,0.8505,True,auto_keep
cha_dam_yen_kw04_bing_000018.jpg,cha_dam_yen,kw04,en,bing,False,0.9999,bottle,0.0,cha_dam_yen,0.98,True,auto_keep
cha_dam_yen_kw04_bing_000019.jpg,cha_dam_yen,kw04,en,bing,False,1.0,bottle,0.0,cha_dam_yen,0.6543,True,auto_keep
cha_dam_yen_kw04_bing_000020.jpg,cha_dam_yen,kw04,en,bing,False,0.9999,hot_tea,0.0001,cha_thai,0.7898,False,review
cha_dam_yen_kw04_bing_000021.jpg,cha_dam_yen,kw04,en,bing,False,1.0,object,0.0,cha_dam_yen,0.9705,True,auto_keep
cha_dam_yen_kw04_bing_000023.webp,cha_dam_yen,kw04,en,bing,False,1.0,object,0.0,cha_dam_yen,0.7453,True,auto_keep
cha_dam_yen_kw04_bing_000025.jpg,cha_dam_yen,kw04,en,bing,False,1.0,object,0.0,cha_dam_yen,0.9591,True,auto_keep
cha_dam_yen_kw04_bing_000026.jpg,cha_dam_yen,kw04,en,bing,False,0.8935,bottle,0.1053,cha_phonlamai,0.9789,False,review
cha_dam_yen_kw04_bing_000027.jpg,cha_dam_yen,kw04,en,bing,False,1.0,bottle,0.0,cha_dam_yen,0.817,True,auto_keep
cha_dam_yen_kw04_bing_000029.png,cha_dam_yen,kw04,en,bing,False,1.0,bottle,0.0,cha_dam_yen,0.5353,True,auto_keep
cha_dam_yen_kw04_bing_000030.jpg,cha_dam_yen,kw04,en,bing,False,0.9997,object,0.0002,cha_dam_yen,0.6992,True,auto_keep
cha_dam_yen_kw04_bing_000032.jpg,cha_dam_yen,kw04,en,bing,False,1.0,bottle,0.0,cha_dam_yen,0.6957,True,auto_keep
cha_dam_yen_kw04_bing_000034.webp,cha_dam_yen,kw04,en,bing,False,0.9991,object,0.0005,cha_dam_yen,0.9353,True,auto_keep
cha_dam_yen_kw04_bing_000035.jpg,cha_dam_yen,kw04,en,bing,False,0.9992,object,0.0006,cha_dam_yen,0.5656,True,auto_keep
cha_dam_yen_kw04_bing_000036.jpg,cha_dam_yen,kw04,en,bing,False,0.9998,bottle,0.0001,cha_thai,0.5181,False,review
cha_dam_yen_kw04_bing_000037.png,cha_dam_yen,kw04,en,bing,False,0.9999,text,0.0,cha_dam_yen,0.6861,True,auto_keep
cha_dam_yen_kw04_bing_000039.jpg,cha_dam_yen,kw04,en,bing,True,1.0,bottle,0.0,cha_dam_yen,0.8615,True,review
cha_dam_yen_kw04_bing_000040.jpg,cha_dam_yen,kw04,en,bing,False,0.0,hot_tea,0.9964,cha_dam_yen,0.9997,True,auto_reject
cha_dam_yen_kw04_bing_000041.jpg,cha_dam_yen,kw04,en,bing,False,1.0,object,0.0,cha_nom_khai_muk,0.5953,False,review
cha_dam_yen_kw04_bing_000042.webp,cha_dam_yen,kw04,en,bing,False,1.0,bottle,0.0,cha_dam_yen,0.9687,True,auto_keep
cha_dam_yen_kw04_bing_000043.jpg,cha_dam_yen,kw04,en,bing,False,0.848,bottle,0.0859,cha_dam_yen,0.9257,True,auto_keep
cha_dam_yen_kw04_bing_000044.jpg,cha_dam_yen,kw04,en,bing,False,0.9998,object,0.0001,cha_dam_yen,0.9619,True,auto_keep
cha_dam_yen_kw04_bing_000045.jpg,cha_dam_yen,kw04,en,bing,False,0.0,hot_tea,0.9426,cha_dam_yen,0.9987,True,auto_reject
cha_dam_yen_kw04_bing_000046.jpg,cha_dam_yen,kw04,en,bing,False,0.0,hot_tea,0.9892,cha_dam_yen,0.9996,True,auto_reject
cha_dam_yen_kw04_bing_000047.jpg,cha_dam_yen,kw04,en,bing,False,1.0,object,0.0,cha_dam_yen,0.6842,True,auto_keep
cha_dam_yen_kw04_bing_000049.jpg,cha_dam_yen,kw04,en,bing,False,0.9997,object,0.0002,cha_dam_yen,0.7701,True,auto_keep
cha_dam_yen_kw04_bing_000050.png,cha_dam_yen,kw04,en,bing,False,1.0,object,0.0,cha_dam_yen,0.9548,True,auto_keep
cha_dam_yen_kw04_bing_000052.png,cha_dam_yen,kw04,en,bing,False,1.0,object,0.0,cha_dam_yen,0.9794,True,auto_keep
cha_dam_yen_kw04_bing_000053.jpg,cha_dam_yen,kw04,en,bing,False,0.9993,hot_tea,0.0006,cha_dam_yen,0.9158,True,auto_keep
cha_dam_yen_kw04_bing_000055.webp,cha_dam_yen,kw04,en,bing,False,1.0,object,0.0,cha_dam_yen,0.9678,True,auto_keep
cha_dam_yen_kw04_bing_000056.jpg,cha_dam_yen,kw04,en,bing,False,1.0,object,0.0,cha_thai,0.6667,False,review
cha_dam_yen_kw04_bing_000057.jpg,cha_dam_yen,kw04,en,bing,False,0.9999,object,0.0001,cha_thai,0.9108,False,review
cha_dam_yen_kw04_bing_000058.jpg,cha_dam_yen,kw04,en,bing,False,1.0,object,0.0,cha_dam_yen,0.9157,True,auto_keep
cha_dam_yen_kw04_bing_000060.jpg,cha_dam_yen,kw04,en,bing,False,1.0,hot_tea,0.0,cha_dam_yen,0.4128,True,auto_keep
cha_dam_yen_kw04_bing_000061.jpg,cha_dam_yen,kw04,en,bing,False,1.0,object,0.0,cha_dam_yen,0.998,True,auto_keep
cha_dam_yen_kw04_bing_000062.jpg,cha_dam_yen,kw04,en,bing,False,0.0,hot_tea,0.9999,cha_dam_yen,0.9986,True,auto_reject
cha_dam_yen_kw04_bing_000064.jpg,cha_dam_yen,kw04,en,bing,False,0.9945,bottle,0.0053,cha_dam_yen,0.746,True,auto_keep
cha_dam_yen_kw04_bing_000066.jpg,cha_dam_yen,kw04,en,bing,True,0.0007,hot_tea,0.8712,cha_dam_yen,0.9728,True,auto_reject
cha_dam_yen_kw04_bing_000067.jpg,cha_dam_yen,kw04,en,bing,False,0.174,hot_tea,0.8083,cha_phonlamai,0.7422,False,review
cha_dam_yen_kw04_bing_000068.jpg,cha_dam_yen,kw04,en,bing,True,0.0001,hot_tea,0.9996,cha_phonlamai,0.5681,False,auto_reject
cha_dam_yen_kw04_bing_000071.jpg,cha_dam_yen,kw04,en,bing,False,0.9973,bottle,0.0025,cha_dam_yen,0.5929,True,auto_keep
cha_dam_yen_kw04_bing_000072.jpg,cha_dam_yen,kw04,en,bing,False,1.0,bottle,0.0,cha_dam_yen,0.5457,True,auto_keep
cha_dam_yen_kw04_bing_000073.jpg,cha_dam_yen,kw04,en,bing,False,0.997,object,0.0024,cha_khiao_nom,0.9997,False,review
cha_dam_yen_kw04_bing_000074.jpg,cha_dam_yen,kw04,en,bing,False,0.0,object,0.9939,cha_dam_yen,0.6188,True,auto_reject
cha_dam_yen_kw04_bing_000075.jpg,cha_dam_yen,kw04,en,bing,False,0.9742,bottle,0.0223,cha_dam_yen,0.9891,True,auto_keep
cha_dam_yen_kw04_bing_000076.jpg,cha_dam_yen,kw04,en,bing,False,0.0695,object,0.7512,cha_thai,0.7309,False,auto_reject
cha_dam_yen_kw04_bing_000077.jpg,cha_dam_yen,kw04,en,bing,False,0.0,object,0.9925,cha_dam_yen,0.4436,True,auto_reject
cha_dam_yen_kw04_bing_000078.jpg,cha_dam_yen,kw04,en,bing,False,1.0,object,0.0,cha_thai,0.9674,False,review
cha_dam_yen_kw04_bing_000080.png,cha_dam_yen,kw04,en,bing,True,0.9995,text,0.0002,cha_nom_khai_muk,1.0,False,review
cha_dam_yen_kw04_bing_000082.jpg,cha_dam_yen,kw04,en,bing,False,0.9991,object,0.0004,cha_khiao_nom,0.9998,False,review
cha_dam_yen_kw04_bing_000083.jpg,cha_dam_yen,kw04,en,bing,False,1.0,bottle,0.0,cha_thai,0.9929,False,review
cha_dam_yen_kw04_bing_000084.jpg,cha_dam_yen,kw04,en,bing,False,0.998,object,0.0015,cha_khiao_nom,0.9995,False,review
cha_dam_yen_kw04_bing_000085.jpg,cha_dam_yen,kw04,en,bing,False,0.0,hot_tea,0.9999,cha_nom_khai_muk,0.7944,False,auto_reject
cha_dam_yen_kw04_bing_000087.jpg,cha_dam_yen,kw04,en,bing,False,0.9792,bottle,0.0208,cha_thai,0.9773,False,review
cha_dam_yen_kw04_bing_000091.jpg,cha_dam_yen,kw04,en,bing,False,0.9997,object,0.0002,cha_khiao_nom,0.9964,False,review
cha_dam_yen_kw04_bing_000092.jpg,cha_dam_yen,kw04,en,bing,False,1.0,bottle,0.0,cha_thai,0.9688,False,review
cha_dam_yen_kw04_bing_000093.jpg,cha_dam_yen,kw04,en,bing,False,0.0001,object,0.9849,cha_dam_yen,0.5182,True,auto_reject
cha_dam_yen_kw04_bing_000094.jpg,cha_dam_yen,kw04,en,bing,False,0.9995,bottle,0.0003,cha_thai,0.7954,False,review
cha_dam_yen_kw04_bing_000096.png,cha_dam_yen,kw04,en,bing,False,0.5946,object,0.3503,cha_dam_yen,0.9035,True,review
cha_dam_yen_kw04_bing_000098.png,cha_dam_yen,kw04,en,bing,False,0.0002,illustration,0.9055,cha_nom_khai_muk,0.5724,False,auto_reject
cha_dam_yen_kw04_bing_000101.png,cha_dam_yen,kw04,en,bing,False,0.779,bottle,0.1517,cha_thai,0.5679,False,review
cha_dam_yen_kw04_bing_000102.jpg,cha_dam_yen,kw04,en,bing,False,0.3752,hot_tea,0.4138,cha_khiao_nom,0.9291,False,review
cha_dam_yen_kw04_bing_000104.jpg,cha_dam_yen,kw04,en,bing,False,0.0013,object,0.8785,cha_dam_yen,0.8079,True,auto_reject
cha_dam_yen_kw04_bing_000107.jpg,cha_dam_yen,kw04,en,bing,False,0.0173,hot_tea,0.8774,cha_dam_yen,0.9993,True,auto_reject
cha_dam_yen_kw04_bing_000108.jpg,cha_dam_yen,kw04,en,bing,False,0.0666,hot_tea,0.9321,cha_thai,0.5805,False,auto_reject
cha_dam_yen_kw04_bing_000109.jpg,cha_dam_yen,kw04,en,bing,True,0.0009,object,0.6129,cha_phonlamai,0.8909,False,auto_reject
cha_dam_yen_kw04_bing_000110.jpg,cha_dam_yen,kw04,en,bing,False,0.2063,bottle,0.7813,cha_khiao_nom,0.7814,False,review
cha_dam_yen_kw04_bing_000111.jpg,cha_dam_yen,kw04,en,bing,False,0.8745,object,0.0699,cha_phonlamai,0.5602,False,review
cha_dam_yen_kw04_bing_000112.jpg,cha_dam_yen,kw04,en,bing,False,0.7646,hot_tea,0.1913,cha_thai,0.9374,False,review
cha_dam_yen_kw04_bing_000113.jpg,cha_dam_yen,kw04,en,bing,False,0.9943,bottle,0.0056,cha_dam_yen,0.9433,True,auto_keep
cha_dam_yen_kw04_baidu_000003.jpg,cha_dam_yen,kw04,en,baidu,False,1.0,person,0.0,cha_thai,0.9721,False,review
cha_dam_yen_kw04_baidu_000004.jpg,cha_dam_yen,kw04,en,baidu,False,0.4261,bottle,0.5132,cha_thai,0.668,False,review
cha_dam_yen_kw04_baidu_000005.jpg,cha_dam_yen,kw04,en,baidu,False,0.9999,object,0.0001,cha_nom_khai_muk,0.8348,False,review
cha_dam_yen_kw04_baidu_000006.jpg,cha_dam_yen,kw04,en,baidu,False,0.1635,hot_tea,0.4559,cha_dam_yen,0.5048,True,review
cha_dam_yen_kw04_baidu_000007.jpg,cha_dam_yen,kw04,en,baidu,False,0.9998,object,0.0002,cha_nom_khai_muk,0.9192,False,review
cha_dam_yen_kw04_baidu_000008.jpg,cha_dam_yen,kw04,en,baidu,False,1.0,object,0.0,cha_dam_yen,0.9636,True,auto_keep
cha_dam_yen_kw04_baidu_000009.jpg,cha_dam_yen,kw04,en,baidu,False,0.9999,bottle,0.0001,cha_dam_yen,0.969,True,auto_keep
cha_dam_yen_kw04_baidu_000010.jpg,cha_dam_yen,kw04,en,baidu,False,0.9998,hot_tea,0.0001,cha_dam_yen,0.9995,True,auto_keep
cha_dam_yen_kw04_baidu_000011.jpg,cha_dam_yen,kw04,en,baidu,False,0.9997,object,0.0002,cha_dam_yen,0.9794,True,auto_keep
cha_dam_yen_kw04_baidu_000013.jpg,cha_dam_yen,kw04,en,baidu,True,0.9996,object,0.0004,cha_khiao_nom,0.9996,False,review
cha_dam_yen_kw04_baidu_000014.jpg,cha_dam_yen,kw04,en,baidu,False,1.0,object,0.0,cha_nom_khai_muk,0.7439,False,review
cha_dam_yen_kw04_baidu_000015.jpg,cha_dam_yen,kw04,en,baidu,False,0.9862,bottle,0.0122,cha_dam_yen,0.9988,True,auto_keep
cha_dam_yen_kw04_baidu_000016.jpg,cha_dam_yen,kw04,en,baidu,False,1.0,bottle,0.0,cha_dam_yen,0.9883,True,auto_keep
cha_dam_yen_kw04_baidu_000017.jpg,cha_dam_yen,kw04,en,baidu,False,0.9999,object,0.0001,cha_dam_yen,0.5997,True,auto_keep
cha_dam_yen_kw04_baidu_000019.jpg,cha_dam_yen,kw04,en,baidu,False,1.0,object,0.0,cha_dam_yen,0.9638,True,auto_keep
cha_dam_yen_kw04_baidu_000020.jpg,cha_dam_yen,kw04,en,baidu,False,1.0,object,0.0,cha_dam_yen,0.9527,True,auto_keep
cha_dam_yen_kw04_baidu_000021.jpg,cha_dam_yen,kw04,en,baidu,False,0.9988,object,0.0009,cha_dam_yen,0.9866,True,auto_keep
cha_dam_yen_kw04_baidu_000023.jpg,cha_dam_yen,kw04,en,baidu,False,0.9997,hot_tea,0.0003,cha_thai,0.8441,False,review
cha_dam_yen_kw04_baidu_000024.jpg,cha_dam_yen,kw04,en,baidu,False,0.9999,object,0.0,cha_dam_yen,0.9644,True,auto_keep
cha_dam_yen_kw04_baidu_000025.jpg,cha_dam_yen,kw04,en,baidu,False,0.9994,object,0.0005,cha_dam_yen,0.632,True,auto_keep
cha_dam_yen_kw04_baidu_000026.jpg,cha_dam_yen,kw04,en,baidu,False,0.9983,object,0.0016,cha_nom_khai_muk,0.9662,False,review
cha_dam_yen_kw04_baidu_000027.jpg,cha_dam_yen,kw04,en,baidu,False,0.9997,hot_tea,0.0001,cha_thai,0.9742,False,review
cha_dam_yen_kw04_baidu_000028.jpg,cha_dam_yen,kw04,en,baidu,False,1.0,object,0.0,cha_nom_khai_muk,0.7728,False,review
cha_dam_yen_kw04_baidu_000029.jpg,cha_dam_yen,kw04,en,baidu,False,0.9998,leaves,0.0001,cha_thai,0.8997,False,review
cha_dam_yen_kw04_baidu_000030.jpg,cha_dam_yen,kw04,en,baidu,True,0.9994,bottle,0.0005,cha_nom_khai_muk,0.9684,False,review
cha_dam_yen_kw04_baidu_000031.jpg,cha_dam_yen,kw04,en,baidu,False,1.0,object,0.0,cha_dam_yen,0.5803,True,auto_keep
cha_dam_yen_kw04_baidu_000032.jpg,cha_dam_yen,kw04,en,baidu,False,1.0,object,0.0,cha_thai,0.6371,False,review
cha_dam_yen_kw04_baidu_000033.jpg,cha_dam_yen,kw04,en,baidu,False,1.0,object,0.0,cha_nom_khai_muk,0.758,False,review
cha_dam_yen_kw04_baidu_000034.jpg,cha_dam_yen,kw04,en,baidu,False,1.0,object,0.0,cha_dam_yen,0.9843,True,auto_keep
cha_dam_yen_kw04_baidu_000035.jpg,cha_dam_yen,kw04,en,baidu,False,1.0,object,0.0,cha_nom_khai_muk,0.8333,False,review
cha_dam_yen_kw04_baidu_000036.jpg,cha_dam_yen,kw04,en,baidu,False,0.9992,object,0.0004,cha_dam_yen,0.999,True,auto_keep
cha_dam_yen_kw04_baidu_000037.jpg,cha_dam_yen,kw04,en,baidu,False,1.0,bottle,0.0,cha_thai,0.427,False,review
cha_dam_yen_kw04_baidu_000038.jpg,cha_dam_yen,kw04,en,baidu,False,0.9762,hot_tea,0.0228,cha_nom_khai_muk,0.8096,False,review
cha_dam_yen_kw04_baidu_000040.jpg,cha_dam_yen,kw04,en,baidu,False,0.9197,object,0.0543,cha_dam_yen,0.9928,True,auto_keep
cha_dam_yen_kw04_baidu_000041.jpg,cha_dam_yen,kw04,en,baidu,True,1.0,leaves,0.0,cha_khiao_nom,0.9996,False,review
cha_dam_yen_kw04_baidu_000042.jpg,cha_dam_yen,kw04,en,baidu,False,1.0,object,0.0,cha_khiao_nom,0.7708,False,review
cha_dam_yen_kw04_baidu_000043.jpg,cha_dam_yen,kw04,en,baidu,False,0.9999,bottle,0.0,cha_dam_yen,0.6465,True,auto_keep
cha_dam_yen_kw04_baidu_000044.jpg,cha_dam_yen,kw04,en,baidu,False,0.9999,hot_tea,0.0,cha_dam_yen,0.561,True,auto_keep
cha_dam_yen_kw04_baidu_000045.jpg,cha_dam_yen,kw04,en,baidu,False,0.0002,hot_tea,0.9806,cha_nom_khai_muk,0.6904,False,auto_reject
cha_dam_yen_kw04_baidu_000046.jpg,cha_dam_yen,kw04,en,baidu,False,0.9999,object,0.0001,cha_dam_yen,0.9895,True,auto_keep
cha_dam_yen_kw04_baidu_000047.jpg,cha_dam_yen,kw04,en,baidu,False,0.9983,text,0.0011,cha_khiao_nom,0.7489,False,review
cha_dam_yen_kw04_baidu_000048.jpg,cha_dam_yen,kw04,en,baidu,False,0.9971,object,0.0027,cha_dam_yen,0.9571,True,auto_keep
cha_dam_yen_kw04_baidu_000049.jpg,cha_dam_yen,kw04,en,baidu,False,0.3518,hot_tea,0.6403,cha_dam_yen,0.5739,True,review
cha_dam_yen_kw04_baidu_000050.jpg,cha_dam_yen,kw04,en,baidu,False,0.9999,bottle,0.0001,cha_khiao_nom,0.8131,False,review
cha_dam_yen_kw04_baidu_000051.jpg,cha_dam_yen,kw04,en,baidu,False,0.9995,hot_tea,0.0003,cha_dam_yen,0.9862,True,auto_keep
cha_dam_yen_kw04_baidu_000052.jpg,cha_dam_yen,kw04,en,baidu,False,0.0285,hot_tea,0.9574,cha_dam_yen,0.9666,True,auto_reject
cha_dam_yen_kw04_baidu_000053.jpg,cha_dam_yen,kw04,en,baidu,False,0.9479,object,0.0401,cha_dam_yen,0.7534,True,auto_keep
cha_dam_yen_kw04_baidu_000054.png,cha_dam_yen,kw04,en,baidu,False,0.9981,bottle,0.0011,cha_nom_khai_muk,0.4273,False,review
cha_dam_yen_kw04_baidu_000055.jpg,cha_dam_yen,kw04,en,baidu,False,0.9999,object,0.0001,cha_dam_yen,0.5886,True,auto_keep
cha_dam_yen_kw04_baidu_000056.jpg,cha_dam_yen,kw04,en,baidu,False,1.0,object,0.0,cha_thai,0.5305,False,review
cha_dam_yen_kw04_baidu_000057.png,cha_dam_yen,kw04,en,baidu,False,0.9999,object,0.0001,cha_thai,0.8116,False,review
cha_dam_yen_kw05_bing_000009.webp,cha_dam_yen,kw05,th,bing,False,1.0,bottle,0.0,cha_dam_yen,0.9171,True,auto_keep
cha_dam_yen_kw05_bing_000012.jpg,cha_dam_yen,kw05,th,bing,False,0.4587,bottle,0.507,cha_dam_yen,0.4429,True,review
cha_dam_yen_kw05_bing_000016.jpg,cha_dam_yen,kw05,th,bing,False,0.9137,bottle,0.084,cha_dam_yen,0.7956,True,auto_keep
cha_dam_yen_kw05_bing_000017.jpg,cha_dam_yen,kw05,th,bing,True,0.0065,bottle,0.986,cha_thai,0.9517,False,auto_reject
cha_dam_yen_kw05_bing_000020.jpg,cha_dam_yen,kw05,th,bing,False,0.1749,bottle,0.8201,cha_thai,0.7269,False,review
cha_dam_yen_kw05_bing_000021.jpg,cha_dam_yen,kw05,th,bing,False,0.8015,bottle,0.1689,cha_thai,0.6749,False,review
cha_dam_yen_kw05_bing_000025.jpg,cha_dam_yen,kw05,th,bing,True,0.2722,bottle,0.4845,cha_nom_khai_muk,0.8371,False,review
cha_dam_yen_kw05_bing_000026.jpg,cha_dam_yen,kw05,th,bing,False,0.0,bottle,0.995,cha_dam_yen,0.9963,True,auto_reject
cha_dam_yen_kw05_bing_000027.jpg,cha_dam_yen,kw05,th,bing,False,0.4505,bottle,0.5467,cha_dam_yen,0.9071,True,review
cha_dam_yen_kw05_bing_000028.jpg,cha_dam_yen,kw05,th,bing,False,0.0002,bottle,0.9724,cha_nom_khai_muk,0.5033,False,auto_reject
cha_dam_yen_kw05_bing_000029.jpg,cha_dam_yen,kw05,th,bing,True,0.9452,bottle,0.0546,cha_nom_khai_muk,0.5443,False,review
cha_dam_yen_kw05_bing_000030.jpg,cha_dam_yen,kw05,th,bing,False,0.0,bottle,0.9997,cha_dam_yen,0.9834,True,auto_reject
cha_dam_yen_kw05_bing_000032.jpg,cha_dam_yen,kw05,th,bing,True,0.9845,object,0.0136,cha_dam_yen,0.6128,True,review
cha_dam_yen_kw05_bing_000034.jpg,cha_dam_yen,kw05,th,bing,False,0.0,bottle,0.9998,cha_dam_yen,0.9996,True,auto_reject
cha_dam_yen_kw05_bing_000039.png,cha_dam_yen,kw05,th,bing,False,0.9989,bottle,0.0007,cha_dam_yen,0.9959,True,auto_keep
cha_dam_yen_kw05_bing_000044.jpg,cha_dam_yen,kw05,th,bing,True,0.9987,bottle,0.0008,cha_khiao_nom,0.5681,False,review
cha_dam_yen_kw05_bing_000052.jpg,cha_dam_yen,kw05,th,bing,False,0.0,bottle,0.906,cha_dam_yen,0.9935,True,auto_reject
cha_dam_yen_kw05_bing_000054.jpg,cha_dam_yen,kw05,th,bing,False,0.7573,bottle,0.2423,cha_nom_khai_muk,0.3965,False,review
cha_dam_yen_kw05_bing_000056.jpg,cha_dam_yen,kw05,th,bing,False,0.3246,bottle,0.5675,cha_thai,0.8388,False,review
cha_dam_yen_kw05_bing_000057.jpg,cha_dam_yen,kw05,th,bing,False,0.3781,bottle,0.599,cha_dam_yen,0.9699,True,review
cha_dam_yen_kw05_bing_000059.jpg,cha_dam_yen,kw05,th,bing,False,0.0001,bottle,0.999,cha_dam_yen,0.9937,True,auto_reject
cha_dam_yen_kw05_bing_000060.jpg,cha_dam_yen,kw05,th,bing,False,0.0019,bottle,0.9958,cha_dam_yen,0.9984,True,auto_reject
cha_dam_yen_kw05_bing_000066.jpg,cha_dam_yen,kw05,th,bing,False,0.0,bottle,0.9329,cha_dam_yen,0.9994,True,auto_reject
cha_dam_yen_kw05_bing_000067.jpg,cha_dam_yen,kw05,th,bing,False,0.0004,bottle,0.9931,cha_nom_khai_muk,0.6524,False,auto_reject
cha_dam_yen_kw05_bing_000068.jpg,cha_dam_yen,kw05,th,bing,False,0.0,bottle,0.9997,cha_dam_yen,0.9938,True,auto_reject
cha_dam_yen_kw05_bing_000076.jpg,cha_dam_yen,kw05,th,bing,True,0.0018,bottle,0.9982,cha_phonlamai,0.5848,False,auto_reject
cha_dam_yen_kw05_bing_000077.jpg,cha_dam_yen,kw05,th,bing,False,0.0006,bottle,0.7681,cha_dam_yen,0.7131,True,auto_reject
cha_dam_yen_kw05_bing_000078.jpg,cha_dam_yen,kw05,th,bing,False,0.0004,bottle,0.9981,cha_dam_yen,0.9505,True,auto_reject
cha_dam_yen_kw05_bing_000080.jpg,cha_dam_yen,kw05,th,bing,False,0.0,bottle,0.9997,cha_dam_yen,0.868,True,auto_reject
cha_dam_yen_kw05_bing_000081.jpg,cha_dam_yen,kw05,th,bing,False,0.1188,object,0.3965,cha_khiao_nom,0.6449,False,auto_reject
cha_dam_yen_kw05_bing_000085.jpg,cha_dam_yen,kw05,th,bing,False,0.0,bottle,0.9997,cha_dam_yen,0.9378,True,auto_reject
cha_dam_yen_kw05_bing_000088.jpg,cha_dam_yen,kw05,th,bing,False,0.0025,leaves,0.7861,cha_dam_yen,0.9742,True,auto_reject
cha_dam_yen_kw05_bing_000089.jpg,cha_dam_yen,kw05,th,bing,False,0.0003,bottle,0.9368,cha_dam_yen,0.9801,True,auto_reject
cha_dam_yen_kw05_bing_000091.jpg,cha_dam_yen,kw05,th,bing,False,0.5691,bottle,0.4294,cha_thai,0.5401,False,review
cha_dam_yen_kw05_bing_000092.jpg,cha_dam_yen,kw05,th,bing,True,0.9999,bottle,0.0001,cha_thai,0.9104,False,review
cha_dam_yen_kw05_bing_000099.jpg,cha_dam_yen,kw05,th,bing,False,0.0,bottle,0.9766,cha_dam_yen,0.9963,True,auto_reject
cha_dam_yen_kw06_bing_000000.jpg,cha_dam_yen,kw06,th,bing,False,0.9994,object,0.0006,cha_phonlamai,0.6628,False,review
cha_dam_yen_kw06_bing_000002.jpg,cha_dam_yen,kw06,th,bing,False,0.0216,bottle,0.9711,cha_dam_yen,0.9997,True,auto_reject
cha_dam_yen_kw06_bing_000009.jpg,cha_dam_yen,kw06,th,bing,True,0.9983,object,0.0017,cha_nom_khai_muk,0.9098,False,review
cha_dam_yen_kw06_bing_000010.jpg,cha_dam_yen,kw06,th,bing,False,0.9932,bottle,0.0057,cha_thai,0.5646,False,review
cha_dam_yen_kw06_bing_000012.jpg,cha_dam_yen,kw06,th,bing,True,1.0,object,0.0,cha_nom_khai_muk,0.9661,False,review
cha_dam_yen_kw06_bing_000013.jpg,cha_dam_yen,kw06,th,bing,True,0.9998,bottle,0.0002,cha_khiao_nom,0.6005,False,review
cha_dam_yen_kw06_bing_000014.jpg,cha_dam_yen,kw06,th,bing,True,0.984,object,0.0158,cha_thai,0.4914,False,review
cha_dam_yen_kw06_bing_000015.jpg,cha_dam_yen,kw06,th,bing,False,0.9998,object,0.0001,cha_thai,0.9876,False,review
cha_dam_yen_kw06_bing_000017.jpg,cha_dam_yen,kw06,th,bing,True,0.017,text,0.8115,cha_phonlamai,0.8517,False,auto_reject
cha_dam_yen_kw06_bing_000018.jpg,cha_dam_yen,kw06,th,bing,True,0.7337,text,0.2628,cha_thai,0.9967,False,review
cha_dam_yen_kw06_bing_000019.jpg,cha_dam_yen,kw06,th,bing,False,0.9998,object,0.0002,cha_dam_yen,0.9961,True,auto_keep
cha_dam_yen_kw06_bing_000023.jpg,cha_dam_yen,kw06,th,bing,False,0.9977,hot_tea,0.0012,cha_thai,0.7234,False,review
cha_dam_yen_kw06_bing_000024.jpg,cha_dam_yen,kw06,th,bing,False,0.9883,object,0.0049,cha_thai,0.9139,False,review
cha_dam_yen_kw06_bing_000025.jpg,cha_dam_yen,kw06,th,bing,False,0.0007,bottle,0.9461,cha_dam_yen,0.7379,True,auto_reject
cha_dam_yen_kw06_bing_000027.jpg,cha_dam_yen,kw06,th,bing,False,1.0,object,0.0,cha_dam_yen,0.9979,True,auto_keep
cha_dam_yen_kw06_bing_000028.jpg,cha_dam_yen,kw06,th,bing,False,0.9999,object,0.0001,cha_nom_khai_muk,0.6677,False,review
cha_dam_yen_kw06_bing_000029.jpg,cha_dam_yen,kw06,th,bing,False,0.0019,bottle,0.8225,cha_dam_yen,0.9995,True,auto_reject
cha_dam_yen_kw06_bing_000031.jpg,cha_dam_yen,kw06,th,bing,False,1.0,object,0.0,cha_thai,0.982,False,review
cha_dam_yen_kw06_bing_000034.jpg,cha_dam_yen,kw06,th,bing,False,0.999,bottle,0.001,cha_dam_yen,0.9943,True,auto_keep
cha_dam_yen_kw06_bing_000037.jpg,cha_dam_yen,kw06,th,bing,False,0.9999,hot_tea,0.0,cha_khiao_nom,0.9301,False,review
cha_dam_yen_kw06_bing_000041.jpg,cha_dam_yen,kw06,th,bing,True,0.1136,bottle,0.882,cha_thai,0.6376,False,auto_reject
cha_dam_yen_kw06_bing_000042.jpg,cha_dam_yen,kw06,th,bing,False,0.1341,text,0.431,cha_thai,0.7915,False,auto_reject
cha_dam_yen_kw06_bing_000046.jpg,cha_dam_yen,kw06,th,bing,True,0.9997,object,0.0002,cha_khiao_nom,0.6954,False,review
cha_dam_yen_kw06_bing_000050.jpg,cha_dam_yen,kw06,th,bing,True,0.3578,bottle,0.4432,cha_thai,0.9921,False,review
cha_dam_yen_kw06_bing_000051.jpg,cha_dam_yen,kw06,th,bing,True,0.8581,logo,0.0836,cha_nom_khai_muk,0.7407,False,review
cha_dam_yen_kw06_bing_000052.jpg,cha_dam_yen,kw06,th,bing,False,1.0,bottle,0.0,cha_dam_yen,0.8929,True,auto_keep
cha_dam_yen_kw06_bing_000053.jpg,cha_dam_yen,kw06,th,bing,False,0.0,text,0.9977,cha_dam_yen,0.928,True,auto_reject
cha_dam_yen_kw06_bing_000055.jpg,cha_dam_yen,kw06,th,bing,False,1.0,object,0.0,cha_khiao_nom,0.9298,False,review
cha_dam_yen_kw06_bing_000057.jpg,cha_dam_yen,kw06,th,bing,False,0.0005,object,0.8125,cha_dam_yen,0.9042,True,auto_reject
cha_dam_yen_kw06_bing_000060.jpg,cha_dam_yen,kw06,th,bing,False,0.2511,bottle,0.7044,cha_thai,0.669,False,review
cha_dam_yen_kw06_bing_000062.jpg,cha_dam_yen,kw06,th,bing,True,0.9945,bottle,0.0053,cha_khiao_nom,0.8589,False,review
cha_dam_yen_kw06_bing_000063.jpg,cha_dam_yen,kw06,th,bing,True,1.0,object,0.0,cha_nom_khai_muk,0.9205,False,review
cha_dam_yen_kw06_bing_000064.jpg,cha_dam_yen,kw06,th,bing,True,1.0,hot_tea,0.0,cha_dam_yen,0.8653,True,review
cha_dam_yen_kw06_bing_000065.jpg,cha_dam_yen,kw06,th,bing,False,0.6807,object,0.2223,cha_thai,0.9648,False,review
cha_dam_yen_kw06_bing_000067.jpg,cha_dam_yen,kw06,th,bing,True,0.9998,object,0.0002,cha_nom_khai_muk,0.6947,False,review
cha_dam_yen_kw06_bing_000072.jpg,cha_dam_yen,kw06,th,bing,True,0.9787,text,0.021,cha_thai,0.5991,False,review
cha_dam_yen_kw06_bing_000074.jpg,cha_dam_yen,kw06,th,bing,False,0.0001,leaves,0.9963,cha_dam_yen,0.9052,True,auto_reject
cha_dam_yen_kw06_bing_000075.jpg,cha_dam_yen,kw06,th,bing,False,0.0004,object,0.9048,cha_thai,0.8592,False,auto_reject
cha_dam_yen_kw06_bing_000076.jpg,cha_dam_yen,kw06,th,bing,True,0.9998,hot_tea,0.0001,cha_dam_yen,0.9129,True,review
cha_dam_yen_kw06_bing_000078.png,cha_dam_yen,kw06,th,bing,False,0.0198,leaves,0.4816,cha_nom_khai_muk,0.7339,False,auto_reject
cha_dam_yen_kw06_bing_000079.jpg,cha_dam_yen,kw06,th,bing,True,0.0001,text,0.8653,cha_dam_yen,0.9445,True,auto_reject
cha_dam_yen_kw06_bing_000080.jpg,cha_dam_yen,kw06,th,bing,True,0.9998,object,0.0002,cha_khiao_nom,0.9894,False,review
cha_dam_yen_kw06_bing_000082.jpg,cha_dam_yen,kw06,th,bing,True,0.005,object,0.4686,cha_thai,0.4605,False,auto_reject
cha_dam_yen_kw06_bing_000091.jpg,cha_dam_yen,kw06,th,bing,False,0.0129,object,0.9616,cha_thai,0.9535,False,auto_reject
cha_dam_yen_kw06_bing_000092.jpg,cha_dam_yen,kw06,th,bing,True,0.0581,object,0.6209,cha_thai,0.8364,False,auto_reject
cha_dam_yen_kw06_bing_000094.jpg,cha_dam_yen,kw06,th,bing,False,0.9998,object,0.0002,cha_nom_khai_muk,0.8744,False,review
cha_dam_yen_kw06_bing_000095.jpg,cha_dam_yen,kw06,th,bing,True,0.9969,bottle,0.0031,cha_thai,0.568,False,review
cha_dam_yen_kw06_bing_000096.jpg,cha_dam_yen,kw06,th,bing,False,0.9992,object,0.0004,cha_thai,0.9944,False,review
cha_dam_yen_kw06_bing_000098.jpg,cha_dam_yen,kw06,th,bing,False,0.0271,bottle,0.5052,cha_thai,0.8983,False,auto_reject
cha_dam_yen_kw06_bing_000099.jpg,cha_dam_yen,kw06,th,bing,False,1.0,object,0.0,cha_khiao_nom,0.9874,False,review
cha_dam_yen_kw06_bing_000101.jpg,cha_dam_yen,kw06,th,bing,False,0.0,hot_tea,0.9661,cha_nom_khai_muk,0.9672,False,auto_reject
cha_dam_yen_kw07_bing_000007.jpg,cha_dam_yen,kw07,th,bing,False,0.9954,hot_tea,0.0034,cha_dam_yen,0.8584,True,auto_keep
cha_dam_yen_kw07_bing_000008.jpg,cha_dam_yen,kw07,th,bing,False,0.9956,bottle,0.0036,cha_dam_yen,0.9975,True,auto_keep
cha_dam_yen_kw07_bing_000009.jpg,cha_dam_yen,kw07,th,bing,False,0.9997,hot_tea,0.0002,cha_dam_yen,0.7902,True,auto_keep
cha_dam_yen_kw07_bing_000011.jpg,cha_dam_yen,kw07,th,bing,False,0.001,bottle,0.9985,cha_dam_yen,0.9815,True,auto_reject
cha_dam_yen_kw07_bing_000013.jpg,cha_dam_yen,kw07,th,bing,False,0.956,hot_tea,0.0328,cha_dam_yen,0.8764,True,auto_keep
cha_dam_yen_kw07_bing_000017.webp,cha_dam_yen,kw07,th,bing,False,0.0011,leaves,0.5947,cha_dam_yen,0.9998,True,auto_reject
cha_dam_yen_kw07_bing_000019.webp,cha_dam_yen,kw07,th,bing,False,0.1332,bottle,0.8643,cha_phonlamai,0.5018,False,auto_reject
cha_dam_yen_kw07_bing_000022.webp,cha_dam_yen,kw07,th,bing,False,0.9676,bottle,0.0205,cha_dam_yen,0.9802,True,auto_keep
cha_dam_yen_kw07_bing_000023.jpg,cha_dam_yen,kw07,th,bing,False,0.9958,bottle,0.0031,cha_dam_yen,0.9737,True,auto_keep
cha_dam_yen_kw07_bing_000024.jpg,cha_dam_yen,kw07,th,bing,False,0.9999,hot_tea,0.0001,cha_dam_yen,0.8604,True,auto_keep
cha_dam_yen_kw07_bing_000026.jpg,cha_dam_yen,kw07,th,bing,False,0.9984,leaves,0.0007,cha_dam_yen,0.9591,True,auto_keep
cha_dam_yen_kw07_bing_000030.jpg,cha_dam_yen,kw07,th,bing,False,0.0002,bottle,0.997,cha_dam_yen,0.9724,True,auto_reject
cha_dam_yen_kw07_bing_000033.png,cha_dam_yen,kw07,th,bing,False,0.0772,leaves,0.9032,cha_dam_yen,0.9999,True,auto_reject
cha_dam_yen_kw07_bing_000034.jpg,cha_dam_yen,kw07,th,bing,False,0.9968,object,0.0017,cha_nom_khai_muk,0.9825,False,review
cha_dam_yen_kw07_bing_000036.webp,cha_dam_yen,kw07,th,bing,False,0.9999,bottle,0.0,cha_dam_yen,0.7153,True,auto_keep
cha_dam_yen_kw07_bing_000038.jpg,cha_dam_yen,kw07,th,bing,False,0.9997,object,0.0003,cha_dam_yen,0.9998,True,auto_keep
cha_dam_yen_kw07_bing_000039.jpg,cha_dam_yen,kw07,th,bing,False,0.9984,object,0.0015,cha_dam_yen,0.9609,True,auto_keep
cha_dam_yen_kw07_bing_000040.jpg,cha_dam_yen,kw07,th,bing,False,0.005,bottle,0.9861,cha_dam_yen,0.9999,True,auto_reject
cha_dam_yen_kw07_bing_000042.webp,cha_dam_yen,kw07,th,bing,False,0.5116,hot_tea,0.2744,cha_dam_yen,0.7179,True,review
cha_dam_yen_kw07_bing_000044.webp,cha_dam_yen,kw07,th,bing,False,0.0321,leaves,0.6573,cha_dam_yen,0.6711,True,auto_reject
cha_dam_yen_kw07_bing_000045.webp,cha_dam_yen,kw07,th,bing,False,1.0,object,0.0,cha_nom_khai_muk,0.9999,False,review
cha_dam_yen_kw07_bing_000049.jpg,cha_dam_yen,kw07,th,bing,False,0.009,bottle,0.9381,cha_dam_yen,0.9854,True,auto_reject
cha_dam_yen_kw07_bing_000051.jpg,cha_dam_yen,kw07,th,bing,False,0.6228,bottle,0.193,cha_nom_khai_muk,0.8794,False,review
cha_dam_yen_kw07_bing_000052.png,cha_dam_yen,kw07,th,bing,False,0.0002,text,0.9146,cha_dam_yen,0.997,True,auto_reject
cha_dam_yen_kw07_bing_000055.webp,cha_dam_yen,kw07,th,bing,False,0.9812,object,0.0163,cha_khiao_nom,0.8043,False,review
cha_dam_yen_kw07_bing_000059.jpg,cha_dam_yen,kw07,th,bing,False,0.7113,bottle,0.2514,cha_dam_yen,0.9899,True,auto_keep
cha_dam_yen_kw07_bing_000060.jpg,cha_dam_yen,kw07,th,bing,False,0.98,leaves,0.0175,cha_dam_yen,1.0,True,auto_keep
cha_dam_yen_kw07_bing_000066.jpg,cha_dam_yen,kw07,th,bing,False,0.0001,hot_tea,0.7881,cha_khiao_nom,0.8422,False,auto_reject
cha_dam_yen_kw07_bing_000069.jpg,cha_dam_yen,kw07,th,bing,True,1.0,leaves,0.0,cha_nom_khai_muk,0.9988,False,review
cha_dam_yen_kw07_bing_000072.webp,cha_dam_yen,kw07,th,bing,False,0.9942,bottle,0.0033,cha_dam_yen,0.4945,True,auto_keep
cha_dam_yen_kw07_bing_000074.webp,cha_dam_yen,kw07,th,bing,False,0.9995,bottle,0.0004,cha_nom_khai_muk,0.4726,False,review
cha_dam_yen_kw07_bing_000078.jpg,cha_dam_yen,kw07,th,bing,False,0.9997,bottle,0.0002,cha_dam_yen,0.4435,True,auto_keep
cha_dam_yen_kw07_bing_000085.png,cha_dam_yen,kw07,th,bing,False,0.0002,hot_tea,0.6222,cha_dam_yen,0.9937,True,auto_reject
cha_dam_yen_kw07_bing_000086.jpg,cha_dam_yen,kw07,th,bing,False,1.0,object,0.0,cha_dam_yen,0.8977,True,auto_keep
cha_dam_yen_kw07_bing_000092.jpg,cha_dam_yen,kw07,th,bing,False,0.0,person,0.9976,cha_thai,0.7521,False,auto_reject
cha_dam_yen_kw07_bing_000093.webp,cha_dam_yen,kw07,th,bing,False,0.9997,leaves,0.0002,cha_nom_khai_muk,1.0,False,review
cha_dam_yen_kw07_bing_000096.webp,cha_dam_yen,kw07,th,bing,False,0.0003,text,0.7201,cha_nom_khai_muk,0.5244,False,auto_reject
cha_khiao_nom_kw00_bing_000000.jpg,cha_khiao_nom,kw00,th,bing,False,0.9619,object,0.0372,cha_khiao_nom,0.9992,True,auto_keep
cha_khiao_nom_kw00_bing_000001.jpg,cha_khiao_nom,kw00,th,bing,False,0.999,object,0.0009,cha_khiao_nom,0.9998,True,auto_keep
cha_khiao_nom_kw00_bing_000001.png,cha_khiao_nom,kw00,th,bing,False,0.9996,bottle,0.0003,cha_khiao_nom,0.9971,True,auto_keep
cha_khiao_nom_kw00_bing_000002.jpg,cha_khiao_nom,kw00,th,bing,False,0.9957,object,0.0034,cha_khiao_nom,0.9989,True,auto_keep
cha_khiao_nom_kw00_bing_000003.jpg,cha_khiao_nom,kw00,th,bing,False,0.9975,object,0.0008,cha_khiao_nom,0.9991,True,auto_keep
cha_khiao_nom_kw00_bing_000004.jpg,cha_khiao_nom,kw00,th,bing,False,0.9273,leaves,0.0623,cha_khiao_nom,0.9982,True,auto_keep
cha_khiao_nom_kw00_bing_000005.jpg,cha_khiao_nom,kw00,th,bing,False,0.9992,object,0.0008,cha_khiao_nom,0.997,True,auto_keep
cha_khiao_nom_kw00_bing_000005.png,cha_khiao_nom,kw00,th,bing,True,0.9817,object,0.0097,cha_khiao_nom,0.9996,True,review
cha_khiao_nom_kw00_bing_000006.jpg,cha_khiao_nom,kw00,th,bing,False,0.9973,object,0.0012,cha_khiao_nom,0.9987,True,auto_keep
cha_khiao_nom_kw00_bing_000007.webp,cha_khiao_nom,kw00,th,bing,True,1.0,bottle,0.0,cha_khiao_nom,0.9965,True,review
cha_khiao_nom_kw00_bing_000008.png,cha_khiao_nom,kw00,th,bing,False,0.9995,bottle,0.0005,cha_khiao_nom,0.8716,True,auto_keep
cha_khiao_nom_kw00_bing_000010.jpg,cha_khiao_nom,kw00,th,bing,False,0.999,object,0.001,cha_khiao_nom,0.9999,True,auto_keep
cha_khiao_nom_kw00_bing_000010.png,cha_khiao_nom,kw00,th,bing,False,0.9997,bottle,0.0003,cha_khiao_nom,0.9981,True,auto_keep
cha_khiao_nom_kw00_bing_000011.jpg,cha_khiao_nom,kw00,th,bing,False,0.7872,bottle,0.2109,cha_khiao_nom,0.9982,True,auto_keep
cha_khiao_nom_kw00_bing_000012.jpg,cha_khiao_nom,kw00,th,bing,False,0.9994,text,0.0002,cha_thai,0.9912,False,review
cha_khiao_nom_kw00_bing_000013.jpg,cha_khiao_nom,kw00,th,bing,False,0.9986,bottle,0.0013,cha_khiao_nom,0.7117,True,auto_keep
cha_khiao_nom_kw00_bing_000015.jpg,cha_khiao_nom,kw00,th,bing,True,0.9993,object,0.0003,cha_khiao_nom,1.0,True,review
cha_khiao_nom_kw00_bing_000019.jpg,cha_khiao_nom,kw00,th,bing,False,0.9953,bottle,0.0043,cha_thai,0.8463,False,review
cha_khiao_nom_kw00_bing_000021.jpg,cha_khiao_nom,kw00,th,bing,True,1.0,bottle,0.0,cha_thai,0.8287,False,review
cha_khiao_nom_kw00_bing_000023.jpg,cha_khiao_nom,kw00,th,bing,False,0.9677,object,0.0222,cha_khiao_nom,1.0,True,auto_keep
cha_khiao_nom_kw00_bing_000027.jpg,cha_khiao_nom,kw00,th,bing,False,0.9323,object,0.0669,cha_khiao_nom,1.0,True,auto_keep
cha_khiao_nom_kw00_bing_000028.jpg,cha_khiao_nom,kw00,th,bing,False,0.9998,bottle,0.0001,cha_khiao_nom,0.9705,True,auto_keep
cha_khiao_nom_kw00_bing_000029.jpg,cha_khiao_nom,kw00,th,bing,False,0.9961,object,0.0037,cha_khiao_nom,0.9989,True,auto_keep
cha_khiao_nom_kw00_bing_000030.jpg,cha_khiao_nom,kw00,th,bing,True,0.999,object,0.0008,cha_khiao_nom,0.9976,True,review
cha_khiao_nom_kw00_bing_000031.jpg,cha_khiao_nom,kw00,th,bing,False,0.9882,object,0.0106,cha_khiao_nom,0.9987,True,auto_keep
cha_khiao_nom_kw00_bing_000035.jpg,cha_khiao_nom,kw00,th,bing,True,0.9998,bottle,0.0002,cha_khiao_nom,0.9998,True,review
cha_khiao_nom_kw00_bing_000037.png,cha_khiao_nom,kw00,th,bing,False,0.984,object,0.0106,cha_khiao_nom,0.9996,True,auto_keep
cha_khiao_nom_kw00_bing_000039.jpg,cha_khiao_nom,kw00,th,bing,False,0.9997,bottle,0.0002,cha_khiao_nom,0.9999,True,auto_keep
cha_khiao_nom_kw00_bing_000040.jpg,cha_khiao_nom,kw00,th,bing,True,0.9998,bottle,0.0002,cha_thai,0.5015,False,review
cha_khiao_nom_kw00_bing_000042.jpg,cha_khiao_nom,kw00,th,bing,False,0.9964,leaves,0.0034,cha_khiao_nom,0.4979,True,auto_keep
cha_khiao_nom_kw00_bing_000043.png,cha_khiao_nom,kw00,th,bing,False,0.9011,text,0.0754,cha_khiao_nom,0.9626,True,auto_keep
cha_khiao_nom_kw00_bing_000045.jpg,cha_khiao_nom,kw00,th,bing,True,1.0,object,0.0,cha_nom_khai_muk,0.9781,False,review
cha_khiao_nom_kw00_bing_000049.jpg,cha_khiao_nom,kw00,th,bing,False,0.9157,bottle,0.0534,cha_khiao_nom,0.9998,True,auto_keep
cha_khiao_nom_kw00_bing_000050.jpg,cha_khiao_nom,kw00,th,bing,False,0.0016,leaves,0.9311,cha_dam_yen,0.8786,False,auto_reject
cha_khiao_nom_kw00_bing_000051.jpg,cha_khiao_nom,kw00,th,bing,True,1.0,object,0.0,cha_nom_khai_muk,0.5484,False,review
cha_khiao_nom_kw00_bing_000052.jpg,cha_khiao_nom,kw00,th,bing,False,0.9923,object,0.0062,cha_khiao_nom,0.9987,True,auto_keep
cha_khiao_nom_kw00_bing_000053.jpg,cha_khiao_nom,kw00,th,bing,False,0.0027,bottle,0.9878,cha_khiao_nom,0.6926,True,auto_reject
cha_khiao_nom_kw00_bing_000054.jpg,cha_khiao_nom,kw00,th,bing,True,0.9998,bottle,0.0001,cha_khiao_nom,0.5604,True,review
cha_khiao_nom_kw00_bing_000056.jpg,cha_khiao_nom,kw00,th,bing,False,0.9963,object,0.0035,cha_khiao_nom,1.0,True,auto_keep
cha_khiao_nom_kw00_bing_000058.jpg,cha_khiao_nom,kw00,th,bing,True,1.0,bottle,0.0,cha_nom_khai_muk,0.7946,False,review
cha_khiao_nom_kw00_bing_000059.jpg,cha_khiao_nom,kw00,th,bing,True,0.9997,bottle,0.0003,cha_khiao_nom,0.8959,True,review
cha_khiao_nom_kw00_bing_000060.jpg,cha_khiao_nom,kw00,th,bing,False,1.0,object,0.0,cha_thai,0.9789,False,review
cha_khiao_nom_kw00_bing_000062.webp,cha_khiao_nom,kw00,th,bing,False,0.9979,bottle,0.002,cha_khiao_nom,0.4834,True,auto_keep
cha_khiao_nom_kw00_bing_000067.webp,cha_khiao_nom,kw00,th,bing,False,1.0,object,0.0,cha_khiao_nom,0.9869,True,auto_keep
cha_khiao_nom_kw00_bing_000070.jpg,cha_khiao_nom,kw00,th,bing,False,0.9985,bottle,0.0012,cha_khiao_nom,0.9999,True,auto_keep
cha_khiao_nom_kw00_bing_000071.jpg,cha_khiao_nom,kw00,th,bing,False,0.9998,object,0.0002,cha_khiao_nom,0.8925,True,auto_keep
cha_khiao_nom_kw00_bing_000076.png,cha_khiao_nom,kw00,th,bing,False,0.9836,bottle,0.0082,cha_khiao_nom,0.9997,True,auto_keep
cha_khiao_nom_kw00_bing_000078.jpg,cha_khiao_nom,kw00,th,bing,False,0.9995,bottle,0.0004,cha_khiao_nom,0.9999,True,auto_keep
cha_khiao_nom_kw00_bing_000079.png,cha_khiao_nom,kw00,th,bing,False,0.9813,bottle,0.0119,cha_khiao_nom,1.0,True,auto_keep
cha_khiao_nom_kw00_bing_000085.jpg,cha_khiao_nom,kw00,th,bing,True,1.0,object,0.0,cha_nom_khai_muk,0.9889,False,review
cha_khiao_nom_kw00_bing_000087.jpg,cha_khiao_nom,kw00,th,bing,True,0.9835,object,0.0142,cha_khiao_nom,0.9744,True,review
cha_khiao_nom_kw00_bing_000088.jpg,cha_khiao_nom,kw00,th,bing,False,0.235,leaves,0.7043,cha_dam_yen,0.9823,False,review
cha_khiao_nom_kw00_bing_000091.jpg,cha_khiao_nom,kw00,th,bing,False,0.9957,bottle,0.0042,cha_khiao_nom,0.7373,True,auto_keep
cha_khiao_nom_kw00_bing_000092.jpg,cha_khiao_nom,kw00,th,bing,False,0.0004,bottle,0.9983,cha_thai,0.988,False,auto_reject
cha_khiao_nom_kw00_bing_000095.jpg,cha_khiao_nom,kw00,th,bing,True,0.9993,hot_tea,0.0003,cha_nom_khai_muk,1.0,False,review
cha_khiao_nom_kw00_bing_000096.webp,cha_khiao_nom,kw00,th,bing,True,0.9931,bottle,0.0054,cha_dam_yen,0.9454,False,review
cha_khiao_nom_kw00_bing_000097.jpg,cha_khiao_nom,kw00,th,bing,True,1.0,object,0.0,cha_nom_khai_muk,0.9269,False,review
cha_khiao_nom_kw00_bing_000100.webp,cha_khiao_nom,kw00,th,bing,True,1.0,object,0.0,cha_thai,0.8482,False,review
cha_khiao_nom_kw00_bing_000101.webp,cha_khiao_nom,kw00,th,bing,True,0.106,text,0.8796,cha_khiao_nom,0.662,True,auto_reject
cha_khiao_nom_kw00_bing_000103.png,cha_khiao_nom,kw00,th,bing,False,0.0003,hot_tea,0.9898,cha_khiao_nom,1.0,True,auto_reject
cha_khiao_nom_kw00_bing_000130.jpg,cha_khiao_nom,kw00,th,bing,True,0.9982,object,0.0013,cha_khiao_nom,0.9935,True,review
cha_khiao_nom_kw01_bing_000000.jpg,cha_khiao_nom,kw01,th,bing,False,0.9932,object,0.0041,cha_khiao_nom,0.9797,True,auto_keep
cha_khiao_nom_kw01_bing_000001.jpg,cha_khiao_nom,kw01,th,bing,False,0.9998,object,0.0001,cha_khiao_nom,0.9978,True,auto_keep
cha_khiao_nom_kw01_bing_000002.jpg,cha_khiao_nom,kw01,th,bing,False,0.9864,text,0.0111,cha_khiao_nom,0.9931,True,auto_keep
cha_khiao_nom_kw01_bing_000003.jpg,cha_khiao_nom,kw01,th,bing,False,0.0683,bottle,0.9165,cha_khiao_nom,0.9988,True,auto_reject
cha_khiao_nom_kw01_bing_000004.jpg,cha_khiao_nom,kw01,th,bing,False,0.9991,object,0.0005,cha_khiao_nom,0.9954,True,auto_keep
cha_khiao_nom_kw01_bing_000006.jpg,cha_khiao_nom,kw01,th,bing,False,0.9993,object,0.0006,cha_khiao_nom,0.9996,True,auto_keep
cha_khiao_nom_kw01_bing_000008.jpg,cha_khiao_nom,kw01,th,bing,False,0.9989,leaves,0.0003,cha_khiao_nom,0.9947,True,auto_keep
cha_khiao_nom_kw01_bing_000010.jpg,cha_khiao_nom,kw01,th,bing,False,0.9967,bottle,0.0027,cha_khiao_nom,0.995,True,auto_keep
cha_khiao_nom_kw01_bing_000012.jpg,cha_khiao_nom,kw01,th,bing,False,0.0004,leaves,0.9319,cha_dam_yen,0.9004,False,auto_reject
cha_khiao_nom_kw01_bing_000016.jpg,cha_khiao_nom,kw01,th,bing,False,0.0048,leaves,0.9672,cha_khiao_nom,0.9823,True,auto_reject
cha_khiao_nom_kw01_bing_000017.jpg,cha_khiao_nom,kw01,th,bing,False,0.997,object,0.0025,cha_khiao_nom,1.0,True,auto_keep
cha_khiao_nom_kw01_bing_000018.jpg,cha_khiao_nom,kw01,th,bing,False,0.2491,leaves,0.5102,cha_khiao_nom,0.9978,True,review
cha_khiao_nom_kw01_bing_000020.jpg,cha_khiao_nom,kw01,th,bing,False,1.0,text,0.0,cha_thai,0.8902,False,review
cha_khiao_nom_kw01_bing_000021.jpg,cha_khiao_nom,kw01,th,bing,False,0.0001,bottle,0.9433,cha_dam_yen,0.8675,False,auto_reject
cha_khiao_nom_kw01_bing_000022.jpg,cha_khiao_nom,kw01,th,bing,False,0.7768,leaves,0.1191,cha_khiao_nom,0.9999,True,auto_keep
cha_khiao_nom_kw01_bing_000023.jpg,cha_khiao_nom,kw01,th,bing,True,0.984,text,0.0115,cha_dam_yen,0.4428,False,review
cha_khiao_nom_kw01_bing_000024.jpg,cha_khiao_nom,kw01,th,bing,False,1.0,hot_tea,0.0,cha_nom_khai_muk,0.9949,False,review
cha_khiao_nom_kw01_bing_000025.jpg,cha_khiao_nom,kw01,th,bing,False,0.9999,hot_tea,0.0,cha_dam_yen,0.7834,False,review
cha_khiao_nom_kw01_bing_000027.jpg,cha_khiao_nom,kw01,th,bing,False,0.9988,object,0.0012,cha_khiao_nom,0.9784,True,auto_keep
cha_khiao_nom_kw01_bing_000028.jpg,cha_khiao_nom,kw01,th,bing,False,0.1305,bottle,0.8379,cha_khiao_nom,0.9996,True,auto_reject
cha_khiao_nom_kw01_bing_000030.jpg,cha_khiao_nom,kw01,th,bing,False,0.998,bottle,0.0016,cha_khiao_nom,0.4824,True,auto_keep
cha_khiao_nom_kw01_bing_000031.jpg,cha_khiao_nom,kw01,th,bing,True,0.9097,bottle,0.0473,cha_nom_khai_muk,0.6091,False,review
cha_khiao_nom_kw01_bing_000032.jpg,cha_khiao_nom,kw01,th,bing,False,0.9406,bottle,0.0573,cha_dam_yen,0.4627,False,review
cha_khiao_nom_kw01_bing_000033.jpg,cha_khiao_nom,kw01,th,bing,False,0.9531,text,0.0409,cha_thai,0.4358,False,review
cha_khiao_nom_kw01_bing_000034.jpg,cha_khiao_nom,kw01,th,bing,False,0.9975,object,0.0019,cha_khiao_nom,0.9999,True,auto_keep
cha_khiao_nom_kw01_bing_000036.jpg,cha_khiao_nom,kw01,th,bing,False,0.9999,object,0.0001,cha_khiao_nom,0.9891,True,auto_keep
cha_khiao_nom_kw01_bing_000038.jpg,cha_khiao_nom,kw01,th,bing,True,0.8366,text,0.158,cha_nom_khai_muk,0.9847,False,review
cha_khiao_nom_kw01_bing_000039.jpg,cha_khiao_nom,kw01,th,bing,True,0.0038,text,0.88,cha_thai,0.6903,False,auto_reject
cha_khiao_nom_kw01_bing_000040.jpg,cha_khiao_nom,kw01,th,bing,True,1.0,object,0.0,cha_nom_khai_muk,0.9822,False,review
cha_khiao_nom_kw01_bing_000041.jpg,cha_khiao_nom,kw01,th,bing,True,1.0,bottle,0.0,cha_nom_khai_muk,0.9991,False,review
cha_khiao_nom_kw01_bing_000042.jpg,cha_khiao_nom,kw01,th,bing,True,0.9993,person,0.0005,cha_nom_khai_muk,0.979,False,review
cha_khiao_nom_kw01_bing_000044.png,cha_khiao_nom,kw01,th,bing,False,0.9683,text,0.018,cha_khiao_nom,0.9993,True,auto_keep
cha_khiao_nom_kw01_bing_000048.jpg,cha_khiao_nom,kw01,th,bing,False,1.0,object,0.0,cha_khiao_nom,0.986,True,auto_keep
cha_khiao_nom_kw01_bing_000049.jpg,cha_khiao_nom,kw01,th,bing,False,0.0306,leaves,0.6738,cha_khiao_nom,0.9977,True,auto_reject
cha_khiao_nom_kw01_bing_000050.jpg,cha_khiao_nom,kw01,th,bing,True,0.9998,bottle,0.0001,cha_nom_khai_muk,0.5446,False,review
cha_khiao_nom_kw01_bing_000051.webp,cha_khiao_nom,kw01,th,bing,True,1.0,person,0.0,cha_thai,0.9483,False,review
cha_khiao_nom_kw01_bing_000054.jpg,cha_khiao_nom,kw01,th,bing,True,0.9996,object,0.0002,cha_khiao_nom,0.9149,True,review
cha_khiao_nom_kw01_bing_000055.jpg,cha_khiao_nom,kw01,th,bing,False,0.9916,bottle,0.0078,cha_nom_khai_muk,0.5663,False,review
cha_khiao_nom_kw01_bing_000056.jpg,cha_khiao_nom,kw01,th,bing,False,1.0,object,0.0,cha_thai,0.5247,False,review
cha_khiao_nom_kw01_bing_000057.jpg,cha_khiao_nom,kw01,th,bing,False,0.9967,bottle,0.0016,cha_khiao_nom,0.6494,True,auto_keep
cha_khiao_nom_kw01_bing_000058.jpg,cha_khiao_nom,kw01,th,bing,False,1.0,object,0.0,cha_nom_khai_muk,0.9877,False,review
cha_khiao_nom_kw01_bing_000059.webp,cha_khiao_nom,kw01,th,bing,True,1.0,object,0.0,cha_nom_khai_muk,1.0,False,review
cha_khiao_nom_kw01_bing_000060.jpg,cha_khiao_nom,kw01,th,bing,False,1.0,object,0.0,cha_thai,0.9411,False,review
cha_khiao_nom_kw01_bing_000063.jpg,cha_khiao_nom,kw01,th,bing,True,0.0014,bottle,0.9985,cha_nom_khai_muk,0.4855,False,auto_reject
cha_khiao_nom_kw01_bing_000064.jpg,cha_khiao_nom,kw01,th,bing,False,1.0,object,0.0,cha_thai,0.8031,False,review
cha_khiao_nom_kw01_bing_000065.png,cha_khiao_nom,kw01,th,bing,True,1.0,object,0.0,cha_nom_khai_muk,1.0,False,review
cha_khiao_nom_kw01_bing_000066.jpg,cha_khiao_nom,kw01,th,bing,False,1.0,object,0.0,cha_thai,0.9155,False,review
cha_khiao_nom_kw01_bing_000067.jpg,cha_khiao_nom,kw01,th,bing,True,0.9991,bottle,0.0008,cha_khiao_nom,0.9459,True,review
cha_khiao_nom_kw01_bing_000068.jpg,cha_khiao_nom,kw01,th,bing,False,1.0,object,0.0,cha_nom_khai_muk,0.9044,False,review
cha_khiao_nom_kw01_bing_000069.jpg,cha_khiao_nom,kw01,th,bing,True,0.9972,text,0.0016,cha_nom_khai_muk,0.9074,False,review
cha_khiao_nom_kw01_bing_000075.jpg,cha_khiao_nom,kw01,th,bing,False,0.985,bottle,0.0149,cha_thai,0.5383,False,review
cha_khiao_nom_kw01_bing_000076.jpg,cha_khiao_nom,kw01,th,bing,True,1.0,object,0.0,cha_nom_khai_muk,0.6458,False,review
cha_khiao_nom_kw01_bing_000079.jpg,cha_khiao_nom,kw01,th,bing,False,0.9995,object,0.0004,cha_khiao_nom,0.9984,True,auto_keep
cha_khiao_nom_kw01_bing_000080.jpg,cha_khiao_nom,kw01,th,bing,False,0.9994,logo,0.0004,cha_nom_khai_muk,0.998,False,review
cha_khiao_nom_kw01_bing_000083.jpg,cha_khiao_nom,kw01,th,bing,True,0.3569,logo,0.5581,cha_nom_khai_muk,1.0,False,review
cha_khiao_nom_kw01_bing_000084.jpg,cha_khiao_nom,kw01,th,bing,False,0.9999,bottle,0.0001,cha_nom_khai_muk,0.9715,False,review
cha_khiao_nom_kw01_bing_000085.jpg,cha_khiao_nom,kw01,th,bing,True,1.0,object,0.0,cha_nom_khai_muk,0.497,False,review
cha_khiao_nom_kw01_bing_000086.jpg,cha_khiao_nom,kw01,th,bing,False,0.9997,text,0.0003,cha_nom_khai_muk,0.5708,False,review
cha_khiao_nom_kw01_bing_000088.jpg,cha_khiao_nom,kw01,th,bing,False,0.0,text,0.6349,cha_dam_yen,0.8238,False,auto_reject
cha_khiao_nom_kw01_bing_000089.jpg,cha_khiao_nom,kw01,th,bing,True,0.2622,text,0.7046,cha_dam_yen,0.5524,False,review
cha_khiao_nom_kw01_bing_000090.jpg,cha_khiao_nom,kw01,th,bing,False,0.9972,text,0.0012,cha_dam_yen,0.9639,False,review
cha_khiao_nom_kw01_bing_000091.jpg,cha_khiao_nom,kw01,th,bing,False,1.0,object,0.0,cha_khiao_nom,0.692,True,auto_keep
cha_khiao_nom_kw01_bing_000094.jpg,cha_khiao_nom,kw01,th,bing,False,0.9985,bottle,0.0014,cha_nom_khai_muk,0.6786,False,review
cha_khiao_nom_kw01_bing_000095.jpg,cha_khiao_nom,kw01,th,bing,False,0.0038,text,0.4544,cha_dam_yen,0.8395,False,auto_reject
cha_khiao_nom_kw01_bing_000096.jpg,cha_khiao_nom,kw01,th,bing,False,0.9999,object,0.0001,cha_nom_khai_muk,0.9713,False,review
cha_khiao_nom_kw01_bing_000097.jpg,cha_khiao_nom,kw01,th,bing,False,0.9958,bottle,0.0025,cha_thai,0.9976,False,review
cha_khiao_nom_kw01_bing_000098.jpg,cha_khiao_nom,kw01,th,bing,False,0.0829,bottle,0.6839,cha_phonlamai,0.9908,False,auto_reject
cha_khiao_nom_kw01_bing_000099.jpg,cha_khiao_nom,kw01,th,bing,False,0.7048,bottle,0.2907,cha_phonlamai,0.6386,False,review
cha_khiao_nom_kw01_bing_000100.jpg,cha_khiao_nom,kw01,th,bing,True,0.9999,bottle,0.0001,cha_nom_khai_muk,0.752,False,review
cha_khiao_nom_kw01_bing_000101.jpg,cha_khiao_nom,kw01,th,bing,False,0.8596,bottle,0.1374,cha_thai,0.5185,False,review
cha_khiao_nom_kw01_bing_000102.png,cha_khiao_nom,kw01,th,bing,True,0.6397,text,0.3384,cha_dam_yen,0.7977,False,review
cha_khiao_nom_kw01_bing_000103.jpg,cha_khiao_nom,kw01,th,bing,True,0.9999,object,0.0001,cha_thai,0.6306,False,review
cha_khiao_nom_kw01_bing_000104.jpg,cha_khiao_nom,kw01,th,bing,True,1.0,object,0.0,cha_nom_khai_muk,0.6173,False,review
cha_khiao_nom_kw01_bing_000105.jpg,cha_khiao_nom,kw01,th,bing,False,0.0032,bottle,0.9962,cha_thai,0.9272,False,auto_reject
cha_khiao_nom_kw01_bing_000112.jpg,cha_khiao_nom,kw01,th,bing,True,1.0,object,0.0,cha_nom_khai_muk,0.9765,False,review
cha_khiao_nom_kw01_bing_000119.webp,cha_khiao_nom,kw01,th,bing,False,0.0012,illustration,0.6718,cha_khiao_nom,0.8875,True,auto_reject
cha_khiao_nom_kw02_bing_000000.jpg,cha_khiao_nom,kw02,th,bing,False,0.0014,bottle,0.5457,cha_khiao_nom,1.0,True,auto_reject
cha_khiao_nom_kw02_bing_000001.jpg,cha_khiao_nom,kw02,th,bing,False,0.0776,text,0.6764,cha_khiao_nom,1.0,True,auto_reject
cha_khiao_nom_kw02_bing_000002.jpg,cha_khiao_nom,kw02,th,bing,False,0.2993,leaves,0.4108,cha_khiao_nom,1.0,True,review
cha_khiao_nom_kw02_bing_000003.jpg,cha_khiao_nom,kw02,th,bing,False,0.6341,bottle,0.2347,cha_khiao_nom,0.9983,True,auto_keep
cha_khiao_nom_kw02_bing_000004.jpg,cha_khiao_nom,kw02,th,bing,False,0.0013,bottle,0.9524,cha_khiao_nom,0.9913,True,auto_reject
cha_khiao_nom_kw02_bing_000005.jpg,cha_khiao_nom,kw02,th,bing,False,0.2358,bottle,0.7501,cha_khiao_nom,0.9842,True,review
cha_khiao_nom_kw02_bing_000006.jpg,cha_khiao_nom,kw02,th,bing,False,0.0001,leaves,0.4482,cha_khiao_nom,0.9823,True,auto_reject
cha_khiao_nom_kw02_bing_000007.jpg,cha_khiao_nom,kw02,th,bing,False,0.1116,bottle,0.8578,cha_khiao_nom,0.9999,True,auto_reject
cha_khiao_nom_kw02_bing_000008.jpg,cha_khiao_nom,kw02,th,bing,False,0.0,bottle,0.8502,cha_khiao_nom,0.9983,True,auto_reject
cha_khiao_nom_kw02_bing_000009.jpg,cha_khiao_nom,kw02,th,bing,False,0.0,bottle,0.9559,cha_khiao_nom,0.9992,True,auto_reject
cha_khiao_nom_kw02_bing_000011.jpg,cha_khiao_nom,kw02,th,bing,False,0.0005,bottle,0.9887,cha_khiao_nom,0.9845,True,auto_reject
cha_khiao_nom_kw02_bing_000012.jpg,cha_khiao_nom,kw02,th,bing,False,0.3817,bottle,0.5678,cha_khiao_nom,0.9988,True,review
cha_khiao_nom_kw02_bing_000013.jpg,cha_khiao_nom,kw02,th,bing,False,0.9839,object,0.0159,cha_khiao_nom,0.9989,True,auto_keep
cha_khiao_nom_kw02_bing_000014.jpg,cha_khiao_nom,kw02,th,bing,False,0.0029,bottle,0.5028,cha_khiao_nom,0.9999,True,auto_reject
cha_khiao_nom_kw02_bing_000015.jpg,cha_khiao_nom,kw02,th,bing,False,0.8381,bottle,0.0859,cha_khiao_nom,0.9901,True,auto_keep
cha_khiao_nom_kw02_bing_000016.jpg,cha_khiao_nom,kw02,th,bing,False,0.0,bottle,0.97,cha_khiao_nom,0.9993,True,auto_reject
cha_khiao_nom_kw02_bing_000017.jpg,cha_khiao_nom,kw02,th,bing,False,0.001,bottle,0.7463,cha_khiao_nom,1.0,True,auto_reject
cha_khiao_nom_kw02_bing_000018.jpg,cha_khiao_nom,kw02,th,bing,False,0.0001,bottle,0.8061,cha_khiao_nom,0.9999,True,auto_reject
cha_khiao_nom_kw02_bing_000019.png,cha_khiao_nom,kw02,th,bing,False,0.0001,bottle,0.5514,cha_khiao_nom,0.9996,True,auto_reject
cha_khiao_nom_kw02_bing_000020.jpg,cha_khiao_nom,kw02,th,bing,False,0.0,leaves,0.8427,cha_khiao_nom,0.9915,True,auto_reject
cha_khiao_nom_kw02_bing_000021.jpg,cha_khiao_nom,kw02,th,bing,False,0.001,bottle,0.8222,cha_khiao_nom,0.9998,True,auto_reject
cha_khiao_nom_kw02_bing_000022.jpg,cha_khiao_nom,kw02,th,bing,False,0.0002,leaves,0.7343,cha_khiao_nom,0.9998,True,auto_reject
cha_khiao_nom_kw02_bing_000023.png,cha_khiao_nom,kw02,th,bing,False,0.0001,bottle,0.9147,cha_khiao_nom,1.0,True,auto_reject
cha_khiao_nom_kw02_bing_000024.jpg,cha_khiao_nom,kw02,th,bing,False,0.0002,bottle,0.8805,cha_khiao_nom,0.9991,True,auto_reject
cha_khiao_nom_kw02_bing_000025.jpg,cha_khiao_nom,kw02,th,bing,False,0.0,leaves,0.6374,cha_khiao_nom,0.9914,True,auto_reject
cha_khiao_nom_kw02_bing_000026.jpg,cha_khiao_nom,kw02,th,bing,False,0.0005,bottle,0.8992,cha_khiao_nom,0.9992,True,auto_reject
cha_khiao_nom_kw02_bing_000027.jpg,cha_khiao_nom,kw02,th,bing,False,0.0069,leaves,0.6097,cha_khiao_nom,0.9969,True,auto_reject
cha_khiao_nom_kw02_bing_000028.jpg,cha_khiao_nom,kw02,th,bing,False,0.9999,object,0.0001,cha_khiao_nom,0.9999,True,auto_keep
cha_khiao_nom_kw02_bing_000029.jpg,cha_khiao_nom,kw02,th,bing,False,0.0426,bottle,0.7714,cha_khiao_nom,1.0,True,auto_reject
cha_khiao_nom_kw02_bing_000030.jpg,cha_khiao_nom,kw02,th,bing,False,0.0007,bottle,0.5032,cha_khiao_nom,1.0,True,auto_reject
cha_khiao_nom_kw02_bing_000031.jpg,cha_khiao_nom,kw02,th,bing,False,0.9949,object,0.0043,cha_khiao_nom,1.0,True,auto_keep
cha_khiao_nom_kw02_bing_000032.jpg,cha_khiao_nom,kw02,th,bing,False,0.0097,bottle,0.8977,cha_khiao_nom,1.0,True,auto_reject
cha_khiao_nom_kw02_bing_000033.jpg,cha_khiao_nom,kw02,th,bing,False,0.0,bottle,0.8651,cha_khiao_nom,0.9944,True,auto_reject
cha_khiao_nom_kw02_bing_000034.jpg,cha_khiao_nom,kw02,th,bing,False,0.0,bottle,0.9786,cha_khiao_nom,0.93,True,auto_reject
cha_khiao_nom_kw02_bing_000035.jpg,cha_khiao_nom,kw02,th,bing,False,0.9998,object,0.0002,cha_khiao_nom,0.999,True,auto_keep
cha_khiao_nom_kw02_bing_000036.jpg,cha_khiao_nom,kw02,th,bing,False,0.9986,object,0.0014,cha_khiao_nom,0.9998,True,auto_keep
cha_khiao_nom_kw02_bing_000037.webp,cha_khiao_nom,kw02,th,bing,False,0.8685,hot_tea,0.0697,cha_khiao_nom,0.9998,True,auto_keep
cha_khiao_nom_kw02_bing_000038.jpg,cha_khiao_nom,kw02,th,bing,False,0.9388,bottle,0.0273,cha_khiao_nom,1.0,True,auto_keep
cha_khiao_nom_kw02_bing_000039.jpg,cha_khiao_nom,kw02,th,bing,False,0.7167,leaves,0.2402,cha_khiao_nom,0.6127,True,auto_keep
cha_khiao_nom_kw02_bing_000040.jpg,cha_khiao_nom,kw02,th,bing,False,0.8067,bottle,0.1301,cha_khiao_nom,0.9998,True,auto_keep
cha_khiao_nom_kw02_bing_000041.jpg,cha_khiao_nom,kw02,th,bing,False,0.0,logo,0.4518,cha_dam_yen,0.9362,False,auto_reject
cha_khiao_nom_kw02_bing_000042.jpg,cha_khiao_nom,kw02,th,bing,False,0.0351,leaves,0.8819,cha_khiao_nom,0.9939,True,auto_reject
cha_khiao_nom_kw02_bing_000043.jpg,cha_khiao_nom,kw02,th,bing,False,0.368,bottle,0.5829,cha_khiao_nom,1.0,True,review
cha_khiao_nom_kw02_bing_000044.jpg,cha_khiao_nom,kw02,th,bing,False,0.975,object,0.0174,cha_khiao_nom,1.0,True,auto_keep
cha_khiao_nom_kw02_bing_000045.jpg,cha_khiao_nom,kw02,th,bing,False,0.0052,bottle,0.9451,cha_khiao_nom,0.9964,True,auto_reject
cha_khiao_nom_kw02_bing_000047.jpg,cha_khiao_nom,kw02,th,bing,False,0.0024,bottle,0.592,cha_khiao_nom,0.8983,True,auto_reject
cha_khiao_nom_kw02_bing_000048.webp,cha_khiao_nom,kw02,th,bing,False,0.9929,object,0.0026,cha_khiao_nom,1.0,True,auto_keep
cha_khiao_nom_kw02_bing_000049.jpg,cha_khiao_nom,kw02,th,bing,False,0.9999,object,0.0001,cha_thai,0.8323,False,review
cha_khiao_nom_kw02_bing_000050.jpg,cha_khiao_nom,kw02,th,bing,False,0.0028,leaves,0.8025,cha_khiao_nom,1.0,True,auto_reject
cha_khiao_nom_kw02_bing_000051.jpg,cha_khiao_nom,kw02,th,bing,False,0.9999,object,0.0,cha_khiao_nom,0.9621,True,auto_keep
cha_khiao_nom_kw02_bing_000052.jpg,cha_khiao_nom,kw02,th,bing,False,0.9002,object,0.0971,cha_khiao_nom,0.9999,True,auto_keep
cha_khiao_nom_kw02_bing_000053.jpg,cha_khiao_nom,kw02,th,bing,False,0.6398,hot_tea,0.1801,cha_khiao_nom,1.0,True,auto_keep
cha_khiao_nom_kw02_bing_000054.jpg,cha_khiao_nom,kw02,th,bing,False,0.9986,object,0.001,cha_khiao_nom,0.9914,True,auto_keep
cha_khiao_nom_kw02_bing_000055.jpg,cha_khiao_nom,kw02,th,bing,False,0.992,object,0.0077,cha_khiao_nom,0.9997,True,auto_keep
cha_khiao_nom_kw02_bing_000056.jpg,cha_khiao_nom,kw02,th,bing,False,0.0003,bottle,0.9472,cha_khiao_nom,1.0,True,auto_reject
cha_khiao_nom_kw02_bing_000058.png,cha_khiao_nom,kw02,th,bing,False,0.9988,object,0.001,cha_khiao_nom,0.9999,True,auto_keep
cha_khiao_nom_kw02_bing_000059.jpg,cha_khiao_nom,kw02,th,bing,False,0.175,text,0.5917,cha_khiao_nom,1.0,True,review
cha_khiao_nom_kw02_bing_000060.jpg,cha_khiao_nom,kw02,th,bing,False,0.0627,bottle,0.9137,cha_khiao_nom,0.9443,True,auto_reject
cha_khiao_nom_kw02_bing_000061.jpg,cha_khiao_nom,kw02,th,bing,False,0.9369,food,0.0278,cha_thai,0.4521,False,review
cha_khiao_nom_kw02_bing_000062.jpg,cha_khiao_nom,kw02,th,bing,False,0.0085,leaves,0.9883,cha_khiao_nom,0.9988,True,auto_reject
cha_khiao_nom_kw02_bing_000063.webp,cha_khiao_nom,kw02,th,bing,False,0.0004,leaves,0.5383,cha_khiao_nom,1.0,True,auto_reject
cha_khiao_nom_kw02_bing_000065.jpg,cha_khiao_nom,kw02,th,bing,False,1.0,object,0.0,cha_dam_yen,0.8051,False,review
cha_khiao_nom_kw02_bing_000067.webp,cha_khiao_nom,kw02,th,bing,False,0.9976,object,0.001,cha_khiao_nom,0.9997,True,auto_keep
cha_khiao_nom_kw02_bing_000069.jpg,cha_khiao_nom,kw02,th,bing,False,0.0001,leaves,0.9973,cha_khiao_nom,0.9999,True,auto_reject
cha_khiao_nom_kw02_bing_000071.jpg,cha_khiao_nom,kw02,th,bing,False,0.9902,leaves,0.0057,cha_khiao_nom,0.9998,True,auto_keep
cha_khiao_nom_kw02_bing_000072.jpg,cha_khiao_nom,kw02,th,bing,False,0.9629,object,0.0229,cha_khiao_nom,1.0,True,auto_keep
cha_khiao_nom_kw02_bing_000074.jpg,cha_khiao_nom,kw02,th,bing,False,0.999,object,0.0005,cha_khiao_nom,0.9958,True,auto_keep
cha_khiao_nom_kw02_bing_000075.jpg,cha_khiao_nom,kw02,th,bing,False,0.0008,bottle,0.9212,cha_khiao_nom,0.7164,True,auto_reject
cha_khiao_nom_kw02_bing_000076.jpg,cha_khiao_nom,kw02,th,bing,False,0.0444,food,0.5328,cha_khiao_nom,0.5464,True,auto_reject
cha_khiao_nom_kw02_bing_000077.jpg,cha_khiao_nom,kw02,th,bing,False,0.8646,text,0.0707,cha_khiao_nom,0.9257,True,auto_keep
cha_khiao_nom_kw02_bing_000079.jpg,cha_khiao_nom,kw02,th,bing,False,0.995,bottle,0.0031,cha_khiao_nom,0.9985,True,auto_keep
cha_khiao_nom_kw02_bing_000080.jpg,cha_khiao_nom,kw02,th,bing,False,0.6867,bottle,0.163,cha_khiao_nom,1.0,True,auto_keep
cha_khiao_nom_kw02_bing_000081.jpg,cha_khiao_nom,kw02,th,bing,False,0.0332,bottle,0.9467,cha_khiao_nom,0.9948,True,auto_reject
cha_khiao_nom_kw02_bing_000082.jpg,cha_khiao_nom,kw02,th,bing,False,0.0002,leaves,0.6418,cha_khiao_nom,1.0,True,auto_reject
cha_khiao_nom_kw02_bing_000083.jpg,cha_khiao_nom,kw02,th,bing,False,0.001,hot_tea,0.9952,cha_khiao_nom,1.0,True,auto_reject
cha_khiao_nom_kw02_bing_000084.jpg,cha_khiao_nom,kw02,th,bing,False,0.0032,bottle,0.9738,cha_khiao_nom,0.9909,True,auto_reject
cha_khiao_nom_kw02_bing_000085.jpg,cha_khiao_nom,kw02,th,bing,False,0.0088,leaves,0.9237,cha_khiao_nom,0.963,True,auto_reject
cha_khiao_nom_kw02_bing_000086.webp,cha_khiao_nom,kw02,th,bing,False,0.0023,hot_tea,0.9893,cha_khiao_nom,1.0,True,auto_reject
cha_khiao_nom_kw02_bing_000088.jpg,cha_khiao_nom,kw02,th,bing,False,0.9985,object,0.0009,cha_khiao_nom,0.999,True,auto_keep
cha_khiao_nom_kw02_bing_000089.jpg,cha_khiao_nom,kw02,th,bing,False,0.9998,bottle,0.0001,cha_khiao_nom,0.9998,True,auto_keep
cha_khiao_nom_kw02_bing_000091.png,cha_khiao_nom,kw02,th,bing,False,0.9987,bottle,0.0013,cha_khiao_nom,0.9765,True,auto_keep
cha_khiao_nom_kw02_bing_000092.jpg,cha_khiao_nom,kw02,th,bing,False,0.0002,bottle,0.6246,cha_khiao_nom,0.9957,True,auto_reject
cha_khiao_nom_kw02_bing_000093.webp,cha_khiao_nom,kw02,th,bing,False,0.5352,bottle,0.4288,cha_thai,0.5724,False,review
cha_khiao_nom_kw02_bing_000096.jpg,cha_khiao_nom,kw02,th,bing,False,0.295,hot_tea,0.3863,cha_khiao_nom,1.0,True,review
cha_khiao_nom_kw02_bing_000097.jpg,cha_khiao_nom,kw02,th,bing,False,0.973,object,0.0157,cha_khiao_nom,0.9999,True,auto_keep
cha_khiao_nom_kw02_bing_000098.webp,cha_khiao_nom,kw02,th,bing,False,0.8288,bottle,0.0963,cha_khiao_nom,0.9406,True,auto_keep
cha_khiao_nom_kw02_bing_000099.jpg,cha_khiao_nom,kw02,th,bing,False,0.0028,leaves,0.7722,cha_khiao_nom,0.9996,True,auto_reject
cha_khiao_nom_kw02_bing_000101.webp,cha_khiao_nom,kw02,th,bing,False,0.7868,bottle,0.1769,cha_khiao_nom,0.8066,True,auto_keep
cha_khiao_nom_kw02_bing_000107.webp,cha_khiao_nom,kw02,th,bing,True,0.7277,text,0.2329,cha_dam_yen,0.58,False,review
cha_khiao_nom_kw03_bing_000000.jpg,cha_khiao_nom,kw03,en,bing,False,0.9995,object,0.0004,cha_khiao_nom,0.9999,True,auto_keep
cha_khiao_nom_kw03_bing_000001.jpg,cha_khiao_nom,kw03,en,bing,False,0.9999,bottle,0.0,cha_khiao_nom,0.9998,True,auto_keep
cha_khiao_nom_kw03_bing_000002.jpg,cha_khiao_nom,kw03,en,bing,False,0.998,object,0.0018,cha_khiao_nom,1.0,True,auto_keep
cha_khiao_nom_kw03_bing_000004.jpg,cha_khiao_nom,kw03,en,bing,False,0.9447,bottle,0.0356,cha_khiao_nom,1.0,True,auto_keep
cha_khiao_nom_kw03_bing_000005.jpg,cha_khiao_nom,kw03,en,bing,False,0.9997,object,0.0003,cha_khiao_nom,1.0,True,auto_keep
cha_khiao_nom_kw03_bing_000006.jpg,cha_khiao_nom,kw03,en,bing,False,0.9998,object,0.0001,cha_khiao_nom,0.9995,True,auto_keep
cha_khiao_nom_kw03_bing_000007.jpg,cha_khiao_nom,kw03,en,bing,False,1.0,object,0.0,cha_khiao_nom,0.9846,True,auto_keep
cha_khiao_nom_kw03_bing_000008.jpg,cha_khiao_nom,kw03,en,bing,False,0.9994,object,0.0004,cha_khiao_nom,0.9998,True,auto_keep
cha_khiao_nom_kw03_bing_000009.jpg,cha_khiao_nom,kw03,en,bing,False,1.0,bottle,0.0,cha_khiao_nom,0.9991,True,auto_keep
cha_khiao_nom_kw03_bing_000011.jpg,cha_khiao_nom,kw03,en,bing,False,0.9987,object,0.0012,cha_khiao_nom,0.9994,True,auto_keep
cha_khiao_nom_kw03_bing_000012.jpg,cha_khiao_nom,kw03,en,bing,False,0.9985,leaves,0.0008,cha_khiao_nom,0.9967,True,auto_keep
cha_khiao_nom_kw03_bing_000013.jpg,cha_khiao_nom,kw03,en,bing,False,1.0,object,0.0,cha_khiao_nom,0.967,True,auto_keep
cha_khiao_nom_kw03_bing_000015.jpg,cha_khiao_nom,kw03,en,bing,False,1.0,bottle,0.0,cha_khiao_nom,0.9669,True,auto_keep
cha_khiao_nom_kw03_bing_000016.jpg,cha_khiao_nom,kw03,en,bing,False,0.9865,leaves,0.0098,cha_khiao_nom,1.0,True,auto_keep
cha_khiao_nom_kw03_bing_000017.png,cha_khiao_nom,kw03,en,bing,False,0.9991,object,0.0009,cha_khiao_nom,0.9996,True,auto_keep
cha_khiao_nom_kw03_bing_000018.jpg,cha_khiao_nom,kw03,en,bing,False,0.9998,bottle,0.0001,cha_khiao_nom,0.9996,True,auto_keep
cha_khiao_nom_kw03_bing_000019.jpg,cha_khiao_nom,kw03,en,bing,False,0.9984,bottle,0.0012,cha_khiao_nom,0.9998,True,auto_keep
cha_khiao_nom_kw03_bing_000020.jpg,cha_khiao_nom,kw03,en,bing,False,1.0,bottle,0.0,cha_khiao_nom,0.9992,True,auto_keep
cha_khiao_nom_kw03_bing_000021.jpg,cha_khiao_nom,kw03,en,bing,False,0.9992,bottle,0.0004,cha_khiao_nom,1.0,True,auto_keep
cha_khiao_nom_kw03_bing_000022.png,cha_khiao_nom,kw03,en,bing,False,0.9924,object,0.0075,cha_khiao_nom,0.9993,True,auto_keep
cha_khiao_nom_kw03_bing_000023.jpg,cha_khiao_nom,kw03,en,bing,False,0.9991,object,0.0005,cha_khiao_nom,0.9999,True,auto_keep
cha_khiao_nom_kw03_bing_000024.jpg,cha_khiao_nom,kw03,en,bing,False,1.0,object,0.0,cha_khiao_nom,0.9979,True,auto_keep
cha_khiao_nom_kw03_bing_000025.jpg,cha_khiao_nom,kw03,en,bing,False,0.9941,leaves,0.0029,cha_khiao_nom,1.0,True,auto_keep
cha_khiao_nom_kw03_bing_000026.jpg,cha_khiao_nom,kw03,en,bing,False,0.9999,bottle,0.0001,cha_khiao_nom,0.9999,True,auto_keep
cha_khiao_nom_kw03_bing_000027.jpg,cha_khiao_nom,kw03,en,bing,False,0.9994,object,0.0006,cha_khiao_nom,0.9997,True,auto_keep
cha_khiao_nom_kw03_bing_000028.jpg,cha_khiao_nom,kw03,en,bing,False,0.983,leaves,0.0069,cha_khiao_nom,1.0,True,auto_keep
cha_khiao_nom_kw03_bing_000029.jpg,cha_khiao_nom,kw03,en,bing,False,1.0,object,0.0,cha_khiao_nom,0.9995,True,auto_keep
cha_khiao_nom_kw03_bing_000030.jpg,cha_khiao_nom,kw03,en,bing,False,0.9976,bottle,0.0021,cha_khiao_nom,0.9998,True,auto_keep
cha_khiao_nom_kw03_bing_000031.jpg,cha_khiao_nom,kw03,en,bing,False,0.9997,object,0.0002,cha_khiao_nom,1.0,True,auto_keep
cha_khiao_nom_kw03_bing_000032.jpg,cha_khiao_nom,kw03,en,bing,False,0.9964,bottle,0.0036,cha_thai,0.4778,False,review
cha_khiao_nom_kw03_bing_000033.jpg,cha_khiao_nom,kw03,en,bing,False,0.9613,object,0.0377,cha_khiao_nom,0.9971,True,auto_keep
cha_khiao_nom_kw03_bing_000034.jpg,cha_khiao_nom,kw03,en,bing,False,0.9988,bottle,0.0006,cha_khiao_nom,1.0,True,auto_keep
cha_khiao_nom_kw03_bing_000037.jpg,cha_khiao_nom,kw03,en,bing,False,0.9998,bottle,0.0001,cha_khiao_nom,0.9989,True,auto_keep
cha_khiao_nom_kw03_bing_000038.jpg,cha_khiao_nom,kw03,en,bing,False,0.9992,object,0.0005,cha_khiao_nom,0.9982,True,auto_keep
cha_khiao_nom_kw03_bing_000039.jpg,cha_khiao_nom,kw03,en,bing,False,0.993,hot_tea,0.0026,cha_khiao_nom,1.0,True,auto_keep
cha_khiao_nom_kw03_bing_000040.jpg,cha_khiao_nom,kw03,en,bing,False,0.9643,leaves,0.0176,cha_khiao_nom,1.0,True,auto_keep
cha_khiao_nom_kw03_bing_000041.jpg,cha_khiao_nom,kw03,en,bing,False,0.9961,leaves,0.0017,cha_khiao_nom,1.0,True,auto_keep
cha_khiao_nom_kw03_bing_000042.jpg,cha_khiao_nom,kw03,en,bing,False,0.9997,hot_tea,0.0002,cha_khiao_nom,0.9987,True,auto_keep
cha_khiao_nom_kw03_bing_000043.jpg,cha_khiao_nom,kw03,en,bing,False,1.0,hot_tea,0.0,cha_khiao_nom,0.6842,True,auto_keep
cha_khiao_nom_kw03_bing_000044.jpg,cha_khiao_nom,kw03,en,bing,False,0.9983,bottle,0.001,cha_khiao_nom,1.0,True,auto_keep
cha_khiao_nom_kw03_bing_000045.jpg,cha_khiao_nom,kw03,en,bing,False,0.992,object,0.0046,cha_khiao_nom,0.9993,True,auto_keep
cha_khiao_nom_kw03_bing_000046.png,cha_khiao_nom,kw03,en,bing,False,0.966,object,0.0285,cha_khiao_nom,0.9999,True,auto_keep
cha_khiao_nom_kw03_bing_000047.jpg,cha_khiao_nom,kw03,en,bing,False,0.9974,object,0.0022,cha_dam_yen,0.9099,False,review
cha_khiao_nom_kw03_bing_000048.jpg,cha_khiao_nom,kw03,en,bing,True,0.9998,object,0.0001,cha_dam_yen,0.998,False,review
cha_khiao_nom_kw03_bing_000050.jpg,cha_khiao_nom,kw03,en,bing,False,0.9998,object,0.0001,cha_khiao_nom,0.9997,True,auto_keep
cha_khiao_nom_kw03_bing_000051.jpg,cha_khiao_nom,kw03,en,bing,False,0.9999,object,0.0001,cha_khiao_nom,0.9998,True,auto_keep
cha_khiao_nom_kw03_bing_000052.jpg,cha_khiao_nom,kw03,en,bing,False,0.995,bottle,0.0036,cha_khiao_nom,0.9992,True,auto_keep
cha_khiao_nom_kw03_bing_000053.jpg,cha_khiao_nom,kw03,en,bing,False,0.9998,object,0.0001,cha_khiao_nom,0.9996,True,auto_keep
cha_khiao_nom_kw03_bing_000054.png,cha_khiao_nom,kw03,en,bing,False,0.9639,object,0.0325,cha_khiao_nom,1.0,True,auto_keep
cha_khiao_nom_kw03_bing_000055.jpg,cha_khiao_nom,kw03,en,bing,False,0.9994,bottle,0.0006,cha_khiao_nom,0.5639,True,auto_keep
cha_khiao_nom_kw03_bing_000056.png,cha_khiao_nom,kw03,en,bing,False,0.9603,object,0.0351,cha_khiao_nom,0.9999,True,auto_keep
cha_khiao_nom_kw03_bing_000057.png,cha_khiao_nom,kw03,en,bing,False,0.9957,object,0.004,cha_khiao_nom,0.9997,True,auto_keep
cha_khiao_nom_kw03_bing_000058.jpg,cha_khiao_nom,kw03,en,bing,False,0.9991,object,0.0009,cha_khiao_nom,0.9996,True,auto_keep
cha_khiao_nom_kw03_bing_000059.jpg,cha_khiao_nom,kw03,en,bing,False,0.9858,bottle,0.0122,cha_khiao_nom,1.0,True,auto_keep
cha_khiao_nom_kw03_bing_000060.jpg,cha_khiao_nom,kw03,en,bing,False,0.9997,object,0.0003,cha_khiao_nom,0.9996,True,auto_keep
cha_khiao_nom_kw03_bing_000061.jpg,cha_khiao_nom,kw03,en,bing,False,0.9999,object,0.0001,cha_khiao_nom,0.9996,True,auto_keep
cha_khiao_nom_kw03_bing_000062.jpg,cha_khiao_nom,kw03,en,bing,False,0.9984,object,0.0015,cha_khiao_nom,0.9999,True,auto_keep
cha_khiao_nom_kw03_bing_000063.jpg,cha_khiao_nom,kw03,en,bing,False,0.9997,bottle,0.0002,cha_khiao_nom,0.9999,True,auto_keep
cha_khiao_nom_kw03_bing_000066.png,cha_khiao_nom,kw03,en,bing,False,0.9829,text,0.0082,cha_thai,0.9888,False,review
cha_khiao_nom_kw03_bing_000069.png,cha_khiao_nom,kw03,en,bing,False,0.0004,hot_tea,0.5578,cha_nom_khai_muk,0.5282,False,auto_reject
cha_khiao_nom_kw03_bing_000071.jpg,cha_khiao_nom,kw03,en,bing,True,1.0,leaves,0.0,cha_nom_khai_muk,0.999,False,review
cha_khiao_nom_kw03_bing_000074.jpg,cha_khiao_nom,kw03,en,bing,False,0.0,food,0.9534,cha_khiao_nom,0.9999,True,auto_reject
cha_khiao_nom_kw03_bing_000075.jpg,cha_khiao_nom,kw03,en,bing,True,0.0326,leaves,0.6057,cha_nom_khai_muk,1.0,False,auto_reject
cha_khiao_nom_kw03_bing_000076.webp,cha_khiao_nom,kw03,en,bing,False,0.0031,illustration,0.3149,cha_nom_khai_muk,0.7181,False,auto_reject
cha_khiao_nom_kw03_bing_000078.jpg,cha_khiao_nom,kw03,en,bing,True,0.0001,food,0.8685,cha_phonlamai,0.512,False,auto_reject
cha_khiao_nom_kw03_bing_000079.jpg,cha_khiao_nom,kw03,en,bing,True,0.9945,object,0.0049,cha_phonlamai,0.873,False,review
cha_khiao_nom_kw03_bing_000080.webp,cha_khiao_nom,kw03,en,bing,False,0.0727,leaves,0.8148,cha_khiao_nom,1.0,True,auto_reject
cha_khiao_nom_kw03_bing_000082.webp,cha_khiao_nom,kw03,en,bing,False,0.0466,bottle,0.4962,cha_khiao_nom,0.9981,True,auto_reject
cha_khiao_nom_kw03_bing_000083.webp,cha_khiao_nom,kw03,en,bing,False,0.0001,bottle,0.9693,cha_khiao_nom,0.9998,True,auto_reject
cha_khiao_nom_kw03_bing_000084.png,cha_khiao_nom,kw03,en,bing,False,0.0001,hot_tea,0.9687,cha_nom_khai_muk,0.4827,False,auto_reject
cha_khiao_nom_kw03_bing_000092.jpg,cha_khiao_nom,kw03,en,bing,False,0.0139,logo,0.4853,cha_thai,0.7822,False,auto_reject
cha_khiao_nom_kw03_bing_000094.png,cha_khiao_nom,kw03,en,bing,False,0.0001,text,0.9241,cha_nom_khai_muk,0.8928,False,auto_reject
cha_khiao_nom_kw03_bing_000095.png,cha_khiao_nom,kw03,en,bing,False,0.9938,object,0.005,cha_khiao_nom,0.9996,True,auto_keep
cha_khiao_nom_kw03_bing_000096.webp,cha_khiao_nom,kw03,en,bing,True,1.0,bottle,0.0,cha_nom_khai_muk,0.7699,False,review
cha_khiao_nom_kw03_bing_000100.jpg,cha_khiao_nom,kw03,en,bing,False,0.0592,object,0.6252,cha_nom_khai_muk,0.7378,False,auto_reject
cha_khiao_nom_kw03_bing_000101.jpg,cha_khiao_nom,kw03,en,bing,True,0.0004,food,0.9079,cha_nom_khai_muk,0.699,False,auto_reject
cha_khiao_nom_kw03_bing_000102.jpg,cha_khiao_nom,kw03,en,bing,False,0.9854,object,0.0129,cha_khiao_nom,0.5314,True,auto_keep
cha_khiao_nom_kw03_bing_000103.jpg,cha_khiao_nom,kw03,en,bing,False,0.0,scenery,0.55,cha_khiao_nom,0.367,True,auto_reject
cha_khiao_nom_kw03_bing_000105.jpg,cha_khiao_nom,kw03,en,bing,False,0.9906,object,0.0091,cha_phonlamai,0.5687,False,review
cha_khiao_nom_kw03_bing_000106.webp,cha_khiao_nom,kw03,en,bing,False,0.0003,object,0.5351,cha_dam_yen,0.6118,False,auto_reject
cha_khiao_nom_kw03_bing_000107.png,cha_khiao_nom,kw03,en,bing,False,0.0014,leaves,0.7274,cha_dam_yen,0.9998,False,auto_reject
cha_khiao_nom_kw03_bing_000108.jpg,cha_khiao_nom,kw03,en,bing,False,0.5607,illustration,0.4029,cha_khiao_nom,0.469,True,review
cha_khiao_nom_kw03_bing_000109.jpg,cha_khiao_nom,kw03,en,bing,False,0.1009,text,0.8677,cha_thai,0.4589,False,auto_reject
cha_khiao_nom_kw03_bing_000110.jpg,cha_khiao_nom,kw03,en,bing,False,0.0274,bottle,0.9419,cha_khiao_nom,1.0,True,auto_reject
cha_khiao_nom_kw03_bing_000111.jpg,cha_khiao_nom,kw03,en,bing,False,0.9604,person,0.0363,cha_thai,0.4073,False,review
cha_khiao_nom_kw03_bing_000112.png,cha_khiao_nom,kw03,en,bing,False,0.0,logo,0.962,cha_thai,0.9242,False,auto_reject
cha_khiao_nom_kw03_bing_000114.png,cha_khiao_nom,kw03,en,bing,False,0.0,logo,0.9642,cha_thai,0.9377,False,auto_reject
cha_khiao_nom_kw03_bing_000115.jpg,cha_khiao_nom,kw03,en,bing,False,0.0,person,0.9978,cha_nom_khai_muk,0.9546,False,auto_reject
cha_khiao_nom_kw03_bing_000117.jpg,cha_khiao_nom,kw03,en,bing,False,1.0,object,0.0,cha_khiao_nom,0.9712,True,auto_keep
cha_khiao_nom_kw03_bing_000118.png,cha_khiao_nom,kw03,en,bing,False,0.0,object,0.9063,cha_nom_khai_muk,0.8919,False,auto_reject
cha_khiao_nom_kw03_bing_000120.jpg,cha_khiao_nom,kw03,en,bing,False,0.0002,hot_tea,0.9849,cha_khiao_nom,1.0,True,auto_reject
cha_khiao_nom_kw03_baidu_000001.jpg,cha_khiao_nom,kw03,en,baidu,False,0.9989,object,0.0008,cha_khiao_nom,0.9999,True,auto_keep
cha_khiao_nom_kw03_baidu_000002.jpg,cha_khiao_nom,kw03,en,baidu,False,0.9998,object,0.0001,cha_khiao_nom,0.9996,True,auto_keep
cha_khiao_nom_kw03_baidu_000003.jpg,cha_khiao_nom,kw03,en,baidu,False,0.9999,object,0.0001,cha_khiao_nom,0.9999,True,auto_keep
cha_khiao_nom_kw03_baidu_000004.jpg,cha_khiao_nom,kw03,en,baidu,False,0.9999,object,0.0001,cha_khiao_nom,0.7402,True,auto_keep
cha_khiao_nom_kw03_baidu_000005.jpg,cha_khiao_nom,kw03,en,baidu,False,0.7315,hot_tea,0.2602,cha_khiao_nom,0.9999,True,auto_keep
cha_khiao_nom_kw03_baidu_000006.jpg,cha_khiao_nom,kw03,en,baidu,False,1.0,object,0.0,cha_khiao_nom,0.9975,True,auto_keep
cha_khiao_nom_kw03_baidu_000008.jpg,cha_khiao_nom,kw03,en,baidu,False,0.9999,object,0.0001,cha_khiao_nom,0.9996,True,auto_keep
cha_khiao_nom_kw03_baidu_000009.jpg,cha_khiao_nom,kw03,en,baidu,False,0.9974,leaves,0.0022,cha_khiao_nom,0.9997,True,auto_keep
cha_khiao_nom_kw03_baidu_000010.jpg,cha_khiao_nom,kw03,en,baidu,False,1.0,object,0.0,cha_khiao_nom,0.9984,True,auto_keep
cha_khiao_nom_kw03_baidu_000011.jpg,cha_khiao_nom,kw03,en,baidu,False,0.9998,object,0.0001,cha_khiao_nom,0.9998,True,auto_keep
cha_khiao_nom_kw03_baidu_000012.jpg,cha_khiao_nom,kw03,en,baidu,False,0.9978,object,0.0011,cha_khiao_nom,0.9999,True,auto_keep
cha_khiao_nom_kw03_baidu_000013.jpg,cha_khiao_nom,kw03,en,baidu,False,0.9999,object,0.0,cha_khiao_nom,0.9992,True,auto_keep
cha_khiao_nom_kw03_baidu_000015.jpg,cha_khiao_nom,kw03,en,baidu,False,0.9958,hot_tea,0.0032,cha_nom_khai_muk,0.9578,False,review
cha_khiao_nom_kw03_baidu_000016.jpg,cha_khiao_nom,kw03,en,baidu,False,1.0,object,0.0,cha_khiao_nom,0.9999,True,auto_keep
cha_khiao_nom_kw03_baidu_000017.jpg,cha_khiao_nom,kw03,en,baidu,False,0.9979,object,0.0008,cha_khiao_nom,1.0,True,auto_keep
cha_khiao_nom_kw03_baidu_000018.jpg,cha_khiao_nom,kw03,en,baidu,False,1.0,object,0.0,cha_khiao_nom,0.9782,True,auto_keep
cha_khiao_nom_kw03_baidu_000019.jpg,cha_khiao_nom,kw03,en,baidu,False,0.9995,object,0.0005,cha_khiao_nom,0.9997,True,auto_keep
cha_khiao_nom_kw03_baidu_000020.jpg,cha_khiao_nom,kw03,en,baidu,False,0.963,bottle,0.0243,cha_khiao_nom,1.0,True,auto_keep
cha_khiao_nom_kw03_baidu_000021.jpg,cha_khiao_nom,kw03,en,baidu,False,0.9999,object,0.0001,cha_khiao_nom,0.9997,True,auto_keep
cha_khiao_nom_kw03_baidu_000022.jpg,cha_khiao_nom,kw03,en,baidu,False,0.9999,object,0.0,cha_khiao_nom,0.9982,True,auto_keep
cha_khiao_nom_kw03_baidu_000023.jpg,cha_khiao_nom,kw03,en,baidu,False,0.9995,bottle,0.0003,cha_khiao_nom,0.9999,True,auto_keep
cha_khiao_nom_kw03_baidu_000024.jpg,cha_khiao_nom,kw03,en,baidu,False,0.9996,object,0.0003,cha_khiao_nom,0.9996,True,auto_keep
cha_khiao_nom_kw03_baidu_000026.jpg,cha_khiao_nom,kw03,en,baidu,False,1.0,bottle,0.0,cha_khiao_nom,0.9946,True,auto_keep
cha_khiao_nom_kw03_baidu_000027.jpg,cha_khiao_nom,kw03,en,baidu,False,0.0004,hot_tea,0.9757,cha_khiao_nom,1.0,True,auto_reject
cha_khiao_nom_kw03_baidu_000029.jpg,cha_khiao_nom,kw03,en,baidu,False,0.9986,object,0.001,cha_khiao_nom,0.9993,True,auto_keep
cha_khiao_nom_kw03_baidu_000030.jpg,cha_khiao_nom,kw03,en,baidu,False,0.9998,object,0.0001,cha_khiao_nom,0.9998,True,auto_keep
cha_khiao_nom_kw03_baidu_000031.jpg,cha_khiao_nom,kw03,en,baidu,False,0.9998,bottle,0.0001,cha_thai,0.9487,False,review
cha_khiao_nom_kw03_baidu_000034.jpg,cha_khiao_nom,kw03,en,baidu,False,0.9995,object,0.0004,cha_khiao_nom,0.9997,True,auto_keep
cha_khiao_nom_kw03_baidu_000037.jpg,cha_khiao_nom,kw03,en,baidu,False,0.9995,bottle,0.0002,cha_khiao_nom,0.9996,True,auto_keep
cha_khiao_nom_kw03_baidu_000038.jpg,cha_khiao_nom,kw03,en,baidu,False,0.9994,bottle,0.0004,cha_khiao_nom,1.0,True,auto_keep
cha_khiao_nom_kw03_baidu_000039.jpg,cha_khiao_nom,kw03,en,baidu,False,1.0,object,0.0,cha_khiao_nom,0.9881,True,auto_keep
cha_khiao_nom_kw03_baidu_000041.jpg,cha_khiao_nom,kw03,en,baidu,False,0.9987,object,0.001,cha_khiao_nom,0.9967,True,auto_keep
cha_khiao_nom_kw03_baidu_000043.jpg,cha_khiao_nom,kw03,en,baidu,False,1.0,object,0.0,cha_thai,0.9875,False,review
cha_khiao_nom_kw03_baidu_000045.jpg,cha_khiao_nom,kw03,en,baidu,False,0.9999,object,0.0,cha_khiao_nom,0.9991,True,auto_keep
cha_khiao_nom_kw03_baidu_000046.jpg,cha_khiao_nom,kw03,en,baidu,False,0.9682,object,0.0313,cha_khiao_nom,1.0,True,auto_keep
cha_khiao_nom_kw03_baidu_000047.jpg,cha_khiao_nom,kw03,en,baidu,False,0.0199,hot_tea,0.9722,cha_khiao_nom,0.9999,True,auto_reject
cha_khiao_nom_kw03_baidu_000048.jpg,cha_khiao_nom,kw03,en,baidu,False,0.9561,hot_tea,0.0434,cha_khiao_nom,0.9998,True,auto_keep
cha_khiao_nom_kw03_baidu_000049.jpg,cha_khiao_nom,kw03,en,baidu,False,1.0,bottle,0.0,cha_khiao_nom,0.9999,True,auto_keep
cha_khiao_nom_kw03_baidu_000053.jpg,cha_khiao_nom,kw03,en,baidu,False,0.9992,object,0.0007,cha_khiao_nom,0.9999,True,auto_keep
cha_khiao_nom_kw03_baidu_000054.png,cha_khiao_nom,kw03,en,baidu,False,0.9791,bottle,0.0113,cha_khiao_nom,0.9997,True,auto_keep
cha_khiao_nom_kw04_bing_000000.jpg,cha_khiao_nom,kw04,en,bing,False,0.9997,bottle,0.0003,cha_khiao_nom,0.9994,True,auto_keep
cha_khiao_nom_kw04_bing_000002.jpg,cha_khiao_nom,kw04,en,bing,False,0.9997,bottle,0.0002,cha_khiao_nom,0.9999,True,auto_keep
cha_khiao_nom_kw04_bing_000003.png,cha_khiao_nom,kw04,en,bing,False,0.9986,object,0.0012,cha_khiao_nom,0.9998,True,auto_keep
cha_khiao_nom_kw04_bing_000004.jpg,cha_khiao_nom,kw04,en,bing,False,0.9999,object,0.0,cha_khiao_nom,0.9994,True,auto_keep
cha_khiao_nom_kw04_bing_000005.jpg,cha_khiao_nom,kw04,en,bing,True,0.9996,bottle,0.0003,cha_khiao_nom,0.9999,True,review
cha_khiao_nom_kw04_bing_000006.jpg,cha_khiao_nom,kw04,en,bing,False,0.999,leaves,0.0005,cha_khiao_nom,1.0,True,auto_keep
cha_khiao_nom_kw04_bing_000007.png,cha_khiao_nom,kw04,en,bing,False,0.9998,object,0.0002,cha_khiao_nom,0.9998,True,auto_keep
cha_khiao_nom_kw04_bing_000008.jpg,cha_khiao_nom,kw04,en,bing,False,0.9996,bottle,0.0002,cha_khiao_nom,0.9992,True,auto_keep
cha_khiao_nom_kw04_bing_000010.jpg,cha_khiao_nom,kw04,en,bing,False,0.9998,bottle,0.0001,cha_khiao_nom,1.0,True,auto_keep
cha_khiao_nom_kw04_bing_000011.jpg,cha_khiao_nom,kw04,en,bing,False,0.9998,person,0.0001,cha_khiao_nom,0.9999,True,auto_keep
cha_khiao_nom_kw04_bing_000012.jpg,cha_khiao_nom,kw04,en,bing,False,0.9999,bottle,0.0,cha_khiao_nom,0.9999,True,auto_keep
cha_khiao_nom_kw04_bing_000013.jpg,cha_khiao_nom,kw04,en,bing,False,0.9968,object,0.0017,cha_khiao_nom,1.0,True,auto_keep
cha_khiao_nom_kw04_bing_000014.jpg,cha_khiao_nom,kw04,en,bing,False,0.9996,bottle,0.0002,cha_khiao_nom,1.0,True,auto_keep
cha_khiao_nom_kw04_bing_000015.jpg,cha_khiao_nom,kw04,en,bing,False,0.9881,object,0.0091,cha_khiao_nom,1.0,True,auto_keep
cha_khiao_nom_kw04_bing_000016.jpg,cha_khiao_nom,kw04,en,bing,False,0.9989,object,0.0008,cha_khiao_nom,0.9998,True,auto_keep
cha_khiao_nom_kw04_bing_000017.jpg,cha_khiao_nom,kw04,en,bing,False,0.9989,object,0.0009,cha_khiao_nom,0.9998,True,auto_keep
cha_khiao_nom_kw04_bing_000018.jpg,cha_khiao_nom,kw04,en,bing,False,0.9999,object,0.0001,cha_khiao_nom,0.9194,True,auto_keep
cha_khiao_nom_kw04_bing_000019.jpg,cha_khiao_nom,kw04,en,bing,False,0.9997,bottle,0.0002,cha_khiao_nom,0.9754,True,auto_keep
cha_khiao_nom_kw04_bing_000020.jpg,cha_khiao_nom,kw04,en,bing,False,0.9999,person,0.0001,cha_khiao_nom,0.9997,True,auto_keep
cha_khiao_nom_kw04_bing_000021.jpg,cha_khiao_nom,kw04,en,bing,False,0.9863,object,0.0135,cha_khiao_nom,1.0,True,auto_keep
cha_khiao_nom_kw04_bing_000022.jpg,cha_khiao_nom,kw04,en,bing,False,0.9614,object,0.0379,cha_khiao_nom,0.9984,True,auto_keep
cha_khiao_nom_kw04_bing_000023.jpg,cha_khiao_nom,kw04,en,bing,False,0.9998,object,0.0002,cha_khiao_nom,0.9986,True,auto_keep
cha_khiao_nom_kw04_bing_000024.jpg,cha_khiao_nom,kw04,en,bing,True,0.999,object,0.0005,cha_khiao_nom,0.9999,True,review
cha_khiao_nom_kw04_bing_000025.jpg,cha_khiao_nom,kw04,en,bing,False,0.999,bottle,0.0005,cha_khiao_nom,0.9998,True,auto_keep
cha_khiao_nom_kw04_bing_000026.png,cha_khiao_nom,kw04,en,bing,False,0.9936,bottle,0.0047,cha_khiao_nom,1.0,True,auto_keep
cha_khiao_nom_kw04_bing_000027.jpg,cha_khiao_nom,kw04,en,bing,False,0.9999,bottle,0.0,cha_khiao_nom,0.9997,True,auto_keep
cha_khiao_nom_kw04_bing_000029.jpg,cha_khiao_nom,kw04,en,bing,False,1.0,object,0.0,cha_khiao_nom,0.9954,True,auto_keep
cha_khiao_nom_kw04_bing_000031.jpg,cha_khiao_nom,kw04,en,bing,False,0.9985,illustration,0.0011,cha_khiao_nom,0.9999,True,auto_keep
cha_khiao_nom_kw04_bing_000032.jpg,cha_khiao_nom,kw04,en,bing,False,1.0,bottle,0.0,cha_khiao_nom,0.9998,True,auto_keep
cha_khiao_nom_kw04_bing_000033.jpg,cha_khiao_nom,kw04,en,bing,False,0.9997,object,0.0001,cha_khiao_nom,0.9996,True,auto_keep
cha_khiao_nom_kw04_bing_000034.jpg,cha_khiao_nom,kw04,en,bing,False,0.8311,person,0.1677,cha_khiao_nom,0.9999,True,auto_keep
cha_khiao_nom_kw04_bing_000037.jpg,cha_khiao_nom,kw04,en,bing,False,0.9985,hot_tea,0.0013,cha_khiao_nom,0.9973,True,auto_keep
cha_khiao_nom_kw04_bing_000038.jpg,cha_khiao_nom,kw04,en,bing,False,1.0,bottle,0.0,cha_khiao_nom,0.9974,True,auto_keep
cha_khiao_nom_kw04_bing_000040.jpg,cha_khiao_nom,kw04,en,bing,False,1.0,object,0.0,cha_khiao_nom,0.9854,True,auto_keep
cha_khiao_nom_kw04_bing_000041.jpg,cha_khiao_nom,kw04,en,bing,False,0.9997,hot_tea,0.0001,cha_dam_yen,0.5707,False,review
cha_khiao_nom_kw04_bing_000042.jpg,cha_khiao_nom,kw04,en,bing,False,0.9999,person,0.0,cha_khiao_nom,0.9483,True,auto_keep
cha_khiao_nom_kw04_bing_000043.jpg,cha_khiao_nom,kw04,en,bing,False,0.9999,bottle,0.0001,cha_khiao_nom,1.0,True,auto_keep
cha_khiao_nom_kw04_bing_000044.jpg,cha_khiao_nom,kw04,en,bing,False,0.9972,object,0.0008,cha_khiao_nom,0.9889,True,auto_keep
cha_khiao_nom_kw04_bing_000046.jpg,cha_khiao_nom,kw04,en,bing,False,0.9985,object,0.0011,cha_khiao_nom,1.0,True,auto_keep
cha_khiao_nom_kw04_bing_000047.jpg,cha_khiao_nom,kw04,en,bing,False,0.9996,bottle,0.0004,cha_khiao_nom,0.9999,True,auto_keep
cha_khiao_nom_kw04_bing_000048.jpg,cha_khiao_nom,kw04,en,bing,False,0.9892,person,0.0106,cha_khiao_nom,0.9985,True,auto_keep
cha_khiao_nom_kw04_bing_000051.jpg,cha_khiao_nom,kw04,en,bing,False,1.0,object,0.0,cha_khiao_nom,0.9999,True,auto_keep
cha_khiao_nom_kw04_bing_000052.jpg,cha_khiao_nom,kw04,en,bing,False,0.9967,bottle,0.0023,cha_khiao_nom,0.9977,True,auto_keep
cha_khiao_nom_kw04_bing_000053.jpg,cha_khiao_nom,kw04,en,bing,False,0.9914,bottle,0.0049,cha_khiao_nom,1.0,True,auto_keep
cha_khiao_nom_kw04_bing_000054.jpg,cha_khiao_nom,kw04,en,bing,False,0.9998,bottle,0.0001,cha_khiao_nom,1.0,True,auto_keep
cha_khiao_nom_kw04_bing_000055.jpg,cha_khiao_nom,kw04,en,bing,False,0.9992,object,0.0005,cha_khiao_nom,0.9999,True,auto_keep
cha_khiao_nom_kw04_bing_000056.jpg,cha_khiao_nom,kw04,en,bing,False,0.9947,hot_tea,0.0019,cha_khiao_nom,1.0,True,auto_keep
cha_khiao_nom_kw04_bing_000057.webp,cha_khiao_nom,kw04,en,bing,False,0.9996,bottle,0.0003,cha_khiao_nom,0.9995,True,auto_keep
cha_khiao_nom_kw04_bing_000058.jpg,cha_khiao_nom,kw04,en,bing,False,0.9986,bottle,0.0008,cha_khiao_nom,1.0,True,auto_keep
cha_khiao_nom_kw04_bing_000061.jpg,cha_khiao_nom,kw04,en,bing,False,0.996,bottle,0.0033,cha_khiao_nom,0.9985,True,auto_keep
cha_khiao_nom_kw04_bing_000062.jpg,cha_khiao_nom,kw04,en,bing,False,1.0,bottle,0.0,cha_dam_yen,0.9127,False,review
cha_khiao_nom_kw04_bing_000063.jpg,cha_khiao_nom,kw04,en,bing,False,0.8969,object,0.0733,cha_khiao_nom,0.8939,True,auto_keep
cha_khiao_nom_kw04_bing_000070.jpg,cha_khiao_nom,kw04,en,bing,False,0.0,bottle,0.6745,cha_dam_yen,0.9973,False,auto_reject
cha_khiao_nom_kw04_bing_000072.jpg,cha_khiao_nom,kw04,en,bing,False,0.9997,object,0.0002,cha_khiao_nom,0.9998,True,auto_keep
cha_khiao_nom_kw04_bing_000076.jpg,cha_khiao_nom,kw04,en,bing,False,0.9593,person,0.0403,cha_nom_khai_muk,0.9736,False,review
cha_khiao_nom_kw04_bing_000079.jpg,cha_khiao_nom,kw04,en,bing,False,0.999,object,0.0004,cha_khiao_nom,0.7883,True,auto_keep
cha_khiao_nom_kw04_bing_000080.jpg,cha_khiao_nom,kw04,en,bing,False,0.0,food,0.9999,cha_khiao_nom,0.7928,True,auto_reject
cha_khiao_nom_kw04_bing_000082.jpg,cha_khiao_nom,kw04,en,bing,False,0.9996,object,0.0004,cha_khiao_nom,0.5385,True,auto_keep
cha_khiao_nom_kw04_bing_000085.jpg,cha_khiao_nom,kw04,en,bing,False,0.9892,bottle,0.0086,cha_khiao_nom,0.9999,True,auto_keep
cha_khiao_nom_kw04_bing_000086.jpg,cha_khiao_nom,kw04,en,bing,False,0.0146,leaves,0.4669,cha_khiao_nom,1.0,True,auto_reject
cha_khiao_nom_kw04_bing_000087.jpg,cha_khiao_nom,kw04,en,bing,False,0.0007,leaves,0.6905,cha_khiao_nom,1.0,True,auto_reject
cha_khiao_nom_kw04_bing_000090.jpg,cha_khiao_nom,kw04,en,bing,False,0.0012,hot_tea,0.988,cha_dam_yen,0.5362,False,auto_reject
cha_khiao_nom_kw04_bing_000093.png,cha_khiao_nom,kw04,en,bing,False,0.0,text,0.8274,cha_dam_yen,0.8688,False,auto_reject
cha_khiao_nom_kw04_bing_000094.jpg,cha_khiao_nom,kw04,en,bing,False,0.72,object,0.2725,cha_thai,0.6593,False,review
cha_khiao_nom_kw04_bing_000097.jpg,cha_khiao_nom,kw04,en,bing,False,0.0004,object,0.4644,cha_khiao_nom,0.9998,True,auto_reject
cha_khiao_nom_kw04_bing_000100.jpg,cha_khiao_nom,kw04,en,bing,False,0.9632,bottle,0.0189,cha_thai,0.8075,False,review
cha_khiao_nom_kw04_bing_000102.jpg,cha_khiao_nom,kw04,en,bing,False,0.9825,bottle,0.0154,cha_thai,0.5794,False,review
cha_khiao_nom_kw04_baidu_000003.jpg,cha_khiao_nom,kw04,en,baidu,False,1.0,object,0.0,cha_khiao_nom,0.7867,True,auto_keep
cha_khiao_nom_kw04_baidu_000005.jpg,cha_khiao_nom,kw04,en,baidu,False,0.9993,bottle,0.0003,cha_khiao_nom,1.0,True,auto_keep
cha_khiao_nom_kw04_baidu_000007.jpg,cha_khiao_nom,kw04,en,baidu,False,0.9999,object,0.0,cha_dam_yen,0.7401,False,review
cha_khiao_nom_kw04_baidu_000008.jpg,cha_khiao_nom,kw04,en,baidu,False,0.9604,leaves,0.0249,cha_khiao_nom,1.0,True,auto_keep
cha_khiao_nom_kw04_baidu_000009.jpg,cha_khiao_nom,kw04,en,baidu,False,1.0,object,0.0,cha_khiao_nom,0.9977,True,auto_keep
cha_khiao_nom_kw04_baidu_000010.jpg,cha_khiao_nom,kw04,en,baidu,False,0.9998,object,0.0001,cha_khiao_nom,0.9996,True,auto_keep
cha_khiao_nom_kw04_baidu_000013.jpg,cha_khiao_nom,kw04,en,baidu,False,0.996,object,0.0037,cha_khiao_nom,1.0,True,auto_keep
cha_khiao_nom_kw04_baidu_000015.jpg,cha_khiao_nom,kw04,en,baidu,False,0.9989,object,0.0009,cha_khiao_nom,0.9996,True,auto_keep
cha_khiao_nom_kw04_baidu_000016.jpg,cha_khiao_nom,kw04,en,baidu,False,0.9991,object,0.0004,cha_khiao_nom,0.9996,True,auto_keep
cha_khiao_nom_kw04_baidu_000019.jpg,cha_khiao_nom,kw04,en,baidu,False,0.9892,bottle,0.0099,cha_khiao_nom,0.7182,True,auto_keep
cha_khiao_nom_kw04_baidu_000021.jpg,cha_khiao_nom,kw04,en,baidu,False,0.0001,hot_tea,0.9986,cha_nom_khai_muk,0.982,False,auto_reject
cha_khiao_nom_kw04_baidu_000022.jpg,cha_khiao_nom,kw04,en,baidu,False,0.0123,hot_tea,0.98,cha_khiao_nom,1.0,True,auto_reject
cha_khiao_nom_kw04_baidu_000024.jpg,cha_khiao_nom,kw04,en,baidu,False,0.9991,object,0.0003,cha_khiao_nom,0.9998,True,auto_keep
cha_khiao_nom_kw04_baidu_000025.jpg,cha_khiao_nom,kw04,en,baidu,False,0.9963,hot_tea,0.0014,cha_khiao_nom,1.0,True,auto_keep
cha_khiao_nom_kw04_baidu_000026.jpg,cha_khiao_nom,kw04,en,baidu,False,1.0,object,0.0,cha_khiao_nom,0.9085,True,auto_keep
cha_khiao_nom_kw04_baidu_000027.jpg,cha_khiao_nom,kw04,en,baidu,False,0.0001,hot_tea,0.9931,cha_khiao_nom,1.0,True,auto_reject
cha_khiao_nom_kw04_baidu_000028.jpg,cha_khiao_nom,kw04,en,baidu,False,0.9992,object,0.0004,cha_khiao_nom,1.0,True,auto_keep
cha_khiao_nom_kw04_baidu_000029.jpg,cha_khiao_nom,kw04,en,baidu,False,0.9964,object,0.0032,cha_khiao_nom,1.0,True,auto_keep
cha_khiao_nom_kw04_baidu_000030.jpg,cha_khiao_nom,kw04,en,baidu,False,0.9933,bottle,0.0028,cha_khiao_nom,0.9971,True,auto_keep
cha_khiao_nom_kw04_baidu_000031.jpg,cha_khiao_nom,kw04,en,baidu,False,0.0004,hot_tea,0.9901,cha_khiao_nom,0.9999,True,auto_reject
cha_khiao_nom_kw04_baidu_000032.jpg,cha_khiao_nom,kw04,en,baidu,False,0.9032,hot_tea,0.0916,cha_khiao_nom,0.9999,True,auto_keep
cha_khiao_nom_kw04_baidu_000033.jpeg,cha_khiao_nom,kw04,en,baidu,False,0.9973,object,0.0025,cha_khiao_nom,0.9868,True,auto_keep
cha_khiao_nom_kw04_baidu_000034.jpg,cha_khiao_nom,kw04,en,baidu,False,0.0006,hot_tea,0.9821,cha_khiao_nom,1.0,True,auto_reject
cha_khiao_nom_kw04_baidu_000035.jpg,cha_khiao_nom,kw04,en,baidu,False,0.9968,object,0.0023,cha_khiao_nom,1.0,True,auto_keep
cha_khiao_nom_kw04_baidu_000036.jpg,cha_khiao_nom,kw04,en,baidu,False,0.9975,bottle,0.0011,cha_khiao_nom,0.9983,True,auto_keep
cha_khiao_nom_kw04_baidu_000037.jpg,cha_khiao_nom,kw04,en,baidu,False,0.999,object,0.0005,cha_khiao_nom,1.0,True,auto_keep
cha_khiao_nom_kw04_baidu_000038.jpg,cha_khiao_nom,kw04,en,baidu,False,1.0,object,0.0,cha_nom_khai_muk,0.9037,False,review
cha_khiao_nom_kw04_baidu_000039.jpg,cha_khiao_nom,kw04,en,baidu,False,0.9939,hot_tea,0.0024,cha_khiao_nom,1.0,True,auto_keep
cha_khiao_nom_kw04_baidu_000040.jpg,cha_khiao_nom,kw04,en,baidu,False,0.9968,object,0.0017,cha_khiao_nom,0.9995,True,auto_keep
cha_khiao_nom_kw04_baidu_000041.jpg,cha_khiao_nom,kw04,en,baidu,False,0.9428,leaves,0.0204,cha_khiao_nom,1.0,True,auto_keep
cha_khiao_nom_kw04_baidu_000042.jpg,cha_khiao_nom,kw04,en,baidu,False,0.919,object,0.0453,cha_khiao_nom,0.9996,True,auto_keep
cha_khiao_nom_kw04_baidu_000044.jpg,cha_khiao_nom,kw04,en,baidu,False,0.9984,hot_tea,0.0011,cha_khiao_nom,0.9993,True,auto_keep
cha_khiao_nom_kw04_baidu_000045.jpg,cha_khiao_nom,kw04,en,baidu,False,1.0,object,0.0,cha_khiao_nom,0.9986,True,auto_keep
cha_khiao_nom_kw04_baidu_000046.jpg,cha_khiao_nom,kw04,en,baidu,False,0.9995,leaves,0.0003,cha_khiao_nom,0.9999,True,auto_keep
cha_khiao_nom_kw04_baidu_000048.jpg,cha_khiao_nom,kw04,en,baidu,False,0.9915,object,0.0075,cha_khiao_nom,1.0,True,auto_keep
cha_khiao_nom_kw04_baidu_000049.jpg,cha_khiao_nom,kw04,en,baidu,False,0.9553,object,0.0365,cha_khiao_nom,0.9999,True,auto_keep
cha_khiao_nom_kw04_baidu_000050.jpg,cha_khiao_nom,kw04,en,baidu,False,0.0792,hot_tea,0.474,cha_khiao_nom,0.9998,True,auto_reject
cha_khiao_nom_kw04_baidu_000051.jpg,cha_khiao_nom,kw04,en,baidu,False,0.9999,object,0.0001,cha_khiao_nom,0.9996,True,auto_keep
cha_khiao_nom_kw04_baidu_000052.jpg,cha_khiao_nom,kw04,en,baidu,False,0.9941,object,0.0055,cha_khiao_nom,0.9977,True,auto_keep
cha_khiao_nom_kw04_baidu_000053.jpg,cha_khiao_nom,kw04,en,baidu,False,1.0,object,0.0,cha_khiao_nom,0.9996,True,auto_keep
cha_khiao_nom_kw04_baidu_000054.jpg,cha_khiao_nom,kw04,en,baidu,False,0.9994,leaves,0.0005,cha_khiao_nom,0.9772,True,auto_keep
cha_khiao_nom_kw05_bing_000011.webp,cha_khiao_nom,kw05,th,bing,False,0.9905,bottle,0.0039,cha_khiao_nom,0.9987,True,auto_keep
cha_khiao_nom_kw05_bing_000016.png,cha_khiao_nom,kw05,th,bing,False,0.8191,bottle,0.1753,cha_nom_khai_muk,0.9592,False,review
cha_khiao_nom_kw05_bing_000017.jpg,cha_khiao_nom,kw05,th,bing,True,0.506,bottle,0.4932,cha_nom_khai_muk,0.7356,False,review
cha_khiao_nom_kw05_bing_000027.jpg,cha_khiao_nom,kw05,th,bing,True,0.9907,bottle,0.0092,cha_thai,0.8072,False,review
cha_khiao_nom_kw05_bing_000029.jpg,cha_khiao_nom,kw05,th,bing,True,0.0084,object,0.7153,cha_nom_khai_muk,0.9584,False,auto_reject
cha_khiao_nom_kw05_bing_000030.jpg,cha_khiao_nom,kw05,th,bing,True,0.9993,object,0.0005,cha_thai,0.8175,False,review
cha_khiao_nom_kw05_bing_000033.jpg,cha_khiao_nom,kw05,th,bing,True,0.5735,bottle,0.2647,cha_thai,0.9548,False,review
cha_khiao_nom_kw05_bing_000037.png,cha_khiao_nom,kw05,th,bing,False,0.9997,bottle,0.0002,cha_khiao_nom,0.9989,True,auto_keep
cha_khiao_nom_kw05_bing_000038.jpg,cha_khiao_nom,kw05,th,bing,True,1.0,object,0.0,cha_nom_khai_muk,0.9962,False,review
cha_khiao_nom_kw05_bing_000042.jpg,cha_khiao_nom,kw05,th,bing,False,1.0,object,0.0,cha_thai,0.6332,False,review
cha_khiao_nom_kw05_bing_000050.jpg,cha_khiao_nom,kw05,th,bing,True,0.0,bottle,0.999,cha_thai,0.8228,False,auto_reject
cha_khiao_nom_kw05_bing_000072.jpg,cha_khiao_nom,kw05,th,bing,False,0.999,hot_tea,0.0004,cha_khiao_nom,0.9977,True,auto_keep
cha_khiao_nom_kw05_bing_000074.jpg,cha_khiao_nom,kw05,th,bing,False,0.0019,bottle,0.9489,cha_khiao_nom,0.8243,True,auto_reject
cha_khiao_nom_kw05_bing_000089.webp,cha_khiao_nom,kw05,th,bing,True,0.0,bottle,1.0,cha_nom_khai_muk,0.968,False,auto_reject
cha_khiao_nom_kw05_bing_000090.webp,cha_khiao_nom,kw05,th,bing,False,0.0001,bottle,0.9998,cha_thai,0.4996,False,auto_reject
cha_khiao_nom_kw05_bing_000092.jpg,cha_khiao_nom,kw05,th,bing,False,0.999,object,0.0006,cha_khiao_nom,0.9999,True,auto_keep
cha_khiao_nom_kw05_bing_000100.webp,cha_khiao_nom,kw05,th,bing,False,0.5396,bottle,0.2988,cha_dam_yen,0.892,False,review
cha_khiao_nom_kw06_bing_000035.webp,cha_khiao_nom,kw06,th,bing,False,0.0,scenery,0.979,cha_khiao_nom,0.6148,True,auto_reject
cha_khiao_nom_kw06_bing_000036.webp,cha_khiao_nom,kw06,th,bing,False,0.0003,scenery,0.9791,cha_thai,0.7168,False,auto_reject
cha_khiao_nom_kw06_bing_000037.jpg,cha_khiao_nom,kw06,th,bing,True,0.0118,object,0.8359,cha_nom_khai_muk,0.5162,False,auto_reject
cha_khiao_nom_kw06_bing_000038.jpg,cha_khiao_nom,kw06,th,bing,False,1.0,object,0.0,cha_nom_khai_muk,0.8089,False,review
cha_khiao_nom_kw06_bing_000039.jpg,cha_khiao_nom,kw06,th,bing,False,0.0002,bottle,0.9441,cha_dam_yen,0.9772,False,auto_reject
cha_khiao_nom_kw06_bing_000040.jpg,cha_khiao_nom,kw06,th,bing,False,0.7593,text,0.1782,cha_thai,0.5709,False,review
cha_khiao_nom_kw06_bing_000041.jpg,cha_khiao_nom,kw06,th,bing,False,0.9999,object,0.0001,cha_khiao_nom,0.9959,True,auto_keep
cha_khiao_nom_kw06_bing_000046.jpg,cha_khiao_nom,kw06,th,bing,False,0.9699,hot_tea,0.0135,cha_khiao_nom,0.9378,True,auto_keep
cha_khiao_nom_kw06_bing_000054.jpg,cha_khiao_nom,kw06,th,bing,False,0.1235,object,0.5465,cha_nom_khai_muk,0.8533,False,auto_reject
cha_khiao_nom_kw06_bing_000055.jpg,cha_khiao_nom,kw06,th,bing,True,0.0005,text,0.998,cha_thai,0.9944,False,auto_reject
cha_khiao_nom_kw06_bing_000056.jpg,cha_khiao_nom,kw06,th,bing,False,0.9957,bottle,0.0042,cha_dam_yen,0.4052,False,review
cha_khiao_nom_kw06_bing_000060.jpg,cha_khiao_nom,kw06,th,bing,False,0.0142,bottle,0.8876,cha_dam_yen,0.4963,False,auto_reject
cha_khiao_nom_kw06_bing_000062.jpg,cha_khiao_nom,kw06,th,bing,False,1.0,bottle,0.0,cha_nom_khai_muk,0.6642,False,review
cha_khiao_nom_kw06_bing_000067.jpg,cha_khiao_nom,kw06,th,bing,False,1.0,object,0.0,cha_dam_yen,0.974,False,review
cha_khiao_nom_kw06_bing_000068.jpg,cha_khiao_nom,kw06,th,bing,True,0.3375,person,0.2186,cha_nom_khai_muk,0.9712,False,review
cha_khiao_nom_kw06_bing_000070.jpg,cha_khiao_nom,kw06,th,bing,False,1.0,object,0.0,cha_khiao_nom,0.9959,True,auto_keep
cha_khiao_nom_kw06_bing_000078.jpg,cha_khiao_nom,kw06,th,bing,False,1.0,object,0.0,cha_khiao_nom,0.9697,True,auto_keep
cha_khiao_nom_kw06_bing_000079.jpg,cha_khiao_nom,kw06,th,bing,False,0.9999,object,0.0,cha_nom_khai_muk,0.9692,False,review
cha_khiao_nom_kw06_bing_000080.jpg,cha_khiao_nom,kw06,th,bing,False,0.9933,object,0.0034,cha_dam_yen,0.8745,False,review
cha_khiao_nom_kw06_bing_000082.jpg,cha_khiao_nom,kw06,th,bing,True,0.0044,text,0.8881,cha_khiao_nom,0.9961,True,auto_reject
cha_khiao_nom_kw06_bing_000084.jpg,cha_khiao_nom,kw06,th,bing,False,0.0984,object,0.6289,cha_thai,0.4341,False,auto_reject
cha_khiao_nom_kw06_bing_000085.jpg,cha_khiao_nom,kw06,th,bing,False,0.3003,bottle,0.6754,cha_thai,0.8176,False,review
cha_khiao_nom_kw06_bing_000089.jpg,cha_khiao_nom,kw06,th,bing,False,0.1498,text,0.7824,cha_dam_yen,0.5151,False,auto_reject
cha_khiao_nom_kw06_bing_000090.jpg,cha_khiao_nom,kw06,th,bing,True,0.0001,scenery,0.9269,cha_khiao_nom,0.596,True,auto_reject
cha_khiao_nom_kw06_bing_000091.jpg,cha_khiao_nom,kw06,th,bing,False,0.45,bottle,0.5377,cha_thai,0.9284,False,review
cha_khiao_nom_kw06_bing_000094.jpg,cha_khiao_nom,kw06,th,bing,False,1.0,object,0.0,cha_nom_khai_muk,0.9969,False,review
cha_khiao_nom_kw06_bing_000095.jpg,cha_khiao_nom,kw06,th,bing,False,1.0,bottle,0.0,cha_nom_khai_muk,0.8785,False,review
cha_khiao_nom_kw06_bing_000096.jpg,cha_khiao_nom,kw06,th,bing,False,0.0112,object,0.8699,cha_khiao_nom,0.8361,True,auto_reject
cha_khiao_nom_kw06_bing_000099.jpg,cha_khiao_nom,kw06,th,bing,False,0.9989,object,0.0004,cha_nom_khai_muk,0.9061,False,review
cha_khiao_nom_kw06_bing_000100.jpg,cha_khiao_nom,kw06,th,bing,False,0.6355,object,0.2581,cha_khiao_nom,0.9816,True,auto_keep
cha_khiao_nom_kw06_bing_000102.webp,cha_khiao_nom,kw06,th,bing,False,0.0001,scenery,0.8752,cha_nom_khai_muk,0.6076,False,auto_reject
cha_khiao_nom_kw06_bing_000103.webp,cha_khiao_nom,kw06,th,bing,False,0.9998,object,0.0002,cha_nom_khai_muk,0.505,False,review
cha_khiao_nom_kw06_bing_000105.jpg,cha_khiao_nom,kw06,th,bing,False,0.2081,text,0.2789,cha_nom_khai_muk,0.9521,False,review
cha_khiao_nom_kw07_bing_000001.jpg,cha_khiao_nom,kw07,th,bing,False,0.9989,object,0.001,cha_khiao_nom,0.9964,True,auto_keep
cha_khiao_nom_kw07_bing_000007.jpg,cha_khiao_nom,kw07,th,bing,False,0.0107,object,0.8127,cha_khiao_nom,0.9834,True,auto_reject
cha_khiao_nom_kw07_bing_000011.jpg,cha_khiao_nom,kw07,th,bing,False,1.0,object,0.0,cha_thai,0.9049,False,review
cha_khiao_nom_kw07_bing_000012.jpg,cha_khiao_nom,kw07,th,bing,False,0.9533,object,0.0465,cha_thai,0.6423,False,review
cha_khiao_nom_kw07_bing_000016.jpg,cha_khiao_nom,kw07,th,bing,False,0.9672,object,0.0166,cha_khiao_nom,0.9868,True,auto_keep
cha_khiao_nom_kw07_bing_000023.jpg,cha_khiao_nom,kw07,th,bing,False,0.9979,object,0.0016,cha_khiao_nom,0.9995,True,auto_keep
cha_khiao_nom_kw07_bing_000025.jpg,cha_khiao_nom,kw07,th,bing,False,0.9491,bottle,0.0295,cha_dam_yen,0.5946,False,review
cha_khiao_nom_kw07_bing_000026.jpg,cha_khiao_nom,kw07,th,bing,False,0.9973,object,0.0018,cha_khiao_nom,0.9896,True,auto_keep
cha_khiao_nom_kw07_bing_000027.jpg,cha_khiao_nom,kw07,th,bing,False,0.9995,bottle,0.0002,cha_khiao_nom,0.8072,True,auto_keep
cha_khiao_nom_kw07_bing_000030.jpg,cha_khiao_nom,kw07,th,bing,False,0.9886,object,0.0092,cha_khiao_nom,0.9473,True,auto_keep
cha_khiao_nom_kw07_bing_000037.png,cha_khiao_nom,kw07,th,bing,False,0.9996,object,0.0002,cha_khiao_nom,0.9998,True,auto_keep
cha_khiao_nom_kw07_bing_000040.jpg,cha_khiao_nom,kw07,th,bing,False,0.9999,object,0.0,cha_khiao_nom,0.9819,True,auto_keep
cha_khiao_nom_kw07_bing_000042.jpg,cha_khiao_nom,kw07,th,bing,False,0.9903,object,0.0042,cha_khiao_nom,0.9998,True,auto_keep
cha_khiao_nom_kw07_bing_000049.jpg,cha_khiao_nom,kw07,th,bing,False,0.9543,object,0.0407,cha_khiao_nom,1.0,True,auto_keep
cha_khiao_nom_kw07_bing_000051.jpg,cha_khiao_nom,kw07,th,bing,False,0.9967,bottle,0.0029,cha_thai,0.9447,False,review
cha_khiao_nom_kw07_bing_000057.png,cha_khiao_nom,kw07,th,bing,False,1.0,bottle,0.0,cha_nom_khai_muk,0.9996,False,review
cha_khiao_nom_kw07_bing_000061.jpg,cha_khiao_nom,kw07,th,bing,False,0.9999,bottle,0.0001,cha_khiao_nom,0.4993,True,auto_keep
cha_khiao_nom_kw07_bing_000062.jpg,cha_khiao_nom,kw07,th,bing,False,0.6032,object,0.3063,cha_thai,0.9277,False,review
cha_khiao_nom_kw07_bing_000063.jpg,cha_khiao_nom,kw07,th,bing,False,1.0,object,0.0,cha_thai,0.9561,False,review
cha_khiao_nom_kw07_bing_000080.jpg,cha_khiao_nom,kw07,th,bing,False,0.9921,object,0.0079,cha_nom_khai_muk,0.8506,False,review
cha_khiao_nom_kw07_bing_000081.jpg,cha_khiao_nom,kw07,th,bing,False,0.0095,bottle,0.4762,cha_dam_yen,0.5512,False,auto_reject
cha_khiao_nom_kw07_bing_000091.jpg,cha_khiao_nom,kw07,th,bing,False,0.8805,bottle,0.1193,cha_thai,0.9354,False,review
cha_khiao_nom_kw07_bing_000094.webp,cha_khiao_nom,kw07,th,bing,False,1.0,bottle,0.0,cha_thai,0.9643,False,review
cha_khiao_nom_kw07_bing_000114.jpg,cha_khiao_nom,kw07,th,bing,False,0.0,food,0.9939,cha_dam_yen,0.4853,False,auto_reject
cha_khiao_nom_kw07_bing_000172.jpg,cha_khiao_nom,kw07,th,bing,False,0.9978,text,0.0009,cha_dam_yen,0.7473,False,review
cha_nom_khai_muk_kw00_bing_000001.jpg,cha_nom_khai_muk,kw00,th,bing,False,0.9937,bottle,0.0047,cha_nom_khai_muk,1.0,True,auto_keep
cha_nom_khai_muk_kw00_bing_000004.jpg,cha_nom_khai_muk,kw00,th,bing,False,1.0,object,0.0,cha_nom_khai_muk,0.9991,True,auto_keep
cha_nom_khai_muk_kw00_bing_000006.jpg,cha_nom_khai_muk,kw00,th,bing,False,1.0,object,0.0,cha_dam_yen,0.8232,False,review
cha_nom_khai_muk_kw00_bing_000007.jpg,cha_nom_khai_muk,kw00,th,bing,False,0.0037,text,0.9854,cha_nom_khai_muk,0.926,True,auto_reject
cha_nom_khai_muk_kw00_bing_000008.jpg,cha_nom_khai_muk,kw00,th,bing,False,1.0,person,0.0,cha_nom_khai_muk,0.9962,True,auto_keep
cha_nom_khai_muk_kw00_bing_000009.jpg,cha_nom_khai_muk,kw00,th,bing,False,0.9714,hot_tea,0.0162,cha_nom_khai_muk,0.9987,True,auto_keep
cha_nom_khai_muk_kw00_bing_000010.webp,cha_nom_khai_muk,kw00,th,bing,False,0.6305,food,0.2131,cha_nom_khai_muk,0.9062,True,auto_keep
cha_nom_khai_muk_kw00_bing_000011.jpg,cha_nom_khai_muk,kw00,th,bing,False,1.0,hot_tea,0.0,cha_nom_khai_muk,0.9953,True,auto_keep
cha_nom_khai_muk_kw00_bing_000012.png,cha_nom_khai_muk,kw00,th,bing,False,0.9868,text,0.0094,cha_dam_yen,0.5267,False,review
cha_nom_khai_muk_kw00_bing_000013.jpg,cha_nom_khai_muk,kw00,th,bing,False,1.0,object,0.0,cha_nom_khai_muk,0.9801,True,auto_keep
cha_nom_khai_muk_kw00_bing_000014.jpg,cha_nom_khai_muk,kw00,th,bing,False,1.0,bottle,0.0,cha_nom_khai_muk,0.9928,True,auto_keep
cha_nom_khai_muk_kw00_bing_000015.jpg,cha_nom_khai_muk,kw00,th,bing,False,0.9989,bottle,0.0005,cha_nom_khai_muk,0.9991,True,auto_keep
cha_nom_khai_muk_kw00_bing_000016.jpg,cha_nom_khai_muk,kw00,th,bing,False,0.9999,bottle,0.0001,cha_nom_khai_muk,0.3869,True,auto_keep
cha_nom_khai_muk_kw00_bing_000017.jpg,cha_nom_khai_muk,kw00,th,bing,False,0.001,text,0.9706,cha_nom_khai_muk,0.6388,True,auto_reject
cha_nom_khai_muk_kw00_bing_000018.png,cha_nom_khai_muk,kw00,th,bing,False,1.0,object,0.0,cha_nom_khai_muk,0.9997,True,auto_keep
cha_nom_khai_muk_kw00_bing_000019.jpg,cha_nom_khai_muk,kw00,th,bing,True,1.0,bottle,0.0,cha_nom_khai_muk,0.9599,True,review
cha_nom_khai_muk_kw00_bing_000020.jpg,cha_nom_khai_muk,kw00,th,bing,False,1.0,hot_tea,0.0,cha_nom_khai_muk,0.7609,True,auto_keep
cha_nom_khai_muk_kw00_bing_000021.jpg,cha_nom_khai_muk,kw00,th,bing,False,1.0,object,0.0,cha_nom_khai_muk,1.0,True,auto_keep
cha_nom_khai_muk_kw00_bing_000024.jpg,cha_nom_khai_muk,kw00,th,bing,False,0.9992,bottle,0.0006,cha_nom_khai_muk,0.9798,True,auto_keep
cha_nom_khai_muk_kw00_bing_000025.webp,cha_nom_khai_muk,kw00,th,bing,False,0.9824,text,0.0062,cha_dam_yen,0.8595,False,review
cha_nom_khai_muk_kw00_bing_000026.jpg,cha_nom_khai_muk,kw00,th,bing,False,1.0,bottle,0.0,cha_nom_khai_muk,0.9892,True,auto_keep
cha_nom_khai_muk_kw00_bing_000027.jpg,cha_nom_khai_muk,kw00,th,bing,False,1.0,object,0.0,cha_nom_khai_muk,0.9717,True,auto_keep
cha_nom_khai_muk_kw00_bing_000028.jpg,cha_nom_khai_muk,kw00,th,bing,False,0.9998,person,0.0002,cha_dam_yen,0.7958,False,review
cha_nom_khai_muk_kw00_bing_000029.webp,cha_nom_khai_muk,kw00,th,bing,True,0.6876,object,0.2143,cha_nom_khai_muk,0.9892,True,review
cha_nom_khai_muk_kw00_bing_000030.jpg,cha_nom_khai_muk,kw00,th,bing,False,1.0,bottle,0.0,cha_nom_khai_muk,0.9673,True,auto_keep
cha_nom_khai_muk_kw00_bing_000031.webp,cha_nom_khai_muk,kw00,th,bing,False,1.0,hot_tea,0.0,cha_nom_khai_muk,0.9965,True,auto_keep
cha_nom_khai_muk_kw00_bing_000032.jpg,cha_nom_khai_muk,kw00,th,bing,False,0.9999,bottle,0.0001,cha_nom_khai_muk,0.6792,True,auto_keep
cha_nom_khai_muk_kw00_bing_000033.jpg,cha_nom_khai_muk,kw00,th,bing,True,1.0,bottle,0.0,cha_nom_khai_muk,0.7863,True,review
cha_nom_khai_muk_kw00_bing_000035.jpg,cha_nom_khai_muk,kw00,th,bing,False,1.0,object,0.0,cha_nom_khai_muk,0.9821,True,auto_keep
cha_nom_khai_muk_kw00_bing_000036.jpg,cha_nom_khai_muk,kw00,th,bing,False,1.0,hot_tea,0.0,cha_nom_khai_muk,0.999,True,auto_keep
cha_nom_khai_muk_kw00_bing_000037.jpg,cha_nom_khai_muk,kw00,th,bing,False,1.0,person,0.0,cha_nom_khai_muk,0.9945,True,auto_keep
cha_nom_khai_muk_kw00_bing_000041.jpg,cha_nom_khai_muk,kw00,th,bing,False,1.0,object,0.0,cha_nom_khai_muk,0.8472,True,auto_keep
cha_nom_khai_muk_kw00_bing_000043.jpg,cha_nom_khai_muk,kw00,th,bing,False,1.0,object,0.0,cha_nom_khai_muk,0.9348,True,auto_keep
cha_nom_khai_muk_kw00_bing_000044.jpg,cha_nom_khai_muk,kw00,th,bing,False,1.0,object,0.0,cha_nom_khai_muk,0.995,True,auto_keep
cha_nom_khai_muk_kw00_bing_000045.jpg,cha_nom_khai_muk,kw00,th,bing,True,1.0,bottle,0.0,cha_thai,0.886,False,review
cha_nom_khai_muk_kw00_bing_000047.jpg,cha_nom_khai_muk,kw00,th,bing,False,1.0,hot_tea,0.0,cha_nom_khai_muk,0.4196,True,auto_keep
cha_nom_khai_muk_kw00_bing_000048.jpg,cha_nom_khai_muk,kw00,th,bing,False,1.0,hot_tea,0.0,cha_dam_yen,0.6987,False,review
cha_nom_khai_muk_kw00_bing_000050.jpg,cha_nom_khai_muk,kw00,th,bing,False,1.0,bottle,0.0,cha_nom_khai_muk,0.8199,True,auto_keep
cha_nom_khai_muk_kw00_bing_000051.jpg,cha_nom_khai_muk,kw00,th,bing,False,0.9996,text,0.0002,cha_nom_khai_muk,0.9885,True,auto_keep
cha_nom_khai_muk_kw00_bing_000053.jpg,cha_nom_khai_muk,kw00,th,bing,False,0.9997,bottle,0.0003,cha_thai,0.9393,False,review
cha_nom_khai_muk_kw00_bing_000054.jpg,cha_nom_khai_muk,kw00,th,bing,False,1.0,bottle,0.0,cha_thai,0.9999,False,review
cha_nom_khai_muk_kw00_bing_000055.jpg,cha_nom_khai_muk,kw00,th,bing,False,0.9655,bottle,0.0345,cha_thai,0.6451,False,review
cha_nom_khai_muk_kw00_bing_000056.jpg,cha_nom_khai_muk,kw00,th,bing,False,1.0,object,0.0,cha_nom_khai_muk,1.0,True,auto_keep
cha_nom_khai_muk_kw00_bing_000057.jpg,cha_nom_khai_muk,kw00,th,bing,False,0.9506,bottle,0.049,cha_khiao_nom,0.9929,False,review
cha_nom_khai_muk_kw00_bing_000058.jpg,cha_nom_khai_muk,kw00,th,bing,False,0.9906,text,0.0025,cha_dam_yen,0.6022,False,review
cha_nom_khai_muk_kw00_bing_000059.jpg,cha_nom_khai_muk,kw00,th,bing,False,0.5291,object,0.3714,cha_thai,0.4372,False,review
cha_nom_khai_muk_kw00_bing_000061.jpg,cha_nom_khai_muk,kw00,th,bing,False,1.0,object,0.0,cha_thai,0.9498,False,review
cha_nom_khai_muk_kw00_bing_000062.jpg,cha_nom_khai_muk,kw00,th,bing,False,1.0,object,0.0,cha_nom_khai_muk,0.998,True,auto_keep
cha_nom_khai_muk_kw00_bing_000063.jpg,cha_nom_khai_muk,kw00,th,bing,False,0.9971,bottle,0.0015,cha_thai,0.8114,False,review
cha_nom_khai_muk_kw00_bing_000064.jpg,cha_nom_khai_muk,kw00,th,bing,False,0.9992,object,0.0007,cha_nom_khai_muk,0.9,True,auto_keep
cha_nom_khai_muk_kw00_bing_000065.jpg,cha_nom_khai_muk,kw00,th,bing,True,1.0,object,0.0,cha_nom_khai_muk,0.9961,True,review
cha_nom_khai_muk_kw00_bing_000066.jpg,cha_nom_khai_muk,kw00,th,bing,False,1.0,object,0.0,cha_nom_khai_muk,0.9239,True,auto_keep
cha_nom_khai_muk_kw00_bing_000067.webp,cha_nom_khai_muk,kw00,th,bing,False,0.014,bottle,0.9833,cha_thai,0.8565,False,auto_reject
cha_nom_khai_muk_kw00_bing_000068.jpg,cha_nom_khai_muk,kw00,th,bing,False,1.0,bottle,0.0,cha_nom_khai_muk,0.9995,True,auto_keep
cha_nom_khai_muk_kw00_bing_000069.jpg,cha_nom_khai_muk,kw00,th,bing,False,0.9993,leaves,0.0007,cha_nom_khai_muk,0.9915,True,auto_keep
cha_nom_khai_muk_kw00_bing_000070.jpg,cha_nom_khai_muk,kw00,th,bing,False,1.0,bottle,0.0,cha_nom_khai_muk,0.9999,True,auto_keep
cha_nom_khai_muk_kw00_bing_000071.webp,cha_nom_khai_muk,kw00,th,bing,False,1.0,bottle,0.0,cha_nom_khai_muk,0.9987,True,auto_keep
cha_nom_khai_muk_kw00_bing_000073.jpg,cha_nom_khai_muk,kw00,th,bing,False,0.9999,bottle,0.0001,cha_thai,0.9737,False,review
cha_nom_khai_muk_kw00_bing_000074.jpg,cha_nom_khai_muk,kw00,th,bing,False,0.0004,text,0.999,cha_nom_khai_muk,0.8876,True,auto_reject
cha_nom_khai_muk_kw00_bing_000075.jpg,cha_nom_khai_muk,kw00,th,bing,False,1.0,object,0.0,cha_dam_yen,0.6062,False,review
cha_nom_khai_muk_kw00_bing_000076.jpg,cha_nom_khai_muk,kw00,th,bing,True,0.9996,bottle,0.0003,cha_khiao_nom,0.9997,False,review
cha_nom_khai_muk_kw00_bing_000078.png,cha_nom_khai_muk,kw00,th,bing,False,0.9971,bottle,0.0022,cha_nom_khai_muk,0.5395,True,auto_keep
cha_nom_khai_muk_kw00_bing_000079.webp,cha_nom_khai_muk,kw00,th,bing,True,1.0,object,0.0,cha_nom_khai_muk,0.9983,True,review
cha_nom_khai_muk_kw00_bing_000080.jpg,cha_nom_khai_muk,kw00,th,bing,False,0.9961,object,0.003,cha_nom_khai_muk,0.9757,True,auto_keep
cha_nom_khai_muk_kw00_bing_000081.jpg,cha_nom_khai_muk,kw00,th,bing,False,0.0429,bottle,0.8085,cha_nom_khai_muk,0.8487,True,auto_reject
cha_nom_khai_muk_kw00_bing_000082.png,cha_nom_khai_muk,kw00,th,bing,False,0.9997,bottle,0.0002,cha_nom_khai_muk,0.5633,True,auto_keep
cha_nom_khai_muk_kw00_bing_000083.jpg,cha_nom_khai_muk,kw00,th,bing,False,0.9701,hot_tea,0.0226,cha_nom_khai_muk,0.9842,True,auto_keep
cha_nom_khai_muk_kw00_bing_000084.png,cha_nom_khai_muk,kw00,th,bing,False,0.7623,text,0.2162,cha_dam_yen,0.9294,False,review
cha_nom_khai_muk_kw00_bing_000085.png,cha_nom_khai_muk,kw00,th,bing,False,1.0,hot_tea,0.0,cha_nom_khai_muk,0.9964,True,auto_keep
cha_nom_khai_muk_kw00_bing_000086.jpg,cha_nom_khai_muk,kw00,th,bing,False,0.0016,text,0.9171,cha_thai,0.8516,False,auto_reject
cha_nom_khai_muk_kw00_bing_000087.jpg,cha_nom_khai_muk,kw00,th,bing,True,1.0,object,0.0,cha_nom_khai_muk,1.0,True,review
cha_nom_khai_muk_kw00_bing_000091.jpg,cha_nom_khai_muk,kw00,th,bing,False,0.0106,illustration,0.4291,cha_nom_khai_muk,0.9198,True,auto_reject
cha_nom_khai_muk_kw00_bing_000092.jpg,cha_nom_khai_muk,kw00,th,bing,False,0.0064,food,0.8775,cha_nom_khai_muk,0.9739,True,auto_reject
cha_nom_khai_muk_kw00_bing_000094.webp,cha_nom_khai_muk,kw00,th,bing,False,0.2824,bottle,0.7032,cha_thai,0.9468,False,review
cha_nom_khai_muk_kw00_bing_000097.jpg,cha_nom_khai_muk,kw00,th,bing,False,0.9956,bottle,0.0043,cha_nom_khai_muk,0.916,True,auto_keep
cha_nom_khai_muk_kw00_bing_000098.jpg,cha_nom_khai_muk,kw00,th,bing,False,0.9989,object,0.0006,cha_thai,0.7245,False,review
cha_nom_khai_muk_kw00_bing_000099.jpg,cha_nom_khai_muk,kw00,th,bing,False,1.0,object,0.0,cha_thai,0.9454,False,review
cha_nom_khai_muk_kw00_bing_000106.jpg,cha_nom_khai_muk,kw00,th,bing,False,1.0,bottle,0.0,cha_nom_khai_muk,0.9973,True,auto_keep
cha_nom_khai_muk_kw00_bing_000123.jpg,cha_nom_khai_muk,kw00,th,bing,False,1.0,object,0.0,cha_nom_khai_muk,0.7482,True,auto_keep
cha_nom_khai_muk_kw01_bing_000000.jpg,cha_nom_khai_muk,kw01,th,bing,False,1.0,person,0.0,cha_nom_khai_muk,0.6933,True,auto_keep
cha_nom_khai_muk_kw01_bing_000001.jpg,cha_nom_khai_muk,kw01,th,bing,False,1.0,bottle,0.0,cha_nom_khai_muk,0.7795,True,auto_keep
cha_nom_khai_muk_kw01_bing_000002.jpg,cha_nom_khai_muk,kw01,th,bing,False,1.0,bottle,0.0,cha_nom_khai_muk,0.9974,True,auto_keep
cha_nom_khai_muk_kw01_bing_000003.jpg,cha_nom_khai_muk,kw01,th,bing,False,0.5182,bottle,0.2948,cha_dam_yen,0.9128,False,review
cha_nom_khai_muk_kw01_bing_000004.jpg,cha_nom_khai_muk,kw01,th,bing,False,0.9995,object,0.0002,cha_dam_yen,0.9369,False,review
cha_nom_khai_muk_kw01_bing_000005.jpg,cha_nom_khai_muk,kw01,th,bing,False,1.0,object,0.0,cha_nom_khai_muk,0.9938,True,auto_keep
cha_nom_khai_muk_kw01_bing_000006.webp,cha_nom_khai_muk,kw01,th,bing,False,1.0,object,0.0,cha_nom_khai_muk,0.9633,True,auto_keep
cha_nom_khai_muk_kw01_bing_000007.jpg,cha_nom_khai_muk,kw01,th,bing,False,0.9998,bottle,0.0002,cha_dam_yen,0.4902,False,review
cha_nom_khai_muk_kw01_bing_000009.jpg,cha_nom_khai_muk,kw01,th,bing,False,0.0335,object,0.5218,cha_dam_yen,0.8883,False,auto_reject
cha_nom_khai_muk_kw01_bing_000010.jpg,cha_nom_khai_muk,kw01,th,bing,False,0.8359,bottle,0.1579,cha_nom_khai_muk,0.9999,True,auto_keep
cha_nom_khai_muk_kw01_bing_000011.jpg,cha_nom_khai_muk,kw01,th,bing,False,1.0,bottle,0.0,cha_nom_khai_muk,0.7633,True,auto_keep
cha_nom_khai_muk_kw01_bing_000012.jpg,cha_nom_khai_muk,kw01,th,bing,False,0.6958,bottle,0.2004,cha_thai,0.4812,False,review
cha_nom_khai_muk_kw01_bing_000013.jpg,cha_nom_khai_muk,kw01,th,bing,False,1.0,object,0.0,cha_nom_khai_muk,0.9534,True,auto_keep
cha_nom_khai_muk_kw01_bing_000014.jpg,cha_nom_khai_muk,kw01,th,bing,False,0.9594,leaves,0.0316,cha_nom_khai_muk,0.9801,True,auto_keep
cha_nom_khai_muk_kw01_bing_000016.jpg,cha_nom_khai_muk,kw01,th,bing,False,0.997,leaves,0.0021,cha_nom_khai_muk,0.8909,True,auto_keep
cha_nom_khai_muk_kw01_bing_000017.jpg,cha_nom_khai_muk,kw01,th,bing,False,0.9991,bottle,0.0007,cha_nom_khai_muk,0.7314,True,auto_keep
cha_nom_khai_muk_kw01_bing_000018.jpg,cha_nom_khai_muk,kw01,th,bing,False,0.9606,object,0.0279,cha_dam_yen,0.9015,False,review
cha_nom_khai_muk_kw01_bing_000023.webp,cha_nom_khai_muk,kw01,th,bing,False,1.0,object,0.0,cha_nom_khai_muk,0.9802,True,auto_keep
cha_nom_khai_muk_kw01_bing_000024.jpg,cha_nom_khai_muk,kw01,th,bing,False,0.1939,bottle,0.3318,cha_dam_yen,0.9974,False,review
cha_nom_khai_muk_kw01_bing_000025.jpg,cha_nom_khai_muk,kw01,th,bing,False,0.9998,object,0.0002,cha_khiao_nom,0.9734,False,review
cha_nom_khai_muk_kw01_bing_000026.jpg,cha_nom_khai_muk,kw01,th,bing,False,0.9998,object,0.0002,cha_khiao_nom,0.9858,False,review
cha_nom_khai_muk_kw01_bing_000027.jpg,cha_nom_khai_muk,kw01,th,bing,False,1.0,object,0.0,cha_nom_khai_muk,0.9581,True,auto_keep
cha_nom_khai_muk_kw01_bing_000028.webp,cha_nom_khai_muk,kw01,th,bing,False,1.0,bottle,0.0,cha_thai,0.9594,False,review
cha_nom_khai_muk_kw01_bing_000031.jpg,cha_nom_khai_muk,kw01,th,bing,False,0.0002,leaves,0.7687,cha_nom_khai_muk,0.9932,True,auto_reject
cha_nom_khai_muk_kw01_bing_000032.jpg,cha_nom_khai_muk,kw01,th,bing,False,0.9998,leaves,0.0002,cha_nom_khai_muk,0.9963,True,auto_keep
cha_nom_khai_muk_kw01_bing_000033.jpg,cha_nom_khai_muk,kw01,th,bing,False,0.9992,text,0.0004,cha_nom_khai_muk,0.431,True,auto_keep
cha_nom_khai_muk_kw01_bing_000034.png,cha_nom_khai_muk,kw01,th,bing,False,0.9519,bottle,0.0282,cha_dam_yen,0.9949,False,review
cha_nom_khai_muk_kw01_bing_000035.jpg,cha_nom_khai_muk,kw01,th,bing,False,0.9825,leaves,0.0167,cha_dam_yen,0.908,False,review
cha_nom_khai_muk_kw01_bing_000036.jpg,cha_nom_khai_muk,kw01,th,bing,False,0.9987,bottle,0.0013,cha_nom_khai_muk,0.6329,True,auto_keep
cha_nom_khai_muk_kw01_bing_000038.jpg,cha_nom_khai_muk,kw01,th,bing,False,0.122,text,0.6241,cha_dam_yen,0.7479,False,auto_reject
cha_nom_khai_muk_kw01_bing_000039.jpg,cha_nom_khai_muk,kw01,th,bing,False,0.0046,bottle,0.9238,cha_dam_yen,0.9903,False,auto_reject
cha_nom_khai_muk_kw01_bing_000042.jpg,cha_nom_khai_muk,kw01,th,bing,False,1.0,hot_tea,0.0,cha_thai,0.9742,False,review
cha_nom_khai_muk_kw01_bing_000044.jpg,cha_nom_khai_muk,kw01,th,bing,False,1.0,bottle,0.0,cha_nom_khai_muk,0.9996,True,auto_keep
cha_nom_khai_muk_kw01_bing_000045.jpg,cha_nom_khai_muk,kw01,th,bing,False,0.0021,text,0.8137,cha_dam_yen,0.5531,False,auto_reject
cha_nom_khai_muk_kw01_bing_000046.jpg,cha_nom_khai_muk,kw01,th,bing,False,0.9985,bottle,0.0015,cha_thai,0.8434,False,review
cha_nom_khai_muk_kw01_bing_000047.jpg,cha_nom_khai_muk,kw01,th,bing,False,1.0,object,0.0,cha_nom_khai_muk,0.7324,True,auto_keep
cha_nom_khai_muk_kw01_bing_000050.jpg,cha_nom_khai_muk,kw01,th,bing,False,1.0,hot_tea,0.0,cha_thai,0.4807,False,review
cha_nom_khai_muk_kw01_bing_000051.jpg,cha_nom_khai_muk,kw01,th,bing,False,1.0,hot_tea,0.0,cha_nom_khai_muk,0.9579,True,auto_keep
cha_nom_khai_muk_kw01_bing_000052.jpg,cha_nom_khai_muk,kw01,th,bing,False,0.0176,text,0.6155,cha_nom_khai_muk,0.9999,True,auto_reject
cha_nom_khai_muk_kw01_bing_000053.jpg,cha_nom_khai_muk,kw01,th,bing,False,1.0,bottle,0.0,cha_thai,0.9623,False,review
cha_nom_khai_muk_kw01_bing_000055.jpg,cha_nom_khai_muk,kw01,th,bing,False,0.9999,bottle,0.0001,cha_nom_khai_muk,0.9966,True,auto_keep
cha_nom_khai_muk_kw01_bing_000056.jpg,cha_nom_khai_muk,kw01,th,bing,False,0.0024,bottle,0.9799,cha_thai,0.8419,False,auto_reject
cha_nom_khai_muk_kw01_bing_000058.png,cha_nom_khai_muk,kw01,th,bing,False,0.9947,person,0.0044,cha_thai,0.8317,False,review
cha_nom_khai_muk_kw01_bing_000059.jpg,cha_nom_khai_muk,kw01,th,bing,False,0.9998,object,0.0002,cha_dam_yen,0.6372,False,review
cha_nom_khai_muk_kw01_bing_000060.jpg,cha_nom_khai_muk,kw01,th,bing,False,0.2463,bottle,0.7287,cha_dam_yen,0.6982,False,review
cha_nom_khai_muk_kw01_bing_000061.jpg,cha_nom_khai_muk,kw01,th,bing,False,0.9999,bottle,0.0001,cha_nom_khai_muk,0.9983,True,auto_keep
cha_nom_khai_muk_kw01_bing_000062.png,cha_nom_khai_muk,kw01,th,bing,False,0.9848,bottle,0.0077,cha_thai,0.8834,False,review
cha_nom_khai_muk_kw01_bing_000064.jpg,cha_nom_khai_muk,kw01,th,bing,False,0.9999,object,0.0001,cha_dam_yen,0.8844,False,review
cha_nom_khai_muk_kw01_bing_000065.jpg,cha_nom_khai_muk,kw01,th,bing,False,0.9803,bottle,0.0141,cha_nom_khai_muk,0.6208,True,auto_keep
cha_nom_khai_muk_kw01_bing_000066.jpg,cha_nom_khai_muk,kw01,th,bing,False,0.9842,leaves,0.01,cha_nom_khai_muk,0.5169,True,auto_keep
cha_nom_khai_muk_kw01_bing_000067.jpg,cha_nom_khai_muk,kw01,th,bing,False,0.0023,leaves,0.9614,cha_dam_yen,0.9607,False,auto_reject
cha_nom_khai_muk_kw01_bing_000068.jpg,cha_nom_khai_muk,kw01,th,bing,False,0.0035,bottle,0.9964,cha_dam_yen,0.5446,False,auto_reject
cha_nom_khai_muk_kw01_bing_000069.jpg,cha_nom_khai_muk,kw01,th,bing,False,0.9998,object,0.0001,cha_dam_yen,0.7631,False,review
cha_nom_khai_muk_kw01_bing_000070.jpg,cha_nom_khai_muk,kw01,th,bing,False,1.0,hot_tea,0.0,cha_nom_khai_muk,0.9851,True,auto_keep
cha_nom_khai_muk_kw01_bing_000071.jpg,cha_nom_khai_muk,kw01,th,bing,False,0.9994,bottle,0.0004,cha_dam_yen,0.6829,False,review
cha_nom_khai_muk_kw01_bing_000073.png,cha_nom_khai_muk,kw01,th,bing,False,0.9998,object,0.0001,cha_thai,0.9663,False,review
cha_nom_khai_muk_kw01_bing_000074.jpg,cha_nom_khai_muk,kw01,th,bing,False,0.0075,object,0.6884,cha_dam_yen,0.5646,False,auto_reject
cha_nom_khai_muk_kw01_bing_000075.jpg,cha_nom_khai_muk,kw01,th,bing,False,0.9999,bottle,0.0001,cha_nom_khai_muk,0.8509,True,auto_keep
cha_nom_khai_muk_kw01_bing_000076.jpg,cha_nom_khai_muk,kw01,th,bing,False,0.9996,bottle,0.0002,cha_dam_yen,0.7873,False,review
cha_nom_khai_muk_kw01_bing_000077.jpg,cha_nom_khai_muk,kw01,th,bing,False,1.0,bottle,0.0,cha_nom_khai_muk,0.9987,True,auto_keep
cha_nom_khai_muk_kw01_bing_000078.jpg,cha_nom_khai_muk,kw01,th,bing,False,1.0,object,0.0,cha_thai,0.9587,False,review
cha_nom_khai_muk_kw01_bing_000080.jpg,cha_nom_khai_muk,kw01,th,bing,False,1.0,object,0.0,cha_nom_khai_muk,0.7277,True,auto_keep
cha_nom_khai_muk_kw01_bing_000081.png,cha_nom_khai_muk,kw01,th,bing,False,0.9987,bottle,0.0012,cha_nom_khai_muk,0.9126,True,auto_keep
cha_nom_khai_muk_kw01_bing_000082.jpg,cha_nom_khai_muk,kw01,th,bing,False,0.999,bottle,0.0009,cha_thai,0.8969,False,review
cha_nom_khai_muk_kw01_bing_000083.jpg,cha_nom_khai_muk,kw01,th,bing,False,0.9999,object,0.0,cha_dam_yen,0.8744,False,review
cha_nom_khai_muk_kw01_bing_000084.jpg,cha_nom_khai_muk,kw01,th,bing,False,0.9839,person,0.0067,cha_nom_khai_muk,0.9536,True,auto_keep
cha_nom_khai_muk_kw01_bing_000085.jpg,cha_nom_khai_muk,kw01,th,bing,False,0.1288,bottle,0.819,cha_dam_yen,0.9916,False,auto_reject
cha_nom_khai_muk_kw01_bing_000086.jpg,cha_nom_khai_muk,kw01,th,bing,False,0.9995,bottle,0.0004,cha_nom_khai_muk,0.9954,True,auto_keep
cha_nom_khai_muk_kw01_bing_000090.webp,cha_nom_khai_muk,kw01,th,bing,False,0.988,bottle,0.009,cha_nom_khai_muk,0.9972,True,auto_keep
cha_nom_khai_muk_kw01_bing_000092.jpg,cha_nom_khai_muk,kw01,th,bing,False,1.0,bottle,0.0,cha_nom_khai_muk,0.9987,True,auto_keep
cha_nom_khai_muk_kw01_bing_000094.jpg,cha_nom_khai_muk,kw01,th,bing,False,0.9999,bottle,0.0001,cha_dam_yen,0.5276,False,review
cha_nom_khai_muk_kw01_bing_000095.webp,cha_nom_khai_muk,kw01,th,bing,False,0.0003,text,0.9995,cha_thai,0.7168,False,auto_reject
cha_nom_khai_muk_kw01_bing_000097.png,cha_nom_khai_muk,kw01,th,bing,False,0.1459,object,0.8479,cha_nom_khai_muk,0.9771,True,auto_reject
cha_nom_khai_muk_kw01_bing_000100.jpg,cha_nom_khai_muk,kw01,th,bing,False,0.9999,bottle,0.0001,cha_nom_khai_muk,0.4465,True,auto_keep
cha_nom_khai_muk_kw01_bing_000102.jpg,cha_nom_khai_muk,kw01,th,bing,False,0.0053,text,0.9943,cha_thai,0.7764,False,auto_reject
cha_nom_khai_muk_kw01_bing_000104.jpg,cha_nom_khai_muk,kw01,th,bing,False,1.0,bottle,0.0,cha_nom_khai_muk,0.9995,True,auto_keep
cha_nom_khai_muk_kw01_bing_000105.jpg,cha_nom_khai_muk,kw01,th,bing,False,1.0,bottle,0.0,cha_nom_khai_muk,0.855,True,auto_keep
cha_nom_khai_muk_kw01_bing_000107.jpg,cha_nom_khai_muk,kw01,th,bing,False,0.8427,object,0.0883,cha_nom_khai_muk,0.5917,True,auto_keep
cha_nom_khai_muk_kw01_bing_000114.jpg,cha_nom_khai_muk,kw01,th,bing,False,0.7984,leaves,0.1551,cha_thai,0.3636,False,review
cha_nom_khai_muk_kw01_bing_000115.jpg,cha_nom_khai_muk,kw01,th,bing,False,0.0032,leaves,0.6523,cha_dam_yen,0.9995,False,auto_reject
cha_nom_khai_muk_kw01_bing_000117.jpg,cha_nom_khai_muk,kw01,th,bing,False,1.0,bottle,0.0,cha_thai,0.6561,False,review
cha_nom_khai_muk_kw01_bing_000118.jpg,cha_nom_khai_muk,kw01,th,bing,False,0.9801,bottle,0.0167,cha_nom_khai_muk,0.8174,True,auto_keep
cha_nom_khai_muk_kw01_bing_000120.jpg,cha_nom_khai_muk,kw01,th,bing,False,0.0007,leaves,0.9911,cha_dam_yen,0.5712,False,auto_reject
cha_nom_khai_muk_kw01_bing_000121.png,cha_nom_khai_muk,kw01,th,bing,False,0.9965,bottle,0.0023,cha_thai,0.5491,False,review
cha_nom_khai_muk_kw01_bing_000122.jpg,cha_nom_khai_muk,kw01,th,bing,False,0.0091,bottle,0.8306,cha_dam_yen,0.99,False,auto_reject
cha_nom_khai_muk_kw01_bing_000123.jpg,cha_nom_khai_muk,kw01,th,bing,False,0.0,leaves,0.9905,cha_dam_yen,0.9997,False,auto_reject
cha_nom_khai_muk_kw01_bing_000124.webp,cha_nom_khai_muk,kw01,th,bing,False,1.0,object,0.0,cha_thai,0.9581,False,review
cha_nom_khai_muk_kw02_bing_000000.jpg,cha_nom_khai_muk,kw02,th,bing,False,0.9814,food,0.0175,cha_thai,0.878,False,review
cha_nom_khai_muk_kw02_bing_000002.webp,cha_nom_khai_muk,kw02,th,bing,False,0.9863,leaves,0.0036,cha_thai,0.8113,False,review
cha_nom_khai_muk_kw02_bing_000005.webp,cha_nom_khai_muk,kw02,th,bing,False,1.0,object,0.0,cha_nom_khai_muk,0.9821,True,auto_keep
cha_nom_khai_muk_kw02_bing_000007.jpg,cha_nom_khai_muk,kw02,th,bing,False,0.9917,bottle,0.0076,cha_thai,0.9975,False,review
cha_nom_khai_muk_kw02_bing_000009.jpg,cha_nom_khai_muk,kw02,th,bing,False,0.9997,object,0.0002,cha_nom_khai_muk,0.9905,True,auto_keep
cha_nom_khai_muk_kw02_bing_000010.jpg,cha_nom_khai_muk,kw02,th,bing,False,0.735,bottle,0.2223,cha_dam_yen,0.937,False,review
cha_nom_khai_muk_kw02_bing_000012.webp,cha_nom_khai_muk,kw02,th,bing,False,0.9226,hot_tea,0.0542,cha_dam_yen,0.7429,False,review
cha_nom_khai_muk_kw02_bing_000013.jpg,cha_nom_khai_muk,kw02,th,bing,False,0.9997,hot_tea,0.0003,cha_dam_yen,0.736,False,review
cha_nom_khai_muk_kw02_bing_000014.jpg,cha_nom_khai_muk,kw02,th,bing,False,1.0,object,0.0,cha_thai,0.994,False,review
cha_nom_khai_muk_kw02_bing_000015.webp,cha_nom_khai_muk,kw02,th,bing,False,0.0858,leaves,0.7366,cha_dam_yen,0.8093,False,auto_reject
cha_nom_khai_muk_kw02_bing_000016.jpg,cha_nom_khai_muk,kw02,th,bing,False,0.9999,leaves,0.0001,cha_nom_khai_muk,1.0,True,auto_keep
cha_nom_khai_muk_kw02_bing_000017.webp,cha_nom_khai_muk,kw02,th,bing,False,0.862,bottle,0.0997,cha_dam_yen,0.9835,False,review
cha_nom_khai_muk_kw02_bing_000018.jpg,cha_nom_khai_muk,kw02,th,bing,False,0.0855,text,0.8535,cha_thai,0.5984,False,auto_reject
cha_nom_khai_muk_kw02_bing_000020.webp,cha_nom_khai_muk,kw02,th,bing,False,1.0,object,0.0,cha_nom_khai_muk,0.9994,True,auto_keep
cha_nom_khai_muk_kw02_bing_000021.webp,cha_nom_khai_muk,kw02,th,bing,False,1.0,object,0.0,cha_nom_khai_muk,0.9995,True,auto_keep
cha_nom_khai_muk_kw02_bing_000022.webp,cha_nom_khai_muk,kw02,th,bing,False,0.7547,bottle,0.2363,cha_dam_yen,0.8914,False,review
cha_nom_khai_muk_kw02_bing_000025.jpg,cha_nom_khai_muk,kw02,th,bing,False,0.9971,object,0.0028,cha_nom_khai_muk,0.9851,True,auto_keep
cha_nom_khai_muk_kw02_bing_000026.jpg,cha_nom_khai_muk,kw02,th,bing,False,0.9999,object,0.0,cha_dam_yen,0.7901,False,review
cha_nom_khai_muk_kw02_bing_000027.webp,cha_nom_khai_muk,kw02,th,bing,False,0.9988,object,0.0012,cha_nom_khai_muk,0.5852,True,auto_keep
cha_nom_khai_muk_kw02_bing_000028.webp,cha_nom_khai_muk,kw02,th,bing,False,0.9849,object,0.0096,cha_dam_yen,0.964,False,review
cha_nom_khai_muk_kw02_bing_000029.jpg,cha_nom_khai_muk,kw02,th,bing,False,1.0,hot_tea,0.0,cha_nom_khai_muk,0.9212,True,auto_keep
cha_nom_khai_muk_kw02_bing_000031.jpg,cha_nom_khai_muk,kw02,th,bing,False,0.9998,bottle,0.0001,cha_nom_khai_muk,1.0,True,auto_keep
cha_nom_khai_muk_kw02_bing_000032.jpg,cha_nom_khai_muk,kw02,th,bing,False,1.0,hot_tea,0.0,cha_nom_khai_muk,0.9866,True,auto_keep
cha_nom_khai_muk_kw02_bing_000034.webp,cha_nom_khai_muk,kw02,th,bing,False,0.0004,bottle,0.9994,cha_thai,0.7066,False,auto_reject
cha_nom_khai_muk_kw02_bing_000037.jpg,cha_nom_khai_muk,kw02,th,bing,False,0.9909,bottle,0.009,cha_dam_yen,0.4785,False,review
cha_nom_khai_muk_kw02_bing_000039.jpg,cha_nom_khai_muk,kw02,th,bing,False,0.9999,bottle,0.0001,cha_nom_khai_muk,0.9999,True,auto_keep
cha_nom_khai_muk_kw02_bing_000040.jpg,cha_nom_khai_muk,kw02,th,bing,False,0.99,object,0.0052,cha_nom_khai_muk,0.9184,True,auto_keep
cha_nom_khai_muk_kw02_bing_000041.jpg,cha_nom_khai_muk,kw02,th,bing,False,1.0,object,0.0,cha_dam_yen,0.5811,False,review
cha_nom_khai_muk_kw02_bing_000042.jpg,cha_nom_khai_muk,kw02,th,bing,False,0.9999,bottle,0.0,cha_nom_khai_muk,0.9999,True,auto_keep
cha_nom_khai_muk_kw02_bing_000044.jpg,cha_nom_khai_muk,kw02,th,bing,False,0.1015,object,0.7636,cha_thai,0.967,False,auto_reject
cha_nom_khai_muk_kw02_bing_000045.jpg,cha_nom_khai_muk,kw02,th,bing,False,0.9994,text,0.0003,cha_nom_khai_muk,0.9695,True,auto_keep
cha_nom_khai_muk_kw02_bing_000049.jpg,cha_nom_khai_muk,kw02,th,bing,False,1.0,object,0.0,cha_nom_khai_muk,0.7088,True,auto_keep
cha_nom_khai_muk_kw02_bing_000052.jpg,cha_nom_khai_muk,kw02,th,bing,False,0.9982,text,0.0008,cha_dam_yen,0.9064,False,review
cha_nom_khai_muk_kw02_bing_000054.jpg,cha_nom_khai_muk,kw02,th,bing,False,0.9973,bottle,0.0017,cha_dam_yen,0.9152,False,review
cha_nom_khai_muk_kw02_bing_000057.jpg,cha_nom_khai_muk,kw02,th,bing,False,0.9999,bottle,0.0001,cha_thai,0.994,False,review
cha_nom_khai_muk_kw02_bing_000058.jpg,cha_nom_khai_muk,kw02,th,bing,False,0.9814,bottle,0.0182,cha_phonlamai,0.8889,False,review
cha_nom_khai_muk_kw02_bing_000059.jpg,cha_nom_khai_muk,kw02,th,bing,False,0.1378,logo,0.6806,cha_thai,0.8775,False,auto_reject
cha_nom_khai_muk_kw02_bing_000060.jpg,cha_nom_khai_muk,kw02,th,bing,False,1.0,bottle,0.0,cha_nom_khai_muk,0.9997,True,auto_keep
cha_nom_khai_muk_kw02_bing_000062.jpg,cha_nom_khai_muk,kw02,th,bing,False,1.0,bottle,0.0,cha_nom_khai_muk,0.9957,True,auto_keep
cha_nom_khai_muk_kw02_bing_000063.png,cha_nom_khai_muk,kw02,th,bing,False,0.9998,bottle,0.0001,cha_nom_khai_muk,0.6646,True,auto_keep
cha_nom_khai_muk_kw02_bing_000064.jpg,cha_nom_khai_muk,kw02,th,bing,False,0.0641,food,0.5743,cha_phonlamai,0.5452,False,auto_reject
cha_nom_khai_muk_kw02_bing_000067.jpg,cha_nom_khai_muk,kw02,th,bing,False,1.0,object,0.0,cha_nom_khai_muk,0.9358,True,auto_keep
cha_nom_khai_muk_kw02_bing_000068.jpg,cha_nom_khai_muk,kw02,th,bing,False,0.9996,object,0.0003,cha_nom_khai_muk,0.9592,True,auto_keep
cha_nom_khai_muk_kw02_bing_000074.jpg,cha_nom_khai_muk,kw02,th,bing,False,0.9886,text,0.0042,cha_nom_khai_muk,0.8301,True,auto_keep
cha_nom_khai_muk_kw02_bing_000075.jpg,cha_nom_khai_muk,kw02,th,bing,False,0.0108,illustration,0.9218,cha_nom_khai_muk,0.935,True,auto_reject
cha_nom_khai_muk_kw02_bing_000076.jpg,cha_nom_khai_muk,kw02,th,bing,False,1.0,object,0.0,cha_nom_khai_muk,0.9801,True,auto_keep
cha_nom_khai_muk_kw02_bing_000079.jpg,cha_nom_khai_muk,kw02,th,bing,False,1.0,object,0.0,cha_nom_khai_muk,0.6838,True,auto_keep
cha_nom_khai_muk_kw02_bing_000080.jpg,cha_nom_khai_muk,kw02,th,bing,False,0.9955,bottle,0.0032,cha_nom_khai_muk,0.7385,True,auto_keep
cha_nom_khai_muk_kw02_bing_000081.webp,cha_nom_khai_muk,kw02,th,bing,False,1.0,object,0.0,cha_nom_khai_muk,0.9998,True,auto_keep
cha_nom_khai_muk_kw02_bing_000083.jpg,cha_nom_khai_muk,kw02,th,bing,False,0.9997,object,0.0002,cha_nom_khai_muk,0.6322,True,auto_keep
cha_nom_khai_muk_kw02_bing_000084.jpg,cha_nom_khai_muk,kw02,th,bing,False,1.0,object,0.0,cha_nom_khai_muk,0.9918,True,auto_keep
cha_nom_khai_muk_kw02_bing_000085.png,cha_nom_khai_muk,kw02,th,bing,False,0.9717,bottle,0.0257,cha_nom_khai_muk,0.5983,True,auto_keep
cha_nom_khai_muk_kw02_bing_000086.jpg,cha_nom_khai_muk,kw02,th,bing,False,1.0,text,0.0,cha_nom_khai_muk,0.9924,True,auto_keep
cha_nom_khai_muk_kw02_bing_000087.webp,cha_nom_khai_muk,kw02,th,bing,False,0.9985,hot_tea,0.0008,cha_nom_khai_muk,0.8932,True,auto_keep
cha_nom_khai_muk_kw02_bing_000088.jpg,cha_nom_khai_muk,kw02,th,bing,False,0.9857,hot_tea,0.0142,cha_dam_yen,0.477,False,review
cha_nom_khai_muk_kw02_bing_000090.jpg,cha_nom_khai_muk,kw02,th,bing,False,0.9995,bottle,0.0004,cha_nom_khai_muk,0.9996,True,auto_keep
cha_nom_khai_muk_kw02_bing_000092.jpg,cha_nom_khai_muk,kw02,th,bing,False,0.9993,hot_tea,0.0007,cha_nom_khai_muk,0.5519,True,auto_keep
cha_nom_khai_muk_kw02_bing_000095.jpg,cha_nom_khai_muk,kw02,th,bing,False,1.0,hot_tea,0.0,cha_nom_khai_muk,0.9895,True,auto_keep
cha_nom_khai_muk_kw02_bing_000097.jpg,cha_nom_khai_muk,kw02,th,bing,False,0.2268,text,0.5739,cha_thai,0.9484,False,review
cha_nom_khai_muk_kw02_bing_000099.jpg,cha_nom_khai_muk,kw02,th,bing,False,0.0015,text,0.6368,cha_dam_yen,0.9801,False,auto_reject
cha_nom_khai_muk_kw02_bing_000101.jpg,cha_nom_khai_muk,kw02,th,bing,False,0.9999,object,0.0001,cha_nom_khai_muk,0.6613,True,auto_keep
cha_nom_khai_muk_kw02_bing_000107.jpg,cha_nom_khai_muk,kw02,th,bing,False,0.9951,bottle,0.0047,cha_thai,0.5347,False,review
cha_nom_khai_muk_kw02_bing_000108.jpg,cha_nom_khai_muk,kw02,th,bing,False,0.9998,object,0.0002,cha_nom_khai_muk,0.999,True,auto_keep
cha_nom_khai_muk_kw02_bing_000110.jpg,cha_nom_khai_muk,kw02,th,bing,False,0.1975,text,0.6788,cha_nom_khai_muk,0.8768,True,review
cha_nom_khai_muk_kw02_bing_000111.jpg,cha_nom_khai_muk,kw02,th,bing,False,0.0032,text,0.6225,cha_dam_yen,0.4995,False,auto_reject
cha_nom_khai_muk_kw02_bing_000117.jpg,cha_nom_khai_muk,kw02,th,bing,False,0.9802,text,0.0097,cha_thai,0.9125,False,review
cha_nom_khai_muk_kw02_bing_000118.jpg,cha_nom_khai_muk,kw02,th,bing,False,0.9965,bottle,0.0033,cha_nom_khai_muk,1.0,True,auto_keep
cha_nom_khai_muk_kw03_bing_000000.png,cha_nom_khai_muk,kw03,en,bing,False,1.0,bottle,0.0,cha_nom_khai_muk,0.9982,True,auto_keep
cha_nom_khai_muk_kw03_bing_000001.jpg,cha_nom_khai_muk,kw03,en,bing,False,1.0,bottle,0.0,cha_nom_khai_muk,0.9226,True,auto_keep
cha_nom_khai_muk_kw03_bing_000003.png,cha_nom_khai_muk,kw03,en,bing,False,1.0,person,0.0,cha_nom_khai_muk,0.9995,True,auto_keep
cha_nom_khai_muk_kw03_bing_000004.jpg,cha_nom_khai_muk,kw03,en,bing,False,1.0,object,0.0,cha_nom_khai_muk,0.9262,True,auto_keep
cha_nom_khai_muk_kw03_bing_000005.jpg,cha_nom_khai_muk,kw03,en,bing,False,0.9938,bottle,0.0062,cha_phonlamai,0.5439,False,review
cha_nom_khai_muk_kw03_bing_000006.jpg,cha_nom_khai_muk,kw03,en,bing,False,1.0,object,0.0,cha_nom_khai_muk,0.9997,True,auto_keep
cha_nom_khai_muk_kw03_bing_000007.jpg,cha_nom_khai_muk,kw03,en,bing,False,1.0,bottle,0.0,cha_nom_khai_muk,0.9997,True,auto_keep
cha_nom_khai_muk_kw03_bing_000008.png,cha_nom_khai_muk,kw03,en,bing,False,1.0,object,0.0,cha_nom_khai_muk,1.0,True,auto_keep
cha_nom_khai_muk_kw03_bing_000009.jpg,cha_nom_khai_muk,kw03,en,bing,False,1.0,object,0.0,cha_thai,0.57,False,review
cha_nom_khai_muk_kw03_bing_000010.jpg,cha_nom_khai_muk,kw03,en,bing,False,0.7734,hot_tea,0.2262,cha_nom_khai_muk,0.9957,True,auto_keep
cha_nom_khai_muk_kw03_bing_000011.jpg,cha_nom_khai_muk,kw03,en,bing,False,0.9998,bottle,0.0002,cha_nom_khai_muk,0.7134,True,auto_keep
cha_nom_khai_muk_kw03_bing_000012.png,cha_nom_khai_muk,kw03,en,bing,False,1.0,object,0.0,cha_nom_khai_muk,0.9786,True,auto_keep
cha_nom_khai_muk_kw03_bing_000014.jpg,cha_nom_khai_muk,kw03,en,bing,False,1.0,bottle,0.0,cha_nom_khai_muk,0.9948,True,auto_keep
cha_nom_khai_muk_kw03_bing_000015.jpg,cha_nom_khai_muk,kw03,en,bing,False,1.0,object,0.0,cha_nom_khai_muk,0.9987,True,auto_keep
cha_nom_khai_muk_kw03_bing_000016.jpg,cha_nom_khai_muk,kw03,en,bing,False,0.9999,illustration,0.0001,cha_nom_khai_muk,0.9962,True,auto_keep
cha_nom_khai_muk_kw03_bing_000017.webp,cha_nom_khai_muk,kw03,en,bing,False,1.0,bottle,0.0,cha_nom_khai_muk,0.9993,True,auto_keep
cha_nom_khai_muk_kw03_bing_000018.jpg,cha_nom_khai_muk,kw03,en,bing,False,1.0,bottle,0.0,cha_nom_khai_muk,0.5105,True,auto_keep
cha_nom_khai_muk_kw03_bing_000019.png,cha_nom_khai_muk,kw03,en,bing,False,0.9998,bottle,0.0002,cha_nom_khai_muk,0.9999,True,auto_keep
cha_nom_khai_muk_kw03_bing_000020.jpg,cha_nom_khai_muk,kw03,en,bing,False,1.0,object,0.0,cha_nom_khai_muk,0.9769,True,auto_keep
cha_nom_khai_muk_kw03_bing_000021.jpg,cha_nom_khai_muk,kw03,en,bing,False,1.0,object,0.0,cha_nom_khai_muk,0.9925,True,auto_keep
cha_nom_khai_muk_kw03_bing_000022.jpg,cha_nom_khai_muk,kw03,en,bing,False,1.0,object,0.0,cha_nom_khai_muk,0.9809,True,auto_keep
cha_nom_khai_muk_kw03_bing_000023.jpg,cha_nom_khai_muk,kw03,en,bing,False,0.9999,bottle,0.0001,cha_dam_yen,0.9212,False,review
cha_nom_khai_muk_kw03_bing_000024.jpg,cha_nom_khai_muk,kw03,en,bing,False,0.9998,bottle,0.0002,cha_thai,0.5529,False,review
cha_nom_khai_muk_kw03_bing_000027.jpg,cha_nom_khai_muk,kw03,en,bing,False,1.0,object,0.0,cha_nom_khai_muk,0.9875,True,auto_keep
cha_nom_khai_muk_kw03_bing_000028.jpg,cha_nom_khai_muk,kw03,en,bing,False,0.9987,bottle,0.0013,cha_nom_khai_muk,0.6616,True,auto_keep
cha_nom_khai_muk_kw03_bing_000029.jpg,cha_nom_khai_muk,kw03,en,bing,False,1.0,object,0.0,cha_nom_khai_muk,0.9924,True,auto_keep
cha_nom_khai_muk_kw03_bing_000030.png,cha_nom_khai_muk,kw03,en,bing,False,1.0,object,0.0,cha_nom_khai_muk,0.9497,True,auto_keep
cha_nom_khai_muk_kw03_bing_000032.jpg,cha_nom_khai_muk,kw03,en,bing,False,1.0,object,0.0,cha_nom_khai_muk,1.0,True,auto_keep
cha_nom_khai_muk_kw03_bing_000033.jpg,cha_nom_khai_muk,kw03,en,bing,False,0.9937,bottle,0.006,cha_dam_yen,0.8732,False,review
cha_nom_khai_muk_kw03_bing_000034.jpg,cha_nom_khai_muk,kw03,en,bing,False,0.9999,illustration,0.0,cha_nom_khai_muk,0.9988,True,auto_keep
cha_nom_khai_muk_kw03_bing_000035.jpg,cha_nom_khai_muk,kw03,en,bing,False,1.0,bottle,0.0,cha_nom_khai_muk,0.9986,True,auto_keep
cha_nom_khai_muk_kw03_bing_000036.jpg,cha_nom_khai_muk,kw03,en,bing,False,1.0,bottle,0.0,cha_nom_khai_muk,0.9981,True,auto_keep
cha_nom_khai_muk_kw03_bing_000037.png,cha_nom_khai_muk,kw03,en,bing,False,0.9999,text,0.0,cha_nom_khai_muk,0.9845,True,auto_keep
cha_nom_khai_muk_kw03_bing_000038.jpg,cha_nom_khai_muk,kw03,en,bing,False,0.9999,bottle,0.0001,cha_nom_khai_muk,0.9993,True,auto_keep
cha_nom_khai_muk_kw03_bing_000039.jpg,cha_nom_khai_muk,kw03,en,bing,False,0.9991,bottle,0.0009,cha_dam_yen,0.6676,False,review
cha_nom_khai_muk_kw03_bing_000040.jpg,cha_nom_khai_muk,kw03,en,bing,False,1.0,object,0.0,cha_nom_khai_muk,0.993,True,auto_keep
cha_nom_khai_muk_kw03_bing_000041.jpg,cha_nom_khai_muk,kw03,en,bing,False,1.0,object,0.0,cha_nom_khai_muk,0.5431,True,auto_keep
cha_nom_khai_muk_kw03_bing_000042.jpg,cha_nom_khai_muk,kw03,en,bing,False,0.9999,bottle,0.0001,cha_nom_khai_muk,0.8258,True,auto_keep
cha_nom_khai_muk_kw03_bing_000043.jpg,cha_nom_khai_muk,kw03,en,bing,False,1.0,object,0.0,cha_thai,0.5229,False,review
cha_nom_khai_muk_kw03_bing_000045.png,cha_nom_khai_muk,kw03,en,bing,False,1.0,object,0.0,cha_thai,0.9128,False,review
cha_nom_khai_muk_kw03_bing_000046.jpg,cha_nom_khai_muk,kw03,en,bing,False,0.9991,bottle,0.0009,cha_nom_khai_muk,0.6026,True,auto_keep
cha_nom_khai_muk_kw03_bing_000047.png,cha_nom_khai_muk,kw03,en,bing,False,0.9998,object,0.0001,cha_nom_khai_muk,0.4221,True,auto_keep
cha_nom_khai_muk_kw03_bing_000048.jpg,cha_nom_khai_muk,kw03,en,bing,False,1.0,object,0.0,cha_thai,0.6211,False,review
cha_nom_khai_muk_kw03_bing_000049.jpg,cha_nom_khai_muk,kw03,en,bing,False,1.0,bottle,0.0,cha_nom_khai_muk,0.5552,True,auto_keep
cha_nom_khai_muk_kw03_bing_000050.jpg,cha_nom_khai_muk,kw03,en,bing,False,0.9999,bottle,0.0001,cha_nom_khai_muk,1.0,True,auto_keep
cha_nom_khai_muk_kw03_bing_000052.jpg,cha_nom_khai_muk,kw03,en,bing,False,0.9893,bottle,0.0107,cha_thai,0.9739,False,review
cha_nom_khai_muk_kw03_bing_000053.jpg,cha_nom_khai_muk,kw03,en,bing,False,1.0,object,0.0,cha_nom_khai_muk,0.9999,True,auto_keep
cha_nom_khai_muk_kw03_bing_000054.jpg,cha_nom_khai_muk,kw03,en,bing,False,1.0,bottle,0.0,cha_nom_khai_muk,0.99,True,auto_keep
cha_nom_khai_muk_kw03_bing_000055.jpg,cha_nom_khai_muk,kw03,en,bing,False,1.0,bottle,0.0,cha_nom_khai_muk,0.8142,True,auto_keep
cha_nom_khai_muk_kw03_bing_000056.jpg,cha_nom_khai_muk,kw03,en,bing,False,0.9997,illustration,0.0002,cha_nom_khai_muk,0.909,True,auto_keep
cha_nom_khai_muk_kw03_bing_000057.jpg,cha_nom_khai_muk,kw03,en,bing,False,1.0,bottle,0.0,cha_nom_khai_muk,0.6658,True,auto_keep
cha_nom_khai_muk_kw03_bing_000058.jpg,cha_nom_khai_muk,kw03,en,bing,False,1.0,hot_tea,0.0,cha_nom_khai_muk,0.9984,True,auto_keep
cha_nom_khai_muk_kw03_bing_000059.jpg,cha_nom_khai_muk,kw03,en,bing,False,1.0,hot_tea,0.0,cha_nom_khai_muk,0.9801,True,auto_keep
cha_nom_khai_muk_kw03_bing_000060.jpg,cha_nom_khai_muk,kw03,en,bing,False,1.0,object,0.0,cha_nom_khai_muk,0.9991,True,auto_keep
cha_nom_khai_muk_kw03_bing_000061.jpg,cha_nom_khai_muk,kw03,en,bing,False,1.0,bottle,0.0,cha_nom_khai_muk,0.9981,True,auto_keep
cha_nom_khai_muk_kw03_bing_000064.jpg,cha_nom_khai_muk,kw03,en,bing,False,0.9987,food,0.001,cha_nom_khai_muk,0.9842,True,auto_keep
cha_nom_khai_muk_kw03_bing_000066.jpg,cha_nom_khai_muk,kw03,en,bing,False,0.0,logo,0.7182,cha_dam_yen,0.9233,False,auto_reject
cha_nom_khai_muk_kw03_bing_000068.jpg,cha_nom_khai_muk,kw03,en,bing,False,0.7441,illustration,0.1186,cha_thai,0.8439,False,review
cha_nom_khai_muk_kw03_bing_000069.jpg,cha_nom_khai_muk,kw03,en,bing,False,0.0016,text,0.775,cha_dam_yen,0.9356,False,auto_reject
cha_nom_khai_muk_kw03_bing_000070.jpg,cha_nom_khai_muk,kw03,en,bing,False,0.0122,text,0.7438,cha_dam_yen,0.8248,False,auto_reject
cha_nom_khai_muk_kw03_bing_000071.jpg,cha_nom_khai_muk,kw03,en,bing,False,0.0156,bottle,0.9134,cha_dam_yen,0.9068,False,auto_reject
cha_nom_khai_muk_kw03_bing_000072.jpg,cha_nom_khai_muk,kw03,en,bing,False,0.9999,object,0.0001,cha_nom_khai_muk,1.0,True,auto_keep
cha_nom_khai_muk_kw03_bing_000073.jpg,cha_nom_khai_muk,kw03,en,bing,False,0.1408,bottle,0.8161,cha_dam_yen,0.4502,False,auto_reject
cha_nom_khai_muk_kw03_bing_000074.jpg,cha_nom_khai_muk,kw03,en,bing,False,0.9999,bottle,0.0,cha_nom_khai_muk,0.9956,True,auto_keep
cha_nom_khai_muk_kw03_bing_000076.jpg,cha_nom_khai_muk,kw03,en,bing,False,1.0,object,0.0,cha_nom_khai_muk,0.8097,True,auto_keep
cha_nom_khai_muk_kw03_bing_000078.jpg,cha_nom_khai_muk,kw03,en,bing,False,0.9877,object,0.006,cha_nom_khai_muk,0.6453,True,auto_keep
cha_nom_khai_muk_kw03_bing_000084.jpg,cha_nom_khai_muk,kw03,en,bing,False,0.9985,bottle,0.0008,cha_nom_khai_muk,0.9999,True,auto_keep
cha_nom_khai_muk_kw03_bing_000085.jpg,cha_nom_khai_muk,kw03,en,bing,False,0.9955,bottle,0.0039,cha_nom_khai_muk,0.9999,True,auto_keep
cha_nom_khai_muk_kw03_bing_000087.jpg,cha_nom_khai_muk,kw03,en,bing,False,0.4738,scenery,0.2954,cha_thai,0.9712,False,review
cha_nom_khai_muk_kw03_bing_000088.jpg,cha_nom_khai_muk,kw03,en,bing,False,0.9999,bottle,0.0001,cha_nom_khai_muk,0.9921,True,auto_keep
cha_nom_khai_muk_kw03_bing_000089.webp,cha_nom_khai_muk,kw03,en,bing,False,0.9994,bottle,0.0004,cha_dam_yen,0.9724,False,review
cha_nom_khai_muk_kw03_bing_000090.jpg,cha_nom_khai_muk,kw03,en,bing,False,0.0,object,0.9709,cha_dam_yen,0.84,False,auto_reject
cha_nom_khai_muk_kw03_bing_000091.jpg,cha_nom_khai_muk,kw03,en,bing,False,0.0011,leaves,0.8518,cha_nom_khai_muk,0.9661,True,auto_reject
cha_nom_khai_muk_kw03_bing_000093.jpg,cha_nom_khai_muk,kw03,en,bing,False,0.9993,object,0.0005,cha_nom_khai_muk,0.9953,True,auto_keep
cha_nom_khai_muk_kw03_bing_000096.jpg,cha_nom_khai_muk,kw03,en,bing,False,0.9713,hot_tea,0.0206,cha_nom_khai_muk,0.9973,True,auto_keep
cha_nom_khai_muk_kw03_bing_000098.jpg,cha_nom_khai_muk,kw03,en,bing,False,0.9999,bottle,0.0001,cha_nom_khai_muk,0.8833,True,auto_keep
cha_nom_khai_muk_kw03_bing_000099.webp,cha_nom_khai_muk,kw03,en,bing,False,1.0,bottle,0.0,cha_nom_khai_muk,0.9704,True,auto_keep
cha_nom_khai_muk_kw03_bing_000104.jpg,cha_nom_khai_muk,kw03,en,bing,False,0.9668,object,0.0223,cha_thai,0.5982,False,review
cha_nom_khai_muk_kw03_bing_000106.jpg,cha_nom_khai_muk,kw03,en,bing,False,1.0,person,0.0,cha_nom_khai_muk,0.7654,True,auto_keep
cha_nom_khai_muk_kw03_bing_000109.jpg,cha_nom_khai_muk,kw03,en,bing,False,0.1066,object,0.5914,cha_thai,0.8866,False,auto_reject
cha_nom_khai_muk_kw03_bing_000110.jpg,cha_nom_khai_muk,kw03,en,bing,False,0.9996,bottle,0.0004,cha_thai,0.9223,False,review
cha_nom_khai_muk_kw03_bing_000111.webp,cha_nom_khai_muk,kw03,en,bing,False,0.9963,bottle,0.0036,cha_nom_khai_muk,0.62,True,auto_keep
cha_nom_khai_muk_kw03_bing_000115.jpg,cha_nom_khai_muk,kw03,en,bing,False,1.0,bottle,0.0,cha_nom_khai_muk,0.8763,True,auto_keep
cha_nom_khai_muk_kw03_bing_000119.jpg,cha_nom_khai_muk,kw03,en,bing,False,0.9995,bottle,0.0002,cha_nom_khai_muk,0.518,True,auto_keep
cha_nom_khai_muk_kw03_bing_000120.webp,cha_nom_khai_muk,kw03,en,bing,False,0.0385,leaves,0.5505,cha_khiao_nom,0.9981,False,auto_reject
cha_nom_khai_muk_kw03_bing_000124.jpg,cha_nom_khai_muk,kw03,en,bing,False,1.0,object,0.0,cha_nom_khai_muk,1.0,True,auto_keep
cha_nom_khai_muk_kw03_bing_000125.webp,cha_nom_khai_muk,kw03,en,bing,False,0.94,object,0.0585,cha_nom_khai_muk,0.9999,True,auto_keep
cha_nom_khai_muk_kw03_bing_000126.png,cha_nom_khai_muk,kw03,en,bing,False,1.0,hot_tea,0.0,cha_nom_khai_muk,0.9747,True,auto_keep
cha_nom_khai_muk_kw03_bing_000127.png,cha_nom_khai_muk,kw03,en,bing,False,1.0,bottle,0.0,cha_nom_khai_muk,0.9999,True,auto_keep
cha_nom_khai_muk_kw03_baidu_000001.jpg,cha_nom_khai_muk,kw03,en,baidu,False,0.0006,hot_tea,0.9981,cha_nom_khai_muk,0.9686,True,auto_reject
cha_nom_khai_muk_kw03_baidu_000002.jpg,cha_nom_khai_muk,kw03,en,baidu,False,1.0,bottle,0.0,cha_nom_khai_muk,0.7421,True,auto_keep
cha_nom_khai_muk_kw03_baidu_000003.jpg,cha_nom_khai_muk,kw03,en,baidu,False,0.9998,bottle,0.0001,cha_nom_khai_muk,0.9968,True,auto_keep
cha_nom_khai_muk_kw03_baidu_000004.jpg,cha_nom_khai_muk,kw03,en,baidu,False,0.8369,hot_tea,0.1295,cha_khiao_nom,0.8712,False,review
cha_nom_khai_muk_kw03_baidu_000005.jpg,cha_nom_khai_muk,kw03,en,baidu,False,0.0013,bottle,0.9191,cha_phonlamai,0.4175,False,auto_reject
cha_nom_khai_muk_kw03_baidu_000006.jpg,cha_nom_khai_muk,kw03,en,baidu,False,0.9998,object,0.0001,cha_nom_khai_muk,0.9972,True,auto_keep
cha_nom_khai_muk_kw03_baidu_000007.jpg,cha_nom_khai_muk,kw03,en,baidu,False,1.0,object,0.0,cha_nom_khai_muk,0.9956,True,auto_keep
cha_nom_khai_muk_kw03_baidu_000008.jpg,cha_nom_khai_muk,kw03,en,baidu,False,0.97,bottle,0.0173,cha_phonlamai,0.544,False,review
cha_nom_khai_muk_kw03_baidu_000009.jpg,cha_nom_khai_muk,kw03,en,baidu,False,0.0004,object,0.7231,cha_nom_khai_muk,0.996,True,auto_reject
cha_nom_khai_muk_kw03_baidu_000010.jpg,cha_nom_khai_muk,kw03,en,baidu,False,1.0,hot_tea,0.0,cha_nom_khai_muk,0.9922,True,auto_keep
cha_nom_khai_muk_kw03_baidu_000011.jpg,cha_nom_khai_muk,kw03,en,baidu,False,0.9897,hot_tea,0.0068,cha_nom_khai_muk,0.9999,True,auto_keep
cha_nom_khai_muk_kw03_baidu_000012.jpg,cha_nom_khai_muk,kw03,en,baidu,False,0.9814,hot_tea,0.0098,cha_nom_khai_muk,1.0,True,auto_keep
cha_nom_khai_muk_kw03_baidu_000013.jpg,cha_nom_khai_muk,kw03,en,baidu,False,0.9998,bottle,0.0001,cha_nom_khai_muk,0.9426,True,auto_keep
cha_nom_khai_muk_kw03_baidu_000014.jpg,cha_nom_khai_muk,kw03,en,baidu,False,1.0,bottle,0.0,cha_nom_khai_muk,0.999,True,auto_keep
cha_nom_khai_muk_kw03_baidu_000015.jpg,cha_nom_khai_muk,kw03,en,baidu,False,1.0,object,0.0,cha_nom_khai_muk,1.0,True,auto_keep
cha_nom_khai_muk_kw03_baidu_000016.jpg,cha_nom_khai_muk,kw03,en,baidu,False,1.0,hot_tea,0.0,cha_nom_khai_muk,0.9999,True,auto_keep
cha_nom_khai_muk_kw03_baidu_000017.jpg,cha_nom_khai_muk,kw03,en,baidu,False,1.0,hot_tea,0.0,cha_khiao_nom,0.9221,False,review
cha_nom_khai_muk_kw03_baidu_000018.jpg,cha_nom_khai_muk,kw03,en,baidu,False,1.0,leaves,0.0,cha_thai,0.4041,False,review
cha_nom_khai_muk_kw03_baidu_000019.jpg,cha_nom_khai_muk,kw03,en,baidu,False,0.9929,hot_tea,0.0068,cha_nom_khai_muk,0.9999,True,auto_keep
cha_nom_khai_muk_kw03_baidu_000020.jpg,cha_nom_khai_muk,kw03,en,baidu,False,0.9977,hot_tea,0.0021,cha_nom_khai_muk,0.9995,True,auto_keep
cha_nom_khai_muk_kw03_baidu_000021.jpg,cha_nom_khai_muk,kw03,en,baidu,False,0.0509,leaves,0.2883,cha_nom_khai_muk,0.9182,True,auto_reject
cha_nom_khai_muk_kw03_baidu_000022.jpg,cha_nom_khai_muk,kw03,en,baidu,False,1.0,object,0.0,cha_nom_khai_muk,0.9951,True,auto_keep
cha_nom_khai_muk_kw03_baidu_000023.jpg,cha_nom_khai_muk,kw03,en,baidu,False,0.9994,object,0.0005,cha_thai,0.993,False,review
cha_nom_khai_muk_kw03_baidu_000024.jpg,cha_nom_khai_muk,kw03,en,baidu,False,1.0,bottle,0.0,cha_thai,0.4849,False,review
cha_nom_khai_muk_kw03_baidu_000025.jpg,cha_nom_khai_muk,kw03,en,baidu,False,0.8325,object,0.0935,cha_nom_khai_muk,0.6658,True,auto_keep
cha_nom_khai_muk_kw03_baidu_000026.jpg,cha_nom_khai_muk,kw03,en,baidu,False,1.0,object,0.0,cha_nom_khai_muk,0.9881,True,auto_keep
cha_nom_khai_muk_kw03_baidu_000027.jpg,cha_nom_khai_muk,kw03,en,baidu,False,0.9224,hot_tea,0.0693,cha_nom_khai_muk,0.9779,True,auto_keep
cha_nom_khai_muk_kw03_baidu_000028.jpg,cha_nom_khai_muk,kw03,en,baidu,False,0.075,illustration,0.9194,cha_nom_khai_muk,0.6515,True,auto_reject
cha_nom_khai_muk_kw03_baidu_000029.jpg,cha_nom_khai_muk,kw03,en,baidu,False,0.9803,bottle,0.013,cha_khiao_nom,0.6943,False,review
cha_nom_khai_muk_kw03_baidu_000030.jpg,cha_nom_khai_muk,kw03,en,baidu,False,0.9975,bottle,0.0024,cha_thai,0.9422,False,review
cha_nom_khai_muk_kw03_baidu_000031.png,cha_nom_khai_muk,kw03,en,baidu,False,0.1701,bottle,0.7788,cha_nom_khai_muk,0.8271,True,review
cha_nom_khai_muk_kw03_baidu_000032.jpg,cha_nom_khai_muk,kw03,en,baidu,False,0.008,bottle,0.7817,cha_dam_yen,0.4631,False,auto_reject
cha_nom_khai_muk_kw03_baidu_000034.jpg,cha_nom_khai_muk,kw03,en,baidu,False,1.0,object,0.0,cha_nom_khai_muk,0.9971,True,auto_keep
cha_nom_khai_muk_kw03_baidu_000035.jpg,cha_nom_khai_muk,kw03,en,baidu,False,0.0447,hot_tea,0.8639,cha_nom_khai_muk,0.8851,True,auto_reject
cha_nom_khai_muk_kw03_baidu_000036.jpg,cha_nom_khai_muk,kw03,en,baidu,False,1.0,leaves,0.0,cha_nom_khai_muk,1.0,True,auto_keep
cha_nom_khai_muk_kw03_baidu_000037.jpg,cha_nom_khai_muk,kw03,en,baidu,False,1.0,object,0.0,cha_nom_khai_muk,0.8745,True,auto_keep
cha_nom_khai_muk_kw03_baidu_000038.jpg,cha_nom_khai_muk,kw03,en,baidu,False,0.9944,bottle,0.0025,cha_khiao_nom,0.9991,False,review
cha_nom_khai_muk_kw03_baidu_000039.jpg,cha_nom_khai_muk,kw03,en,baidu,False,0.1283,object,0.7891,cha_thai,0.7365,False,auto_reject
cha_nom_khai_muk_kw03_baidu_000040.jpg,cha_nom_khai_muk,kw03,en,baidu,False,0.027,bottle,0.9573,cha_dam_yen,0.6147,False,auto_reject
cha_nom_khai_muk_kw03_baidu_000041.jpg,cha_nom_khai_muk,kw03,en,baidu,False,1.0,hot_tea,0.0,cha_nom_khai_muk,1.0,True,auto_keep
cha_nom_khai_muk_kw03_baidu_000042.jpg,cha_nom_khai_muk,kw03,en,baidu,False,0.9998,leaves,0.0001,cha_dam_yen,0.3579,False,review
cha_nom_khai_muk_kw03_baidu_000043.jpg,cha_nom_khai_muk,kw03,en,baidu,False,1.0,object,0.0,cha_nom_khai_muk,1.0,True,auto_keep
cha_nom_khai_muk_kw03_baidu_000044.jpg,cha_nom_khai_muk,kw03,en,baidu,False,0.9762,bottle,0.0234,cha_nom_khai_muk,0.972,True,auto_keep
cha_nom_khai_muk_kw03_baidu_000045.jpg,cha_nom_khai_muk,kw03,en,baidu,False,0.9818,hot_tea,0.0172,cha_nom_khai_muk,0.9286,True,auto_keep
cha_nom_khai_muk_kw03_baidu_000046.jpg,cha_nom_khai_muk,kw03,en,baidu,False,1.0,bottle,0.0,cha_nom_khai_muk,0.9998,True,auto_keep
cha_nom_khai_muk_kw03_baidu_000047.jpg,cha_nom_khai_muk,kw03,en,baidu,False,1.0,hot_tea,0.0,cha_nom_khai_muk,0.9995,True,auto_keep
cha_nom_khai_muk_kw03_baidu_000048.jpg,cha_nom_khai_muk,kw03,en,baidu,False,0.9999,leaves,0.0,cha_nom_khai_muk,1.0,True,auto_keep
cha_nom_khai_muk_kw03_baidu_000049.jpg,cha_nom_khai_muk,kw03,en,baidu,False,0.9998,object,0.0001,cha_nom_khai_muk,0.9967,True,auto_keep
cha_nom_khai_muk_kw03_baidu_000050.jpg,cha_nom_khai_muk,kw03,en,baidu,False,1.0,object,0.0,cha_nom_khai_muk,0.5397,True,auto_keep
cha_nom_khai_muk_kw03_baidu_000051.jpg,cha_nom_khai_muk,kw03,en,baidu,False,0.7708,object,0.1678,cha_nom_khai_muk,0.9999,True,auto_keep
cha_nom_khai_muk_kw03_baidu_000052.jpg,cha_nom_khai_muk,kw03,en,baidu,False,1.0,hot_tea,0.0,cha_nom_khai_muk,0.9998,True,auto_keep
cha_nom_khai_muk_kw03_baidu_000053.jpg,cha_nom_khai_muk,kw03,en,baidu,False,0.9927,hot_tea,0.0052,cha_nom_khai_muk,0.9999,True,auto_keep
cha_nom_khai_muk_kw04_bing_000000.jpg,cha_nom_khai_muk,kw04,en,bing,False,1.0,bottle,0.0,cha_nom_khai_muk,0.92,True,auto_keep
cha_nom_khai_muk_kw04_bing_000001.jpg,cha_nom_khai_muk,kw04,en,bing,False,1.0,object,0.0,cha_nom_khai_muk,0.643,True,auto_keep
cha_nom_khai_muk_kw04_bing_000002.jpg,cha_nom_khai_muk,kw04,en,bing,False,1.0,bottle,0.0,cha_nom_khai_muk,0.9946,True,auto_keep
cha_nom_khai_muk_kw04_bing_000003.webp,cha_nom_khai_muk,kw04,en,bing,False,0.9999,object,0.0001,cha_nom_khai_muk,0.9907,True,auto_keep
cha_nom_khai_muk_kw04_bing_000004.jpg,cha_nom_khai_muk,kw04,en,bing,False,1.0,bottle,0.0,cha_nom_khai_muk,0.5959,True,auto_keep
cha_nom_khai_muk_kw04_bing_000005.jpg,cha_nom_khai_muk,kw04,en,bing,False,0.9999,text,0.0001,cha_dam_yen,0.4812,False,review
cha_nom_khai_muk_kw04_bing_000006.webp,cha_nom_khai_muk,kw04,en,bing,False,0.9999,object,0.0001,cha_dam_yen,0.9866,False,review
cha_nom_khai_muk_kw04_bing_000007.jpg,cha_nom_khai_muk,kw04,en,bing,False,1.0,hot_tea,0.0,cha_nom_khai_muk,0.9963,True,auto_keep
cha_nom_khai_muk_kw04_bing_000008.jpg,cha_nom_khai_muk,kw04,en,bing,False,1.0,hot_tea,0.0,cha_nom_khai_muk,0.6065,True,auto_keep
cha_nom_khai_muk_kw04_bing_000009.jpg,cha_nom_khai_muk,kw04,en,bing,False,0.9999,text,0.0001,cha_nom_khai_muk,0.8767,True,auto_keep
cha_nom_khai_muk_kw04_bing_000010.jpg,cha_nom_khai_muk,kw04,en,bing,False,1.0,bottle,0.0,cha_dam_yen,0.9143,False,review
cha_nom_khai_muk_kw04_bing_000011.jpg,cha_nom_khai_muk,kw04,en,bing,False,1.0,object,0.0,cha_nom_khai_muk,0.9616,True,auto_keep
cha_nom_khai_muk_kw04_bing_000012.jpg,cha_nom_khai_muk,kw04,en,bing,False,0.9998,bottle,0.0002,cha_nom_khai_muk,0.975,True,auto_keep
cha_nom_khai_muk_kw04_bing_000013.jpg,cha_nom_khai_muk,kw04,en,bing,False,0.9973,hot_tea,0.0016,cha_nom_khai_muk,0.7108,True,auto_keep
cha_nom_khai_muk_kw04_bing_000014.jpg,cha_nom_khai_muk,kw04,en,bing,False,1.0,object,0.0,cha_thai,0.9603,False,review
cha_nom_khai_muk_kw04_bing_000015.png,cha_nom_khai_muk,kw04,en,bing,False,0.9999,hot_tea,0.0001,cha_dam_yen,0.9703,False,review
cha_nom_khai_muk_kw04_bing_000016.jpg,cha_nom_khai_muk,kw04,en,bing,False,1.0,bottle,0.0,cha_dam_yen,0.8825,False,review
cha_nom_khai_muk_kw04_bing_000017.jpg,cha_nom_khai_muk,kw04,en,bing,False,0.999,text,0.0007,cha_dam_yen,0.8245,False,review
cha_nom_khai_muk_kw04_bing_000019.jpg,cha_nom_khai_muk,kw04,en,bing,False,1.0,hot_tea,0.0,cha_nom_khai_muk,0.969,True,auto_keep
cha_nom_khai_muk_kw04_bing_000020.jpg,cha_nom_khai_muk,kw04,en,bing,False,1.0,bottle,0.0,cha_nom_khai_muk,0.8778,True,auto_keep
cha_nom_khai_muk_kw04_bing_000021.webp,cha_nom_khai_muk,kw04,en,bing,False,1.0,hot_tea,0.0,cha_nom_khai_muk,0.979,True,auto_keep
cha_nom_khai_muk_kw04_bing_000022.webp,cha_nom_khai_muk,kw04,en,bing,False,1.0,object,0.0,cha_nom_khai_muk,0.9991,True,auto_keep
cha_nom_khai_muk_kw04_bing_000023.jpg,cha_nom_khai_muk,kw04,en,bing,False,1.0,object,0.0,cha_thai,0.7947,False,review
cha_nom_khai_muk_kw04_bing_000024.jpg,cha_nom_khai_muk,kw04,en,bing,False,1.0,object,0.0,cha_nom_khai_muk,0.9978,True,auto_keep
cha_nom_khai_muk_kw04_bing_000025.jpg,cha_nom_khai_muk,kw04,en,bing,False,0.9982,bottle,0.0014,cha_dam_yen,0.9178,False,review
cha_nom_khai_muk_kw04_bing_000026.jpg,cha_nom_khai_muk,kw04,en,bing,False,0.996,text,0.0021,cha_dam_yen,0.5278,False,review
cha_nom_khai_muk_kw04_bing_000027.jpg,cha_nom_khai_muk,kw04,en,bing,False,1.0,object,0.0,cha_thai,0.5365,False,review
cha_nom_khai_muk_kw04_bing_000028.jpg,cha_nom_khai_muk,kw04,en,bing,False,1.0,object,0.0,cha_dam_yen,0.6352,False,review
cha_nom_khai_muk_kw04_bing_000029.jpg,cha_nom_khai_muk,kw04,en,bing,False,0.9995,hot_tea,0.0004,cha_dam_yen,0.5801,False,review
cha_nom_khai_muk_kw04_bing_000030.jpg,cha_nom_khai_muk,kw04,en,bing,False,1.0,object,0.0,cha_thai,0.7095,False,review
cha_nom_khai_muk_kw04_bing_000031.jpg,cha_nom_khai_muk,kw04,en,bing,False,0.9994,bottle,0.0002,cha_nom_khai_muk,0.9616,True,auto_keep
cha_nom_khai_muk_kw04_bing_000032.jpg,cha_nom_khai_muk,kw04,en,bing,False,0.9991,bottle,0.0005,cha_dam_yen,0.6523,False,review
cha_nom_khai_muk_kw04_bing_000033.jpg,cha_nom_khai_muk,kw04,en,bing,False,1.0,object,0.0,cha_dam_yen,0.4553,False,review
cha_nom_khai_muk_kw04_bing_000034.jpg,cha_nom_khai_muk,kw04,en,bing,False,1.0,bottle,0.0,cha_nom_khai_muk,0.6856,True,auto_keep
cha_nom_khai_muk_kw04_bing_000036.webp,cha_nom_khai_muk,kw04,en,bing,False,1.0,object,0.0,cha_nom_khai_muk,0.9984,True,auto_keep
cha_nom_khai_muk_kw04_bing_000037.jpg,cha_nom_khai_muk,kw04,en,bing,False,0.9998,object,0.0002,cha_nom_khai_muk,0.8077,True,auto_keep
cha_nom_khai_muk_kw04_bing_000040.jpg,cha_nom_khai_muk,kw04,en,bing,False,1.0,object,0.0,cha_thai,0.4963,False,review
cha_nom_khai_muk_kw04_bing_000041.jpg,cha_nom_khai_muk,kw04,en,bing,False,1.0,bottle,0.0,cha_nom_khai_muk,0.9956,True,auto_keep
cha_nom_khai_muk_kw04_bing_000042.jpg,cha_nom_khai_muk,kw04,en,bing,False,0.9944,object,0.0052,cha_dam_yen,0.9545,False,review
cha_nom_khai_muk_kw04_bing_000045.jpg,cha_nom_khai_muk,kw04,en,bing,False,1.0,bottle,0.0,cha_thai,0.6422,False,review
cha_nom_khai_muk_kw04_bing_000046.webp,cha_nom_khai_muk,kw04,en,bing,False,0.9999,object,0.0001,cha_dam_yen,0.9964,False,review
cha_nom_khai_muk_kw04_bing_000048.jpg,cha_nom_khai_muk,kw04,en,bing,False,1.0,bottle,0.0,cha_nom_khai_muk,0.973,True,auto_keep
cha_nom_khai_muk_kw04_bing_000049.jpg,cha_nom_khai_muk,kw04,en,bing,False,0.9989,object,0.0011,cha_nom_khai_muk,0.9195,True,auto_keep
cha_nom_khai_muk_kw04_bing_000051.jpg,cha_nom_khai_muk,kw04,en,bing,False,1.0,bottle,0.0,cha_nom_khai_muk,0.9794,True,auto_keep
cha_nom_khai_muk_kw04_bing_000052.jpg,cha_nom_khai_muk,kw04,en,bing,False,0.9984,hot_tea,0.001,cha_nom_khai_muk,0.6362,True,auto_keep
cha_nom_khai_muk_kw04_bing_000053.jpg,cha_nom_khai_muk,kw04,en,bing,False,1.0,bottle,0.0,cha_dam_yen,0.7326,False,review
cha_nom_khai_muk_kw04_bing_000054.webp,cha_nom_khai_muk,kw04,en,bing,False,1.0,bottle,0.0,cha_dam_yen,0.5812,False,review
cha_nom_khai_muk_kw04_bing_000055.jpg,cha_nom_khai_muk,kw04,en,bing,False,1.0,hot_tea,0.0,cha_thai,0.9528,False,review
cha_nom_khai_muk_kw04_bing_000056.jpg,cha_nom_khai_muk,kw04,en,bing,False,1.0,bottle,0.0,cha_nom_khai_muk,0.9813,True,auto_keep
cha_nom_khai_muk_kw04_bing_000058.jpg,cha_nom_khai_muk,kw04,en,bing,False,1.0,hot_tea,0.0,cha_nom_khai_muk,0.9962,True,auto_keep
cha_nom_khai_muk_kw04_bing_000059.jpg,cha_nom_khai_muk,kw04,en,bing,False,0.9979,bottle,0.0015,cha_thai,0.8808,False,review
cha_nom_khai_muk_kw04_bing_000060.jpg,cha_nom_khai_muk,kw04,en,bing,False,1.0,bottle,0.0,cha_nom_khai_muk,0.9816,True,auto_keep
cha_nom_khai_muk_kw04_bing_000061.png,cha_nom_khai_muk,kw04,en,bing,False,1.0,bottle,0.0,cha_nom_khai_muk,0.9831,True,auto_keep
cha_nom_khai_muk_kw04_bing_000062.jpg,cha_nom_khai_muk,kw04,en,bing,False,1.0,bottle,0.0,cha_nom_khai_muk,0.975,True,auto_keep
cha_nom_khai_muk_kw04_bing_000063.jpg,cha_nom_khai_muk,kw04,en,bing,False,1.0,object,0.0,cha_nom_khai_muk,0.9697,True,auto_keep
cha_nom_khai_muk_kw04_bing_000064.jpg,cha_nom_khai_muk,kw04,en,bing,False,1.0,hot_tea,0.0,cha_nom_khai_muk,0.9363,True,auto_keep
cha_nom_khai_muk_kw04_bing_000065.jpg,cha_nom_khai_muk,kw04,en,bing,False,0.9998,hot_tea,0.0001,cha_dam_yen,0.6865,False,review
cha_nom_khai_muk_kw04_bing_000066.jpg,cha_nom_khai_muk,kw04,en,bing,False,0.9985,bottle,0.0014,cha_nom_khai_muk,0.5398,True,auto_keep
cha_nom_khai_muk_kw04_bing_000068.jpg,cha_nom_khai_muk,kw04,en,bing,False,1.0,hot_tea,0.0,cha_dam_yen,0.5203,False,review
cha_nom_khai_muk_kw04_bing_000069.webp,cha_nom_khai_muk,kw04,en,bing,False,1.0,bottle,0.0,cha_nom_khai_muk,0.9801,True,auto_keep
cha_nom_khai_muk_kw04_bing_000071.jpg,cha_nom_khai_muk,kw04,en,bing,False,1.0,object,0.0,cha_thai,0.5586,False,review
cha_nom_khai_muk_kw04_bing_000072.jpg,cha_nom_khai_muk,kw04,en,bing,False,1.0,bottle,0.0,cha_dam_yen,0.7354,False,review
cha_nom_khai_muk_kw04_bing_000073.jpg,cha_nom_khai_muk,kw04,en,bing,False,1.0,hot_tea,0.0,cha_nom_khai_muk,0.9883,True,auto_keep
cha_nom_khai_muk_kw04_bing_000075.jpg,cha_nom_khai_muk,kw04,en,bing,False,1.0,hot_tea,0.0,cha_nom_khai_muk,0.9982,True,auto_keep
cha_nom_khai_muk_kw04_bing_000077.jpg,cha_nom_khai_muk,kw04,en,bing,False,1.0,object,0.0,cha_nom_khai_muk,0.7988,True,auto_keep
cha_nom_khai_muk_kw04_bing_000079.png,cha_nom_khai_muk,kw04,en,bing,False,1.0,bottle,0.0,cha_nom_khai_muk,0.764,True,auto_keep
cha_nom_khai_muk_kw04_bing_000080.jpg,cha_nom_khai_muk,kw04,en,bing,False,1.0,bottle,0.0,cha_khiao_nom,0.973,False,review
cha_nom_khai_muk_kw04_bing_000084.jpg,cha_nom_khai_muk,kw04,en,bing,False,0.997,object,0.0013,cha_dam_yen,0.7053,False,review
cha_nom_khai_muk_kw04_bing_000086.jpg,cha_nom_khai_muk,kw04,en,bing,False,1.0,object,0.0,cha_dam_yen,0.8569,False,review
cha_nom_khai_muk_kw04_bing_000087.jpg,cha_nom_khai_muk,kw04,en,bing,False,0.9985,bottle,0.0015,cha_dam_yen,0.9805,False,review
cha_nom_khai_muk_kw04_bing_000088.jpg,cha_nom_khai_muk,kw04,en,bing,False,0.9997,text,0.0001,cha_thai,0.4454,False,review
cha_nom_khai_muk_kw04_bing_000090.png,cha_nom_khai_muk,kw04,en,bing,False,1.0,bottle,0.0,cha_nom_khai_muk,0.9978,True,auto_keep
cha_nom_khai_muk_kw04_bing_000091.jpg,cha_nom_khai_muk,kw04,en,bing,False,1.0,object,0.0,cha_dam_yen,0.6632,False,review
cha_nom_khai_muk_kw04_bing_000092.jpg,cha_nom_khai_muk,kw04,en,bing,False,1.0,object,0.0,cha_nom_khai_muk,0.9712,True,auto_keep
cha_nom_khai_muk_kw04_bing_000094.jpg,cha_nom_khai_muk,kw04,en,bing,False,1.0,bottle,0.0,cha_dam_yen,0.8492,False,review
cha_nom_khai_muk_kw04_bing_000095.jpg,cha_nom_khai_muk,kw04,en,bing,False,0.9999,bottle,0.0,cha_nom_khai_muk,0.9132,True,auto_keep
cha_nom_khai_muk_kw04_bing_000096.png,cha_nom_khai_muk,kw04,en,bing,False,0.9989,object,0.0009,cha_thai,0.7419,False,review
cha_nom_khai_muk_kw04_bing_000098.jpg,cha_nom_khai_muk,kw04,en,bing,False,1.0,bottle,0.0,cha_nom_khai_muk,0.4693,True,auto_keep
cha_nom_khai_muk_kw04_bing_000100.jpg,cha_nom_khai_muk,kw04,en,bing,False,0.9999,object,0.0001,cha_nom_khai_muk,0.6988,True,auto_keep
cha_nom_khai_muk_kw04_bing_000101.jpg,cha_nom_khai_muk,kw04,en,bing,False,0.9999,bottle,0.0001,cha_nom_khai_muk,0.9298,True,auto_keep
cha_nom_khai_muk_kw04_bing_000102.jpg,cha_nom_khai_muk,kw04,en,bing,False,0.9997,bottle,0.0003,cha_dam_yen,0.8557,False,review
cha_nom_khai_muk_kw04_bing_000103.jpg,cha_nom_khai_muk,kw04,en,bing,False,0.9998,person,0.0001,cha_nom_khai_muk,0.999,True,auto_keep
cha_nom_khai_muk_kw04_bing_000104.jpg,cha_nom_khai_muk,kw04,en,bing,False,1.0,bottle,0.0,cha_dam_yen,0.7714,False,review
cha_nom_khai_muk_kw04_baidu_000001.jpg,cha_nom_khai_muk,kw04,en,baidu,False,0.9344,bottle,0.0605,cha_nom_khai_muk,0.5542,True,auto_keep
cha_nom_khai_muk_kw04_baidu_000002.jpg,cha_nom_khai_muk,kw04,en,baidu,False,0.9988,hot_tea,0.0006,cha_nom_khai_muk,0.9982,True,auto_keep
cha_nom_khai_muk_kw04_baidu_000003.jpg,cha_nom_khai_muk,kw04,en,baidu,False,0.9999,bottle,0.0,cha_nom_khai_muk,0.9893,True,auto_keep
cha_nom_khai_muk_kw04_baidu_000004.jpg,cha_nom_khai_muk,kw04,en,baidu,False,1.0,bottle,0.0,cha_nom_khai_muk,0.9976,True,auto_keep
cha_nom_khai_muk_kw04_baidu_000005.jpg,cha_nom_khai_muk,kw04,en,baidu,False,0.9997,object,0.0003,cha_dam_yen,0.9531,False,review
cha_nom_khai_muk_kw04_baidu_000006.jpg,cha_nom_khai_muk,kw04,en,baidu,False,0.0009,hot_tea,0.809,cha_dam_yen,0.9662,False,auto_reject
cha_nom_khai_muk_kw04_baidu_000007.jpg,cha_nom_khai_muk,kw04,en,baidu,False,1.0,bottle,0.0,cha_nom_khai_muk,0.9965,True,auto_keep
cha_nom_khai_muk_kw04_baidu_000008.jpg,cha_nom_khai_muk,kw04,en,baidu,False,0.0004,object,0.4511,cha_nom_khai_muk,0.9998,True,auto_reject
cha_nom_khai_muk_kw04_baidu_000009.png,cha_nom_khai_muk,kw04,en,baidu,False,1.0,bottle,0.0,cha_nom_khai_muk,0.9997,True,auto_keep
cha_nom_khai_muk_kw04_baidu_000010.jpg,cha_nom_khai_muk,kw04,en,baidu,False,1.0,object,0.0,cha_thai,0.8062,False,review
cha_nom_khai_muk_kw04_baidu_000011.jpg,cha_nom_khai_muk,kw04,en,baidu,False,0.9617,bottle,0.0358,cha_nom_khai_muk,0.9946,True,auto_keep
cha_nom_khai_muk_kw04_baidu_000012.jpg,cha_nom_khai_muk,kw04,en,baidu,False,0.1199,leaves,0.8511,cha_thai,0.4321,False,auto_reject
cha_nom_khai_muk_kw04_baidu_000013.jpg,cha_nom_khai_muk,kw04,en,baidu,False,0.5333,leaves,0.2236,cha_nom_khai_muk,0.9987,True,review
cha_nom_khai_muk_kw04_baidu_000014.jpg,cha_nom_khai_muk,kw04,en,baidu,False,0.9999,bottle,0.0001,cha_dam_yen,0.8303,False,review
cha_nom_khai_muk_kw04_baidu_000015.jpg,cha_nom_khai_muk,kw04,en,baidu,False,0.9907,text,0.0042,cha_thai,0.7082,False,review
cha_nom_khai_muk_kw04_baidu_000016.png,cha_nom_khai_muk,kw04,en,baidu,False,0.0316,text,0.8728,cha_nom_khai_muk,0.4386,True,auto_reject
cha_nom_khai_muk_kw04_baidu_000017.jpeg,cha_nom_khai_muk,kw04,en,baidu,False,0.9973,object,0.002,cha_khiao_nom,0.9969,False,review
cha_nom_khai_muk_kw04_baidu_000019.jpg,cha_nom_khai_muk,kw04,en,baidu,False,0.9965,object,0.0026,cha_nom_khai_muk,0.8372,True,auto_keep
cha_nom_khai_muk_kw04_baidu_000020.jpg,cha_nom_khai_muk,kw04,en,baidu,False,1.0,object,0.0,cha_nom_khai_muk,0.9998,True,auto_keep
cha_nom_khai_muk_kw04_baidu_000021.jpeg,cha_nom_khai_muk,kw04,en,baidu,False,0.9999,bottle,0.0001,cha_nom_khai_muk,0.9671,True,auto_keep
cha_nom_khai_muk_kw04_baidu_000022.jpg,cha_nom_khai_muk,kw04,en,baidu,False,0.9855,object,0.0129,cha_nom_khai_muk,0.9033,True,auto_keep
cha_nom_khai_muk_kw04_baidu_000023.jpg,cha_nom_khai_muk,kw04,en,baidu,False,0.0001,leaves,0.9737,cha_dam_yen,0.9932,False,auto_reject
cha_nom_khai_muk_kw04_baidu_000024.jpg,cha_nom_khai_muk,kw04,en,baidu,False,0.2168,leaves,0.4479,cha_dam_yen,0.6739,False,review
cha_nom_khai_muk_kw04_baidu_000025.jpg,cha_nom_khai_muk,kw04,en,baidu,False,0.2414,leaves,0.3132,cha_nom_khai_muk,0.9954,True,review
cha_nom_khai_muk_kw04_baidu_000026.jpg,cha_nom_khai_muk,kw04,en,baidu,False,0.0001,object,0.956,cha_dam_yen,0.43,False,auto_reject
cha_nom_khai_muk_kw04_baidu_000029.jpg,cha_nom_khai_muk,kw04,en,baidu,False,0.9993,object,0.0007,cha_thai,0.8317,False,review
cha_nom_khai_muk_kw04_baidu_000030.jpg,cha_nom_khai_muk,kw04,en,baidu,False,0.3611,food,0.3116,cha_nom_khai_muk,0.9463,True,review
cha_nom_khai_muk_kw04_baidu_000031.jpg,cha_nom_khai_muk,kw04,en,baidu,False,0.0611,hot_tea,0.9047,cha_phonlamai,0.9994,False,auto_reject
cha_nom_khai_muk_kw04_baidu_000032.jpg,cha_nom_khai_muk,kw04,en,baidu,False,0.795,bottle,0.204,cha_nom_khai_muk,0.9909,True,auto_keep
cha_nom_khai_muk_kw04_baidu_000033.jpg,cha_nom_khai_muk,kw04,en,baidu,False,0.6058,illustration,0.373,cha_nom_khai_muk,0.8962,True,auto_keep
cha_nom_khai_muk_kw04_baidu_000034.jpg,cha_nom_khai_muk,kw04,en,baidu,False,0.9072,leaves,0.0676,cha_dam_yen,0.946,False,review
cha_nom_khai_muk_kw04_baidu_000035.jpg,cha_nom_khai_muk,kw04,en,baidu,False,0.7796,bottle,0.2154,cha_phonlamai,0.7101,False,review
cha_nom_khai_muk_kw04_baidu_000036.jpg,cha_nom_khai_muk,kw04,en,baidu,False,1.0,bottle,0.0,cha_nom_khai_muk,0.9926,True,auto_keep
cha_nom_khai_muk_kw04_baidu_000037.jpg,cha_nom_khai_muk,kw04,en,baidu,False,0.0235,object,0.5065,cha_dam_yen,0.813,False,auto_reject
cha_nom_khai_muk_kw04_baidu_000038.jpg,cha_nom_khai_muk,kw04,en,baidu,False,0.0,leaves,0.8889,cha_dam_yen,0.9855,False,auto_reject
cha_nom_khai_muk_kw04_baidu_000039.jpg,cha_nom_khai_muk,kw04,en,baidu,False,0.0001,leaves,0.8863,cha_dam_yen,0.7458,False,auto_reject
cha_nom_khai_muk_kw04_baidu_000040.jpg,cha_nom_khai_muk,kw04,en,baidu,False,0.9992,hot_tea,0.0004,cha_nom_khai_muk,0.9994,True,auto_keep
cha_nom_khai_muk_kw04_baidu_000041.jpg,cha_nom_khai_muk,kw04,en,baidu,False,0.0026,hot_tea,0.9961,cha_dam_yen,0.8452,False,auto_reject
cha_nom_khai_muk_kw04_baidu_000042.jpg,cha_nom_khai_muk,kw04,en,baidu,False,0.8106,object,0.0995,cha_dam_yen,0.5764,False,review
cha_nom_khai_muk_kw04_baidu_000043.jpg,cha_nom_khai_muk,kw04,en,baidu,False,0.9982,hot_tea,0.0018,cha_nom_khai_muk,0.9944,True,auto_keep
cha_nom_khai_muk_kw04_baidu_000044.jpg,cha_nom_khai_muk,kw04,en,baidu,False,0.9967,hot_tea,0.003,cha_dam_yen,0.7446,False,review
cha_nom_khai_muk_kw04_baidu_000045.jpg,cha_nom_khai_muk,kw04,en,baidu,False,0.0152,hot_tea,0.899,cha_phonlamai,0.5158,False,auto_reject
cha_nom_khai_muk_kw04_baidu_000046.jpeg,cha_nom_khai_muk,kw04,en,baidu,False,0.9999,object,0.0001,cha_nom_khai_muk,0.9893,True,auto_keep
cha_nom_khai_muk_kw04_baidu_000047.jpg,cha_nom_khai_muk,kw04,en,baidu,False,0.0012,leaves,0.8792,cha_dam_yen,0.4738,False,auto_reject
cha_nom_khai_muk_kw04_baidu_000048.png,cha_nom_khai_muk,kw04,en,baidu,False,1.0,hot_tea,0.0,cha_nom_khai_muk,0.9578,True,auto_keep
cha_nom_khai_muk_kw04_baidu_000049.jpg,cha_nom_khai_muk,kw04,en,baidu,False,1.0,bottle,0.0,cha_nom_khai_muk,0.8325,True,auto_keep
cha_nom_khai_muk_kw04_baidu_000050.png,cha_nom_khai_muk,kw04,en,baidu,False,0.0024,food,0.8765,cha_dam_yen,0.744,False,auto_reject
cha_nom_khai_muk_kw05_bing_000000.jpg,cha_nom_khai_muk,kw05,th,bing,False,0.9989,bottle,0.001,cha_nom_khai_muk,0.9902,True,auto_keep
cha_nom_khai_muk_kw05_bing_000001.jpg,cha_nom_khai_muk,kw05,th,bing,False,1.0,object,0.0,cha_nom_khai_muk,0.9991,True,auto_keep
cha_nom_khai_muk_kw05_bing_000003.jpg,cha_nom_khai_muk,kw05,th,bing,False,1.0,object,0.0,cha_nom_khai_muk,0.9989,True,auto_keep
cha_nom_khai_muk_kw05_bing_000005.jpg,cha_nom_khai_muk,kw05,th,bing,False,0.9732,object,0.02,cha_nom_khai_muk,0.9805,True,auto_keep
cha_nom_khai_muk_kw05_bing_000007.jpg,cha_nom_khai_muk,kw05,th,bing,False,0.9881,bottle,0.0089,cha_nom_khai_muk,0.9275,True,auto_keep
cha_nom_khai_muk_kw05_bing_000014.jpg,cha_nom_khai_muk,kw05,th,bing,False,0.9964,illustration,0.0024,cha_nom_khai_muk,0.7369,True,auto_keep
cha_nom_khai_muk_kw05_bing_000016.png,cha_nom_khai_muk,kw05,th,bing,False,0.0871,bottle,0.7932,cha_thai,0.8659,False,auto_reject
cha_nom_khai_muk_kw05_bing_000018.jpg,cha_nom_khai_muk,kw05,th,bing,False,0.0145,bottle,0.6753,cha_nom_khai_muk,0.5235,True,auto_reject
cha_nom_khai_muk_kw05_bing_000020.jpg,cha_nom_khai_muk,kw05,th,bing,False,0.1289,bottle,0.7204,cha_dam_yen,0.9478,False,auto_reject
cha_nom_khai_muk_kw05_bing_000027.jpg,cha_nom_khai_muk,kw05,th,bing,False,0.9033,bottle,0.0958,cha_thai,0.5111,False,review
cha_nom_khai_muk_kw05_bing_000029.jpg,cha_nom_khai_muk,kw05,th,bing,False,0.0083,bottle,0.9911,cha_phonlamai,0.6916,False,auto_reject
cha_nom_khai_muk_kw05_bing_000035.jpg,cha_nom_khai_muk,kw05,th,bing,False,0.9504,bottle,0.0468,cha_khiao_nom,0.5234,False,review
cha_nom_khai_muk_kw05_bing_000039.jpg,cha_nom_khai_muk,kw05,th,bing,False,1.0,bottle,0.0,cha_nom_khai_muk,0.8782,True,auto_keep
cha_nom_khai_muk_kw05_bing_000043.jpg,cha_nom_khai_muk,kw05,th,bing,False,0.8732,bottle,0.0508,cha_khiao_nom,0.4484,False,review
cha_nom_khai_muk_kw05_bing_000044.jpg,cha_nom_khai_muk,kw05,th,bing,False,0.0072,bottle,0.9905,cha_dam_yen,0.8346,False,auto_reject
cha_nom_khai_muk_kw05_bing_000046.webp,cha_nom_khai_muk,kw05,th,bing,False,0.0016,object,0.8679,cha_phonlamai,0.9819,False,auto_reject
cha_nom_khai_muk_kw05_bing_000049.jpg,cha_nom_khai_muk,kw05,th,bing,False,0.0002,bottle,0.994,cha_phonlamai,0.4746,False,auto_reject
cha_nom_khai_muk_kw05_bing_000051.jpg,cha_nom_khai_muk,kw05,th,bing,False,0.0013,bottle,0.9984,cha_thai,0.986,False,auto_reject
cha_nom_khai_muk_kw05_bing_000053.jpg,cha_nom_khai_muk,kw05,th,bing,False,0.0,bottle,0.9996,cha_khiao_nom,0.9811,False,auto_reject
cha_nom_khai_muk_kw05_bing_000057.jpg,cha_nom_khai_muk,kw05,th,bing,False,0.0375,bottle,0.895,cha_thai,0.4689,False,auto_reject
cha_nom_khai_muk_kw05_bing_000060.jpg,cha_nom_khai_muk,kw05,th,bing,False,0.8473,bottle,0.1523,cha_nom_khai_muk,0.9972,True,auto_keep
cha_nom_khai_muk_kw05_bing_000061.jpg,cha_nom_khai_muk,kw05,th,bing,True,0.3016,object,0.6964,cha_phonlamai,0.5344,False,review
cha_nom_khai_muk_kw05_bing_000062.webp,cha_nom_khai_muk,kw05,th,bing,False,0.0005,object,0.5326,cha_dam_yen,0.3847,False,auto_reject
cha_nom_khai_muk_kw05_bing_000063.jpg,cha_nom_khai_muk,kw05,th,bing,False,0.003,illustration,0.6091,cha_nom_khai_muk,0.8553,True,auto_reject
cha_nom_khai_muk_kw05_bing_000075.jpg,cha_nom_khai_muk,kw05,th,bing,False,0.9801,object,0.018,cha_nom_khai_muk,0.7357,True,auto_keep
cha_nom_khai_muk_kw05_bing_000084.jpg,cha_nom_khai_muk,kw05,th,bing,False,0.6474,object,0.3398,cha_dam_yen,0.76,False,review
cha_nom_khai_muk_kw05_bing_000092.jpg,cha_nom_khai_muk,kw05,th,bing,False,0.7988,bottle,0.1143,cha_khiao_nom,0.442,False,review
cha_nom_khai_muk_kw05_bing_000096.jpg,cha_nom_khai_muk,kw05,th,bing,True,0.0,bottle,0.9992,cha_khiao_nom,0.9848,False,auto_reject
cha_nom_khai_muk_kw06_bing_000002.jpg,cha_nom_khai_muk,kw06,th,bing,False,1.0,text,0.0,cha_nom_khai_muk,0.9999,True,auto_keep
cha_nom_khai_muk_kw06_bing_000004.jpg,cha_nom_khai_muk,kw06,th,bing,False,0.9996,object,0.0004,cha_thai,0.7453,False,review
cha_nom_khai_muk_kw06_bing_000007.jpg,cha_nom_khai_muk,kw06,th,bing,False,1.0,object,0.0,cha_thai,0.8485,False,review
cha_nom_khai_muk_kw06_bing_000008.jpg,cha_nom_khai_muk,kw06,th,bing,False,0.9997,bottle,0.0002,cha_nom_khai_muk,0.9632,True,auto_keep
cha_nom_khai_muk_kw06_bing_000010.jpg,cha_nom_khai_muk,kw06,th,bing,False,0.0135,text,0.5202,cha_dam_yen,0.7373,False,auto_reject
cha_nom_khai_muk_kw06_bing_000011.jpg,cha_nom_khai_muk,kw06,th,bing,False,0.9924,bottle,0.0068,cha_nom_khai_muk,0.6265,True,auto_keep
cha_nom_khai_muk_kw06_bing_000012.jpg,cha_nom_khai_muk,kw06,th,bing,False,1.0,bottle,0.0,cha_khiao_nom,0.9689,False,review
cha_nom_khai_muk_kw06_bing_000013.jpg,cha_nom_khai_muk,kw06,th,bing,False,0.9998,bottle,0.0002,cha_nom_khai_muk,0.9944,True,auto_keep
cha_nom_khai_muk_kw06_bing_000016.webp,cha_nom_khai_muk,kw06,th,bing,False,0.9994,hot_tea,0.0002,cha_thai,0.9667,False,review
cha_nom_khai_muk_kw06_bing_000017.jpg,cha_nom_khai_muk,kw06,th,bing,False,0.2021,text,0.4181,cha_thai,0.918,False,review
cha_nom_khai_muk_kw06_bing_000018.jpg,cha_nom_khai_muk,kw06,th,bing,False,1.0,object,0.0,cha_thai,0.9684,False,review
cha_nom_khai_muk_kw06_bing_000019.jpg,cha_nom_khai_muk,kw06,th,bing,False,0.8559,text,0.1209,cha_nom_khai_muk,0.8617,True,auto_keep
cha_nom_khai_muk_kw06_bing_000021.jpg,cha_nom_khai_muk,kw06,th,bing,False,1.0,object,0.0,cha_nom_khai_muk,0.9929,True,auto_keep
cha_nom_khai_muk_kw06_bing_000023.jpg,cha_nom_khai_muk,kw06,th,bing,False,0.3437,bottle,0.4388,cha_dam_yen,0.6537,False,review
cha_nom_khai_muk_kw06_bing_000024.jpg,cha_nom_khai_muk,kw06,th,bing,False,1.0,object,0.0,cha_khiao_nom,0.9852,False,review
cha_nom_khai_muk_kw06_bing_000027.jpg,cha_nom_khai_muk,kw06,th,bing,False,1.0,object,0.0,cha_khiao_nom,0.9978,False,review
cha_nom_khai_muk_kw06_bing_000028.jpg,cha_nom_khai_muk,kw06,th,bing,False,0.2763,object,0.4329,cha_thai,0.9983,False,review
cha_nom_khai_muk_kw06_bing_000029.jpg,cha_nom_khai_muk,kw06,th,bing,False,1.0,hot_tea,0.0,cha_dam_yen,0.9717,False,review
cha_nom_khai_muk_kw06_bing_000031.jpg,cha_nom_khai_muk,kw06,th,bing,False,1.0,bottle,0.0,cha_nom_khai_muk,0.4915,True,auto_keep
cha_nom_khai_muk_kw06_bing_000033.jpg,cha_nom_khai_muk,kw06,th,bing,False,0.9995,bottle,0.0005,cha_nom_khai_muk,0.9969,True,auto_keep
cha_nom_khai_muk_kw06_bing_000034.jpg,cha_nom_khai_muk,kw06,th,bing,False,1.0,person,0.0,cha_nom_khai_muk,0.9982,True,auto_keep
cha_nom_khai_muk_kw06_bing_000035.png,cha_nom_khai_muk,kw06,th,bing,False,0.9999,object,0.0001,cha_thai,0.707,False,review
cha_nom_khai_muk_kw06_bing_000036.jpg,cha_nom_khai_muk,kw06,th,bing,False,0.8946,bottle,0.1053,cha_thai,0.9999,False,review
cha_nom_khai_muk_kw06_bing_000038.jpg,cha_nom_khai_muk,kw06,th,bing,False,0.631,bottle,0.2777,cha_nom_khai_muk,0.7461,True,auto_keep
cha_nom_khai_muk_kw06_bing_000046.jpg,cha_nom_khai_muk,kw06,th,bing,False,1.0,bottle,0.0,cha_nom_khai_muk,0.9999,True,auto_keep
cha_nom_khai_muk_kw06_bing_000047.jpg,cha_nom_khai_muk,kw06,th,bing,False,1.0,object,0.0,cha_nom_khai_muk,0.9966,True,auto_keep
cha_nom_khai_muk_kw06_bing_000048.jpg,cha_nom_khai_muk,kw06,th,bing,False,0.9867,bottle,0.0096,cha_thai,0.9915,False,review
cha_nom_khai_muk_kw06_bing_000050.jpg,cha_nom_khai_muk,kw06,th,bing,False,1.0,object,0.0,cha_nom_khai_muk,0.9999,True,auto_keep
cha_nom_khai_muk_kw06_bing_000052.jpg,cha_nom_khai_muk,kw06,th,bing,False,0.0897,bottle,0.8744,cha_nom_khai_muk,0.9934,True,auto_reject
cha_nom_khai_muk_kw06_bing_000054.jpg,cha_nom_khai_muk,kw06,th,bing,False,0.6312,bottle,0.2131,cha_thai,0.7664,False,review
cha_nom_khai_muk_kw06_bing_000057.jpg,cha_nom_khai_muk,kw06,th,bing,False,0.7206,text,0.2505,cha_thai,0.9976,False,review
cha_nom_khai_muk_kw06_bing_000058.jpg,cha_nom_khai_muk,kw06,th,bing,False,0.5458,food,0.4398,cha_khiao_nom,0.9134,False,review
cha_nom_khai_muk_kw06_bing_000059.jpg,cha_nom_khai_muk,kw06,th,bing,False,1.0,person,0.0,cha_nom_khai_muk,0.994,True,auto_keep
cha_nom_khai_muk_kw06_bing_000060.jpg,cha_nom_khai_muk,kw06,th,bing,False,1.0,object,0.0,cha_nom_khai_muk,0.9999,True,auto_keep
cha_nom_khai_muk_kw06_bing_000062.jpg,cha_nom_khai_muk,kw06,th,bing,False,0.3832,bottle,0.5715,cha_thai,0.9179,False,review
cha_nom_khai_muk_kw06_bing_000063.webp,cha_nom_khai_muk,kw06,th,bing,False,0.9998,object,0.0001,cha_nom_khai_muk,0.9557,True,auto_keep
cha_nom_khai_muk_kw06_bing_000068.jpg,cha_nom_khai_muk,kw06,th,bing,False,0.9999,object,0.0001,cha_khiao_nom,0.976,False,review
cha_nom_khai_muk_kw06_bing_000069.jpg,cha_nom_khai_muk,kw06,th,bing,False,0.9764,bottle,0.0213,cha_dam_yen,0.7711,False,review
cha_nom_khai_muk_kw06_bing_000071.jpg,cha_nom_khai_muk,kw06,th,bing,False,0.9999,object,0.0,cha_nom_khai_muk,0.9638,True,auto_keep
cha_nom_khai_muk_kw06_bing_000072.jpg,cha_nom_khai_muk,kw06,th,bing,False,0.978,text,0.0168,cha_dam_yen,0.6497,False,review
cha_nom_khai_muk_kw06_bing_000075.jpg,cha_nom_khai_muk,kw06,th,bing,False,0.9666,object,0.0255,cha_thai,0.7272,False,review
cha_nom_khai_muk_kw06_bing_000076.jpg,cha_nom_khai_muk,kw06,th,bing,False,0.9636,object,0.0236,cha_khiao_nom,0.973,False,review
cha_nom_khai_muk_kw06_bing_000078.jpg,cha_nom_khai_muk,kw06,th,bing,True,0.005,object,0.6076,cha_thai,0.9343,False,auto_reject
cha_nom_khai_muk_kw06_bing_000081.jpg,cha_nom_khai_muk,kw06,th,bing,False,0.0001,bottle,0.9996,cha_phonlamai,0.818,False,auto_reject
cha_nom_khai_muk_kw06_bing_000082.jpg,cha_nom_khai_muk,kw06,th,bing,False,0.002,text,0.6508,cha_thai,0.9819,False,auto_reject
cha_nom_khai_muk_kw06_bing_000084.jpg,cha_nom_khai_muk,kw06,th,bing,False,0.9975,bottle,0.0018,cha_thai,0.8893,False,review
cha_nom_khai_muk_kw06_bing_000085.webp,cha_nom_khai_muk,kw06,th,bing,False,0.0148,bottle,0.5191,cha_nom_khai_muk,0.5899,True,auto_reject
cha_nom_khai_muk_kw06_bing_000089.jpg,cha_nom_khai_muk,kw06,th,bing,False,0.5617,text,0.3887,cha_thai,0.7954,False,review
cha_nom_khai_muk_kw06_bing_000093.webp,cha_nom_khai_muk,kw06,th,bing,False,0.9999,bottle,0.0001,cha_thai,0.941,False,review
cha_nom_khai_muk_kw06_bing_000095.jpg,cha_nom_khai_muk,kw06,th,bing,False,1.0,object,0.0,cha_thai,0.7093,False,review
cha_nom_khai_muk_kw06_bing_000096.jpg,cha_nom_khai_muk,kw06,th,bing,False,1.0,bottle,0.0,cha_nom_khai_muk,0.949,True,auto_keep
cha_nom_khai_muk_kw06_bing_000097.jpg,cha_nom_khai_muk,kw06,th,bing,False,0.4702,bottle,0.5215,cha_thai,0.9934,False,review
cha_nom_khai_muk_kw06_bing_000099.jpg,cha_nom_khai_muk,kw06,th,bing,False,0.0171,bottle,0.3621,cha_thai,0.8484,False,auto_reject
cha_nom_khai_muk_kw06_bing_000103.jpg,cha_nom_khai_muk,kw06,th,bing,False,0.0002,text,0.9438,cha_nom_khai_muk,0.8379,True,auto_reject
cha_nom_khai_muk_kw07_bing_000000.jpg,cha_nom_khai_muk,kw07,th,bing,False,1.0,object,0.0,cha_nom_khai_muk,0.9435,True,auto_keep
cha_nom_khai_muk_kw07_bing_000001.jpg,cha_nom_khai_muk,kw07,th,bing,False,1.0,bottle,0.0,cha_nom_khai_muk,0.9045,True,auto_keep
cha_nom_khai_muk_kw07_bing_000002.jpg,cha_nom_khai_muk,kw07,th,bing,False,1.0,bottle,0.0,cha_thai,0.9731,False,review
cha_nom_khai_muk_kw07_bing_000003.jpg,cha_nom_khai_muk,kw07,th,bing,False,0.9999,leaves,0.0001,cha_nom_khai_muk,0.9969,True,auto_keep
cha_nom_khai_muk_kw07_bing_000004.png,cha_nom_khai_muk,kw07,th,bing,False,0.992,bottle,0.0073,cha_thai,0.8203,False,review
cha_nom_khai_muk_kw07_bing_000005.jpg,cha_nom_khai_muk,kw07,th,bing,False,0.9998,object,0.0001,cha_thai,0.9331,False,review
cha_nom_khai_muk_kw07_bing_000008.jpg,cha_nom_khai_muk,kw07,th,bing,False,0.9999,object,0.0,cha_nom_khai_muk,0.8669,True,auto_keep
cha_nom_khai_muk_kw07_bing_000009.jpg,cha_nom_khai_muk,kw07,th,bing,False,0.1392,bottle,0.7459,cha_dam_yen,0.7849,False,auto_reject
cha_nom_khai_muk_kw07_bing_000011.webp,cha_nom_khai_muk,kw07,th,bing,False,1.0,bottle,0.0,cha_thai,0.9555,False,review
cha_nom_khai_muk_kw07_bing_000012.jpg,cha_nom_khai_muk,kw07,th,bing,False,1.0,bottle,0.0,cha_nom_khai_muk,0.9686,True,auto_keep
cha_nom_khai_muk_kw07_bing_000015.jpg,cha_nom_khai_muk,kw07,th,bing,False,0.9988,bottle,0.0009,cha_nom_khai_muk,0.9904,True,auto_keep
cha_nom_khai_muk_kw07_bing_000016.jpg,cha_nom_khai_muk,kw07,th,bing,False,0.9939,bottle,0.0035,cha_nom_khai_muk,0.9918,True,auto_keep
cha_nom_khai_muk_kw07_bing_000018.jpg,cha_nom_khai_muk,kw07,th,bing,False,0.9999,bottle,0.0001,cha_nom_khai_muk,1.0,True,auto_keep
cha_nom_khai_muk_kw07_bing_000019.jpg,cha_nom_khai_muk,kw07,th,bing,False,0.0359,text,0.7787,cha_dam_yen,0.7407,False,auto_reject
cha_nom_khai_muk_kw07_bing_000020.jpg,cha_nom_khai_muk,kw07,th,bing,False,0.9992,object,0.0006,cha_nom_khai_muk,0.9188,True,auto_keep
cha_nom_khai_muk_kw07_bing_000021.jpg,cha_nom_khai_muk,kw07,th,bing,False,0.9999,object,0.0001,cha_nom_khai_muk,0.6283,True,auto_keep
cha_nom_khai_muk_kw07_bing_000022.jpg,cha_nom_khai_muk,kw07,th,bing,False,1.0,leaves,0.0,cha_nom_khai_muk,1.0,True,auto_keep
cha_nom_khai_muk_kw07_bing_000024.jpg,cha_nom_khai_muk,kw07,th,bing,False,0.9998,leaves,0.0002,cha_nom_khai_muk,0.9964,True,auto_keep
cha_nom_khai_muk_kw07_bing_000025.jpg,cha_nom_khai_muk,kw07,th,bing,False,1.0,hot_tea,0.0,cha_nom_khai_muk,0.9935,True,auto_keep
cha_nom_khai_muk_kw07_bing_000027.jpg,cha_nom_khai_muk,kw07,th,bing,False,0.9966,text,0.003,cha_nom_khai_muk,0.9991,True,auto_keep
cha_nom_khai_muk_kw07_bing_000030.webp,cha_nom_khai_muk,kw07,th,bing,False,1.0,bottle,0.0,cha_nom_khai_muk,0.9999,True,auto_keep
cha_nom_khai_muk_kw07_bing_000031.webp,cha_nom_khai_muk,kw07,th,bing,False,0.3963,bottle,0.5343,cha_thai,0.9657,False,review
cha_nom_khai_muk_kw07_bing_000033.png,cha_nom_khai_muk,kw07,th,bing,False,0.9928,leaves,0.0071,cha_nom_khai_muk,1.0,True,auto_keep
cha_nom_khai_muk_kw07_bing_000034.webp,cha_nom_khai_muk,kw07,th,bing,False,0.9999,object,0.0001,cha_nom_khai_muk,0.9952,True,auto_keep
cha_nom_khai_muk_kw07_bing_000037.jpg,cha_nom_khai_muk,kw07,th,bing,False,1.0,bottle,0.0,cha_nom_khai_muk,0.9956,True,auto_keep
cha_nom_khai_muk_kw07_bing_000038.jpg,cha_nom_khai_muk,kw07,th,bing,False,0.9978,bottle,0.0009,cha_dam_yen,0.4061,False,review
cha_nom_khai_muk_kw07_bing_000040.jpg,cha_nom_khai_muk,kw07,th,bing,False,1.0,bottle,0.0,cha_nom_khai_muk,0.9991,True,auto_keep
cha_nom_khai_muk_kw07_bing_000041.jpg,cha_nom_khai_muk,kw07,th,bing,False,0.9991,object,0.0007,cha_thai,0.7858,False,review
cha_nom_khai_muk_kw07_bing_000046.jpg,cha_nom_khai_muk,kw07,th,bing,False,1.0,object,0.0,cha_thai,0.5452,False,review
cha_nom_khai_muk_kw07_bing_000049.jpg,cha_nom_khai_muk,kw07,th,bing,False,1.0,person,0.0,cha_thai,0.5654,False,review
cha_nom_khai_muk_kw07_bing_000050.jpg,cha_nom_khai_muk,kw07,th,bing,False,1.0,object,0.0,cha_thai,0.7854,False,review
cha_nom_khai_muk_kw07_bing_000052.jpg,cha_nom_khai_muk,kw07,th,bing,False,0.0101,object,0.9405,cha_nom_khai_muk,0.9998,True,auto_reject
cha_nom_khai_muk_kw07_bing_000057.jpg,cha_nom_khai_muk,kw07,th,bing,False,0.9991,leaves,0.0009,cha_dam_yen,0.5066,False,review
cha_nom_khai_muk_kw07_bing_000060.jpg,cha_nom_khai_muk,kw07,th,bing,False,0.9845,food,0.0107,cha_thai,0.7272,False,review
cha_nom_khai_muk_kw07_bing_000063.webp,cha_nom_khai_muk,kw07,th,bing,False,1.0,bottle,0.0,cha_nom_khai_muk,1.0,True,auto_keep
cha_nom_khai_muk_kw07_bing_000065.jpg,cha_nom_khai_muk,kw07,th,bing,False,0.993,bottle,0.0043,cha_nom_khai_muk,0.9988,True,auto_keep
cha_nom_khai_muk_kw07_bing_000067.jpg,cha_nom_khai_muk,kw07,th,bing,False,0.9787,text,0.02,cha_thai,0.8409,False,review
cha_nom_khai_muk_kw07_bing_000069.jpg,cha_nom_khai_muk,kw07,th,bing,False,0.9999,object,0.0001,cha_nom_khai_muk,0.9998,True,auto_keep
cha_nom_khai_muk_kw07_bing_000072.webp,cha_nom_khai_muk,kw07,th,bing,False,0.0,person,0.9868,cha_nom_khai_muk,0.6606,True,auto_reject
cha_nom_khai_muk_kw07_bing_000079.jpg,cha_nom_khai_muk,kw07,th,bing,False,0.9999,bottle,0.0,cha_dam_yen,0.8532,False,review
cha_nom_khai_muk_kw07_bing_000080.jpg,cha_nom_khai_muk,kw07,th,bing,False,1.0,bottle,0.0,cha_nom_khai_muk,0.9949,True,auto_keep
cha_nom_khai_muk_kw07_bing_000082.jpg,cha_nom_khai_muk,kw07,th,bing,False,1.0,bottle,0.0,cha_nom_khai_muk,0.9956,True,auto_keep
cha_nom_khai_muk_kw07_bing_000086.jpg,cha_nom_khai_muk,kw07,th,bing,False,0.0457,leaves,0.9424,cha_nom_khai_muk,0.9963,True,auto_reject
cha_nom_khai_muk_kw07_bing_000089.jpg,cha_nom_khai_muk,kw07,th,bing,False,0.0418,bottle,0.9582,cha_thai,0.835,False,auto_reject
cha_nom_khai_muk_kw07_bing_000098.jpg,cha_nom_khai_muk,kw07,th,bing,False,1.0,object,0.0,cha_nom_khai_muk,0.9688,True,auto_keep
cha_phonlamai_kw00_bing_000000.jpg,cha_phonlamai,kw00,th,bing,True,0.9955,bottle,0.0038,cha_phonlamai,0.9994,True,review
cha_phonlamai_kw00_bing_000001.webp,cha_phonlamai,kw00,th,bing,False,0.7819,bottle,0.2169,cha_dam_yen,0.7545,False,review
cha_phonlamai_kw00_bing_000002.webp,cha_phonlamai,kw00,th,bing,False,0.998,bottle,0.0016,cha_phonlamai,0.9955,True,auto_keep
cha_phonlamai_kw00_bing_000003.jpg,cha_phonlamai,kw00,th,bing,False,0.9942,bottle,0.0058,cha_dam_yen,0.7706,False,review
cha_phonlamai_kw00_bing_000004.jpg,cha_phonlamai,kw00,th,bing,False,0.1225,bottle,0.4262,cha_phonlamai,0.9921,True,auto_reject
cha_phonlamai_kw00_bing_000005.jpg,cha_phonlamai,kw00,th,bing,False,0.1294,food,0.8037,cha_dam_yen,0.6238,False,auto_reject
cha_phonlamai_kw00_bing_000007.jpg,cha_phonlamai,kw00,th,bing,True,0.8917,bottle,0.0904,cha_thai,0.9312,False,review
cha_phonlamai_kw00_bing_000008.jpg,cha_phonlamai,kw00,th,bing,False,0.0007,object,0.6638,cha_phonlamai,0.5523,True,auto_reject
cha_phonlamai_kw00_bing_000009.webp,cha_phonlamai,kw00,th,bing,False,0.9691,bottle,0.0288,cha_phonlamai,0.6605,True,auto_keep
cha_phonlamai_kw00_bing_000010.jpg,cha_phonlamai,kw00,th,bing,False,0.0002,bottle,0.9981,cha_phonlamai,0.9999,True,auto_reject
cha_phonlamai_kw00_bing_000011.jpg,cha_phonlamai,kw00,th,bing,False,0.6788,bottle,0.3199,cha_phonlamai,0.9776,True,auto_keep
cha_phonlamai_kw00_bing_000012.jpg,cha_phonlamai,kw00,th,bing,False,0.001,hot_tea,0.995,cha_phonlamai,0.8287,True,auto_reject
cha_phonlamai_kw00_bing_000013.jpg,cha_phonlamai,kw00,th,bing,False,0.9984,bottle,0.0011,cha_phonlamai,0.9995,True,auto_keep
cha_phonlamai_kw00_bing_000014.jpg,cha_phonlamai,kw00,th,bing,False,0.9068,hot_tea,0.0838,cha_phonlamai,0.9784,True,auto_keep
cha_phonlamai_kw00_bing_000015.jpg,cha_phonlamai,kw00,th,bing,False,0.9999,bottle,0.0001,cha_phonlamai,0.9997,True,auto_keep
cha_phonlamai_kw00_bing_000016.webp,cha_phonlamai,kw00,th,bing,False,0.982,bottle,0.0171,cha_phonlamai,0.9985,True,auto_keep
cha_phonlamai_kw00_bing_000017.webp,cha_phonlamai,kw00,th,bing,False,0.9845,object,0.0144,cha_phonlamai,0.9818,True,auto_keep
cha_phonlamai_kw00_bing_000018.webp,cha_phonlamai,kw00,th,bing,False,0.9983,bottle,0.0015,cha_dam_yen,0.9948,False,review
cha_phonlamai_kw00_bing_000019.webp,cha_phonlamai,kw00,th,bing,False,0.9959,bottle,0.003,cha_dam_yen,0.7053,False,review
cha_phonlamai_kw00_bing_000021.jpg,cha_phonlamai,kw00,th,bing,False,0.3452,food,0.4176,cha_phonlamai,0.9989,True,review
cha_phonlamai_kw00_bing_000022.jpg,cha_phonlamai,kw00,th,bing,False,0.9388,bottle,0.0602,cha_dam_yen,0.9618,False,review
cha_phonlamai_kw00_bing_000023.jpg,cha_phonlamai,kw00,th,bing,False,0.0468,bottle,0.5218,cha_phonlamai,0.9892,True,auto_reject
cha_phonlamai_kw00_bing_000024.jpg,cha_phonlamai,kw00,th,bing,False,0.9995,object,0.0003,cha_phonlamai,0.9982,True,auto_keep
cha_phonlamai_kw00_bing_000025.jpg,cha_phonlamai,kw00,th,bing,False,0.9981,object,0.0017,cha_phonlamai,0.9942,True,auto_keep
cha_phonlamai_kw00_bing_000026.jpg,cha_phonlamai,kw00,th,bing,False,0.9809,bottle,0.0178,cha_phonlamai,0.8446,True,auto_keep
cha_phonlamai_kw00_bing_000027.jpg,cha_phonlamai,kw00,th,bing,False,0.9985,object,0.0014,cha_phonlamai,0.9879,True,auto_keep
cha_phonlamai_kw00_bing_000028.jpg,cha_phonlamai,kw00,th,bing,False,0.0,bottle,0.9999,cha_nom_khai_muk,0.9108,False,auto_reject
cha_phonlamai_kw00_bing_000029.webp,cha_phonlamai,kw00,th,bing,False,0.9699,bottle,0.0276,cha_dam_yen,0.9418,False,review
cha_phonlamai_kw00_bing_000030.jpg,cha_phonlamai,kw00,th,bing,False,0.9943,bottle,0.0049,cha_phonlamai,0.6187,True,auto_keep
cha_phonlamai_kw00_bing_000031.jpg,cha_phonlamai,kw00,th,bing,False,0.9927,bottle,0.0051,cha_phonlamai,0.8909,True,auto_keep
cha_phonlamai_kw00_bing_000032.jpg,cha_phonlamai,kw00,th,bing,False,0.6669,bottle,0.3323,cha_phonlamai,1.0,True,auto_keep
cha_phonlamai_kw00_bing_000033.jpg,cha_phonlamai,kw00,th,bing,False,0.4539,bottle,0.5447,cha_dam_yen,0.599,False,review
cha_phonlamai_kw00_bing_000034.jpg,cha_phonlamai,kw00,th,bing,False,0.9507,bottle,0.047,cha_phonlamai,1.0,True,auto_keep
cha_phonlamai_kw00_bing_000035.jpg,cha_phonlamai,kw00,th,bing,False,0.0001,bottle,0.998,cha_thai,0.5829,False,auto_reject
cha_phonlamai_kw00_bing_000036.webp,cha_phonlamai,kw00,th,bing,False,0.9995,bottle,0.0003,cha_dam_yen,0.629,False,review
cha_phonlamai_kw00_bing_000037.jpg,cha_phonlamai,kw00,th,bing,False,0.2114,bottle,0.7885,cha_phonlamai,0.9996,True,review
cha_phonlamai_kw00_bing_000040.jpg,cha_phonlamai,kw00,th,bing,False,0.9691,bottle,0.03,cha_dam_yen,0.5541,False,review
cha_phonlamai_kw00_bing_000041.jpg,cha_phonlamai,kw00,th,bing,False,0.0311,food,0.8197,cha_phonlamai,0.9981,True,auto_reject
cha_phonlamai_kw00_bing_000042.jpg,cha_phonlamai,kw00,th,bing,False,0.0,bottle,1.0,cha_dam_yen,0.4195,False,auto_reject
cha_phonlamai_kw00_bing_000043.jpg,cha_phonlamai,kw00,th,bing,False,0.1079,bottle,0.6057,cha_phonlamai,0.9619,True,auto_reject
cha_phonlamai_kw00_bing_000044.jpg,cha_phonlamai,kw00,th,bing,False,0.9178,bottle,0.0569,cha_thai,0.9779,False,review
cha_phonlamai_kw00_bing_000045.webp,cha_phonlamai,kw00,th,bing,False,0.0001,text,0.8966,cha_thai,0.5779,False,auto_reject
cha_phonlamai_kw00_bing_000047.jpg,cha_phonlamai,kw00,th,bing,False,0.6379,bottle,0.2827,cha_phonlamai,0.6256,True,auto_keep
cha_phonlamai_kw00_bing_000048.jpg,cha_phonlamai,kw00,th,bing,False,0.059,bottle,0.9403,cha_thai,0.9912,False,auto_reject
cha_phonlamai_kw00_bing_000049.jpg,cha_phonlamai,kw00,th,bing,False,0.5953,text,0.3219,cha_phonlamai,0.9979,True,review
cha_phonlamai_kw00_bing_000050.jpg,cha_phonlamai,kw00,th,bing,False,0.0946,hot_tea,0.894,cha_dam_yen,0.8237,False,auto_reject
cha_phonlamai_kw00_bing_000051.jpg,cha_phonlamai,kw00,th,bing,False,0.0218,food,0.8752,cha_phonlamai,0.999,True,auto_reject
cha_phonlamai_kw00_bing_000052.jpg,cha_phonlamai,kw00,th,bing,False,0.0766,bottle,0.4065,cha_dam_yen,0.6561,False,auto_reject
cha_phonlamai_kw00_bing_000053.jpg,cha_phonlamai,kw00,th,bing,False,0.1521,bottle,0.8134,cha_phonlamai,0.4644,True,review
cha_phonlamai_kw00_bing_000054.jpg,cha_phonlamai,kw00,th,bing,False,0.0045,bottle,0.9503,cha_phonlamai,0.9935,True,auto_reject
cha_phonlamai_kw00_bing_000055.jpg,cha_phonlamai,kw00,th,bing,False,0.0002,food,0.6159,cha_dam_yen,0.5069,False,auto_reject
cha_phonlamai_kw00_bing_000056.jpg,cha_phonlamai,kw00,th,bing,False,0.1247,bottle,0.7756,cha_phonlamai,0.9797,True,auto_reject
cha_phonlamai_kw00_bing_000057.jpg,cha_phonlamai,kw00,th,bing,False,0.0015,object,0.8718,cha_phonlamai,0.9759,True,auto_reject
cha_phonlamai_kw00_bing_000058.jpg,cha_phonlamai,kw00,th,bing,False,0.997,bottle,0.0028,cha_nom_khai_muk,0.9975,False,review
cha_phonlamai_kw00_bing_000060.jpg,cha_phonlamai,kw00,th,bing,False,0.9935,bottle,0.0061,cha_khiao_nom,0.7515,False,review
cha_phonlamai_kw00_bing_000062.webp,cha_phonlamai,kw00,th,bing,False,1.0,object,0.0,cha_nom_khai_muk,0.6363,False,review
cha_phonlamai_kw00_bing_000063.jpg,cha_phonlamai,kw00,th,bing,False,0.9988,bottle,0.0012,cha_thai,0.9414,False,review
cha_phonlamai_kw00_bing_000064.jpg,cha_phonlamai,kw00,th,bing,False,1.0,bottle,0.0,cha_thai,0.7728,False,review
cha_phonlamai_kw00_bing_000065.jpg,cha_phonlamai,kw00,th,bing,False,0.9064,text,0.0415,cha_phonlamai,0.9996,True,auto_keep
cha_phonlamai_kw00_bing_000069.jpg,cha_phonlamai,kw00,th,bing,False,1.0,hot_tea,0.0,cha_nom_khai_muk,0.9953,False,review
cha_phonlamai_kw00_bing_000070.jpg,cha_phonlamai,kw00,th,bing,False,0.3055,hot_tea,0.6488,cha_phonlamai,0.9451,True,review
cha_phonlamai_kw00_bing_000071.jpg,cha_phonlamai,kw00,th,bing,False,0.0859,bottle,0.6995,cha_phonlamai,0.9842,True,auto_reject
cha_phonlamai_kw00_bing_000072.jpg,cha_phonlamai,kw00,th,bing,False,0.0,food,0.6964,cha_phonlamai,0.8061,True,auto_reject
cha_phonlamai_kw00_bing_000073.jpg,cha_phonlamai,kw00,th,bing,False,0.0002,bottle,0.9997,cha_phonlamai,0.9877,True,auto_reject
cha_phonlamai_kw00_bing_000074.jpg,cha_phonlamai,kw00,th,bing,False,0.0019,bottle,0.9894,cha_dam_yen,0.9549,False,auto_reject
cha_phonlamai_kw00_bing_000075.jpg,cha_phonlamai,kw00,th,bing,False,0.0,bottle,0.9986,cha_phonlamai,0.8851,True,auto_reject
cha_phonlamai_kw00_bing_000076.jpg,cha_phonlamai,kw00,th,bing,False,0.0009,leaves,0.5547,cha_dam_yen,0.624,False,auto_reject
cha_phonlamai_kw00_bing_000077.jpg,cha_phonlamai,kw00,th,bing,False,0.9994,object,0.0006,cha_nom_khai_muk,0.9788,False,review
cha_phonlamai_kw00_bing_000078.jpg,cha_phonlamai,kw00,th,bing,False,0.9989,bottle,0.0009,cha_thai,0.7504,False,review
cha_phonlamai_kw00_bing_000079.jpg,cha_phonlamai,kw00,th,bing,False,1.0,bottle,0.0,cha_nom_khai_muk,0.4413,False,review
cha_phonlamai_kw00_bing_000080.jpg,cha_phonlamai,kw00,th,bing,False,0.9998,object,0.0002,cha_phonlamai,0.9938,True,auto_keep
cha_phonlamai_kw00_bing_000083.jpg,cha_phonlamai,kw00,th,bing,False,0.9604,object,0.0215,cha_khiao_nom,1.0,False,review
cha_phonlamai_kw00_bing_000084.png,cha_phonlamai,kw00,th,bing,False,0.7605,leaves,0.2374,cha_dam_yen,0.9555,False,review
cha_phonlamai_kw00_bing_000086.jpg,cha_phonlamai,kw00,th,bing,True,0.9988,object,0.0008,cha_khiao_nom,1.0,False,review
cha_phonlamai_kw00_bing_000087.jpg,cha_phonlamai,kw00,th,bing,False,0.9998,bottle,0.0002,cha_dam_yen,0.8003,False,review
cha_phonlamai_kw00_bing_000088.jpg,cha_phonlamai,kw00,th,bing,False,0.0,hot_tea,0.8635,cha_dam_yen,0.9117,False,auto_reject
cha_phonlamai_kw00_bing_000089.jpg,cha_phonlamai,kw00,th,bing,False,0.0003,hot_tea,0.9993,cha_dam_yen,0.8137,False,auto_reject
cha_phonlamai_kw00_bing_000090.jpg,cha_phonlamai,kw00,th,bing,False,0.9999,object,0.0001,cha_dam_yen,0.8694,False,review
cha_phonlamai_kw00_bing_000092.png,cha_phonlamai,kw00,th,bing,False,0.0007,logo,0.8256,cha_thai,0.5062,False,auto_reject
cha_phonlamai_kw00_bing_000093.jpg,cha_phonlamai,kw00,th,bing,True,0.1919,hot_tea,0.4134,cha_dam_yen,0.7083,False,review
cha_phonlamai_kw00_bing_000094.jpg,cha_phonlamai,kw00,th,bing,False,0.1801,hot_tea,0.7332,cha_dam_yen,0.502,False,review
cha_phonlamai_kw00_bing_000096.jpg,cha_phonlamai,kw00,th,bing,False,0.0,hot_tea,0.9998,cha_dam_yen,0.8395,False,auto_reject
cha_phonlamai_kw00_bing_000097.jpg,cha_phonlamai,kw00,th,bing,False,0.0001,object,0.9165,cha_khiao_nom,0.9962,False,auto_reject
cha_phonlamai_kw00_bing_000100.jpg,cha_phonlamai,kw00,th,bing,False,0.2054,leaves,0.4159,cha_khiao_nom,0.5171,False,review
cha_phonlamai_kw00_bing_000102.jpg,cha_phonlamai,kw00,th,bing,True,0.0002,hot_tea,0.8253,cha_dam_yen,0.5035,False,auto_reject
cha_phonlamai_kw00_bing_000104.jpg,cha_phonlamai,kw00,th,bing,True,0.0017,hot_tea,0.7538,cha_dam_yen,0.9998,False,auto_reject
cha_phonlamai_kw00_bing_000108.jpg,cha_phonlamai,kw00,th,bing,True,0.0,leaves,0.9989,cha_khiao_nom,1.0,False,auto_reject
cha_phonlamai_kw00_bing_000109.jpg,cha_phonlamai,kw00,th,bing,True,0.974,leaves,0.017,cha_khiao_nom,1.0,False,review
cha_phonlamai_kw00_bing_000111.jpg,cha_phonlamai,kw00,th,bing,True,0.0,hot_tea,0.8594,cha_khiao_nom,1.0,False,auto_reject
cha_phonlamai_kw00_bing_000113.jpg,cha_phonlamai,kw00,th,bing,True,1.0,bottle,0.0,cha_dam_yen,0.8641,False,review
cha_phonlamai_kw00_bing_000114.jpg,cha_phonlamai,kw00,th,bing,True,1.0,object,0.0,cha_dam_yen,0.5356,False,review
cha_phonlamai_kw01_bing_000000.jpg,cha_phonlamai,kw01,th,bing,False,1.0,bottle,0.0,cha_phonlamai,0.989,True,auto_keep
cha_phonlamai_kw01_bing_000001.jpg,cha_phonlamai,kw01,th,bing,False,0.9999,bottle,0.0001,cha_phonlamai,0.9995,True,auto_keep
cha_phonlamai_kw01_bing_000002.jpg,cha_phonlamai,kw01,th,bing,False,0.9999,object,0.0001,cha_dam_yen,0.5778,False,review
cha_phonlamai_kw01_bing_000003.jpg,cha_phonlamai,kw01,th,bing,False,0.9999,bottle,0.0001,cha_phonlamai,0.892,True,auto_keep
cha_phonlamai_kw01_bing_000004.jpg,cha_phonlamai,kw01,th,bing,False,0.9971,hot_tea,0.0012,cha_dam_yen,0.5201,False,review
cha_phonlamai_kw01_bing_000005.jpg,cha_phonlamai,kw01,th,bing,False,1.0,hot_tea,0.0,cha_dam_yen,0.9092,False,review
cha_phonlamai_kw01_bing_000006.jpg,cha_phonlamai,kw01,th,bing,False,1.0,object,0.0,cha_phonlamai,0.9413,True,auto_keep
cha_phonlamai_kw01_bing_000007.jpg,cha_phonlamai,kw01,th,bing,False,1.0,object,0.0,cha_dam_yen,0.6683,False,review
cha_phonlamai_kw01_bing_000009.png,cha_phonlamai,kw01,th,bing,False,0.9991,bottle,0.0009,cha_dam_yen,0.9922,False,review
cha_phonlamai_kw01_bing_000010.jpg,cha_phonlamai,kw01,th,bing,False,0.2745,bottle,0.4914,cha_dam_yen,0.8066,False,review
cha_phonlamai_kw01_bing_000012.jpg,cha_phonlamai,kw01,th,bing,False,0.9993,object,0.0005,cha_thai,0.7611,False,review
cha_phonlamai_kw01_bing_000013.jpg,cha_phonlamai,kw01,th,bing,False,0.5047,bottle,0.488,cha_dam_yen,0.9735,False,review
cha_phonlamai_kw01_bing_000014.jpg,cha_phonlamai,kw01,th,bing,False,0.9998,bottle,0.0001,cha_dam_yen,0.6464,False,review
cha_phonlamai_kw01_bing_000015.jpg,cha_phonlamai,kw01,th,bing,False,1.0,object,0.0,cha_thai,0.6371,False,review
cha_phonlamai_kw01_bing_000016.jpg,cha_phonlamai,kw01,th,bing,False,0.8782,bottle,0.0886,cha_dam_yen,0.9494,False,review
cha_phonlamai_kw01_bing_000017.png,cha_phonlamai,kw01,th,bing,False,1.0,bottle,0.0,cha_dam_yen,0.8919,False,review
cha_phonlamai_kw01_bing_000018.jpg,cha_phonlamai,kw01,th,bing,False,0.9613,text,0.0141,cha_dam_yen,0.5732,False,review
cha_phonlamai_kw01_bing_000019.jpg,cha_phonlamai,kw01,th,bing,False,0.0309,leaves,0.6958,cha_dam_yen,0.4367,False,auto_reject
cha_phonlamai_kw01_bing_000020.jpg,cha_phonlamai,kw01,th,bing,False,0.0002,leaves,0.9734,cha_dam_yen,0.9496,False,auto_reject
cha_phonlamai_kw01_bing_000021.jpg,cha_phonlamai,kw01,th,bing,False,0.8323,bottle,0.1014,cha_dam_yen,0.5757,False,review
cha_phonlamai_kw01_bing_000022.jpg,cha_phonlamai,kw01,th,bing,False,1.0,object,0.0,cha_dam_yen,0.8353,False,review
cha_phonlamai_kw01_bing_000023.webp,cha_phonlamai,kw01,th,bing,False,0.3983,bottle,0.5961,cha_thai,0.7131,False,review
cha_phonlamai_kw01_bing_000024.webp,cha_phonlamai,kw01,th,bing,False,0.9941,bottle,0.0046,cha_nom_khai_muk,0.6469,False,review
cha_phonlamai_kw01_bing_000025.jpg,cha_phonlamai,kw01,th,bing,False,0.9998,hot_tea,0.0001,cha_phonlamai,0.7859,True,auto_keep
cha_phonlamai_kw01_bing_000026.jpg,cha_phonlamai,kw01,th,bing,False,0.0754,leaves,0.7271,cha_nom_khai_muk,0.8393,False,auto_reject
cha_phonlamai_kw01_bing_000028.png,cha_phonlamai,kw01,th,bing,False,1.0,object,0.0,cha_phonlamai,0.8586,True,auto_keep
cha_phonlamai_kw01_bing_000029.jpg,cha_phonlamai,kw01,th,bing,False,0.9986,bottle,0.0013,cha_phonlamai,0.9938,True,auto_keep
cha_phonlamai_kw01_bing_000030.jpg,cha_phonlamai,kw01,th,bing,False,1.0,bottle,0.0,cha_phonlamai,0.9728,True,auto_keep
cha_phonlamai_kw01_bing_000032.jpg,cha_phonlamai,kw01,th,bing,False,0.1515,bottle,0.6066,cha_dam_yen,0.9358,False,review
cha_phonlamai_kw01_bing_000033.jpg,cha_phonlamai,kw01,th,bing,False,0.1203,bottle,0.8193,cha_dam_yen,0.9246,False,auto_reject
cha_phonlamai_kw01_bing_000035.jpg,cha_phonlamai,kw01,th,bing,False,0.4631,bottle,0.534,cha_dam_yen,0.9082,False,review
cha_phonlamai_kw01_bing_000037.jpg,cha_phonlamai,kw01,th,bing,False,0.5243,hot_tea,0.4521,cha_phonlamai,0.9396,True,review
cha_phonlamai_kw01_bing_000038.jpg,cha_phonlamai,kw01,th,bing,False,0.4679,bottle,0.4945,cha_dam_yen,0.7143,False,review
cha_phonlamai_kw01_bing_000039.jpg,cha_phonlamai,kw01,th,bing,False,0.0019,bottle,0.9979,cha_thai,0.6242,False,auto_reject
cha_phonlamai_kw01_bing_000040.png,cha_phonlamai,kw01,th,bing,False,0.0117,bottle,0.9881,cha_phonlamai,0.9998,True,auto_reject
cha_phonlamai_kw01_bing_000041.jpg,cha_phonlamai,kw01,th,bing,False,0.0742,bottle,0.8735,cha_phonlamai,0.9643,True,auto_reject
cha_phonlamai_kw01_bing_000043.jpg,cha_phonlamai,kw01,th,bing,False,0.939,object,0.0392,cha_dam_yen,0.6549,False,review
cha_phonlamai_kw01_bing_000044.png,cha_phonlamai,kw01,th,bing,False,0.1793,bottle,0.4857,cha_dam_yen,0.5932,False,review
cha_phonlamai_kw01_bing_000045.jpg,cha_phonlamai,kw01,th,bing,False,0.999,text,0.0004,cha_thai,0.9934,False,review
cha_phonlamai_kw01_bing_000046.png,cha_phonlamai,kw01,th,bing,False,0.1006,leaves,0.6104,cha_thai,0.8093,False,auto_reject
cha_phonlamai_kw01_bing_000047.png,cha_phonlamai,kw01,th,bing,False,0.8709,bottle,0.1276,cha_nom_khai_muk,0.635,False,review
cha_phonlamai_kw01_bing_000048.jpg,cha_phonlamai,kw01,th,bing,False,0.997,object,0.0024,cha_thai,0.5192,False,review
cha_phonlamai_kw01_bing_000049.jpg,cha_phonlamai,kw01,th,bing,False,0.0036,illustration,0.5399,cha_nom_khai_muk,0.9298,False,auto_reject
cha_phonlamai_kw01_bing_000050.jpg,cha_phonlamai,kw01,th,bing,False,0.0094,bottle,0.9797,cha_phonlamai,0.9889,True,auto_reject
cha_phonlamai_kw01_bing_000051.jpg,cha_phonlamai,kw01,th,bing,False,0.9941,bottle,0.0049,cha_thai,0.7386,False,review
cha_phonlamai_kw01_bing_000052.jpg,cha_phonlamai,kw01,th,bing,False,0.2183,bottle,0.7721,cha_khiao_nom,0.5356,False,review
cha_phonlamai_kw01_bing_000053.png,cha_phonlamai,kw01,th,bing,False,1.0,object,0.0,cha_phonlamai,0.5751,True,auto_keep
cha_phonlamai_kw01_bing_000054.png,cha_phonlamai,kw01,th,bing,False,1.0,bottle,0.0,cha_phonlamai,0.8968,True,auto_keep
cha_phonlamai_kw01_bing_000055.png,cha_phonlamai,kw01,th,bing,False,0.6187,object,0.2871,cha_phonlamai,0.9924,True,auto_keep
cha_phonlamai_kw01_bing_000056.png,cha_phonlamai,kw01,th,bing,False,0.9999,object,0.0,cha_dam_yen,0.9972,False,review
cha_phonlamai_kw01_bing_000057.jpg,cha_phonlamai,kw01,th,bing,False,0.5001,bottle,0.3675,cha_dam_yen,0.4554,False,review
cha_phonlamai_kw01_bing_000059.jpg,cha_phonlamai,kw01,th,bing,False,0.0003,leaves,0.999,cha_nom_khai_muk,0.7923,False,auto_reject
cha_phonlamai_kw01_bing_000061.jpg,cha_phonlamai,kw01,th,bing,False,0.9975,food,0.001,cha_dam_yen,0.7367,False,review
cha_phonlamai_kw01_bing_000063.png,cha_phonlamai,kw01,th,bing,False,1.0,bottle,0.0,cha_dam_yen,0.9916,False,review
cha_phonlamai_kw01_bing_000066.jpg,cha_phonlamai,kw01,th,bing,False,0.9991,bottle,0.0008,cha_thai,0.9745,False,review
cha_phonlamai_kw01_bing_000068.jpg,cha_phonlamai,kw01,th,bing,False,1.0,object,0.0,cha_thai,0.998,False,review
cha_phonlamai_kw01_bing_000071.webp,cha_phonlamai,kw01,th,bing,False,0.162,bottle,0.7696,cha_dam_yen,0.8468,False,review
cha_phonlamai_kw01_bing_000072.png,cha_phonlamai,kw01,th,bing,False,0.9979,bottle,0.0017,cha_thai,0.7881,False,review
cha_phonlamai_kw01_bing_000074.jpg,cha_phonlamai,kw01,th,bing,False,0.0001,bottle,0.8391,cha_dam_yen,0.8176,False,auto_reject
cha_phonlamai_kw01_bing_000076.jpg,cha_phonlamai,kw01,th,bing,False,0.0041,leaves,0.5743,cha_dam_yen,0.9948,False,auto_reject
cha_phonlamai_kw01_bing_000077.png,cha_phonlamai,kw01,th,bing,False,0.0002,scenery,0.8441,cha_nom_khai_muk,0.876,False,auto_reject
cha_phonlamai_kw01_bing_000079.png,cha_phonlamai,kw01,th,bing,True,0.9997,bottle,0.0003,cha_phonlamai,0.6651,True,review
cha_phonlamai_kw01_bing_000080.jpg,cha_phonlamai,kw01,th,bing,False,0.0013,leaves,0.9579,cha_dam_yen,0.9075,False,auto_reject
cha_phonlamai_kw01_bing_000081.jpg,cha_phonlamai,kw01,th,bing,False,0.1905,bottle,0.8089,cha_thai,0.8626,False,review
cha_phonlamai_kw01_bing_000083.png,cha_phonlamai,kw01,th,bing,True,0.9997,text,0.0002,cha_dam_yen,0.9011,False,review
cha_phonlamai_kw01_bing_000084.png,cha_phonlamai,kw01,th,bing,False,1.0,object,0.0,cha_dam_yen,0.9848,False,review
cha_phonlamai_kw01_bing_000086.jpg,cha_phonlamai,kw01,th,bing,False,0.085,hot_tea,0.9007,cha_dam_yen,0.8033,False,auto_reject
cha_phonlamai_kw01_bing_000087.jpg,cha_phonlamai,kw01,th,bing,False,0.4138,object,0.5116,cha_dam_yen,0.728,False,review
cha_phonlamai_kw01_bing_000088.jpg,cha_phonlamai,kw01,th,bing,False,1.0,leaves,0.0,cha_nom_khai_muk,0.8503,False,review
cha_phonlamai_kw01_bing_000091.jpg,cha_phonlamai,kw01,th,bing,False,0.003,object,0.6786,cha_dam_yen,0.9796,False,auto_reject
cha_phonlamai_kw01_bing_000093.jpg,cha_phonlamai,kw01,th,bing,False,0.9826,bottle,0.0167,cha_phonlamai,0.8169,True,auto_keep
cha_phonlamai_kw01_bing_000094.jpg,cha_phonlamai,kw01,th,bing,False,0.4258,hot_tea,0.5494,cha_dam_yen,0.5575,False,review
cha_phonlamai_kw01_bing_000095.jpg,cha_phonlamai,kw01,th,bing,False,0.0821,leaves,0.872,cha_dam_yen,0.9874,False,auto_reject
cha_phonlamai_kw01_bing_000096.webp,cha_phonlamai,kw01,th,bing,False,0.9999,object,0.0001,cha_thai,0.9989,False,review
cha_phonlamai_kw01_bing_000097.png,cha_phonlamai,kw01,th,bing,False,0.9998,object,0.0002,cha_dam_yen,0.9508,False,review
cha_phonlamai_kw01_bing_000100.jpg,cha_phonlamai,kw01,th,bing,False,1.0,object,0.0,cha_thai,0.999,False,review
cha_phonlamai_kw01_bing_000101.png,cha_phonlamai,kw01,th,bing,False,0.9999,object,0.0,cha_dam_yen,0.9905,False,review
cha_phonlamai_kw01_bing_000102.jpg,cha_phonlamai,kw01,th,bing,False,0.0,hot_tea,0.9948,cha_khiao_nom,0.61,False,auto_reject
cha_phonlamai_kw01_bing_000103.jpg,cha_phonlamai,kw01,th,bing,False,0.0008,bottle,0.9961,cha_dam_yen,0.3892,False,auto_reject
cha_phonlamai_kw01_bing_000105.jpg,cha_phonlamai,kw01,th,bing,False,0.9964,bottle,0.0031,cha_thai,0.8391,False,review
cha_phonlamai_kw01_bing_000112.jpg,cha_phonlamai,kw01,th,bing,True,1.0,object,0.0,cha_thai,0.8934,False,review
cha_phonlamai_kw01_bing_000113.webp,cha_phonlamai,kw01,th,bing,False,0.6805,bottle,0.2688,cha_thai,0.9835,False,review
cha_phonlamai_kw02_bing_000000.jpg,cha_phonlamai,kw02,th,bing,False,0.9973,object,0.0013,cha_dam_yen,0.5321,False,review
cha_phonlamai_kw02_bing_000003.jpg,cha_phonlamai,kw02,th,bing,False,0.9228,object,0.076,cha_thai,0.9636,False,review
cha_phonlamai_kw02_bing_000004.jpg,cha_phonlamai,kw02,th,bing,False,0.0004,leaves,0.9906,cha_dam_yen,0.9911,False,auto_reject
cha_phonlamai_kw02_bing_000006.jpg,cha_phonlamai,kw02,th,bing,False,0.0103,text,0.9569,cha_thai,0.5226,False,auto_reject
cha_phonlamai_kw02_bing_000007.jpg,cha_phonlamai,kw02,th,bing,False,0.224,bottle,0.7727,cha_thai,0.5677,False,review
cha_phonlamai_kw02_bing_000008.jpg,cha_phonlamai,kw02,th,bing,False,0.8296,bottle,0.1688,cha_dam_yen,0.6486,False,review
cha_phonlamai_kw02_bing_000010.jpg,cha_phonlamai,kw02,th,bing,False,0.0036,bottle,0.6261,cha_dam_yen,0.8147,False,auto_reject
cha_phonlamai_kw02_bing_000011.webp,cha_phonlamai,kw02,th,bing,False,0.9928,bottle,0.0065,cha_dam_yen,0.9277,False,review
cha_phonlamai_kw02_bing_000012.jpg,cha_phonlamai,kw02,th,bing,False,0.9994,bottle,0.0006,cha_phonlamai,0.9043,True,auto_keep
cha_phonlamai_kw02_bing_000013.jpg,cha_phonlamai,kw02,th,bing,False,0.9998,object,0.0002,cha_thai,0.918,False,review
cha_phonlamai_kw02_bing_000015.png,cha_phonlamai,kw02,th,bing,False,0.9999,text,0.0001,cha_phonlamai,0.5574,True,auto_keep
cha_phonlamai_kw02_bing_000016.jpg,cha_phonlamai,kw02,th,bing,False,0.997,object,0.0018,cha_thai,0.9103,False,review
cha_phonlamai_kw02_bing_000018.png,cha_phonlamai,kw02,th,bing,False,0.9964,object,0.0016,cha_thai,0.741,False,review
cha_phonlamai_kw02_bing_000019.webp,cha_phonlamai,kw02,th,bing,False,0.9968,bottle,0.0021,cha_thai,0.9486,False,review
cha_phonlamai_kw02_bing_000020.jpg,cha_phonlamai,kw02,th,bing,False,0.996,object,0.0039,cha_dam_yen,0.866,False,review
cha_phonlamai_kw02_bing_000021.jpg,cha_phonlamai,kw02,th,bing,False,0.8827,text,0.0628,cha_khiao_nom,0.9844,False,review
cha_phonlamai_kw02_bing_000025.jpg,cha_phonlamai,kw02,th,bing,False,0.9362,food,0.0309,cha_phonlamai,0.6325,True,auto_keep
cha_phonlamai_kw02_bing_000026.jpg,cha_phonlamai,kw02,th,bing,False,0.9531,bottle,0.0245,cha_thai,0.5916,False,review
cha_phonlamai_kw02_bing_000029.jpg,cha_phonlamai,kw02,th,bing,False,0.9998,hot_tea,0.0001,cha_thai,0.6432,False,review
cha_phonlamai_kw02_bing_000030.webp,cha_phonlamai,kw02,th,bing,False,0.9979,object,0.002,cha_thai,0.9138,False,review
cha_phonlamai_kw02_bing_000032.jpg,cha_phonlamai,kw02,th,bing,False,0.9819,bottle,0.0156,cha_khiao_nom,0.9939,False,review
cha_phonlamai_kw02_bing_000033.jpg,cha_phonlamai,kw02,th,bing,False,1.0,bottle,0.0,cha_phonlamai,0.6113,True,auto_keep
cha_phonlamai_kw02_bing_000035.jpg,cha_phonlamai,kw02,th,bing,False,0.0493,bottle,0.9272,cha_thai,0.6312,False,auto_reject
cha_phonlamai_kw02_bing_000036.jpg,cha_phonlamai,kw02,th,bing,False,1.0,object,0.0,cha_phonlamai,0.474,True,auto_keep
cha_phonlamai_kw02_bing_000037.jpg,cha_phonlamai,kw02,th,bing,False,0.9968,object,0.0016,cha_thai,0.5159,False,review
cha_phonlamai_kw02_bing_000038.jpg,cha_phonlamai,kw02,th,bing,False,1.0,bottle,0.0,cha_dam_yen,0.4527,False,review
cha_phonlamai_kw02_bing_000039.jpg,cha_phonlamai,kw02,th,bing,False,0.9965,food,0.0025,cha_dam_yen,0.8673,False,review
cha_phonlamai_kw02_bing_000040.webp,cha_phonlamai,kw02,th,bing,False,0.7698,bottle,0.2183,cha_phonlamai,0.8506,True,auto_keep
cha_phonlamai_kw02_bing_000041.webp,cha_phonlamai,kw02,th,bing,False,0.4076,bottle,0.5748,cha_thai,0.8029,False,review
cha_phonlamai_kw02_bing_000042.jpg,cha_phonlamai,kw02,th,bing,False,0.9998,bottle,0.0002,cha_dam_yen,0.7592,False,review
cha_phonlamai_kw02_bing_000043.jpg,cha_phonlamai,kw02,th,bing,False,0.0013,bottle,0.9809,cha_phonlamai,0.9451,True,auto_reject
cha_phonlamai_kw02_bing_000045.jpg,cha_phonlamai,kw02,th,bing,False,0.0001,bottle,0.9998,cha_dam_yen,0.4264,False,auto_reject
cha_phonlamai_kw02_bing_000046.jpg,cha_phonlamai,kw02,th,bing,False,0.9258,bottle,0.0737,cha_dam_yen,0.505,False,review
cha_phonlamai_kw02_bing_000047.jpg,cha_phonlamai,kw02,th,bing,False,0.9886,bottle,0.0074,cha_phonlamai,0.7926,True,auto_keep
cha_phonlamai_kw02_bing_000048.jpg,cha_phonlamai,kw02,th,bing,False,0.9997,object,0.0002,cha_phonlamai,0.9572,True,auto_keep
cha_phonlamai_kw02_bing_000049.jpg,cha_phonlamai,kw02,th,bing,False,0.9969,bottle,0.0022,cha_phonlamai,0.9801,True,auto_keep
cha_phonlamai_kw02_bing_000051.webp,cha_phonlamai,kw02,th,bing,False,0.4069,food,0.304,cha_nom_khai_muk,0.9174,False,review
cha_phonlamai_kw02_bing_000052.jpg,cha_phonlamai,kw02,th,bing,False,0.9909,food,0.0034,cha_khiao_nom,0.999,False,review
cha_phonlamai_kw02_bing_000053.jpg,cha_phonlamai,kw02,th,bing,False,1.0,object,0.0,cha_nom_khai_muk,0.6613,False,review
cha_phonlamai_kw02_bing_000056.webp,cha_phonlamai,kw02,th,bing,False,0.0008,bottle,0.9021,cha_thai,0.891,False,auto_reject
cha_phonlamai_kw02_bing_000057.jpg,cha_phonlamai,kw02,th,bing,False,0.9973,bottle,0.0027,cha_thai,0.9908,False,review
cha_phonlamai_kw02_bing_000058.jpg,cha_phonlamai,kw02,th,bing,False,1.0,hot_tea,0.0,cha_thai,0.6564,False,review
cha_phonlamai_kw02_bing_000059.jpg,cha_phonlamai,kw02,th,bing,False,0.0003,leaves,0.8123,cha_dam_yen,0.9982,False,auto_reject
cha_phonlamai_kw02_bing_000061.webp,cha_phonlamai,kw02,th,bing,False,0.9999,object,0.0,cha_dam_yen,0.9829,False,review
cha_phonlamai_kw02_bing_000062.jpg,cha_phonlamai,kw02,th,bing,False,0.0487,text,0.5141,cha_dam_yen,0.9971,False,auto_reject
cha_phonlamai_kw02_bing_000063.jpg,cha_phonlamai,kw02,th,bing,False,1.0,object,0.0,cha_nom_khai_muk,0.9703,False,review
cha_phonlamai_kw02_bing_000064.jpg,cha_phonlamai,kw02,th,bing,False,0.9341,leaves,0.047,cha_dam_yen,0.9492,False,review
cha_phonlamai_kw02_bing_000066.jpg,cha_phonlamai,kw02,th,bing,False,0.0008,leaves,0.8086,cha_dam_yen,0.978,False,auto_reject
cha_phonlamai_kw02_bing_000067.jpg,cha_phonlamai,kw02,th,bing,False,0.9998,hot_tea,0.0001,cha_thai,0.9751,False,review
cha_phonlamai_kw02_bing_000068.jpg,cha_phonlamai,kw02,th,bing,False,0.9924,bottle,0.0042,cha_phonlamai,0.9896,True,auto_keep
cha_phonlamai_kw02_bing_000069.jpg,cha_phonlamai,kw02,th,bing,False,0.9999,bottle,0.0001,cha_dam_yen,0.7335,False,review
cha_phonlamai_kw02_bing_000070.jpg,cha_phonlamai,kw02,th,bing,False,0.0008,bottle,0.9855,cha_thai,0.7773,False,auto_reject
cha_phonlamai_kw02_bing_000071.jpg,cha_phonlamai,kw02,th,bing,False,0.9897,object,0.01,cha_khiao_nom,0.9877,False,review
cha_phonlamai_kw02_bing_000072.jpg,cha_phonlamai,kw02,th,bing,False,0.9996,bottle,0.0004,cha_phonlamai,0.9841,True,auto_keep
cha_phonlamai_kw02_bing_000073.jpg,cha_phonlamai,kw02,th,bing,False,0.0067,bottle,0.9209,cha_phonlamai,0.9998,True,auto_reject
cha_phonlamai_kw02_bing_000074.jpg,cha_phonlamai,kw02,th,bing,False,0.0012,bottle,0.9915,cha_thai,0.7462,False,auto_reject
cha_phonlamai_kw02_bing_000075.webp,cha_phonlamai,kw02,th,bing,False,0.8881,bottle,0.0796,cha_dam_yen,0.9888,False,review
cha_phonlamai_kw02_bing_000076.jpg,cha_phonlamai,kw02,th,bing,False,0.9999,object,0.0,cha_thai,0.9781,False,review
cha_phonlamai_kw02_bing_000077.jpg,cha_phonlamai,kw02,th,bing,False,0.0039,leaves,0.8363,cha_dam_yen,0.987,False,auto_reject
cha_phonlamai_kw02_bing_000079.webp,cha_phonlamai,kw02,th,bing,False,0.1262,object,0.79,cha_dam_yen,0.9912,False,auto_reject
cha_phonlamai_kw02_bing_000080.webp,cha_phonlamai,kw02,th,bing,False,0.006,bottle,0.9916,cha_thai,0.4816,False,auto_reject
cha_phonlamai_kw02_bing_000081.webp,cha_phonlamai,kw02,th,bing,False,1.0,bottle,0.0,cha_phonlamai,0.7556,True,auto_keep
cha_phonlamai_kw02_bing_000082.jpg,cha_phonlamai,kw02,th,bing,False,0.9886,object,0.0063,cha_khiao_nom,0.9898,False,review
cha_phonlamai_kw02_bing_000083.jpg,cha_phonlamai,kw02,th,bing,False,0.995,bottle,0.0044,cha_khiao_nom,0.5037,False,review
cha_phonlamai_kw02_bing_000084.jpg,cha_phonlamai,kw02,th,bing,False,0.993,hot_tea,0.0063,cha_khiao_nom,0.8263,False,review
cha_phonlamai_kw02_bing_000085.webp,cha_phonlamai,kw02,th,bing,False,0.0,bottle,1.0,cha_dam_yen,0.8104,False,auto_reject
cha_phonlamai_kw02_bing_000087.jpg,cha_phonlamai,kw02,th,bing,False,0.0007,leaves,0.7016,cha_dam_yen,0.9805,False,auto_reject
cha_phonlamai_kw02_bing_000088.jpg,cha_phonlamai,kw02,th,bing,False,0.0002,text,0.5307,cha_dam_yen,0.9474,False,auto_reject
cha_phonlamai_kw02_bing_000089.jpg,cha_phonlamai,kw02,th,bing,True,0.999,object,0.0009,cha_dam_yen,0.5233,False,review
cha_phonlamai_kw02_bing_000090.webp,cha_phonlamai,kw02,th,bing,True,0.0522,object,0.6401,cha_dam_yen,0.9979,False,auto_reject
cha_phonlamai_kw02_bing_000092.webp,cha_phonlamai,kw02,th,bing,False,0.9999,object,0.0,cha_khiao_nom,0.9736,False,review
cha_phonlamai_kw02_bing_000093.jpg,cha_phonlamai,kw02,th,bing,False,0.1578,hot_tea,0.8214,cha_dam_yen,0.9995,False,review
cha_phonlamai_kw02_bing_000094.jpg,cha_phonlamai,kw02,th,bing,False,0.0028,bottle,0.9971,cha_nom_khai_muk,0.5666,False,auto_reject
cha_phonlamai_kw02_bing_000095.jpg,cha_phonlamai,kw02,th,bing,False,0.0006,bottle,0.9983,cha_dam_yen,0.792,False,auto_reject
cha_phonlamai_kw02_bing_000096.png,cha_phonlamai,kw02,th,bing,False,0.9976,object,0.0016,cha_thai,0.7948,False,review
cha_phonlamai_kw02_bing_000098.webp,cha_phonlamai,kw02,th,bing,False,0.9983,object,0.001,cha_thai,0.9692,False,review
cha_phonlamai_kw02_bing_000099.jpg,cha_phonlamai,kw02,th,bing,False,0.9997,object,0.0002,cha_nom_khai_muk,0.9101,False,review
cha_phonlamai_kw02_bing_000100.jpg,cha_phonlamai,kw02,th,bing,False,0.0,leaves,0.9789,cha_khiao_nom,0.9999,False,auto_reject
cha_phonlamai_kw02_bing_000101.jpg,cha_phonlamai,kw02,th,bing,False,0.9994,bottle,0.0006,cha_phonlamai,0.9703,True,auto_keep
cha_phonlamai_kw02_bing_000103.jpg,cha_phonlamai,kw02,th,bing,False,0.0006,leaves,0.7528,cha_dam_yen,0.4678,False,auto_reject
cha_phonlamai_kw03_bing_000000.webp,cha_phonlamai,kw03,en,bing,False,0.9998,object,0.0001,cha_phonlamai,0.9879,True,auto_keep
cha_phonlamai_kw03_bing_000001.jpg,cha_phonlamai,kw03,en,bing,False,0.9786,bottle,0.0208,cha_phonlamai,0.9954,True,auto_keep
cha_phonlamai_kw03_bing_000002.jpg,cha_phonlamai,kw03,en,bing,False,0.9223,bottle,0.0767,cha_phonlamai,0.9988,True,auto_keep
cha_phonlamai_kw03_bing_000003.jpg,cha_phonlamai,kw03,en,bing,False,1.0,object,0.0,cha_dam_yen,0.7997,False,review
cha_phonlamai_kw03_bing_000004.webp,cha_phonlamai,kw03,en,bing,False,0.9883,bottle,0.0116,cha_phonlamai,0.9999,True,auto_keep
cha_phonlamai_kw03_bing_000005.jpg,cha_phonlamai,kw03,en,bing,False,0.9649,bottle,0.0349,cha_phonlamai,1.0,True,auto_keep
cha_phonlamai_kw03_bing_000006.jpg,cha_phonlamai,kw03,en,bing,False,0.9991,bottle,0.0009,cha_phonlamai,0.9987,True,auto_keep
cha_phonlamai_kw03_bing_000008.jpg,cha_phonlamai,kw03,en,bing,False,1.0,bottle,0.0,cha_phonlamai,0.9856,True,auto_keep
cha_phonlamai_kw03_bing_000009.jpg,cha_phonlamai,kw03,en,bing,False,0.9999,bottle,0.0001,cha_phonlamai,0.9997,True,auto_keep
cha_phonlamai_kw03_bing_000010.jpg,cha_phonlamai,kw03,en,bing,False,0.9986,bottle,0.0011,cha_phonlamai,0.9644,True,auto_keep
cha_phonlamai_kw03_bing_000012.jpg,cha_phonlamai,kw03,en,bing,False,0.9998,text,0.0001,cha_phonlamai,0.9997,True,auto_keep
cha_phonlamai_kw03_bing_000013.jpg,cha_phonlamai,kw03,en,bing,False,1.0,leaves,0.0,cha_dam_yen,0.977,False,review
cha_phonlamai_kw03_bing_000014.jpg,cha_phonlamai,kw03,en,bing,False,0.9998,bottle,0.0002,cha_phonlamai,0.9995,True,auto_keep
cha_phonlamai_kw03_bing_000015.jpg,cha_phonlamai,kw03,en,bing,False,0.9832,bottle,0.0167,cha_phonlamai,0.9759,True,auto_keep
cha_phonlamai_kw03_bing_000016.webp,cha_phonlamai,kw03,en,bing,False,0.8905,bottle,0.0738,cha_phonlamai,0.7684,True,auto_keep
cha_phonlamai_kw03_bing_000017.jpg,cha_phonlamai,kw03,en,bing,False,0.2627,bottle,0.7368,cha_phonlamai,0.9967,True,review
cha_phonlamai_kw03_bing_000018.webp,cha_phonlamai,kw03,en,bing,False,0.9799,bottle,0.0201,cha_phonlamai,1.0,True,auto_keep
cha_phonlamai_kw03_bing_000019.jpg,cha_phonlamai,kw03,en,bing,False,1.0,object,0.0,cha_dam_yen,0.4955,False,review
cha_phonlamai_kw03_bing_000020.jpg,cha_phonlamai,kw03,en,bing,False,0.9999,bottle,0.0001,cha_phonlamai,0.9994,True,auto_keep
cha_phonlamai_kw03_bing_000021.webp,cha_phonlamai,kw03,en,bing,False,0.9832,bottle,0.0166,cha_phonlamai,0.9998,True,auto_keep
cha_phonlamai_kw03_bing_000022.jpg,cha_phonlamai,kw03,en,bing,False,0.9998,bottle,0.0002,cha_phonlamai,0.5554,True,auto_keep
cha_phonlamai_kw03_bing_000023.jpg,cha_phonlamai,kw03,en,bing,False,0.2384,bottle,0.7593,cha_phonlamai,0.9997,True,review
cha_phonlamai_kw03_bing_000024.jpg,cha_phonlamai,kw03,en,bing,False,0.9998,bottle,0.0001,cha_phonlamai,0.9757,True,auto_keep
cha_phonlamai_kw03_bing_000025.jpg,cha_phonlamai,kw03,en,bing,False,1.0,object,0.0,cha_phonlamai,0.8093,True,auto_keep
cha_phonlamai_kw03_bing_000026.jpg,cha_phonlamai,kw03,en,bing,False,0.9422,bottle,0.0577,cha_phonlamai,0.9973,True,auto_keep
cha_phonlamai_kw03_bing_000027.jpg,cha_phonlamai,kw03,en,bing,False,0.9987,bottle,0.0013,cha_phonlamai,0.8994,True,auto_keep
cha_phonlamai_kw03_bing_000028.jpg,cha_phonlamai,kw03,en,bing,False,0.1746,bottle,0.8253,cha_phonlamai,0.9994,True,review
cha_phonlamai_kw03_bing_000029.jpg,cha_phonlamai,kw03,en,bing,False,0.9987,bottle,0.0011,cha_phonlamai,0.5623,True,auto_keep
cha_phonlamai_kw03_bing_000030.jpg,cha_phonlamai,kw03,en,bing,False,0.8667,hot_tea,0.1303,cha_phonlamai,0.8533,True,auto_keep
cha_phonlamai_kw03_bing_000032.jpg,cha_phonlamai,kw03,en,bing,False,0.9998,bottle,0.0002,cha_phonlamai,0.9993,True,auto_keep
cha_phonlamai_kw03_bing_000033.jpg,cha_phonlamai,kw03,en,bing,False,0.9989,bottle,0.0009,cha_phonlamai,0.9939,True,auto_keep
cha_phonlamai_kw03_bing_000034.jpg,cha_phonlamai,kw03,en,bing,False,0.9997,bottle,0.0002,cha_dam_yen,0.8838,False,review
cha_phonlamai_kw03_bing_000036.jpg,cha_phonlamai,kw03,en,bing,False,0.9996,object,0.0003,cha_phonlamai,1.0,True,auto_keep
cha_phonlamai_kw03_bing_000037.jpg,cha_phonlamai,kw03,en,bing,False,0.9854,bottle,0.0111,cha_phonlamai,0.9996,True,auto_keep
cha_phonlamai_kw03_bing_000038.jpg,cha_phonlamai,kw03,en,bing,False,0.9996,object,0.0004,cha_dam_yen,0.9797,False,review
cha_phonlamai_kw03_bing_000039.jpg,cha_phonlamai,kw03,en,bing,False,0.9985,hot_tea,0.0014,cha_phonlamai,0.9341,True,auto_keep
cha_phonlamai_kw03_bing_000040.jpg,cha_phonlamai,kw03,en,bing,False,0.9962,bottle,0.0034,cha_phonlamai,0.6719,True,auto_keep
cha_phonlamai_kw03_bing_000041.jpg,cha_phonlamai,kw03,en,bing,False,0.9982,bottle,0.0017,cha_phonlamai,0.9945,True,auto_keep
cha_phonlamai_kw03_bing_000042.jpg,cha_phonlamai,kw03,en,bing,False,1.0,object,0.0,cha_phonlamai,0.9624,True,auto_keep
cha_phonlamai_kw03_bing_000044.jpg,cha_phonlamai,kw03,en,bing,False,0.9652,bottle,0.0329,cha_phonlamai,0.9974,True,auto_keep
cha_phonlamai_kw03_bing_000045.jpg,cha_phonlamai,kw03,en,bing,False,1.0,bottle,0.0,cha_thai,0.6978,False,review
cha_phonlamai_kw03_bing_000046.jpg,cha_phonlamai,kw03,en,bing,False,0.7338,bottle,0.2464,cha_phonlamai,0.9423,True,auto_keep
cha_phonlamai_kw03_bing_000047.jpg,cha_phonlamai,kw03,en,bing,False,0.5117,bottle,0.4615,cha_phonlamai,1.0,True,review
cha_phonlamai_kw03_bing_000048.jpg,cha_phonlamai,kw03,en,bing,False,1.0,bottle,0.0,cha_phonlamai,0.8843,True,auto_keep
cha_phonlamai_kw03_bing_000049.jpg,cha_phonlamai,kw03,en,bing,False,0.9992,bottle,0.0006,cha_phonlamai,0.9466,True,auto_keep
cha_phonlamai_kw03_bing_000050.jpg,cha_phonlamai,kw03,en,bing,False,0.9926,bottle,0.0068,cha_phonlamai,0.9982,True,auto_keep
cha_phonlamai_kw03_bing_000051.jpg,cha_phonlamai,kw03,en,bing,False,0.9998,bottle,0.0001,cha_thai,0.8869,False,review
cha_phonlamai_kw03_bing_000052.webp,cha_phonlamai,kw03,en,bing,False,0.9999,bottle,0.0001,cha_phonlamai,0.9901,True,auto_keep
cha_phonlamai_kw03_bing_000053.jpg,cha_phonlamai,kw03,en,bing,False,0.9937,hot_tea,0.0062,cha_dam_yen,0.6549,False,review
cha_phonlamai_kw03_bing_000054.jpg,cha_phonlamai,kw03,en,bing,False,1.0,bottle,0.0,cha_dam_yen,0.615,False,review
cha_phonlamai_kw03_bing_000055.jpg,cha_phonlamai,kw03,en,bing,False,1.0,bottle,0.0,cha_phonlamai,0.5435,True,auto_keep
cha_phonlamai_kw03_bing_000056.jpg,cha_phonlamai,kw03,en,bing,False,0.9945,object,0.0038,cha_phonlamai,0.8614,True,auto_keep
cha_phonlamai_kw03_bing_000057.jpg,cha_phonlamai,kw03,en,bing,False,0.9959,bottle,0.0039,cha_phonlamai,0.9993,True,auto_keep
cha_phonlamai_kw03_bing_000058.webp,cha_phonlamai,kw03,en,bing,False,0.7406,bottle,0.2407,cha_phonlamai,0.552,True,auto_keep
cha_phonlamai_kw03_bing_000060.jpg,cha_phonlamai,kw03,en,bing,False,0.999,object,0.0009,cha_dam_yen,0.5956,False,review
cha_phonlamai_kw03_bing_000061.jpg,cha_phonlamai,kw03,en,bing,False,0.9532,hot_tea,0.0451,cha_thai,0.7607,False,review
cha_phonlamai_kw03_bing_000062.jpg,cha_phonlamai,kw03,en,bing,False,0.9949,food,0.0022,cha_phonlamai,1.0,True,auto_keep
cha_phonlamai_kw03_bing_000063.jpg,cha_phonlamai,kw03,en,bing,False,0.9999,bottle,0.0,cha_phonlamai,0.9983,True,auto_keep
cha_phonlamai_kw03_bing_000064.jpg,cha_phonlamai,kw03,en,bing,False,0.9926,bottle,0.0042,cha_phonlamai,0.9989,True,auto_keep
cha_phonlamai_kw03_bing_000065.jpg,cha_phonlamai,kw03,en,bing,False,0.0194,bottle,0.9761,cha_dam_yen,0.5379,False,auto_reject
cha_phonlamai_kw03_bing_000066.jpg,cha_phonlamai,kw03,en,bing,False,0.9982,bottle,0.0017,cha_phonlamai,0.6902,True,auto_keep
cha_phonlamai_kw03_bing_000067.jpg,cha_phonlamai,kw03,en,bing,False,0.9993,object,0.0005,cha_phonlamai,1.0,True,auto_keep
cha_phonlamai_kw03_bing_000068.jpg,cha_phonlamai,kw03,en,bing,False,1.0,bottle,0.0,cha_phonlamai,0.8294,True,auto_keep
cha_phonlamai_kw03_bing_000070.jpg,cha_phonlamai,kw03,en,bing,False,0.9996,bottle,0.0004,cha_phonlamai,0.9971,True,auto_keep
cha_phonlamai_kw03_bing_000071.jpg,cha_phonlamai,kw03,en,bing,False,1.0,bottle,0.0,cha_phonlamai,0.992,True,auto_keep
cha_phonlamai_kw03_bing_000073.jpg,cha_phonlamai,kw03,en,bing,False,0.9986,bottle,0.001,cha_phonlamai,0.8877,True,auto_keep
cha_phonlamai_kw03_bing_000074.jpg,cha_phonlamai,kw03,en,bing,False,1.0,bottle,0.0,cha_phonlamai,0.5924,True,auto_keep
cha_phonlamai_kw03_bing_000075.jpg,cha_phonlamai,kw03,en,bing,False,0.9947,bottle,0.0051,cha_phonlamai,0.9947,True,auto_keep
cha_phonlamai_kw03_bing_000076.jpg,cha_phonlamai,kw03,en,bing,False,1.0,bottle,0.0,cha_phonlamai,0.923,True,auto_keep
cha_phonlamai_kw03_bing_000077.jpg,cha_phonlamai,kw03,en,bing,False,0.9999,object,0.0,cha_dam_yen,0.7911,False,review
cha_phonlamai_kw03_bing_000078.jpg,cha_phonlamai,kw03,en,bing,False,0.0001,food,0.9937,cha_phonlamai,0.9999,True,auto_reject
cha_phonlamai_kw03_bing_000080.jpg,cha_phonlamai,kw03,en,bing,False,1.0,object,0.0,cha_phonlamai,0.9494,True,auto_keep
cha_phonlamai_kw03_bing_000081.jpg,cha_phonlamai,kw03,en,bing,False,1.0,object,0.0,cha_phonlamai,0.9077,True,auto_keep
cha_phonlamai_kw03_bing_000082.jpg,cha_phonlamai,kw03,en,bing,False,1.0,bottle,0.0,cha_phonlamai,0.547,True,auto_keep
cha_phonlamai_kw03_bing_000083.jpg,cha_phonlamai,kw03,en,bing,False,1.0,object,0.0,cha_dam_yen,0.8668,False,review
cha_phonlamai_kw03_bing_000084.jpg,cha_phonlamai,kw03,en,bing,False,0.9924,hot_tea,0.005,cha_phonlamai,0.9973,True,auto_keep
cha_phonlamai_kw03_bing_000086.jpg,cha_phonlamai,kw03,en,bing,False,0.0232,bottle,0.8039,cha_dam_yen,0.9648,False,auto_reject
cha_phonlamai_kw03_bing_000087.webp,cha_phonlamai,kw03,en,bing,False,0.9821,hot_tea,0.0067,cha_phonlamai,0.7261,True,auto_keep
cha_phonlamai_kw03_bing_000088.jpg,cha_phonlamai,kw03,en,bing,False,0.0053,object,0.7803,cha_nom_khai_muk,0.6702,False,auto_reject
cha_phonlamai_kw03_bing_000089.jpg,cha_phonlamai,kw03,en,bing,False,0.9993,bottle,0.0007,cha_dam_yen,0.5243,False,review
cha_phonlamai_kw03_bing_000090.jpg,cha_phonlamai,kw03,en,bing,False,0.9257,bottle,0.0609,cha_dam_yen,0.8842,False,review
cha_phonlamai_kw03_bing_000091.jpg,cha_phonlamai,kw03,en,bing,False,0.0,leaves,0.9948,cha_dam_yen,0.9181,False,auto_reject
cha_phonlamai_kw03_bing_000092.jpg,cha_phonlamai,kw03,en,bing,False,0.0,hot_tea,0.9998,cha_dam_yen,0.6285,False,auto_reject
cha_phonlamai_kw03_bing_000093.jpg,cha_phonlamai,kw03,en,bing,False,0.3383,object,0.475,cha_dam_yen,0.9842,False,review
cha_phonlamai_kw03_bing_000094.png,cha_phonlamai,kw03,en,bing,False,0.9462,text,0.0438,cha_phonlamai,0.9968,True,auto_keep
cha_phonlamai_kw03_bing_000096.jpg,cha_phonlamai,kw03,en,bing,False,0.9589,bottle,0.0236,cha_phonlamai,0.8043,True,auto_keep
cha_phonlamai_kw03_bing_000097.jpg,cha_phonlamai,kw03,en,bing,False,0.0384,person,0.8816,cha_phonlamai,0.9556,True,auto_reject
cha_phonlamai_kw03_bing_000101.jpg,cha_phonlamai,kw03,en,bing,False,0.9958,hot_tea,0.0027,cha_dam_yen,0.4766,False,review
cha_phonlamai_kw03_bing_000104.jpg,cha_phonlamai,kw03,en,bing,False,0.9998,bottle,0.0001,cha_thai,0.994,False,review
cha_phonlamai_kw03_bing_000105.webp,cha_phonlamai,kw03,en,bing,False,0.0056,text,0.9938,cha_thai,0.6073,False,auto_reject
cha_phonlamai_kw03_bing_000107.jpg,cha_phonlamai,kw03,en,bing,False,0.0,food,0.6743,cha_dam_yen,0.7705,False,auto_reject
cha_phonlamai_kw03_bing_000109.jpg,cha_phonlamai,kw03,en,bing,False,0.0011,bottle,0.9953,cha_phonlamai,0.9999,True,auto_reject
cha_phonlamai_kw03_baidu_000001.jpg,cha_phonlamai,kw03,en,baidu,False,0.0886,object,0.5546,cha_phonlamai,1.0,True,auto_reject
cha_phonlamai_kw03_baidu_000002.jpg,cha_phonlamai,kw03,en,baidu,False,0.9984,bottle,0.0013,cha_phonlamai,0.9994,True,auto_keep
cha_phonlamai_kw03_baidu_000003.jpg,cha_phonlamai,kw03,en,baidu,False,1.0,object,0.0,cha_thai,0.8827,False,review
cha_phonlamai_kw03_baidu_000004.jpg,cha_phonlamai,kw03,en,baidu,False,0.0004,food,0.9963,cha_phonlamai,0.9992,True,auto_reject
cha_phonlamai_kw03_baidu_000005.jpg,cha_phonlamai,kw03,en,baidu,False,0.9987,object,0.0006,cha_thai,0.995,False,review
cha_phonlamai_kw03_baidu_000006.jpg,cha_phonlamai,kw03,en,baidu,False,0.0001,food,0.9973,cha_phonlamai,0.7709,True,auto_reject
cha_phonlamai_kw03_baidu_000007.jpg,cha_phonlamai,kw03,en,baidu,False,0.0378,food,0.5974,cha_phonlamai,0.8588,True,auto_reject
cha_phonlamai_kw03_baidu_000008.jpg,cha_phonlamai,kw03,en,baidu,False,0.8949,bottle,0.0909,cha_dam_yen,0.5483,False,review
cha_phonlamai_kw03_baidu_000009.jpg,cha_phonlamai,kw03,en,baidu,False,0.001,hot_tea,0.9984,cha_phonlamai,0.3364,True,auto_reject
cha_phonlamai_kw03_baidu_000010.jpg,cha_phonlamai,kw03,en,baidu,False,0.8758,bottle,0.124,cha_phonlamai,0.9999,True,auto_keep
cha_phonlamai_kw03_baidu_000011.jpg,cha_phonlamai,kw03,en,baidu,False,0.9988,bottle,0.0012,cha_khiao_nom,0.9407,False,review
cha_phonlamai_kw03_baidu_000012.jpg,cha_phonlamai,kw03,en,baidu,False,0.9999,bottle,0.0001,cha_dam_yen,0.9501,False,review
cha_phonlamai_kw03_baidu_000013.jpg,cha_phonlamai,kw03,en,baidu,False,1.0,bottle,0.0,cha_phonlamai,0.9064,True,auto_keep
cha_phonlamai_kw03_baidu_000014.jpg,cha_phonlamai,kw03,en,baidu,False,0.0017,object,0.5316,cha_nom_khai_muk,0.5251,False,auto_reject
cha_phonlamai_kw03_baidu_000015.jpg,cha_phonlamai,kw03,en,baidu,False,0.9999,bottle,0.0001,cha_dam_yen,0.9678,False,review
cha_phonlamai_kw03_baidu_000016.jpg,cha_phonlamai,kw03,en,baidu,False,0.0001,object,0.9669,cha_phonlamai,0.9909,True,auto_reject
cha_phonlamai_kw03_baidu_000017.jpg,cha_phonlamai,kw03,en,baidu,False,0.9976,bottle,0.0017,cha_phonlamai,0.884,True,auto_keep
cha_phonlamai_kw03_baidu_000018.jpg,cha_phonlamai,kw03,en,baidu,False,0.9998,object,0.0002,cha_dam_yen,0.9668,False,review
cha_phonlamai_kw03_baidu_000019.jpg,cha_phonlamai,kw03,en,baidu,False,0.9967,bottle,0.0019,cha_phonlamai,0.9757,True,auto_keep
cha_phonlamai_kw03_baidu_000020.jpg,cha_phonlamai,kw03,en,baidu,False,0.9997,bottle,0.0003,cha_phonlamai,0.5657,True,auto_keep
cha_phonlamai_kw03_baidu_000021.jpg,cha_phonlamai,kw03,en,baidu,False,0.7998,food,0.11,cha_phonlamai,0.9074,True,auto_keep
cha_phonlamai_kw03_baidu_000022.jpg,cha_phonlamai,kw03,en,baidu,False,0.2357,hot_tea,0.7468,cha_phonlamai,0.9939,True,review
cha_phonlamai_kw03_baidu_000023.jpg,cha_phonlamai,kw03,en,baidu,False,0.0211,food,0.9538,cha_phonlamai,0.5776,True,auto_reject
cha_phonlamai_kw03_baidu_000024.jpg,cha_phonlamai,kw03,en,baidu,False,0.0001,food,0.862,cha_phonlamai,0.9936,True,auto_reject
cha_phonlamai_kw03_baidu_000025.jpg,cha_phonlamai,kw03,en,baidu,False,1.0,bottle,0.0,cha_dam_yen,0.6597,False,review
cha_phonlamai_kw03_baidu_000026.jpg,cha_phonlamai,kw03,en,baidu,False,0.9999,bottle,0.0,cha_phonlamai,0.9511,True,auto_keep
cha_phonlamai_kw03_baidu_000027.png,cha_phonlamai,kw03,en,baidu,False,1.0,bottle,0.0,cha_thai,0.6289,False,review
cha_phonlamai_kw03_baidu_000028.jpg,cha_phonlamai,kw03,en,baidu,False,1.0,bottle,0.0,cha_phonlamai,0.6114,True,auto_keep
cha_phonlamai_kw03_baidu_000029.jpg,cha_phonlamai,kw03,en,baidu,False,0.9998,object,0.0001,cha_dam_yen,0.7392,False,review
cha_phonlamai_kw03_baidu_000030.jpg,cha_phonlamai,kw03,en,baidu,False,0.6484,food,0.2161,cha_phonlamai,0.9982,True,auto_keep
cha_phonlamai_kw03_baidu_000031.jpg,cha_phonlamai,kw03,en,baidu,False,1.0,bottle,0.0,cha_dam_yen,0.974,False,review
cha_phonlamai_kw03_baidu_000032.jpg,cha_phonlamai,kw03,en,baidu,False,0.1437,food,0.6158,cha_phonlamai,0.9877,True,auto_reject
cha_phonlamai_kw03_baidu_000033.jpg,cha_phonlamai,kw03,en,baidu,False,1.0,bottle,0.0,cha_dam_yen,0.9934,False,review
cha_phonlamai_kw03_baidu_000034.jpg,cha_phonlamai,kw03,en,baidu,False,0.9977,object,0.0019,cha_phonlamai,0.4879,True,auto_keep
cha_phonlamai_kw03_baidu_000035.jpg,cha_phonlamai,kw03,en,baidu,False,1.0,bottle,0.0,cha_phonlamai,0.8573,True,auto_keep
cha_phonlamai_kw03_baidu_000036.jpg,cha_phonlamai,kw03,en,baidu,False,0.9999,object,0.0,cha_dam_yen,0.8325,False,review
cha_phonlamai_kw03_baidu_000037.jpg,cha_phonlamai,kw03,en,baidu,False,0.9999,object,0.0001,cha_phonlamai,0.9926,True,auto_keep
cha_phonlamai_kw03_baidu_000038.jpg,cha_phonlamai,kw03,en,baidu,False,0.999,bottle,0.001,cha_phonlamai,0.9958,True,auto_keep
cha_phonlamai_kw03_baidu_000039.jpg,cha_phonlamai,kw03,en,baidu,False,1.0,bottle,0.0,cha_dam_yen,0.9878,False,review
cha_phonlamai_kw03_baidu_000040.jpeg,cha_phonlamai,kw03,en,baidu,False,1.0,object,0.0,cha_phonlamai,0.9793,True,auto_keep
cha_phonlamai_kw03_baidu_000041.jpg,cha_phonlamai,kw03,en,baidu,False,0.0,food,0.9992,cha_phonlamai,0.9972,True,auto_reject
cha_phonlamai_kw03_baidu_000042.jpg,cha_phonlamai,kw03,en,baidu,False,0.9726,bottle,0.0272,cha_phonlamai,0.9973,True,auto_keep
cha_phonlamai_kw03_baidu_000043.jpg,cha_phonlamai,kw03,en,baidu,False,0.0008,food,0.9906,cha_phonlamai,0.9902,True,auto_reject
cha_phonlamai_kw03_baidu_000044.jpg,cha_phonlamai,kw03,en,baidu,False,0.9999,bottle,0.0001,cha_phonlamai,0.6257,True,auto_keep
cha_phonlamai_kw03_baidu_000045.jpg,cha_phonlamai,kw03,en,baidu,False,0.9966,object,0.0027,cha_phonlamai,0.9995,True,auto_keep
cha_phonlamai_kw03_baidu_000047.jpg,cha_phonlamai,kw03,en,baidu,False,0.9998,object,0.0002,cha_dam_yen,0.9844,False,review
cha_phonlamai_kw03_baidu_000048.jpg,cha_phonlamai,kw03,en,baidu,False,0.9995,bottle,0.0005,cha_phonlamai,0.9997,True,auto_keep
cha_phonlamai_kw03_baidu_000049.jpg,cha_phonlamai,kw03,en,baidu,False,0.0507,food,0.5831,cha_nom_khai_muk,0.8248,False,auto_reject
cha_phonlamai_kw03_baidu_000050.jpg,cha_phonlamai,kw03,en,baidu,False,0.8622,object,0.0866,cha_phonlamai,0.9922,True,auto_keep
cha_phonlamai_kw03_baidu_000051.jpg,cha_phonlamai,kw03,en,baidu,False,0.9999,bottle,0.0001,cha_dam_yen,0.6604,False,review
cha_phonlamai_kw03_baidu_000052.jpg,cha_phonlamai,kw03,en,baidu,False,1.0,bottle,0.0,cha_dam_yen,0.8325,False,review
cha_phonlamai_kw03_baidu_000053.jpg,cha_phonlamai,kw03,en,baidu,False,0.001,food,0.9838,cha_phonlamai,0.9802,True,auto_reject
cha_phonlamai_kw03_baidu_000054.jpg,cha_phonlamai,kw03,en,baidu,False,1.0,bottle,0.0,cha_phonlamai,0.9986,True,auto_keep
cha_phonlamai_kw03_baidu_000055.jpg,cha_phonlamai,kw03,en,baidu,False,0.992,object,0.0079,cha_khiao_nom,0.9485,False,review
cha_phonlamai_kw03_baidu_000056.jpg,cha_phonlamai,kw03,en,baidu,False,1.0,bottle,0.0,cha_phonlamai,0.9984,True,auto_keep
cha_phonlamai_kw04_bing_000000.jpg,cha_phonlamai,kw04,en,bing,False,1.0,bottle,0.0,cha_phonlamai,0.9949,True,auto_keep
cha_phonlamai_kw04_bing_000001.jpg,cha_phonlamai,kw04,en,bing,False,1.0,bottle,0.0,cha_phonlamai,0.8194,True,auto_keep
cha_phonlamai_kw04_bing_000002.jpg,cha_phonlamai,kw04,en,bing,False,1.0,bottle,0.0,cha_phonlamai,0.9926,True,auto_keep
cha_phonlamai_kw04_bing_000003.jpg,cha_phonlamai,kw04,en,bing,False,1.0,object,0.0,cha_dam_yen,0.9732,False,review
cha_phonlamai_kw04_bing_000004.jpg,cha_phonlamai,kw04,en,bing,False,0.9996,hot_tea,0.0004,cha_phonlamai,0.5951,True,auto_keep
cha_phonlamai_kw04_bing_000005.jpg,cha_phonlamai,kw04,en,bing,False,0.9998,object,0.0001,cha_phonlamai,0.9974,True,auto_keep
cha_phonlamai_kw04_bing_000006.jpg,cha_phonlamai,kw04,en,bing,False,1.0,bottle,0.0,cha_phonlamai,0.9944,True,auto_keep
cha_phonlamai_kw04_bing_000007.jpg,cha_phonlamai,kw04,en,bing,False,1.0,bottle,0.0,cha_phonlamai,0.9986,True,auto_keep
cha_phonlamai_kw04_bing_000008.png,cha_phonlamai,kw04,en,bing,False,1.0,bottle,0.0,cha_phonlamai,0.9965,True,auto_keep
cha_phonlamai_kw04_bing_000009.jpg,cha_phonlamai,kw04,en,bing,False,1.0,bottle,0.0,cha_phonlamai,0.9985,True,auto_keep
cha_phonlamai_kw04_bing_000011.jpg,cha_phonlamai,kw04,en,bing,False,1.0,object,0.0,cha_phonlamai,0.9034,True,auto_keep
cha_phonlamai_kw04_bing_000012.jpg,cha_phonlamai,kw04,en,bing,False,0.9998,bottle,0.0002,cha_phonlamai,0.965,True,auto_keep
cha_phonlamai_kw04_bing_000013.jpg,cha_phonlamai,kw04,en,bing,False,0.999,bottle,0.0007,cha_phonlamai,0.9998,True,auto_keep
cha_phonlamai_kw04_bing_000014.jpg,cha_phonlamai,kw04,en,bing,False,0.9998,bottle,0.0002,cha_dam_yen,0.5286,False,review
cha_phonlamai_kw04_bing_000015.jpg,cha_phonlamai,kw04,en,bing,False,1.0,bottle,0.0,cha_phonlamai,0.9397,True,auto_keep
cha_phonlamai_kw04_bing_000016.jpg,cha_phonlamai,kw04,en,bing,False,1.0,bottle,0.0,cha_phonlamai,0.9808,True,auto_keep
cha_phonlamai_kw04_bing_000017.webp,cha_phonlamai,kw04,en,bing,False,1.0,bottle,0.0,cha_phonlamai,0.9709,True,auto_keep
cha_phonlamai_kw04_bing_000018.jpg,cha_phonlamai,kw04,en,bing,False,1.0,object,0.0,cha_phonlamai,0.997,True,auto_keep
cha_phonlamai_kw04_bing_000019.jpg,cha_phonlamai,kw04,en,bing,False,1.0,object,0.0,cha_dam_yen,0.5414,False,review
cha_phonlamai_kw04_bing_000020.jpg,cha_phonlamai,kw04,en,bing,False,1.0,bottle,0.0,cha_dam_yen,0.6685,False,review
cha_phonlamai_kw04_bing_000021.jpg,cha_phonlamai,kw04,en,bing,False,1.0,bottle,0.0,cha_phonlamai,0.9989,True,auto_keep
cha_phonlamai_kw04_bing_000022.jpg,cha_phonlamai,kw04,en,bing,False,1.0,bottle,0.0,cha_phonlamai,0.9959,True,auto_keep
cha_phonlamai_kw04_bing_000023.jpg,cha_phonlamai,kw04,en,bing,False,0.9998,bottle,0.0001,cha_phonlamai,0.9859,True,auto_keep
cha_phonlamai_kw04_bing_000024.jpg,cha_phonlamai,kw04,en,bing,False,1.0,bottle,0.0,cha_phonlamai,0.9918,True,auto_keep
cha_phonlamai_kw04_bing_000025.jpg,cha_phonlamai,kw04,en,bing,False,0.9994,hot_tea,0.0006,cha_phonlamai,0.9914,True,auto_keep
cha_phonlamai_kw04_bing_000026.jpg,cha_phonlamai,kw04,en,bing,False,0.9999,bottle,0.0001,cha_phonlamai,0.9027,True,auto_keep
cha_phonlamai_kw04_bing_000027.jpg,cha_phonlamai,kw04,en,bing,False,1.0,bottle,0.0,cha_phonlamai,0.9963,True,auto_keep
cha_phonlamai_kw04_bing_000028.jpg,cha_phonlamai,kw04,en,bing,False,0.9997,bottle,0.0003,cha_phonlamai,0.9865,True,auto_keep
cha_phonlamai_kw04_bing_000029.jpg,cha_phonlamai,kw04,en,bing,False,1.0,bottle,0.0,cha_phonlamai,0.9782,True,auto_keep
cha_phonlamai_kw04_bing_000031.jpg,cha_phonlamai,kw04,en,bing,False,0.9998,hot_tea,0.0001,cha_phonlamai,0.9968,True,auto_keep
cha_phonlamai_kw04_bing_000032.jpg,cha_phonlamai,kw04,en,bing,False,0.9999,bottle,0.0001,cha_phonlamai,0.9995,True,auto_keep
cha_phonlamai_kw04_bing_000033.jpg,cha_phonlamai,kw04,en,bing,False,1.0,bottle,0.0,cha_phonlamai,0.9999,True,auto_keep
cha_phonlamai_kw04_bing_000034.jpg,cha_phonlamai,kw04,en,bing,False,1.0,bottle,0.0,cha_phonlamai,0.9178,True,auto_keep
cha_phonlamai_kw04_bing_000035.webp,cha_phonlamai,kw04,en,bing,False,0.9999,bottle,0.0001,cha_phonlamai,0.9907,True,auto_keep
cha_phonlamai_kw04_bing_000036.jpg,cha_phonlamai,kw04,en,bing,False,0.9999,bottle,0.0001,cha_phonlamai,0.863,True,auto_keep
cha_phonlamai_kw04_bing_000037.jpg,cha_phonlamai,kw04,en,bing,False,0.9993,hot_tea,0.0006,cha_phonlamai,0.9958,True,auto_keep
cha_phonlamai_kw04_bing_000038.jpg,cha_phonlamai,kw04,en,bing,False,0.9999,hot_tea,0.0,cha_phonlamai,0.9895,True,auto_keep
cha_phonlamai_kw04_bing_000039.jpg,cha_phonlamai,kw04,en,bing,False,0.9997,bottle,0.0003,cha_phonlamai,0.9989,True,auto_keep
cha_phonlamai_kw04_bing_000040.jpg,cha_phonlamai,kw04,en,bing,False,1.0,bottle,0.0,cha_phonlamai,0.9933,True,auto_keep
cha_phonlamai_kw04_bing_000041.webp,cha_phonlamai,kw04,en,bing,False,0.9998,bottle,0.0002,cha_phonlamai,0.9996,True,auto_keep
cha_phonlamai_kw04_bing_000042.png,cha_phonlamai,kw04,en,bing,False,1.0,object,0.0,cha_phonlamai,0.9984,True,auto_keep
cha_phonlamai_kw04_bing_000043.jpg,cha_phonlamai,kw04,en,bing,False,0.9998,bottle,0.0002,cha_phonlamai,0.9824,True,auto_keep
cha_phonlamai_kw04_bing_000044.webp,cha_phonlamai,kw04,en,bing,False,1.0,bottle,0.0,cha_phonlamai,0.846,True,auto_keep
cha_phonlamai_kw04_bing_000045.jpg,cha_phonlamai,kw04,en,bing,False,0.9999,bottle,0.0,cha_phonlamai,0.8999,True,auto_keep
cha_phonlamai_kw04_bing_000046.jpg,cha_phonlamai,kw04,en,bing,False,0.9917,hot_tea,0.0058,cha_phonlamai,0.9758,True,auto_keep
cha_phonlamai_kw04_bing_000047.png,cha_phonlamai,kw04,en,bing,False,1.0,bottle,0.0,cha_phonlamai,0.9995,True,auto_keep
cha_phonlamai_kw04_bing_000048.jpg,cha_phonlamai,kw04,en,bing,False,0.9992,bottle,0.0008,cha_phonlamai,0.9999,True,auto_keep
cha_phonlamai_kw04_bing_000049.jpg,cha_phonlamai,kw04,en,bing,False,0.9933,bottle,0.0057,cha_phonlamai,0.9999,True,auto_keep
cha_phonlamai_kw04_bing_000051.jpg,cha_phonlamai,kw04,en,bing,False,0.9919,object,0.006,cha_phonlamai,0.7143,True,auto_keep
cha_phonlamai_kw04_bing_000052.jpg,cha_phonlamai,kw04,en,bing,False,0.9999,bottle,0.0001,cha_phonlamai,0.9695,True,auto_keep
cha_phonlamai_kw04_bing_000055.jpg,cha_phonlamai,kw04,en,bing,False,1.0,bottle,0.0,cha_phonlamai,0.9911,True,auto_keep
cha_phonlamai_kw04_bing_000056.jpg,cha_phonlamai,kw04,en,bing,False,1.0,bottle,0.0,cha_phonlamai,0.9996,True,auto_keep
cha_phonlamai_kw04_bing_000057.jpg,cha_phonlamai,kw04,en,bing,False,1.0,object,0.0,cha_dam_yen,0.65,False,review
cha_phonlamai_kw04_bing_000058.png,cha_phonlamai,kw04,en,bing,False,0.9997,bottle,0.0003,cha_phonlamai,0.7952,True,auto_keep
cha_phonlamai_kw04_bing_000059.jpg,cha_phonlamai,kw04,en,bing,False,0.9998,bottle,0.0002,cha_phonlamai,0.9992,True,auto_keep
cha_phonlamai_kw04_bing_000060.png,cha_phonlamai,kw04,en,bing,False,1.0,bottle,0.0,cha_phonlamai,0.7759,True,auto_keep
cha_phonlamai_kw04_bing_000061.jpg,cha_phonlamai,kw04,en,bing,False,0.9999,bottle,0.0001,cha_phonlamai,0.996,True,auto_keep
cha_phonlamai_kw04_bing_000062.jpg,cha_phonlamai,kw04,en,bing,False,0.9999,hot_tea,0.0,cha_phonlamai,0.9967,True,auto_keep
cha_phonlamai_kw04_bing_000063.jpg,cha_phonlamai,kw04,en,bing,False,1.0,bottle,0.0,cha_phonlamai,0.9834,True,auto_keep
cha_phonlamai_kw04_bing_000064.jpg,cha_phonlamai,kw04,en,bing,False,1.0,bottle,0.0,cha_phonlamai,0.8961,True,auto_keep
cha_phonlamai_kw04_bing_000065.jpg,cha_phonlamai,kw04,en,bing,False,0.9992,bottle,0.0008,cha_phonlamai,0.9827,True,auto_keep
cha_phonlamai_kw04_bing_000067.jpg,cha_phonlamai,kw04,en,bing,False,0.9981,bottle,0.0019,cha_phonlamai,0.9996,True,auto_keep
cha_phonlamai_kw04_bing_000068.jpg,cha_phonlamai,kw04,en,bing,False,0.9993,object,0.0005,cha_phonlamai,0.9822,True,auto_keep
cha_phonlamai_kw04_bing_000069.png,cha_phonlamai,kw04,en,bing,False,1.0,bottle,0.0,cha_phonlamai,0.9869,True,auto_keep
cha_phonlamai_kw04_bing_000071.png,cha_phonlamai,kw04,en,bing,False,1.0,object,0.0,cha_phonlamai,0.9901,True,auto_keep
cha_phonlamai_kw04_bing_000073.jpg,cha_phonlamai,kw04,en,bing,False,0.9986,bottle,0.0014,cha_phonlamai,0.8628,True,auto_keep
cha_phonlamai_kw04_bing_000075.jpg,cha_phonlamai,kw04,en,bing,False,1.0,object,0.0,cha_phonlamai,0.9994,True,auto_keep
cha_phonlamai_kw04_bing_000076.jpg,cha_phonlamai,kw04,en,bing,False,1.0,bottle,0.0,cha_phonlamai,0.8567,True,auto_keep
cha_phonlamai_kw04_bing_000077.jpg,cha_phonlamai,kw04,en,bing,False,0.5652,hot_tea,0.3759,cha_phonlamai,0.5167,True,review
cha_phonlamai_kw04_bing_000079.webp,cha_phonlamai,kw04,en,bing,False,0.9999,object,0.0,cha_phonlamai,0.752,True,auto_keep
cha_phonlamai_kw04_bing_000080.jpg,cha_phonlamai,kw04,en,bing,False,0.8169,object,0.1631,cha_phonlamai,0.8744,True,auto_keep
cha_phonlamai_kw04_bing_000081.jpg,cha_phonlamai,kw04,en,bing,False,0.9998,object,0.0002,cha_phonlamai,0.9981,True,auto_keep
cha_phonlamai_kw04_bing_000082.jpg,cha_phonlamai,kw04,en,bing,False,1.0,bottle,0.0,cha_dam_yen,0.5916,False,review
cha_phonlamai_kw04_bing_000083.jpg,cha_phonlamai,kw04,en,bing,False,0.0008,bottle,0.9947,cha_dam_yen,0.9937,False,auto_reject
cha_phonlamai_kw04_bing_000084.jpg,cha_phonlamai,kw04,en,bing,False,1.0,object,0.0,cha_phonlamai,0.8458,True,auto_keep
cha_phonlamai_kw04_bing_000085.jpg,cha_phonlamai,kw04,en,bing,False,0.8714,bottle,0.1283,cha_thai,0.4498,False,review
cha_phonlamai_kw04_bing_000086.png,cha_phonlamai,kw04,en,bing,False,0.0055,bottle,0.9905,cha_dam_yen,0.6997,False,auto_reject
cha_phonlamai_kw04_bing_000087.jpg,cha_phonlamai,kw04,en,bing,False,0.9996,object,0.0003,cha_phonlamai,0.9985,True,auto_keep
cha_phonlamai_kw04_bing_000088.jpg,cha_phonlamai,kw04,en,bing,False,0.1026,food,0.7653,cha_phonlamai,0.9979,True,auto_reject
cha_phonlamai_kw04_bing_000089.webp,cha_phonlamai,kw04,en,bing,False,0.9894,object,0.0099,cha_khiao_nom,0.9658,False,review
cha_phonlamai_kw04_bing_000091.jpg,cha_phonlamai,kw04,en,bing,False,0.0,bottle,0.9205,cha_nom_khai_muk,0.6727,False,auto_reject
cha_phonlamai_kw04_bing_000092.jpg,cha_phonlamai,kw04,en,bing,False,0.9989,bottle,0.0006,cha_thai,0.7716,False,review
cha_phonlamai_kw04_bing_000093.jpg,cha_phonlamai,kw04,en,bing,False,0.9989,object,0.0007,cha_dam_yen,0.8421,False,review
cha_phonlamai_kw04_bing_000094.webp,cha_phonlamai,kw04,en,bing,False,0.9525,bottle,0.0362,cha_phonlamai,0.9999,True,auto_keep
cha_phonlamai_kw04_bing_000097.jpg,cha_phonlamai,kw04,en,bing,False,0.0002,bottle,0.5511,cha_nom_khai_muk,0.9088,False,auto_reject
cha_phonlamai_kw04_bing_000098.jpg,cha_phonlamai,kw04,en,bing,False,0.0,bottle,0.9964,cha_dam_yen,0.7308,False,auto_reject
cha_phonlamai_kw04_bing_000101.jpg,cha_phonlamai,kw04,en,bing,False,0.0,food,0.9958,cha_thai,0.96,False,auto_reject
cha_phonlamai_kw04_bing_000102.jpg,cha_phonlamai,kw04,en,bing,False,0.9989,bottle,0.0011,cha_phonlamai,0.8687,True,auto_keep
cha_phonlamai_kw04_baidu_000001.jpg,cha_phonlamai,kw04,en,baidu,False,0.9616,bottle,0.0384,cha_phonlamai,0.8689,True,auto_keep
cha_phonlamai_kw04_baidu_000002.jpg,cha_phonlamai,kw04,en,baidu,False,0.9989,hot_tea,0.0004,cha_phonlamai,0.9446,True,auto_keep
cha_phonlamai_kw04_baidu_000003.jpg,cha_phonlamai,kw04,en,baidu,False,0.9997,bottle,0.0003,cha_phonlamai,0.9904,True,auto_keep
cha_phonlamai_kw04_baidu_000004.jpg,cha_phonlamai,kw04,en,baidu,False,0.9999,object,0.0,cha_phonlamai,0.9555,True,auto_keep
cha_phonlamai_kw04_baidu_000005.jpg,cha_phonlamai,kw04,en,baidu,False,0.9998,bottle,0.0002,cha_phonlamai,0.9987,True,auto_keep
cha_phonlamai_kw04_baidu_000006.jpg,cha_phonlamai,kw04,en,baidu,False,0.9997,bottle,0.0002,cha_phonlamai,0.6938,True,auto_keep
cha_phonlamai_kw04_baidu_000008.jpg,cha_phonlamai,kw04,en,baidu,False,0.9999,bottle,0.0001,cha_phonlamai,0.6456,True,auto_keep
cha_phonlamai_kw04_baidu_000011.jpg,cha_phonlamai,kw04,en,baidu,False,0.9999,object,0.0,cha_dam_yen,0.7924,False,review
cha_phonlamai_kw04_baidu_000012.jpg,cha_phonlamai,kw04,en,baidu,False,0.9998,hot_tea,0.0001,cha_phonlamai,0.9958,True,auto_keep
cha_phonlamai_kw04_baidu_000014.jpg,cha_phonlamai,kw04,en,baidu,False,0.9938,bottle,0.006,cha_phonlamai,0.9988,True,auto_keep
cha_phonlamai_kw04_baidu_000015.jpg,cha_phonlamai,kw04,en,baidu,False,0.5731,bottle,0.4247,cha_dam_yen,0.8686,False,review
cha_phonlamai_kw04_baidu_000016.jpg,cha_phonlamai,kw04,en,baidu,False,0.9664,hot_tea,0.0332,cha_phonlamai,0.9968,True,auto_keep
cha_phonlamai_kw04_baidu_000017.jpg,cha_phonlamai,kw04,en,baidu,False,0.9995,bottle,0.0002,cha_phonlamai,0.9994,True,auto_keep
cha_phonlamai_kw04_baidu_000018.jpg,cha_phonlamai,kw04,en,baidu,False,0.9996,bottle,0.0004,cha_phonlamai,0.9725,True,auto_keep
cha_phonlamai_kw04_baidu_000019.jpg,cha_phonlamai,kw04,en,baidu,False,0.9966,object,0.0022,cha_thai,0.8254,False,review
cha_phonlamai_kw04_baidu_000020.jpg,cha_phonlamai,kw04,en,baidu,False,0.9127,object,0.0871,cha_phonlamai,0.9622,True,auto_keep
cha_phonlamai_kw04_baidu_000021.jpg,cha_phonlamai,kw04,en,baidu,False,0.9993,bottle,0.0004,cha_thai,0.9701,False,review
cha_phonlamai_kw04_baidu_000022.jpg,cha_phonlamai,kw04,en,baidu,False,0.9999,bottle,0.0,cha_phonlamai,0.9384,True,auto_keep
cha_phonlamai_kw04_baidu_000023.jpeg,cha_phonlamai,kw04,en,baidu,False,0.9988,bottle,0.0006,cha_phonlamai,0.6588,True,auto_keep
cha_phonlamai_kw04_baidu_000024.jpg,cha_phonlamai,kw04,en,baidu,False,0.9998,bottle,0.0001,cha_phonlamai,0.9897,True,auto_keep
cha_phonlamai_kw04_baidu_000026.jpg,cha_phonlamai,kw04,en,baidu,False,0.001,object,0.9632,cha_phonlamai,0.9839,True,auto_reject
cha_phonlamai_kw04_baidu_000027.jpg,cha_phonlamai,kw04,en,baidu,False,0.8217,food,0.1429,cha_phonlamai,0.9997,True,auto_keep
cha_phonlamai_kw04_baidu_000028.jpg,cha_phonlamai,kw04,en,baidu,False,0.9998,object,0.0001,cha_phonlamai,0.6805,True,auto_keep
cha_phonlamai_kw04_baidu_000029.jpg,cha_phonlamai,kw04,en,baidu,False,0.9826,bottle,0.0169,cha_phonlamai,0.9932,True,auto_keep
cha_phonlamai_kw04_baidu_000030.png,cha_phonlamai,kw04,en,baidu,False,0.9679,bottle,0.0211,cha_dam_yen,0.6239,False,review
cha_phonlamai_kw04_baidu_000031.jpg,cha_phonlamai,kw04,en,baidu,False,0.0168,object,0.9406,cha_phonlamai,0.9963,True,auto_reject
cha_phonlamai_kw04_baidu_000032.jpg,cha_phonlamai,kw04,en,baidu,False,0.9899,bottle,0.0097,cha_phonlamai,0.9652,True,auto_keep
cha_phonlamai_kw04_baidu_000034.jpg,cha_phonlamai,kw04,en,baidu,False,0.0036,object,0.9689,cha_phonlamai,0.8401,True,auto_reject
cha_phonlamai_kw04_baidu_000035.jpg,cha_phonlamai,kw04,en,baidu,False,0.4817,bottle,0.4967,cha_phonlamai,0.9624,True,review
cha_phonlamai_kw04_baidu_000036.jpg,cha_phonlamai,kw04,en,baidu,False,0.9878,bottle,0.0114,cha_phonlamai,0.9994,True,auto_keep
cha_phonlamai_kw04_baidu_000038.jpg,cha_phonlamai,kw04,en,baidu,False,0.0,object,0.9959,cha_phonlamai,0.8806,True,auto_reject
cha_phonlamai_kw04_baidu_000039.jpg,cha_phonlamai,kw04,en,baidu,False,0.9991,object,0.0007,cha_phonlamai,0.8985,True,auto_keep
cha_phonlamai_kw04_baidu_000040.jpg,cha_phonlamai,kw04,en,baidu,False,1.0,bottle,0.0,cha_phonlamai,0.605,True,auto_keep
cha_phonlamai_kw04_baidu_000041.jpg,cha_phonlamai,kw04,en,baidu,False,0.0039,bottle,0.9505,cha_thai,0.5313,False,auto_reject
cha_phonlamai_kw04_baidu_000042.jpg,cha_phonlamai,kw04,en,baidu,False,0.9795,object,0.02,cha_thai,0.3326,False,review
cha_phonlamai_kw04_baidu_000043.jpg,cha_phonlamai,kw04,en,baidu,False,0.9903,hot_tea,0.0049,cha_phonlamai,0.9655,True,auto_keep
cha_phonlamai_kw04_baidu_000044.png,cha_phonlamai,kw04,en,baidu,False,0.1981,object,0.5752,cha_dam_yen,0.8821,False,review
cha_phonlamai_kw04_baidu_000045.jpg,cha_phonlamai,kw04,en,baidu,False,0.0007,object,0.9365,cha_phonlamai,0.9762,True,auto_reject
cha_phonlamai_kw04_baidu_000046.jpg,cha_phonlamai,kw04,en,baidu,False,0.9942,bottle,0.0053,cha_phonlamai,0.9994,True,auto_keep
cha_phonlamai_kw04_baidu_000047.jpeg,cha_phonlamai,kw04,en,baidu,False,0.9998,bottle,0.0002,cha_phonlamai,0.9907,True,auto_keep
cha_phonlamai_kw04_baidu_000048.jpg,cha_phonlamai,kw04,en,baidu,False,0.0003,bottle,0.6402,cha_phonlamai,0.9675,True,auto_reject
cha_phonlamai_kw04_baidu_000049.jpg,cha_phonlamai,kw04,en,baidu,False,0.7586,object,0.2046,cha_phonlamai,0.8295,True,auto_keep
cha_phonlamai_kw05_bing_000009.jpg,cha_phonlamai,kw05,th,bing,False,0.0059,bottle,0.9939,cha_thai,0.5156,False,auto_reject
cha_phonlamai_kw05_bing_000016.jpg,cha_phonlamai,kw05,th,bing,False,0.9009,bottle,0.0883,cha_thai,0.4777,False,review
cha_phonlamai_kw05_bing_000022.jpg,cha_phonlamai,kw05,th,bing,False,0.5257,bottle,0.4364,cha_dam_yen,0.7988,False,review
cha_phonlamai_kw05_bing_000027.jpg,cha_phonlamai,kw05,th,bing,False,0.9498,bottle,0.0501,cha_dam_yen,0.5568,False,review
cha_phonlamai_kw05_bing_000032.jpg,cha_phonlamai,kw05,th,bing,False,0.6533,bottle,0.3448,cha_phonlamai,0.9896,True,auto_keep
cha_phonlamai_kw05_bing_000033.jpg,cha_phonlamai,kw05,th,bing,False,0.9811,bottle,0.0174,cha_phonlamai,0.7941,True,auto_keep
cha_phonlamai_kw05_bing_000034.jpg,cha_phonlamai,kw05,th,bing,False,0.071,bottle,0.7289,cha_thai,0.7911,False,auto_reject
cha_phonlamai_kw05_bing_000038.jpg,cha_phonlamai,kw05,th,bing,False,0.9898,bottle,0.0075,cha_thai,0.8196,False,review
cha_phonlamai_kw05_bing_000042.jpg,cha_phonlamai,kw05,th,bing,False,1.0,bottle,0.0,cha_phonlamai,0.9015,True,auto_keep
cha_phonlamai_kw05_bing_000047.jpg,cha_phonlamai,kw05,th,bing,False,0.0008,bottle,0.9992,cha_dam_yen,0.891,False,auto_reject
cha_phonlamai_kw05_bing_000055.jpg,cha_phonlamai,kw05,th,bing,False,0.9999,bottle,0.0001,cha_dam_yen,0.9632,False,review
cha_phonlamai_kw05_bing_000060.jpg,cha_phonlamai,kw05,th,bing,False,0.9994,bottle,0.0004,cha_phonlamai,0.9896,True,auto_keep
cha_phonlamai_kw05_bing_000061.jpg,cha_phonlamai,kw05,th,bing,False,1.0,object,0.0,cha_thai,0.8185,False,review
cha_phonlamai_kw05_bing_000062.jpg,cha_phonlamai,kw05,th,bing,False,0.0002,bottle,0.8366,cha_nom_khai_muk,0.9803,False,auto_reject
cha_phonlamai_kw05_bing_000064.jpg,cha_phonlamai,kw05,th,bing,False,0.0404,bottle,0.9371,cha_thai,0.9987,False,auto_reject
cha_phonlamai_kw05_bing_000065.jpg,cha_phonlamai,kw05,th,bing,False,1.0,object,0.0,cha_nom_khai_muk,0.9953,False,review
cha_phonlamai_kw05_bing_000066.jpg,cha_phonlamai,kw05,th,bing,False,0.8244,bottle,0.1755,cha_nom_khai_muk,0.4916,False,review
cha_phonlamai_kw05_bing_000067.jpg,cha_phonlamai,kw05,th,bing,False,0.4179,hot_tea,0.5679,cha_phonlamai,0.9997,True,review
cha_phonlamai_kw05_bing_000068.png,cha_phonlamai,kw05,th,bing,False,0.1206,object,0.4648,cha_dam_yen,0.9992,False,auto_reject
cha_phonlamai_kw05_bing_000071.webp,cha_phonlamai,kw05,th,bing,False,0.971,bottle,0.0278,cha_thai,0.6751,False,review
cha_phonlamai_kw05_bing_000073.jpg,cha_phonlamai,kw05,th,bing,False,0.0873,bottle,0.9049,cha_phonlamai,0.9991,True,auto_reject
cha_phonlamai_kw05_bing_000077.jpg,cha_phonlamai,kw05,th,bing,False,0.9868,bottle,0.0132,cha_thai,0.9507,False,review
cha_phonlamai_kw05_bing_000079.jpg,cha_phonlamai,kw05,th,bing,False,1.0,object,0.0,cha_thai,0.7011,False,review
cha_phonlamai_kw05_bing_000080.webp,cha_phonlamai,kw05,th,bing,False,0.8298,bottle,0.1617,cha_phonlamai,0.9748,True,auto_keep
cha_phonlamai_kw05_bing_000082.jpg,cha_phonlamai,kw05,th,bing,False,0.01,bottle,0.9122,cha_phonlamai,0.9378,True,auto_reject
cha_phonlamai_kw05_bing_000083.jpg,cha_phonlamai,kw05,th,bing,False,0.0109,bottle,0.9346,cha_phonlamai,1.0,True,auto_reject
cha_phonlamai_kw05_bing_000084.jpg,cha_phonlamai,kw05,th,bing,False,0.0267,bottle,0.9721,cha_phonlamai,0.8966,True,auto_reject
cha_phonlamai_kw05_bing_000085.jpg,cha_phonlamai,kw05,th,bing,False,0.7025,bottle,0.2878,cha_phonlamai,0.9746,True,auto_keep
cha_phonlamai_kw05_bing_000086.jpg,cha_phonlamai,kw05,th,bing,False,0.1976,bottle,0.8001,cha_phonlamai,0.5439,True,review
cha_phonlamai_kw05_bing_000087.jpg,cha_phonlamai,kw05,th,bing,False,0.614,bottle,0.3793,cha_thai,0.8044,False,review
cha_phonlamai_kw05_bing_000088.jpg,cha_phonlamai,kw05,th,bing,False,0.1378,bottle,0.5701,cha_khiao_nom,0.5361,False,auto_reject
cha_phonlamai_kw05_bing_000090.jpg,cha_phonlamai,kw05,th,bing,False,0.0011,bottle,0.9731,cha_nom_khai_muk,0.3466,False,auto_reject
cha_phonlamai_kw05_bing_000092.jpg,cha_phonlamai,kw05,th,bing,False,0.0631,text,0.5745,cha_dam_yen,0.9754,False,auto_reject
cha_phonlamai_kw05_bing_000094.png,cha_phonlamai,kw05,th,bing,False,0.0,bottle,0.9978,cha_dam_yen,0.9962,False,auto_reject
cha_phonlamai_kw05_bing_000095.jpg,cha_phonlamai,kw05,th,bing,False,0.0002,bottle,0.9966,cha_dam_yen,0.96,False,auto_reject
cha_phonlamai_kw05_bing_000096.jpg,cha_phonlamai,kw05,th,bing,False,0.0406,object,0.4831,cha_nom_khai_muk,0.5864,False,auto_reject
cha_phonlamai_kw05_bing_000097.jpg,cha_phonlamai,kw05,th,bing,False,0.6913,object,0.3052,cha_nom_khai_muk,0.9909,False,review
cha_phonlamai_kw06_bing_000002.jpg,cha_phonlamai,kw06,th,bing,False,0.9983,bottle,0.0014,cha_thai,0.3951,False,review
cha_phonlamai_kw06_bing_000003.webp,cha_phonlamai,kw06,th,bing,False,0.7099,bottle,0.1952,cha_thai,0.974,False,review
cha_phonlamai_kw06_bing_000004.jpg,cha_phonlamai,kw06,th,bing,False,0.9987,bottle,0.0012,cha_thai,0.9333,False,review
cha_phonlamai_kw06_bing_000006.jpg,cha_phonlamai,kw06,th,bing,False,0.0006,bottle,0.9993,cha_thai,0.8618,False,auto_reject
cha_phonlamai_kw06_bing_000009.jpg,cha_phonlamai,kw06,th,bing,False,0.9987,object,0.0012,cha_phonlamai,0.9723,True,auto_keep
cha_phonlamai_kw06_bing_000010.jpg,cha_phonlamai,kw06,th,bing,False,0.0339,text,0.8528,cha_thai,0.7749,False,auto_reject
cha_phonlamai_kw06_bing_000012.webp,cha_phonlamai,kw06,th,bing,False,0.9999,bottle,0.0001,cha_nom_khai_muk,0.8505,False,review
cha_phonlamai_kw06_bing_000013.webp,cha_phonlamai,kw06,th,bing,False,0.9994,bottle,0.0003,cha_thai,0.9976,False,review
cha_phonlamai_kw06_bing_000014.jpg,cha_phonlamai,kw06,th,bing,False,0.9999,object,0.0001,cha_thai,0.9999,False,review
cha_phonlamai_kw06_bing_000017.webp,cha_phonlamai,kw06,th,bing,False,0.9255,bottle,0.041,cha_phonlamai,0.9985,True,auto_keep
cha_phonlamai_kw06_bing_000018.jpg,cha_phonlamai,kw06,th,bing,False,0.0887,bottle,0.9074,cha_dam_yen,0.8306,False,auto_reject
cha_phonlamai_kw06_bing_000020.jpg,cha_phonlamai,kw06,th,bing,False,0.0086,bottle,0.3456,cha_dam_yen,0.6045,False,auto_reject
cha_phonlamai_kw06_bing_000021.jpg,cha_phonlamai,kw06,th,bing,False,0.0305,leaves,0.9634,cha_dam_yen,0.9995,False,auto_reject
cha_phonlamai_kw06_bing_000022.jpg,cha_phonlamai,kw06,th,bing,False,0.9992,object,0.0007,cha_phonlamai,0.9968,True,auto_keep
cha_phonlamai_kw06_bing_000024.jpg,cha_phonlamai,kw06,th,bing,False,1.0,bottle,0.0,cha_thai,0.9958,False,review
cha_phonlamai_kw06_bing_000025.jpg,cha_phonlamai,kw06,th,bing,False,0.9866,object,0.0113,cha_thai,0.837,False,review
cha_phonlamai_kw06_bing_000027.jpg,cha_phonlamai,kw06,th,bing,False,0.9992,bottle,0.0004,cha_thai,0.8442,False,review
cha_phonlamai_kw06_bing_000028.jpg,cha_phonlamai,kw06,th,bing,False,0.0009,text,0.6965,cha_thai,0.4729,False,auto_reject
cha_phonlamai_kw06_bing_000029.jpg,cha_phonlamai,kw06,th,bing,False,0.9994,object,0.0006,cha_khiao_nom,0.9991,False,review
cha_phonlamai_kw06_bing_000030.jpg,cha_phonlamai,kw06,th,bing,False,0.9999,bottle,0.0,cha_thai,0.9332,False,review
cha_phonlamai_kw06_bing_000031.jpg,cha_phonlamai,kw06,th,bing,False,0.6569,bottle,0.331,cha_thai,0.6874,False,review
cha_phonlamai_kw06_bing_000037.jpg,cha_phonlamai,kw06,th,bing,False,0.9996,bottle,0.0004,cha_nom_khai_muk,0.7312,False,review
cha_phonlamai_kw06_bing_000040.png,cha_phonlamai,kw06,th,bing,False,0.0,bottle,0.9079,cha_dam_yen,0.7472,False,auto_reject
cha_phonlamai_kw06_bing_000041.jpg,cha_phonlamai,kw06,th,bing,False,1.0,object,0.0,cha_nom_khai_muk,0.8509,False,review
cha_phonlamai_kw06_bing_000044.jpg,cha_phonlamai,kw06,th,bing,False,0.9998,bottle,0.0002,cha_thai,0.9967,False,review
cha_phonlamai_kw06_bing_000045.jpg,cha_phonlamai,kw06,th,bing,False,0.0,bottle,0.9983,cha_dam_yen,0.4845,False,auto_reject
cha_phonlamai_kw06_bing_000046.jpg,cha_phonlamai,kw06,th,bing,False,0.9999,bottle,0.0001,cha_thai,0.9376,False,review
cha_phonlamai_kw06_bing_000050.jpg,cha_phonlamai,kw06,th,bing,False,0.9999,text,0.0,cha_nom_khai_muk,0.7179,False,review
cha_phonlamai_kw06_bing_000051.jpg,cha_phonlamai,kw06,th,bing,False,1.0,object,0.0,cha_nom_khai_muk,0.9999,False,review
cha_phonlamai_kw06_bing_000053.jpg,cha_phonlamai,kw06,th,bing,False,0.9993,bottle,0.0004,cha_thai,0.7103,False,review
cha_phonlamai_kw06_bing_000056.jpg,cha_phonlamai,kw06,th,bing,False,0.0088,text,0.7626,cha_dam_yen,0.5055,False,auto_reject
cha_phonlamai_kw06_bing_000061.png,cha_phonlamai,kw06,th,bing,False,0.9909,text,0.008,cha_dam_yen,0.8965,False,review
cha_phonlamai_kw06_bing_000062.jpg,cha_phonlamai,kw06,th,bing,False,0.9999,object,0.0,cha_thai,0.9759,False,review
cha_phonlamai_kw06_bing_000063.jpg,cha_phonlamai,kw06,th,bing,False,0.6303,bottle,0.2883,cha_thai,0.9765,False,review
cha_phonlamai_kw06_bing_000064.jpg,cha_phonlamai,kw06,th,bing,False,0.9999,object,0.0,cha_thai,0.6291,False,review
cha_phonlamai_kw06_bing_000065.jpg,cha_phonlamai,kw06,th,bing,False,0.9999,object,0.0001,cha_nom_khai_muk,0.9867,False,review
cha_phonlamai_kw06_bing_000068.jpg,cha_phonlamai,kw06,th,bing,False,0.8188,object,0.0865,cha_dam_yen,0.6107,False,review
cha_phonlamai_kw06_bing_000069.jpg,cha_phonlamai,kw06,th,bing,False,0.8377,bottle,0.1389,cha_thai,0.9964,False,review
cha_phonlamai_kw06_bing_000070.jpg,cha_phonlamai,kw06,th,bing,False,0.696,bottle,0.3016,cha_thai,0.9607,False,review
cha_phonlamai_kw06_bing_000073.jpg,cha_phonlamai,kw06,th,bing,False,0.8351,bottle,0.1463,cha_khiao_nom,0.9246,False,review
cha_phonlamai_kw06_bing_000074.jpg,cha_phonlamai,kw06,th,bing,False,1.0,object,0.0,cha_dam_yen,0.4647,False,review
cha_phonlamai_kw06_bing_000075.jpg,cha_phonlamai,kw06,th,bing,False,0.0,food,0.9966,cha_thai,0.3938,False,auto_reject
cha_phonlamai_kw06_bing_000076.jpg,cha_phonlamai,kw06,th,bing,False,0.0028,text,0.5505,cha_nom_khai_muk,0.3795,False,auto_reject
cha_phonlamai_kw06_bing_000079.jpg,cha_phonlamai,kw06,th,bing,False,0.9982,object,0.0011,cha_thai,0.9279,False,review
cha_phonlamai_kw06_bing_000080.webp,cha_phonlamai,kw06,th,bing,False,0.9997,object,0.0001,cha_khiao_nom,0.9879,False,review
cha_phonlamai_kw06_bing_000081.jpg,cha_phonlamai,kw06,th,bing,False,0.9983,bottle,0.0008,cha_khiao_nom,0.6113,False,review
cha_phonlamai_kw06_bing_000084.webp,cha_phonlamai,kw06,th,bing,False,0.991,bottle,0.0068,cha_thai,0.667,False,review
cha_phonlamai_kw06_bing_000085.jpg,cha_phonlamai,kw06,th,bing,False,0.7329,text,0.2081,cha_dam_yen,0.7451,False,review
cha_phonlamai_kw06_bing_000086.jpg,cha_phonlamai,kw06,th,bing,False,0.0011,text,0.7677,cha_nom_khai_muk,0.3299,False,auto_reject
cha_phonlamai_kw06_bing_000087.jpg,cha_phonlamai,kw06,th,bing,False,0.0007,food,0.9806,cha_dam_yen,0.6396,False,auto_reject
cha_phonlamai_kw06_bing_000090.jpg,cha_phonlamai,kw06,th,bing,False,0.8548,food,0.0911,cha_dam_yen,0.6259,False,review
cha_phonlamai_kw06_bing_000093.jpg,cha_phonlamai,kw06,th,bing,False,0.1046,text,0.3742,cha_thai,0.6759,False,auto_reject
cha_phonlamai_kw06_bing_000094.jpg,cha_phonlamai,kw06,th,bing,False,0.2766,bottle,0.5477,cha_dam_yen,0.9605,False,review
cha_phonlamai_kw06_bing_000097.jpg,cha_phonlamai,kw06,th,bing,False,0.9945,bottle,0.0048,cha_nom_khai_muk,0.8718,False,review
cha_phonlamai_kw06_bing_000101.png,cha_phonlamai,kw06,th,bing,False,0.9953,object,0.0041,cha_dam_yen,0.6456,False,review
cha_phonlamai_kw06_bing_000102.jpg,cha_phonlamai,kw06,th,bing,False,0.0007,scenery,0.747,cha_thai,0.9297,False,auto_reject
cha_phonlamai_kw06_bing_000104.jpg,cha_phonlamai,kw06,th,bing,False,0.003,scenery,0.816,cha_thai,0.9759,False,auto_reject
cha_phonlamai_kw06_bing_000107.jpg,cha_phonlamai,kw06,th,bing,False,0.0007,logo,0.6273,cha_nom_khai_muk,0.5259,False,auto_reject
cha_phonlamai_kw06_bing_000109.jpg,cha_phonlamai,kw06,th,bing,False,0.0328,logo,0.6402,cha_nom_khai_muk,0.6725,False,auto_reject
cha_phonlamai_kw06_bing_000110.jpg,cha_phonlamai,kw06,th,bing,False,0.0001,object,0.7001,cha_dam_yen,0.9398,False,auto_reject
cha_phonlamai_kw07_bing_000000.webp,cha_phonlamai,kw07,th,bing,False,0.6226,bottle,0.3746,cha_dam_yen,0.7187,False,review
cha_phonlamai_kw07_bing_000001.webp,cha_phonlamai,kw07,th,bing,False,0.3623,bottle,0.4743,cha_dam_yen,0.7907,False,review
cha_phonlamai_kw07_bing_000002.jpg,cha_phonlamai,kw07,th,bing,False,0.9998,object,0.0001,cha_nom_khai_muk,0.4083,False,review
cha_phonlamai_kw07_bing_000003.jpg,cha_phonlamai,kw07,th,bing,False,0.999,object,0.0006,cha_phonlamai,0.6751,True,auto_keep
cha_phonlamai_kw07_bing_000004.jpg,cha_phonlamai,kw07,th,bing,False,0.9935,bottle,0.0063,cha_dam_yen,0.8678,False,review
cha_phonlamai_kw07_bing_000005.webp,cha_phonlamai,kw07,th,bing,False,0.0006,bottle,0.9908,cha_dam_yen,0.9124,False,auto_reject
cha_phonlamai_kw07_bing_000007.webp,cha_phonlamai,kw07,th,bing,False,0.9998,bottle,0.0001,cha_dam_yen,0.8294,False,review
cha_phonlamai_kw07_bing_000008.jpg,cha_phonlamai,kw07,th,bing,False,0.9504,bottle,0.0425,cha_dam_yen,0.9208,False,review
cha_phonlamai_kw07_bing_000010.jpg,cha_phonlamai,kw07,th,bing,False,0.9995,object,0.0004,cha_phonlamai,0.9835,True,auto_keep
cha_phonlamai_kw07_bing_000011.jpg,cha_phonlamai,kw07,th,bing,False,0.9978,bottle,0.0012,cha_thai,0.9472,False,review
cha_phonlamai_kw07_bing_000013.jpg,cha_phonlamai,kw07,th,bing,False,0.1378,bottle,0.7934,cha_dam_yen,0.9944,False,auto_reject
cha_phonlamai_kw07_bing_000014.jpg,cha_phonlamai,kw07,th,bing,False,0.0167,bottle,0.4477,cha_nom_khai_muk,0.7237,False,auto_reject
cha_phonlamai_kw07_bing_000015.jpg,cha_phonlamai,kw07,th,bing,False,0.9681,leaves,0.0212,cha_dam_yen,0.7522,False,review
cha_phonlamai_kw07_bing_000016.jpg,cha_phonlamai,kw07,th,bing,False,0.1748,text,0.524,cha_khiao_nom,0.9991,False,review
cha_phonlamai_kw07_bing_000017.jpg,cha_phonlamai,kw07,th,bing,False,0.0,bottle,0.9853,cha_dam_yen,0.7245,False,auto_reject
cha_phonlamai_kw07_bing_000019.jpg,cha_phonlamai,kw07,th,bing,False,0.9859,text,0.01,cha_nom_khai_muk,0.5201,False,review
cha_phonlamai_kw07_bing_000021.jpg,cha_phonlamai,kw07,th,bing,False,0.9913,bottle,0.0085,cha_dam_yen,0.5925,False,review
cha_phonlamai_kw07_bing_000022.jpg,cha_phonlamai,kw07,th,bing,False,0.9938,bottle,0.0059,cha_dam_yen,0.928,False,review
cha_phonlamai_kw07_bing_000023.webp,cha_phonlamai,kw07,th,bing,False,0.999,bottle,0.0008,cha_phonlamai,0.7008,True,auto_keep
cha_phonlamai_kw07_bing_000024.jpg,cha_phonlamai,kw07,th,bing,False,0.0031,leaves,0.9966,cha_dam_yen,0.9667,False,auto_reject
cha_phonlamai_kw07_bing_000026.jpg,cha_phonlamai,kw07,th,bing,False,0.9984,bottle,0.0012,cha_phonlamai,0.9448,True,auto_keep
cha_phonlamai_kw07_bing_000027.jpg,cha_phonlamai,kw07,th,bing,False,0.4833,leaves,0.3517,cha_dam_yen,0.9308,False,review
cha_phonlamai_kw07_bing_000028.jpg,cha_phonlamai,kw07,th,bing,False,0.2666,bottle,0.3327,cha_dam_yen,0.6311,False,review
cha_phonlamai_kw07_bing_000029.jpg,cha_phonlamai,kw07,th,bing,False,0.9161,bottle,0.0413,cha_dam_yen,0.9743,False,review
cha_phonlamai_kw07_bing_000030.jpg,cha_phonlamai,kw07,th,bing,False,0.4413,bottle,0.2688,cha_dam_yen,0.9803,False,review
cha_phonlamai_kw07_bing_000032.webp,cha_phonlamai,kw07,th,bing,False,1.0,bottle,0.0,cha_khiao_nom,0.8501,False,review
cha_phonlamai_kw07_bing_000033.jpg,cha_phonlamai,kw07,th,bing,False,0.9742,bottle,0.0255,cha_dam_yen,0.7977,False,review
cha_phonlamai_kw07_bing_000034.jpg,cha_phonlamai,kw07,th,bing,False,0.9996,object,0.0002,cha_nom_khai_muk,0.4899,False,review
cha_phonlamai_kw07_bing_000037.webp,cha_phonlamai,kw07,th,bing,False,0.9998,object,0.0002,cha_khiao_nom,0.9968,False,review
cha_phonlamai_kw07_bing_000039.jpg,cha_phonlamai,kw07,th,bing,False,0.8908,bottle,0.1066,cha_phonlamai,0.9917,True,auto_keep
cha_phonlamai_kw07_bing_000040.jpg,cha_phonlamai,kw07,th,bing,False,1.0,object,0.0,cha_thai,0.7944,False,review
cha_phonlamai_kw07_bing_000041.jpg,cha_phonlamai,kw07,th,bing,False,0.9934,object,0.0034,cha_thai,0.5498,False,review
cha_phonlamai_kw07_bing_000042.jpg,cha_phonlamai,kw07,th,bing,False,0.9994,object,0.0005,cha_thai,0.8171,False,review
cha_phonlamai_kw07_bing_000045.jpg,cha_phonlamai,kw07,th,bing,False,0.5425,bottle,0.3506,cha_dam_yen,0.5487,False,review
cha_phonlamai_kw07_bing_000046.jpg,cha_phonlamai,kw07,th,bing,False,1.0,bottle,0.0,cha_thai,0.915,False,review
cha_phonlamai_kw07_bing_000047.jpg,cha_phonlamai,kw07,th,bing,False,0.563,bottle,0.3788,cha_dam_yen,0.925,False,review
cha_phonlamai_kw07_bing_000048.jpg,cha_phonlamai,kw07,th,bing,False,0.2784,bottle,0.4887,cha_dam_yen,0.4848,False,review
cha_phonlamai_kw07_bing_000049.webp,cha_phonlamai,kw07,th,bing,False,0.9615,text,0.0163,cha_khiao_nom,0.9258,False,review
cha_phonlamai_kw07_bing_000050.png,cha_phonlamai,kw07,th,bing,False,0.9978,bottle,0.0018,cha_phonlamai,0.9909,True,auto_keep
cha_phonlamai_kw07_bing_000051.webp,cha_phonlamai,kw07,th,bing,False,0.3711,bottle,0.5037,cha_phonlamai,0.8129,True,review
cha_phonlamai_kw07_bing_000053.webp,cha_phonlamai,kw07,th,bing,False,0.9998,bottle,0.0001,cha_nom_khai_muk,0.9855,False,review
cha_phonlamai_kw07_bing_000055.jpg,cha_phonlamai,kw07,th,bing,False,0.0,text,0.9427,cha_nom_khai_muk,0.9472,False,auto_reject
cha_phonlamai_kw07_bing_000056.jpg,cha_phonlamai,kw07,th,bing,False,0.8042,text,0.1005,cha_dam_yen,0.9366,False,review
cha_phonlamai_kw07_bing_000057.jpg,cha_phonlamai,kw07,th,bing,False,0.9549,bottle,0.045,cha_phonlamai,0.9789,True,auto_keep
cha_phonlamai_kw07_bing_000058.webp,cha_phonlamai,kw07,th,bing,False,0.9997,object,0.0002,cha_nom_khai_muk,0.6196,False,review
cha_phonlamai_kw07_bing_000060.jpg,cha_phonlamai,kw07,th,bing,False,0.0229,object,0.9021,cha_dam_yen,0.9996,False,auto_reject
cha_phonlamai_kw07_bing_000061.jpg,cha_phonlamai,kw07,th,bing,False,0.0,food,0.9999,cha_phonlamai,0.9997,True,auto_reject
cha_phonlamai_kw07_bing_000062.jpg,cha_phonlamai,kw07,th,bing,False,0.9985,bottle,0.0013,cha_phonlamai,1.0,True,auto_keep
cha_phonlamai_kw07_bing_000064.jpg,cha_phonlamai,kw07,th,bing,False,0.0004,bottle,0.991,cha_dam_yen,0.7584,False,auto_reject
cha_phonlamai_kw07_bing_000065.webp,cha_phonlamai,kw07,th,bing,False,0.9996,bottle,0.0003,cha_khiao_nom,0.9907,False,review
cha_phonlamai_kw07_bing_000069.jpg,cha_phonlamai,kw07,th,bing,False,1.0,bottle,0.0,cha_thai,0.9708,False,review
cha_phonlamai_kw07_bing_000070.webp,cha_phonlamai,kw07,th,bing,False,0.4954,bottle,0.2879,cha_phonlamai,0.9989,True,review
cha_phonlamai_kw07_bing_000071.jpg,cha_phonlamai,kw07,th,bing,False,0.6437,object,0.2431,cha_thai,0.8241,False,review
cha_phonlamai_kw07_bing_000072.jpg,cha_phonlamai,kw07,th,bing,False,0.9189,object,0.0799,cha_thai,0.9872,False,review
cha_phonlamai_kw07_bing_000075.webp,cha_phonlamai,kw07,th,bing,False,0.0059,bottle,0.4269,cha_phonlamai,0.431,True,auto_reject
cha_phonlamai_kw07_bing_000077.jpg,cha_phonlamai,kw07,th,bing,False,0.0002,bottle,0.979,cha_phonlamai,0.9997,True,auto_reject
cha_phonlamai_kw07_bing_000078.jpg,cha_phonlamai,kw07,th,bing,False,0.7829,bottle,0.1946,cha_phonlamai,0.5701,True,auto_keep
cha_phonlamai_kw07_bing_000080.jpg,cha_phonlamai,kw07,th,bing,False,0.9983,object,0.0016,cha_thai,0.9252,False,review
cha_phonlamai_kw07_bing_000081.jpg,cha_phonlamai,kw07,th,bing,False,0.9997,object,0.0003,cha_thai,0.9298,False,review
cha_phonlamai_kw07_bing_000083.jpg,cha_phonlamai,kw07,th,bing,False,0.8537,object,0.1342,cha_nom_khai_muk,0.761,False,review
cha_phonlamai_kw07_bing_000084.webp,cha_phonlamai,kw07,th,bing,False,0.0042,food,0.8485,cha_phonlamai,0.9885,True,auto_reject
cha_phonlamai_kw07_bing_000086.jpg,cha_phonlamai,kw07,th,bing,False,0.6836,object,0.2866,cha_nom_khai_muk,0.5195,False,review
cha_phonlamai_kw07_bing_000087.jpg,cha_phonlamai,kw07,th,bing,False,0.0005,food,0.7977,cha_phonlamai,0.9973,True,auto_reject
cha_phonlamai_kw07_bing_000088.jpg,cha_phonlamai,kw07,th,bing,False,0.0001,object,0.6089,cha_phonlamai,0.9995,True,auto_reject
cha_phonlamai_kw07_bing_000089.webp,cha_phonlamai,kw07,th,bing,False,0.9926,object,0.0072,cha_khiao_nom,0.6481,False,review
cha_phonlamai_kw07_bing_000091.jpg,cha_phonlamai,kw07,th,bing,False,0.4876,object,0.4366,cha_nom_khai_muk,0.613,False,review
cha_phonlamai_kw07_bing_000092.jpg,cha_phonlamai,kw07,th,bing,False,0.9981,bottle,0.0016,cha_thai,0.6981,False,review
cha_phonlamai_kw07_bing_000095.jpg,cha_phonlamai,kw07,th,bing,False,0.9995,bottle,0.0004,cha_phonlamai,0.5682,True,auto_keep
cha_phonlamai_kw07_bing_000098.webp,cha_phonlamai,kw07,th,bing,False,0.0003,text,0.9954,cha_nom_khai_muk,0.4987,False,auto_reject
cha_phonlamai_kw07_bing_000101.jpg,cha_phonlamai,kw07,th,bing,False,0.0016,bottle,0.9983,cha_dam_yen,0.6336,False,auto_reject
cha_phonlamai_kw07_bing_000102.webp,cha_phonlamai,kw07,th,bing,False,0.1342,object,0.4547,cha_dam_yen,0.7013,False,auto_reject
cha_phonlamai_kw07_bing_000103.jpg,cha_phonlamai,kw07,th,bing,False,0.9999,object,0.0001,cha_thai,0.9652,False,review
cha_phonlamai_kw07_bing_000104.jpg,cha_phonlamai,kw07,th,bing,False,0.0335,bottle,0.7874,cha_khiao_nom,0.91,False,auto_reject
cha_phonlamai_kw07_bing_000105.webp,cha_phonlamai,kw07,th,bing,False,1.0,bottle,0.0,cha_thai,0.7695,False,review
