filename,decision,reason
cha_thai_kw02_bing_000070.jpg,reject,junk_or_text
cha_thai_kw04_bing_000057.webp,keep,
cha_thai_kw01_bing_000113.webp,reject,junk_or_text
cha_thai_kw01_bing_000078.jpg,reject,junk_or_text
cha_thai_kw04_baidu_000042.jpg,reject,junk_or_text
cha_thai_kw00_bing_000048.jpg,keep,
cha_thai_kw02_bing_000014.jpg,reject,junk_or_text
cha_thai_kw02_bing_000068.jpg,reject,junk_or_text
cha_thai_kw03_baidu_000023.jpg,reject,junk_or_text
cha_thai_kw00_bing_000067.jpg,reject,junk_or_text
cha_thai_kw01_bing_000091.jpg,reject,junk_or_text
cha_thai_kw04_bing_000006.jpg,reject,junk_or_text
cha_thai_kw04_baidu_000022.jpg,reject,junk_or_text
cha_thai_kw01_bing_000146.webp,reject,junk_or_text
cha_thai_kw01_bing_000118.jpg,reject,junk_or_text
cha_thai_kw02_bing_000071.jpg,reject,junk_or_text
cha_thai_kw02_bing_000055.webp,reject,junk_or_text
cha_thai_kw02_bing_000086.png,reject,junk_or_text
cha_thai_kw03_bing_000102.jpg,reject,junk_or_text
cha_thai_kw02_bing_000090.jpg,reject,junk_or_text
cha_thai_kw02_bing_000072.jpg,reject,junk_or_text
cha_thai_kw01_bing_000053.jpg,reject,junk_or_text
cha_thai_kw01_bing_000025.webp,reject,junk_or_text
cha_thai_kw00_bing_000061.jpg,reject,junk_or_text
cha_thai_kw00_bing_000036.webp,reject,junk_or_text
cha_thai_kw03_baidu_000048.jpg,reject,junk_or_text
cha_thai_kw04_baidu_000046.jpg,reject,junk_or_text
cha_thai_kw02_bing_000019.jpg,reject,junk_or_text
cha_thai_kw01_bing_000015.jpg,reject,junk_or_text
cha_thai_kw02_bing_000100.png,reject,junk_or_text
cha_thai_kw02_bing_000032.jpg,reject,junk_or_text
cha_thai_kw03_bing_000022.jpg,keep,
cha_thai_kw01_bing_000100.jpg,reject,junk_or_text
cha_thai_kw02_bing_000036.jpg,reject,junk_or_text
cha_thai_kw03_baidu_000043.jpg,reject,junk_or_text
cha_thai_kw04_bing_000047.jpg,reject,junk_or_text
cha_thai_kw04_baidu_000041.jpg,reject,junk_or_text
cha_thai_kw04_baidu_000027.jpg,reject,junk_or_text
cha_thai_kw02_bing_000003.jpg,reject,junk_or_text
cha_thai_kw01_bing_000039.webp,reject,junk_or_text
cha_thai_kw04_baidu_000023.jpg,reject,junk_or_text
cha_thai_kw02_bing_000017.jpg,reject,junk_or_text
cha_thai_kw03_bing_000101.jpg,reject,junk_or_text
cha_thai_kw03_baidu_000045.jpg,reject,junk_or_text
cha_thai_kw02_bing_000005.jpg,reject,junk_or_text
cha_thai_kw02_bing_000044.webp,reject,junk_or_text
cha_thai_kw03_baidu_000047.jpg,reject,junk_or_text
cha_thai_kw02_bing_000002.jpg,reject,junk_or_text
cha_thai_kw03_baidu_000014.jpg,reject,junk_or_mixed_or_ambiguous
cha_thai_kw01_bing_000099.jpg,reject,junk_or_mixed_or_ambiguous
cha_thai_kw04_bing_000014.png,reject,junk_or_mixed_or_ambiguous
cha_thai_kw01_bing_000034.jpg,reject,junk_or_mixed_or_ambiguous
cha_thai_kw04_baidu_000003.jpg,reject,junk_or_mixed_or_ambiguous
cha_thai_kw02_bing_000054.jpg,reject,junk_or_mixed_or_ambiguous
cha_thai_kw00_bing_000044.webp,keep,
cha_thai_kw00_bing_000058.webp,reject,junk_or_mixed_or_ambiguous
cha_thai_kw03_bing_000081.png,reject,junk_or_mixed_or_ambiguous
cha_thai_kw04_bing_000085.jpg,reject,junk_or_mixed_or_ambiguous
cha_thai_kw00_bing_000019.jpg,reject,junk_or_mixed_or_ambiguous
cha_thai_kw04_bing_000069.jpg,reject,junk_or_mixed_or_ambiguous
cha_thai_kw03_bing_000039.jpg,keep,
cha_thai_kw03_baidu_000030.jpg,reject,junk_or_mixed_or_ambiguous
cha_thai_kw04_baidu_000048.jpg,reject,junk_or_mixed_or_ambiguous
cha_thai_kw00_bing_000034.webp,reject,junk_or_mixed_or_ambiguous
cha_thai_kw04_baidu_000036.jpg,reject,junk_or_mixed_or_ambiguous
cha_thai_kw02_bing_000059.jpg,reject,junk_or_mixed_or_ambiguous
cha_thai_kw00_bing_000040.webp,keep,
cha_thai_kw04_bing_000045.jpg,reject,junk_or_mixed_or_ambiguous
cha_thai_kw03_baidu_000021.jpg,reject,junk_or_mixed_or_ambiguous
cha_thai_kw00_bing_000056.webp,reject,junk_or_mixed_or_ambiguous
cha_thai_kw01_bing_000096.jpg,reject,junk_or_mixed_or_ambiguous
cha_thai_kw03_bing_000079.jpg,reject,junk_or_mixed_or_ambiguous
cha_thai_kw03_bing_000096.jpg,reject,junk_or_mixed_or_ambiguous
cha_thai_kw01_bing_000079.jpg,reject,junk_or_mixed_or_ambiguous
cha_thai_kw01_bing_000087.jpg,reject,junk_or_mixed_or_ambiguous
cha_thai_kw04_baidu_000014.jpg,reject,junk_or_mixed_or_ambiguous
cha_thai_kw01_bing_000033.jpg,keep,
cha_thai_kw04_baidu_000004.jpg,reject,junk_or_mixed_or_ambiguous
cha_thai_kw02_bing_000045.webp,reject,junk_or_mixed_or_ambiguous
cha_thai_kw02_bing_000061.webp,keep,
cha_thai_kw03_baidu_000037.png,reject,junk_or_mixed_or_ambiguous
cha_thai_kw03_bing_000072.jpg,reject,junk_or_mixed_or_ambiguous
cha_thai_kw03_bing_000082.jpg,reject,junk_or_mixed_or_ambiguous
cha_thai_kw02_bing_000016.jpg,reject,junk_or_mixed_or_ambiguous
cha_thai_kw03_baidu_000044.jpg,reject,junk_or_mixed_or_ambiguous
cha_thai_kw02_bing_000015.jpg,reject,junk_or_mixed_or_ambiguous
cha_thai_kw01_bing_000064.jpg,reject,junk_or_mixed_or_ambiguous
cha_thai_kw00_bing_000039.jpg,reject,junk_or_mixed_or_ambiguous
cha_thai_kw01_bing_000088.jpg,reject,junk_or_mixed_or_ambiguous
cha_thai_kw02_bing_000010.png,reject,junk_or_mixed_or_ambiguous
cha_thai_kw04_bing_000061.jpg,reject,junk_or_mixed_or_ambiguous
cha_thai_kw03_baidu_000008.jpg,reject,junk_or_mixed_or_ambiguous
cha_thai_kw03_baidu_000027.jpg,reject,junk_or_mixed_or_ambiguous
cha_thai_kw03_baidu_000038.jpg,keep,
cha_thai_kw03_baidu_000011.jpg,reject,junk_or_mixed_or_ambiguous
cha_thai_kw02_bing_000103.jpg,reject,junk_or_mixed_or_ambiguous
cha_thai_kw03_bing_000049.jpg,keep,
cha_thai_kw03_bing_000017.jpg,keep,
cha_thai_kw01_bing_000086.jpg,reject,junk_or_mixed_or_ambiguous
cha_thai_kw04_bing_000066.png,reject,junk_or_mixed_or_ambiguous
cha_thai_kw03_baidu_000006.jpg,reject,junk_or_mixed_or_ambiguous
cha_thai_kw04_baidu_000040.jpg,reject,junk_or_mixed_or_ambiguous
cha_thai_kw03_baidu_000046.jpg,reject,junk_or_mixed_or_ambiguous
cha_thai_kw01_bing_000092.jpg,reject,junk_or_mixed_or_ambiguous
cha_thai_kw04_baidu_000010.jpg,reject,junk_or_mixed_or_ambiguous
cha_thai_kw03_bing_000035.jpg,reject,junk_or_mixed_or_ambiguous
cha_thai_kw03_bing_000012.jpg,reject,junk_or_mixed_or_ambiguous
cha_thai_kw03_bing_000070.png,keep,
cha_thai_kw00_bing_000051.jpg,reject,junk_or_mixed_or_ambiguous
cha_thai_kw02_bing_000001.jpg,keep,
cha_thai_kw03_baidu_000018.jpg,reject,junk_or_mixed_or_ambiguous
cha_thai_kw00_bing_000032.jpg,keep,
cha_thai_kw02_bing_000039.jpg,keep,
cha_thai_kw02_bing_000092.png,reject,junk_or_mixed_or_ambiguous
cha_thai_kw03_baidu_000035.jpg,reject,junk_or_mixed_or_ambiguous
cha_thai_kw01_bing_000077.jpg,reject,junk_or_mixed_or_ambiguous
cha_thai_kw00_bing_000008.webp,keep,
cha_thai_kw04_bing_000063.jpg,reject,junk_or_mixed_or_ambiguous
cha_thai_kw00_bing_000079.jpg,reject,junk_or_mixed_or_ambiguous
cha_thai_kw03_bing_000065.jpg,keep,
cha_thai_kw04_baidu_000029.jpg,reject,junk_or_mixed_or_ambiguous
cha_thai_kw00_bing_000063.jpg,reject,junk_or_mixed_or_ambiguous
cha_thai_kw03_baidu_000025.jpg,reject,junk_or_mixed_or_ambiguous
cha_thai_kw00_bing_000026.jpg,keep,
cha_thai_kw01_bing_000066.jpg,reject,junk_or_mixed_or_ambiguous
cha_thai_kw02_bing_000052.jpg,reject,junk_or_mixed_or_ambiguous
cha_thai_kw03_bing_000046.jpg,reject,junk_or_mixed_or_ambiguous
cha_thai_kw01_bing_000041.jpg,reject,junk_or_mixed_or_ambiguous
cha_thai_kw01_bing_000028.jpg,reject,junk_or_mixed_or_ambiguous
cha_thai_kw03_baidu_000036.jpg,keep,
cha_thai_kw02_bing_000000.jpg,keep,
cha_thai_kw00_bing_000009.jpg,reject,junk_or_mixed_or_ambiguous
cha_thai_kw03_baidu_000029.jpg,reject,junk_or_mixed_or_ambiguous
cha_thai_kw01_bing_000072.jpg,reject,junk_or_mixed_or_ambiguous
cha_thai_kw03_baidu_000026.jpg,reject,junk_or_mixed_or_ambiguous
cha_thai_kw01_bing_000065.jpg,reject,junk_or_mixed_or_ambiguous
cha_thai_kw02_bing_000056.jpg,keep,
cha_thai_kw03_baidu_000028.jpg,keep,
cha_thai_kw01_bing_000062.jpg,reject,junk_or_mixed_or_ambiguous
cha_thai_kw00_bing_000062.jpg,keep,
cha_thai_kw03_baidu_000032.jpg,keep,
cha_thai_kw03_baidu_000017.jpg,reject,junk_or_mixed_or_ambiguous
cha_thai_kw00_bing_000047.jpg,reject,junk_or_mixed_or_ambiguous
cha_thai_kw04_bing_000042.jpg,keep,
cha_thai_kw03_baidu_000003.jpg,keep,
cha_thai_kw00_bing_000006.png,reject,junk_or_mixed_or_ambiguous
cha_thai_kw01_bing_000074.jpg,reject,junk_or_mixed_or_ambiguous
cha_thai_kw03_bing_000004.jpg,reject,junk_or_mixed_or_ambiguous
cha_thai_kw04_baidu_000044.jpg,reject,junk_or_mixed_or_ambiguous
cha_thai_kw03_bing_000010.jpg,keep,
cha_thai_kw03_bing_000014.jpg,keep,
cha_thai_kw04_baidu_000037.jpg,reject,junk_or_mixed_or_ambiguous
cha_thai_kw03_bing_000032.jpg,reject,junk_or_mixed_or_ambiguous
cha_thai_kw03_bing_000034.jpg,reject,junk_or_mixed_or_ambiguous
cha_thai_kw00_bing_000041.webp,reject,junk_or_mixed_or_ambiguous
cha_thai_kw03_bing_000099.jpg,reject,junk_or_mixed_or_ambiguous
cha_thai_kw02_bing_000034.jpg,reject,junk_or_mixed_or_ambiguous
cha_thai_kw03_bing_000083.jpg,keep,
cha_thai_kw04_bing_000096.jpg,reject,junk_or_mixed_or_ambiguous
cha_thai_kw00_bing_000030.jpg,keep,
cha_thai_kw03_baidu_000049.jpg,reject,junk_or_mixed_or_ambiguous
cha_thai_kw04_bing_000001.jpg,reject,junk_or_mixed_or_ambiguous
cha_thai_kw04_bing_000003.jpg,keep,
cha_thai_kw04_bing_000004.jpg,reject,junk_or_mixed_or_ambiguous
cha_thai_kw04_bing_000005.jpg,keep,
cha_thai_kw04_bing_000046.jpg,reject,junk_or_mixed_or_ambiguous
cha_thai_kw04_baidu_000039.jpg,reject,junk_or_mixed_or_ambiguous
cha_thai_kw04_bing_000068.jpg,reject,junk_or_mixed_or_ambiguous
cha_thai_kw04_bing_000075.jpg,reject,junk_or_mixed_or_ambiguous
cha_thai_kw00_bing_000013.jpg,reject,junk_or_mixed_or_ambiguous
cha_thai_kw04_bing_000025.jpg,keep,
cha_thai_kw00_bing_000042.jpg,reject,junk_or_mixed_or_ambiguous
cha_thai_kw00_bing_000014.jpg,keep,
cha_thai_kw00_bing_000028.webp,keep,
cha_thai_kw04_bing_000028.jpg,reject,junk_or_mixed_or_ambiguous
cha_thai_kw04_bing_000029.jpg,keep,
cha_thai_kw04_bing_000030.jpg,reject,junk_or_mixed_or_ambiguous
cha_thai_kw00_bing_000029.jpg,keep,
cha_thai_kw00_bing_000031.jpg,keep,
cha_thai_kw04_baidu_000024.jpg,keep,
cha_thai_kw03_baidu_000024.jpg,keep,
cha_thai_kw01_bing_000019.jpg,reject,junk_or_mixed_or_ambiguous
cha_thai_kw01_bing_000090.webp,reject,junk_or_mixed_or_ambiguous
cha_thai_kw03_bing_000076.jpg,keep,
cha_thai_kw01_bing_000094.jpg,reject,junk_or_mixed_or_ambiguous
cha_thai_kw03_bing_000071.jpg,reject,junk_or_mixed_or_ambiguous
cha_thai_kw03_bing_000064.jpg,keep,
cha_thai_kw01_bing_000098.jpg,reject,junk_or_mixed_or_ambiguous
cha_thai_kw03_bing_000042.jpg,keep,
cha_thai_kw03_bing_000041.jpg,reject,junk_or_mixed_or_ambiguous
cha_thai_kw03_bing_000086.jpg,keep,
cha_thai_kw03_bing_000040.jpg,reject,junk_or_mixed_or_ambiguous
cha_thai_kw03_bing_000030.jpg,keep,
cha_thai_kw03_bing_000023.jpg,keep,
cha_thai_kw03_bing_000019.jpg,keep,
cha_thai_kw03_bing_000013.jpg,keep,
cha_thai_kw03_bing_000009.jpg,reject,junk_or_mixed_or_ambiguous
cha_thai_kw03_bing_000007.jpg,reject,junk_or_mixed_or_ambiguous
cha_thai_kw02_bing_000108.jpg,reject,junk_or_mixed_or_ambiguous
cha_thai_kw02_bing_000035.jpg,reject,junk_or_mixed_or_ambiguous
cha_thai_kw01_bing_000102.jpg,reject,junk_or_mixed_or_ambiguous
cha_thai_kw01_bing_000011.jpg,reject,junk_or_mixed_or_ambiguous
cha_thai_kw03_bing_000091.png,keep,
cha_thai_kw03_bing_000094.jpg,reject,junk_or_mixed_or_ambiguous
cha_thai_kw01_bing_000023.jpg,reject,junk_or_mixed_or_ambiguous
cha_thai_kw01_bing_000027.jpg,keep,
cha_thai_kw03_baidu_000041.jpg,keep,
cha_thai_kw03_baidu_000040.jpg,reject,junk_or_mixed_or_ambiguous
cha_thai_kw01_bing_000032.jpg,keep,
cha_thai_kw03_baidu_000034.jpg,reject,junk_or_mixed_or_ambiguous
cha_thai_kw03_baidu_000031.jpg,keep,
cha_thai_kw01_bing_000055.jpg,reject,junk_or_mixed_or_ambiguous
cha_thai_kw03_bing_000093.jpg,keep,
cha_thai_kw01_bing_000060.jpg,reject,junk_or_mixed_or_ambiguous
cha_thai_kw01_bing_000061.jpg,reject,junk_or_mixed_or_ambiguous
cha_thai_kw03_baidu_000013.jpg,keep,
cha_thai_kw03_baidu_000009.jpg,reject,junk_or_mixed_or_ambiguous
cha_thai_kw03_baidu_000007.jpg,keep,
cha_thai_kw03_baidu_000004.jpg,keep,
cha_thai_kw03_baidu_000002.jpg,keep,
cha_thai_kw03_bing_000098.jpg,reject,junk_or_mixed_or_ambiguous
cha_thai_kw03_bing_000095.jpg,reject,junk_or_mixed_or_ambiguous
cha_thai_kw03_baidu_000022.jpg,reject,junk_or_mixed_or_ambiguous
cha_thai_kw00_bing_000000.jpg,keep,
cha_thai_kw03_baidu_000019.jpg,reject,junk_or_mixed_or_ambiguous
cha_thai_kw03_baidu_000016.jpg,reject,junk_or_mixed_or_ambiguous
cha_thai_kw03_bing_000080.jpg,reject,junk_or_mixed_or_ambiguous
cha_thai_kw03_baidu_000050.jpg,reject,junk_or_mixed_or_ambiguous
cha_thai_kw04_bing_000056.jpg,keep,
cha_thai_kw03_bing_000087.jpg,reject,junk_or_mixed_or_ambiguous
cha_thai_kw02_bing_000025.jpg,reject,junk_or_mixed_or_ambiguous
cha_thai_kw04_bing_000010.jpg,reject,junk_or_mixed_or_ambiguous
cha_thai_kw04_bing_000044.jpg,keep,
cha_thai_kw00_bing_000027.jpg,reject,junk_or_mixed_or_ambiguous
cha_thai_kw01_bing_000052.webp,reject,junk_or_mixed_or_ambiguous
cha_thai_kw00_bing_000045.webp,reject,junk_or_mixed_or_ambiguous
cha_thai_kw04_bing_000082.jpg,keep,
cha_thai_kw03_bing_000078.png,keep,
cha_thai_kw04_bing_000074.jpg,reject,junk_or_mixed_or_ambiguous
cha_thai_kw04_baidu_000015.jpg,reject,junk_or_mixed_or_ambiguous
cha_thai_kw04_bing_000087.jpg,reject,junk_or_mixed_or_ambiguous
cha_thai_kw01_bing_000068.jpg,reject,junk_or_mixed_or_ambiguous
cha_thai_kw04_bing_000067.jpg,reject,junk_or_mixed_or_ambiguous
cha_thai_kw00_bing_000003.jpg,reject,junk_or_mixed_or_ambiguous
cha_thai_kw04_bing_000086.jpg,reject,junk_or_mixed_or_ambiguous
cha_thai_kw03_bing_000031.jpg,keep,
cha_thai_kw01_bing_000026.jpg,keep,
cha_thai_kw04_bing_000077.jpg,keep,
cha_thai_kw01_bing_000036.jpg,reject,junk_or_mixed_or_ambiguous
cha_thai_kw04_bing_000064.jpg,reject,junk_or_mixed_or_ambiguous
cha_thai_kw00_bing_000069.webp,reject,junk_or_mixed_or_ambiguous
cha_thai_kw04_bing_000051.jpg,keep,
cha_thai_kw00_bing_000033.webp,reject,junk_or_mixed_or_ambiguous
cha_thai_kw03_bing_000033.jpg,keep,
cha_thai_kw01_bing_000089.jpg,reject,junk_or_mixed_or_ambiguous
cha_thai_kw03_bing_000085.jpg,reject,junk_or_mixed_or_ambiguous
cha_thai_kw02_bing_000040.webp,reject,junk_or_mixed_or_ambiguous
cha_thai_kw04_baidu_000018.jpg,reject,junk_or_mixed_or_ambiguous
cha_thai_kw01_bing_000005.jpg,reject,junk_or_mixed_or_ambiguous
cha_thai_kw03_bing_000077.jpg,keep,
cha_thai_kw03_bing_000044.jpg,keep,
cha_thai_kw01_bing_000009.jpg,reject,junk_or_mixed_or_ambiguous
cha_thai_kw01_bing_000050.jpg,reject,junk_or_mixed_or_ambiguous
cha_thai_kw01_bing_000054.jpg,reject,junk_or_mixed_or_ambiguous
cha_thai_kw04_bing_000071.webp,keep,
cha_thai_kw00_bing_000025.jpg,reject,junk_or_mixed_or_ambiguous
cha_thai_kw03_bing_000028.jpg,keep,
cha_thai_kw03_bing_000045.jpg,keep,
cha_thai_kw04_baidu_000030.jpg,reject,junk_or_mixed_or_ambiguous
cha_thai_kw03_bing_000062.jpg,keep,
cha_thai_kw03_baidu_000052.jpg,reject,junk_or_mixed_or_ambiguous
cha_thai_kw04_baidu_000033.png,reject,junk_or_mixed_or_ambiguous
cha_thai_kw04_bing_000023.jpg,keep,
cha_thai_kw04_baidu_000020.jpg,keep,
cha_thai_kw04_baidu_000002.jpg,reject,junk_or_mixed_or_ambiguous
cha_thai_kw02_bing_000018.jpg,reject,junk_or_mixed_or_ambiguous
cha_thai_kw03_baidu_000020.jpg,reject,junk_or_mixed_or_ambiguous
cha_thai_kw03_baidu_000015.jpg,keep,
cha_thai_kw01_bing_000018.jpg,keep,
cha_thai_kw01_bing_000016.jpg,keep,
cha_thai_kw01_bing_000030.jpg,reject,junk_or_mixed_or_ambiguous
cha_thai_kw02_bing_000048.jpg,reject,junk_or_mixed_or_ambiguous
cha_thai_kw03_baidu_000051.jpg,reject,junk_or_mixed_or_ambiguous
cha_thai_kw02_bing_000024.webp,keep,
cha_thai_kw03_bing_000084.jpg,keep,
cha_thai_kw00_bing_000053.png,keep,
cha_thai_kw01_bing_000001.jpg,keep,
cha_thai_kw03_bing_000027.jpg,reject,junk_or_mixed_or_ambiguous
cha_thai_kw01_bing_000010.jpg,reject,junk_or_mixed_or_ambiguous
cha_thai_kw00_bing_000060.webp,reject,junk_or_mixed_or_ambiguous
cha_thai_kw04_bing_000013.jpg,keep,
cha_thai_kw04_bing_000026.jpg,keep,
cha_thai_kw03_bing_000015.jpg,keep,
cha_thai_kw01_bing_000051.jpg,keep,
cha_thai_kw02_bing_000085.webp,reject,junk_or_mixed_or_ambiguous
cha_thai_kw00_bing_000022.png,reject,junk_or_mixed_or_ambiguous
cha_thai_kw03_bing_000047.jpg,reject,junk_or_mixed_or_ambiguous
cha_thai_kw03_baidu_000033.jpg,keep,
cha_thai_kw03_bing_000073.jpg,reject,junk_or_mixed_or_ambiguous
cha_thai_kw00_bing_000057.jpg,reject,junk_or_mixed_or_ambiguous
cha_thai_kw04_bing_000033.png,keep,
cha_thai_kw01_bing_000120.jpg,reject,junk_or_mixed_or_ambiguous
cha_thai_kw00_bing_000011.jpg,keep,
cha_thai_kw01_bing_000131.jpg,reject,junk_or_mixed_or_ambiguous
cha_thai_kw04_baidu_000047.jpg,keep,
cha_thai_kw03_bing_000097.jpg,keep,
cha_thai_kw03_bing_000061.jpg,reject,junk_or_mixed_or_ambiguous
cha_thai_kw03_bing_000059.jpg,keep,
cha_thai_kw03_bing_000054.jpg,keep,
cha_thai_kw03_bing_000088.png,reject,junk_or_mixed_or_ambiguous
cha_thai_kw04_baidu_000056.jpg,reject,junk_or_mixed_or_ambiguous
cha_thai_kw01_bing_000008.jpg,reject,junk_or_mixed_or_ambiguous
cha_thai_kw00_bing_000043.jpg,reject,junk_or_mixed_or_ambiguous
cha_thai_kw03_bing_000074.jpg,keep,
cha_thai_kw04_bing_000008.jpg,keep,
cha_thai_kw04_bing_000007.jpg,keep,
cha_thai_kw04_bing_000020.jpg,keep,
cha_thai_kw03_baidu_000039.jpg,keep,
cha_thai_kw04_bing_000039.jpg,keep,
cha_thai_kw04_bing_000040.jpg,keep,
cha_thai_kw03_baidu_000005.jpg,keep,
cha_thai_kw02_bing_000007.jpg,keep,
cha_thai_kw03_bing_000075.jpg,keep,
cha_thai_kw00_bing_000055.png,keep,
cha_thai_kw00_bing_000054.webp,keep,
cha_thai_kw03_bing_000053.jpg,reject,junk_or_mixed_or_ambiguous
cha_thai_kw04_bing_000016.jpg,keep,
cha_thai_kw03_bing_000036.jpg,keep,
cha_thai_kw03_bing_000026.jpg,reject,junk_or_mixed_or_ambiguous
cha_thai_kw03_bing_000020.jpg,keep,
cha_thai_kw03_bing_000043.jpg,keep,
cha_thai_kw03_bing_000048.jpg,keep,
cha_thai_kw03_bing_000038.jpg,keep,
cha_thai_kw04_baidu_000005.jpg,reject,junk_or_mixed_or_ambiguous
cha_thai_kw00_bing_000010.jpg,keep,
cha_thai_kw00_bing_000007.png,keep,
cha_thai_kw00_bing_000004.webp,reject,junk_or_mixed_or_ambiguous
cha_thai_kw04_bing_000036.jpg,keep,
cha_thai_kw01_bing_000002.jpg,keep,
cha_thai_kw04_bing_000032.jpg,keep,
cha_thai_kw01_bing_000003.jpg,keep,
cha_thai_kw04_baidu_000045.jpg,keep,
cha_thai_kw04_bing_000024.png,reject,junk_or_mixed_or_ambiguous
cha_thai_kw01_bing_000004.jpg,keep,
cha_thai_kw04_bing_000018.jpg,keep,
cha_thai_kw00_bing_000002.jpg,keep,
cha_thai_kw04_bing_000017.jpg,reject,junk_or_mixed_or_ambiguous
cha_thai_kw04_bing_000031.jpg,keep,
cha_thai_kw04_bing_000041.jpg,keep,
cha_thai_kw04_bing_000048.jpg,keep,
cha_thai_kw00_bing_000139.jpg,keep,
cha_thai_kw04_baidu_000006.jpg,keep,
cha_thai_kw00_bing_000016.jpg,keep,
cha_thai_kw00_bing_000017.jpg,keep,
cha_thai_kw00_bing_000021.jpg,keep,
cha_thai_kw00_bing_000024.png,keep,
cha_thai_kw00_bing_000038.jpg,keep,
cha_thai_kw04_baidu_000011.jpg,reject,junk_or_mixed_or_ambiguous
cha_thai_kw00_bing_000015.jpg,keep,
cha_thai_kw04_bing_000065.jpg,keep,
cha_thai_kw00_bing_000071.jpg,reject,junk_or_mixed_or_ambiguous
cha_thai_kw00_bing_000012.jpg,keep,
cha_thai_kw04_bing_000062.jpg,reject,junk_or_mixed_or_ambiguous
cha_thai_kw00_bing_000138.jpg,keep,
cha_thai_kw04_bing_000055.jpg,keep,
cha_thai_kw04_bing_000054.jpg,reject,junk_or_mixed_or_ambiguous
cha_thai_kw01_bing_000000.jpg,keep,
cha_thai_kw03_bing_000024.jpg,reject,junk_or_mixed_or_ambiguous
cha_thai_kw01_bing_000012.jpg,reject,junk_or_mixed_or_ambiguous
cha_thai_kw01_bing_000007.jpg,reject,junk_or_mixed_or_ambiguous
cha_thai_kw03_bing_000063.jpg,keep,
cha_thai_kw03_bing_000001.jpg,keep,
cha_thai_kw03_bing_000002.jpg,reject,junk_or_mixed_or_ambiguous
cha_thai_kw03_bing_000003.jpg,keep,
cha_thai_kw03_bing_000058.jpg,keep,
cha_thai_kw03_bing_000057.jpg,keep,
cha_thai_kw03_bing_000055.jpg,keep,
cha_thai_kw03_bing_000005.jpg,keep,
cha_thai_kw03_bing_000069.jpg,keep,
cha_thai_kw03_bing_000051.jpg,keep,
cha_thai_kw03_bing_000008.jpg,keep,
cha_thai_kw03_bing_000011.jpg,reject,junk_or_mixed_or_ambiguous
cha_thai_kw03_bing_000037.jpg,keep,
cha_thai_kw03_bing_000016.jpg,keep,
cha_thai_kw04_baidu_000049.jpg,reject,junk_or_mixed_or_ambiguous
cha_thai_kw03_bing_000029.png,keep,
cha_thai_kw03_bing_000018.jpg,reject,junk_or_mixed_or_ambiguous
cha_thai_kw03_bing_000025.jpg,keep,
cha_thai_kw03_bing_000006.jpg,reject,junk_or_mixed_or_ambiguous
cha_thai_kw04_bing_000015.jpg,keep,
cha_thai_kw03_bing_000000.jpg,keep,
cha_thai_kw02_bing_000026.jpg,keep,
cha_thai_kw04_bing_000009.jpg,keep,
cha_thai_kw04_bing_000000.jpg,keep,
cha_thai_kw03_bing_000021.jpg,reject,junk_or_mixed_or_ambiguous
cha_thai_kw01_bing_000017.jpg,keep,
cha_thai_kw01_bing_000020.jpg,reject,junk_or_mixed_or_ambiguous
cha_thai_kw01_bing_000021.jpg,keep,
cha_thai_kw01_bing_000029.jpg,keep,
cha_thai_kw01_bing_000048.jpg,keep,
cha_thai_kw02_bing_000028.jpg,keep,
cha_thai_kw01_bing_000056.jpg,reject,junk_or_mixed_or_ambiguous
cha_thai_kw03_baidu_000012.jpg,keep,
cha_thai_kw03_baidu_000010.jpg,keep,
cha_thai_kw03_baidu_000001.jpg,keep,
cha_thai_kw01_bing_000084.jpg,reject,junk_or_mixed_or_ambiguous
cha_thai_kw02_bing_000004.jpg,keep,
cha_thai_kw02_bing_000006.jpg,keep,
cha_thai_kw02_bing_000011.jpg,keep,
cha_thai_kw02_bing_000013.jpg,keep,
cha_thai_kw01_bing_000069.jpg,reject,junk_or_mixed_or_ambiguous
cha_thai_kw00_bing_000001.jpg,reject,junk_or_mixed_or_ambiguous
cha_dam_yen_kw04_baidu_000006.jpg,reject,junk_or_mixed_or_ambiguous
cha_dam_yen_kw04_bing_000067.jpg,reject,junk_or_mixed_or_ambiguous
cha_dam_yen_kw00_bing_000069.jpg,reject,junk_or_mixed_or_ambiguous
cha_dam_yen_kw00_bing_000114.jpg,reject,junk_or_mixed_or_ambiguous
cha_dam_yen_kw04_bing_000110.jpg,reject,junk_or_mixed_or_ambiguous
cha_dam_yen_kw02_bing_000023.jpg,reject,junk_or_mixed_or_ambiguous
cha_dam_yen_kw01_bing_000020.jpg,reject,junk_or_mixed_or_ambiguous
cha_dam_yen_kw04_baidu_000049.jpg,reject,junk_or_mixed_or_ambiguous
cha_dam_yen_kw04_bing_000102.jpg,reject,junk_or_mixed_or_ambiguous
cha_dam_yen_kw02_bing_000002.jpg,reject,junk_or_mixed_or_ambiguous
cha_dam_yen_kw04_baidu_000004.jpg,reject,junk_or_mixed_or_ambiguous
cha_dam_yen_kw02_bing_000047.jpg,reject,junk_or_mixed_or_ambiguous
cha_dam_yen_kw03_baidu_000013.jpg,reject,junk_or_mixed_or_ambiguous
cha_dam_yen_kw01_bing_000069.jpg,reject,junk_or_mixed_or_ambiguous
cha_dam_yen_kw02_bing_000029.jpg,reject,junk_or_mixed_or_ambiguous
cha_dam_yen_kw04_bing_000096.png,reject,junk_or_mixed_or_ambiguous
cha_dam_yen_kw02_bing_000056.webp,reject,junk_or_mixed_or_ambiguous
cha_dam_yen_kw04_bing_000112.jpg,reject,junk_or_mixed_or_ambiguous
cha_dam_yen_kw04_bing_000101.png,reject,junk_or_mixed_or_ambiguous
cha_dam_yen_kw01_bing_000052.jpg,reject,junk_or_mixed_or_ambiguous
cha_dam_yen_kw02_bing_000084.jpg,reject,junk_or_mixed_or_ambiguous
cha_dam_yen_kw04_bing_000111.jpg,reject,junk_or_mixed_or_ambiguous
cha_dam_yen_kw04_bing_000026.jpg,reject,junk_or_mixed_or_ambiguous
cha_dam_yen_kw02_bing_000061.jpg,reject,junk_or_mixed_or_ambiguous
cha_dam_yen_kw03_bing_000062.jpg,reject,junk_or_mixed_or_ambiguous
cha_dam_yen_kw02_bing_000030.webp,reject,junk_or_mixed_or_ambiguous
cha_dam_yen_kw04_baidu_000038.jpg,reject,junk_or_mixed_or_ambiguous
cha_dam_yen_kw04_bing_000087.jpg,reject,junk_or_mixed_or_ambiguous
cha_dam_yen_kw02_bing_000018.jpg,reject,junk_or_mixed_or_ambiguous
cha_dam_yen_kw02_bing_000088.jpg,reject,junk_or_mixed_or_ambiguous
cha_dam_yen_kw02_bing_000049.webp,reject,junk_or_mixed_or_ambiguous
cha_dam_yen_kw02_bing_000072.jpg,reject,junk_or_mixed_or_ambiguous
cha_dam_yen_kw04_bing_000073.jpg,reject,junk_or_mixed_or_ambiguous
cha_dam_yen_kw03_baidu_000010.jpg,relabel:cha_khiao_nom,wrong_class
cha_dam_yen_kw03_baidu_000045.jpg,relabel:cha_khiao_nom,wrong_class
cha_dam_yen_kw00_bing_000047.jpg,reject,junk_or_mixed_or_ambiguous
cha_dam_yen_kw04_bing_000084.jpg,reject,junk_or_mixed_or_ambiguous
cha_dam_yen_kw02_bing_000089.jpg,reject,junk_or_mixed_or_ambiguous
cha_dam_yen_kw04_baidu_000054.png,reject,junk_or_mixed_or_ambiguous
cha_dam_yen_kw03_bing_000018.jpg,relabel:cha_thai,wrong_class
cha_dam_yen_kw04_baidu_000047.jpg,reject,junk_or_mixed_or_ambiguous
cha_dam_yen_kw04_baidu_000026.jpg,reject,junk_or_mixed_or_ambiguous
cha_dam_yen_kw03_bing_000060.jpg,reject,junk_or_mixed_or_ambiguous
cha_dam_yen_kw03_bing_000088.png,relabel:cha_thai,wrong_class
cha_dam_yen_kw03_bing_000070.jpg,relabel:cha_thai,wrong_class
cha_dam_yen_kw03_baidu_000036.jpg,reject,junk_or_mixed_or_ambiguous
cha_dam_yen_kw00_bing_000010.jpg,keep,
cha_dam_yen_kw00_bing_000014.jpg,keep,
cha_dam_yen_kw03_bing_000002.jpg,keep,
cha_dam_yen_kw03_baidu_000053.jpg,reject,junk_or_mixed_or_ambiguous
cha_dam_yen_kw04_bing_000082.jpg,reject,junk_or_mixed_or_ambiguous
cha_dam_yen_kw02_bing_000078.jpg,reject,junk_or_mixed_or_ambiguous
cha_dam_yen_kw01_bing_000017.jpg,reject,junk_or_mixed_or_ambiguous
cha_dam_yen_kw03_bing_000001.jpg,keep,
cha_dam_yen_kw03_baidu_000031.jpg,reject,junk_or_mixed_or_ambiguous
cha_dam_yen_kw03_bing_000050.jpg,reject,junk_or_mixed_or_ambiguous
cha_dam_yen_kw00_bing_000093.jpg,reject,junk_or_mixed_or_ambiguous
cha_dam_yen_kw04_baidu_000030.jpg,reject,junk_or_mixed_or_ambiguous
cha_dam_yen_kw03_bing_000069.jpg,relabel:cha_thai,wrong_class
cha_dam_yen_kw04_bing_000080.png,reject,junk_or_mixed_or_ambiguous
cha_dam_yen_kw04_bing_000094.jpg,reject,junk_or_mixed_or_ambiguous
cha_dam_yen_kw03_bing_000092.jpg,reject,junk_or_mixed_or_ambiguous
cha_dam_yen_kw03_baidu_000001.jpg,reject,junk_or_mixed_or_ambiguous
cha_dam_yen_kw01_bing_000043.jpg,reject,junk_or_mixed_or_ambiguous
cha_dam_yen_kw03_bing_000065.jpg,keep,
cha_dam_yen_kw01_bing_000061.jpg,reject,junk_or_mixed_or_ambiguous
cha_dam_yen_kw04_baidu_000013.jpg,relabel:cha_khiao_nom,wrong_class
cha_dam_yen_kw00_bing_000101.jpg,reject,junk_or_mixed_or_ambiguous
cha_dam_yen_kw03_baidu_000030.jpg,keep,
cha_dam_yen_kw03_baidu_000050.jpg,reject,junk_or_mixed_or_ambiguous
cha_dam_yen_kw04_baidu_000027.jpg,reject,junk_or_mixed_or_ambiguous
cha_dam_yen_kw04_bing_000091.jpg,reject,junk_or_mixed_or_ambiguous
cha_dam_yen_kw01_bing_000082.jpg,reject,junk_or_mixed_or_ambiguous
cha_dam_yen_kw03_baidu_000056.jpg,reject,junk_or_mixed_or_ambiguous
cha_dam_yen_kw04_baidu_000023.jpg,reject,junk_or_mixed_or_ambiguous
cha_dam_yen_kw00_bing_000073.jpg,reject,junk_or_mixed_or_ambiguous
cha_dam_yen_kw01_bing_000049.png,reject,junk_or_mixed_or_ambiguous
cha_dam_yen_kw04_bing_000036.jpg,reject,junk_or_mixed_or_ambiguous
cha_dam_yen_kw00_bing_000024.jpg,reject,junk_or_mixed_or_ambiguous
cha_dam_yen_kw03_baidu_000024.jpg,reject,junk_or_mixed_or_ambiguous
cha_dam_yen_kw02_bing_000064.jpg,reject,junk_or_mixed_or_ambiguous
cha_dam_yen_kw04_baidu_000007.jpg,reject,junk_or_mixed_or_ambiguous
cha_dam_yen_kw04_baidu_000029.jpg,reject,junk_or_mixed_or_ambiguous
cha_dam_yen_kw03_bing_000029.jpg,reject,junk_or_mixed_or_ambiguous
cha_dam_yen_kw04_baidu_000050.jpg,reject,junk_or_mixed_or_ambiguous
cha_dam_yen_kw03_baidu_000016.jpg,reject,junk_or_mixed_or_ambiguous
cha_dam_yen_kw03_baidu_000025.jpg,reject,junk_or_mixed_or_ambiguous
cha_dam_yen_kw04_bing_000020.jpg,reject,junk_or_mixed_or_ambiguous
cha_dam_yen_kw01_bing_000023.png,keep,
cha_dam_yen_kw04_baidu_000005.jpg,reject,junk_or_mixed_or_ambiguous
cha_dam_yen_kw01_bing_000060.jpg,reject,junk_or_mixed_or_ambiguous
cha_dam_yen_kw04_bing_000057.jpg,relabel:cha_thai,wrong_class
cha_dam_yen_kw01_bing_000048.jpg,reject,junk_or_mixed_or_ambiguous
cha_dam_yen_kw02_bing_000069.jpg,relabel:cha_phonlamai,wrong_class
cha_dam_yen_kw04_baidu_000057.png,reject,junk_or_mixed_or_ambiguous
cha_dam_yen_kw03_bing_000054.jpg,reject,junk_or_mixed_or_ambiguous
cha_dam_yen_kw03_baidu_000005.jpg,reject,junk_or_mixed_or_ambiguous
cha_dam_yen_kw03_bing_000058.png,relabel:cha_thai,wrong_class
cha_dam_yen_kw03_bing_000032.webp,relabel:cha_thai,wrong_class
cha_dam_yen_kw02_bing_000077.jpg,reject,junk_or_mixed_or_ambiguous
cha_dam_yen_kw03_bing_000011.jpg,relabel:cha_thai,wrong_class
cha_dam_yen_kw03_bing_000044.jpg,relabel:cha_thai,wrong_class
cha_dam_yen_kw02_bing_000033.webp,relabel:cha_thai,wrong_class
cha_dam_yen_kw02_bing_000083.jpg,reject,junk_or_mixed_or_ambiguous
cha_dam_yen_kw04_baidu_000014.jpg,reject,junk_or_mixed_or_ambiguous
cha_dam_yen_kw02_bing_000057.jpg,reject,junk_or_mixed_or_ambiguous
cha_dam_yen_kw03_baidu_000003.jpg,keep,
cha_dam_yen_kw00_bing_000079.jpg,relabel:cha_thai,wrong_class
cha_dam_yen_kw04_baidu_000003.jpg,reject,junk_or_mixed_or_ambiguous
cha_dam_yen_kw03_bing_000016.jpg,relabel:cha_thai,wrong_class
cha_dam_yen_kw00_bing_000105.jpg,reject,junk_or_mixed_or_ambiguous
cha_dam_yen_kw00_bing_000124.jpg,keep,
cha_dam_yen_kw02_bing_000052.jpg,relabel:cha_thai,wrong_class
cha_dam_yen_kw03_bing_000008.jpg,keep,
cha_dam_yen_kw00_bing_000070.jpg,reject,junk_or_mixed_or_ambiguous
cha_dam_yen_kw04_baidu_000028.jpg,reject,junk_or_mixed_or_ambiguous
cha_dam_yen_kw02_bing_000074.jpg,reject,junk_or_mixed_or_ambiguous
cha_dam_yen_kw02_bing_000073.jpg,relabel:cha_thai,wrong_class
cha_dam_yen_kw04_baidu_000032.jpg,reject,junk_or_mixed_or_ambiguous
cha_dam_yen_kw04_baidu_000033.jpg,reject,junk_or_mixed_or_ambiguous
cha_dam_yen_kw04_baidu_000035.jpg,reject,junk_or_mixed_or_ambiguous
cha_dam_yen_kw04_baidu_000037.jpg,reject,junk_or_mixed_or_ambiguous
cha_dam_yen_kw00_bing_000062.jpg,keep,
cha_dam_yen_kw04_baidu_000041.jpg,relabel:cha_khiao_nom,wrong_class
cha_dam_yen_kw04_baidu_000042.jpg,reject,junk_or_mixed_or_ambiguous
cha_dam_yen_kw00_bing_000040.png,reject,junk_or_mixed_or_ambiguous
cha_dam_yen_kw02_bing_000060.jpg,reject,junk_or_mixed_or_ambiguous
cha_dam_yen_kw02_bing_000071.webp,reject,junk_or_mixed_or_ambiguous
cha_dam_yen_kw02_bing_000070.jpg,reject,junk_or_mixed_or_ambiguous
cha_dam_yen_kw01_bing_000006.jpg,reject,junk_or_mixed_or_ambiguous
cha_dam_yen_kw01_bing_000010.jpg,reject,junk_or_mixed_or_ambiguous
cha_dam_yen_kw03_bing_000020.jpg,reject,junk_or_mixed_or_ambiguous
cha_dam_yen_kw04_bing_000092.jpg,reject,junk_or_mixed_or_ambiguous
cha_dam_yen_kw03_bing_000091.jpg,relabel:cha_thai,wrong_class
cha_dam_yen_kw03_baidu_000021.jpg,relabel:cha_thai,wrong_class
cha_dam_yen_kw03_bing_000089.webp,relabel:cha_thai,wrong_class
cha_dam_yen_kw01_bing_000063.jpg,reject,junk_or_mixed_or_ambiguous
cha_dam_yen_kw03_bing_000082.jpg,reject,junk_or_mixed_or_ambiguous
cha_dam_yen_kw03_bing_000077.jpg,relabel:cha_khiao_nom,wrong_class
cha_dam_yen_kw03_baidu_000032.jpg,reject,junk_or_mixed_or_ambiguous
cha_dam_yen_kw03_bing_000076.jpg,reject,junk_or_mixed_or_ambiguous
cha_dam_yen_kw03_bing_000072.jpg,reject,junk_or_mixed_or_ambiguous
cha_dam_yen_kw03_bing_000071.jpg,relabel:cha_thai,wrong_class
cha_dam_yen_kw04_baidu_000056.jpg,reject,junk_or_mixed_or_ambiguous
cha_dam_yen_kw03_baidu_000051.jpg,reject,junk_or_mixed_or_ambiguous
cha_dam_yen_kw03_baidu_000052.jpg,reject,junk_or_mixed_or_ambiguous
cha_dam_yen_kw01_bing_000093.jpg,reject,junk_or_mixed_or_ambiguous
cha_dam_yen_kw01_bing_000084.jpg,reject,junk_or_mixed_or_ambiguous
cha_dam_yen_kw04_bing_000005.webp,keep,
cha_dam_yen_kw03_bing_000041.jpg,relabel:cha_thai,wrong_class
cha_dam_yen_kw04_bing_000039.jpg,keep,
cha_dam_yen_kw04_bing_000041.jpg,reject,junk_or_mixed_or_ambiguous
cha_dam_yen_kw04_bing_000056.jpg,reject,junk_or_mixed_or_ambiguous
cha_dam_yen_kw03_bing_000038.jpg,reject,junk_or_mixed_or_ambiguous
cha_dam_yen_kw01_bing_000034.jpg,reject,junk_or_mixed_or_ambiguous
cha_dam_yen_kw01_bing_000027.jpg,reject,junk_or_mixed_or_ambiguous
cha_dam_yen_kw04_bing_000078.jpg,relabel:cha_thai,wrong_class
cha_dam_yen_kw03_bing_000037.jpg,relabel:cha_thai,wrong_class
cha_dam_yen_kw03_bing_000036.jpg,reject,junk_or_mixed_or_ambiguous
cha_dam_yen_kw04_bing_000083.jpg,relabel:cha_thai,wrong_class
cha_dam_yen_kw03_bing_000028.jpg,reject,junk_or_mixed_or_ambiguous
cha_dam_yen_kw03_baidu_000055.jpg,relabel:cha_thai,wrong_class
cha_dam_yen_kw03_baidu_000042.jpg,reject,junk_or_mixed_or_ambiguous
cha_dam_yen_kw00_bing_000029.jpg,reject,junk_or_mixed_or_ambiguous
cha_dam_yen_kw01_bing_000091.jpg,reject,junk_or_mixed_or_ambiguous
cha_dam_yen_kw00_bing_000033.jpg,reject,junk_or_mixed_or_ambiguous
cha_dam_yen_kw03_baidu_000034.jpg,reject,junk_or_mixed_or_ambiguous
cha_dam_yen_kw00_bing_000048.jpg,reject,junk_or_mixed_or_ambiguous
cha_dam_yen_kw01_bing_000103.jpg,reject,junk_or_mixed_or_ambiguous
cha_dam_yen_kw04_bing_000043.jpg,reject,junk_or_mixed_or_ambiguous
cha_dam_yen_kw00_bing_000002.png,reject,junk_or_mixed_or_ambiguous
cha_dam_yen_kw00_bing_000032.jpg,reject,junk_or_mixed_or_ambiguous
cha_dam_yen_kw04_baidu_000040.jpg,keep,
cha_dam_yen_kw02_bing_000006.webp,reject,junk_or_mixed_or_ambiguous
cha_dam_yen_kw03_bing_000098.jpg,reject,junk_or_mixed_or_ambiguous
cha_dam_yen_kw04_baidu_000053.jpg,keep,
cha_dam_yen_kw03_bing_000074.jpg,reject,junk_or_mixed_or_ambiguous
cha_dam_yen_kw00_bing_000042.jpg,reject,junk_or_mixed_or_ambiguous
cha_dam_yen_kw00_bing_000038.jpg,reject,junk_or_mixed_or_ambiguous
cha_dam_yen_kw01_bing_000089.jpg,reject,junk_or_mixed_or_ambiguous
cha_dam_yen_kw00_bing_000009.jpg,reject,junk_or_mixed_or_ambiguous
cha_dam_yen_kw04_bing_000075.jpg,reject,junk_or_mixed_or_ambiguous
cha_dam_yen_kw02_bing_000000.jpg,reject,junk_or_mixed_or_ambiguous
cha_dam_yen_kw01_bing_000076.jpg,reject,junk_or_mixed_or_ambiguous
cha_dam_yen_kw04_baidu_000015.jpg,reject,junk_or_mixed_or_ambiguous
cha_dam_yen_kw00_bing_000001.jpg,reject,junk_or_mixed_or_ambiguous
cha_dam_yen_kw03_baidu_000028.jpg,reject,junk_or_mixed_or_ambiguous
cha_dam_yen_kw00_bing_000012.jpg,reject,junk_or_mixed_or_ambiguous
cha_dam_yen_kw03_bing_000035.jpg,reject,junk_or_mixed_or_ambiguous
cha_dam_yen_kw00_bing_000020.jpg,reject,junk_or_mixed_or_ambiguous
cha_dam_yen_kw04_bing_000113.jpg,reject,junk_or_mixed_or_ambiguous
cha_dam_yen_kw03_bing_000063.jpg,reject,junk_or_mixed_or_ambiguous
cha_dam_yen_kw04_bing_000064.jpg,reject,junk_or_mixed_or_ambiguous
cha_dam_yen_kw00_bing_000005.jpg,reject,junk_or_mixed_or_ambiguous
cha_dam_yen_kw03_bing_000081.png,reject,junk_or_mixed_or_ambiguous
cha_dam_yen_kw00_bing_000039.jpg,reject,junk_or_mixed_or_ambiguous
cha_dam_yen_kw03_bing_000022.jpg,reject,junk_or_mixed_or_ambiguous
cha_dam_yen_kw01_bing_000064.jpg,reject,junk_or_mixed_or_ambiguous
cha_dam_yen_kw04_baidu_000048.jpg,reject,junk_or_mixed_or_ambiguous
cha_dam_yen_kw04_bing_000071.jpg,reject,junk_or_mixed_or_ambiguous
cha_dam_yen_kw00_bing_000023.jpg,reject,junk_or_mixed_or_ambiguous
cha_dam_yen_kw04_bing_000008.jpg,keep,
cha_dam_yen_kw00_bing_000036.jpg,keep,
cha_dam_yen_kw01_bing_000056.jpg,reject,junk_or_mixed_or_ambiguous
cha_dam_yen_kw03_bing_000013.jpg,reject,junk_or_mixed_or_ambiguous
cha_dam_yen_kw03_bing_000086.jpg,relabel:cha_thai,wrong_class
cha_dam_yen_kw03_bing_000068.png,reject,junk_or_mixed_or_ambiguous
cha_dam_yen_kw03_baidu_000009.jpg,reject,junk_or_mixed_or_ambiguous
cha_dam_yen_kw00_bing_000019.jpg,reject,junk_or_mixed_or_ambiguous
cha_dam_yen_kw03_bing_000039.jpg,keep,
cha_dam_yen_kw02_bing_000048.jpg,reject,junk_or_mixed_or_ambiguous
cha_dam_yen_kw04_baidu_000021.jpg,keep,
cha_dam_yen_kw00_bing_000025.png,reject,junk_or_mixed_or_ambiguous
cha_dam_yen_kw03_bing_000024.jpg,reject,junk_or_mixed_or_ambiguous
cha_dam_yen_kw02_bing_000005.jpg,reject,junk_or_mixed_or_ambiguous
cha_dam_yen_kw01_bing_000026.png,reject,junk_or_mixed_or_ambiguous
cha_dam_yen_kw03_bing_000021.jpg,relabel:cha_thai,wrong_class
cha_dam_yen_kw04_bing_000034.webp,reject,junk_or_mixed_or_ambiguous
cha_dam_yen_kw04_bing_000035.jpg,keep,
cha_dam_yen_kw00_bing_000022.jpg,reject,junk_or_mixed_or_ambiguous
cha_dam_yen_kw04_baidu_000036.jpg,keep,
cha_dam_yen_kw04_bing_000053.jpg,reject,junk_or_mixed_or_ambiguous
cha_dam_yen_kw03_baidu_000049.jpg,keep,
cha_dam_yen_kw04_baidu_000025.jpg,reject,junk_or_mixed_or_ambiguous
cha_dam_yen_kw04_bing_000015.png,keep,
cha_dam_yen_kw04_baidu_000051.jpg,reject,junk_or_mixed_or_ambiguous
cha_dam_yen_kw01_bing_000081.jpg,keep,
cha_dam_yen_kw00_bing_000044.jpg,keep,
cha_dam_yen_kw03_bing_000064.jpg,keep,
cha_dam_yen_kw03_bing_000087.jpg,reject,junk_or_mixed_or_ambiguous
cha_dam_yen_kw03_bing_000083.jpg,keep,
cha_dam_yen_kw00_bing_000035.jpg,reject,junk_or_mixed_or_ambiguous
cha_dam_yen_kw02_bing_000038.jpg,keep,
cha_dam_yen_kw04_bing_000030.jpg,reject,junk_or_mixed_or_ambiguous
cha_dam_yen_kw00_bing_000006.jpg,keep,
cha_dam_yen_kw03_bing_000053.jpg,reject,junk_or_mixed_or_ambiguous
cha_dam_yen_kw04_bing_000049.jpg,reject,junk_or_mixed_or_ambiguous
cha_dam_yen_kw00_bing_000007.jpg,reject,junk_or_mixed_or_ambiguous
cha_dam_yen_kw01_bing_000051.jpg,reject,junk_or_mixed_or_ambiguous
cha_dam_yen_kw04_baidu_000011.jpg,reject,junk_or_mixed_or_ambiguous
cha_dam_yen_kw00_bing_000003.jpg,reject,junk_or_mixed_or_ambiguous
cha_dam_yen_kw04_bing_000044.jpg,reject,junk_or_mixed_or_ambiguous
cha_dam_yen_kw01_bing_000080.jpg,reject,junk_or_mixed_or_ambiguous
cha_dam_yen_kw03_bing_000000.jpg,keep,
cha_dam_yen_kw03_baidu_000041.jpg,reject,junk_or_mixed_or_ambiguous
cha_dam_yen_kw03_bing_000009.jpg,reject,junk_or_mixed_or_ambiguous
cha_dam_yen_kw03_bing_000006.jpg,keep,
cha_dam_yen_kw04_baidu_000010.jpg,reject,junk_or_mixed_or_ambiguous
cha_dam_yen_kw03_baidu_000039.jpg,reject,junk_or_mixed_or_ambiguous
cha_dam_yen_kw00_bing_000072.jpg,keep,
cha_dam_yen_kw03_baidu_000046.jpg,keep,
cha_dam_yen_kw04_baidu_000024.jpg,reject,junk_or_mixed_or_ambiguous
cha_dam_yen_kw04_bing_000003.jpg,reject,junk_or_mixed_or_ambiguous
cha_dam_yen_kw04_baidu_000044.jpg,reject,junk_or_mixed_or_ambiguous
cha_dam_yen_kw00_bing_000015.jpg,keep,
cha_dam_yen_kw04_baidu_000017.jpg,reject,junk_or_mixed_or_ambiguous
cha_dam_yen_kw04_bing_000018.jpg,reject,junk_or_mixed_or_ambiguous
cha_dam_yen_kw04_baidu_000043.jpg,keep,
cha_dam_yen_kw04_baidu_000009.jpg,reject,junk_or_mixed_or_ambiguous
cha_dam_yen_kw00_bing_000017.jpg,keep,
cha_dam_yen_kw04_bing_000037.png,reject,junk_or_mixed_or_ambiguous
cha_dam_yen_kw04_baidu_000046.jpg,reject,junk_or_mixed_or_ambiguous
cha_dam_yen_kw03_baidu_000040.jpg,reject,junk_or_mixed_or_ambiguous
cha_dam_yen_kw04_baidu_000055.jpg,reject,junk_or_mixed_or_ambiguous
cha_dam_yen_kw00_bing_000034.png,keep,
cha_dam_yen_kw00_bing_000031.jpg,keep,
cha_dam_yen_kw00_bing_000037.jpg,keep,
cha_dam_yen_kw03_bing_000025.jpg,reject,junk_or_mixed_or_ambiguous
cha_dam_yen_kw03_bing_000007.jpg,keep,
cha_dam_yen_kw03_bing_000099.jpg,keep,
cha_dam_yen_kw03_bing_000033.jpg,reject,junk_or_mixed_or_ambiguous
cha_dam_yen_kw03_baidu_000004.jpg,reject,junk_or_mixed_or_ambiguous
cha_dam_yen_kw01_bing_000002.jpg,keep,
cha_dam_yen_kw03_baidu_000011.jpg,reject,junk_or_mixed_or_ambiguous
cha_dam_yen_kw03_bing_000051.jpg,reject,junk_or_mixed_or_ambiguous
cha_dam_yen_kw03_bing_000005.jpg,keep,
cha_dam_yen_kw04_bing_000060.jpg,reject,junk_or_mixed_or_ambiguous
cha_dam_yen_kw04_bing_000061.jpg,reject,junk_or_mixed_or_ambiguous
cha_dam_yen_kw04_bing_000058.jpg,reject,junk_or_mixed_or_ambiguous
cha_dam_yen_kw03_bing_000031.jpg,reject,junk_or_mixed_or_ambiguous
cha_dam_yen_kw04_bing_000072.jpg,reject,junk_or_mixed_or_ambiguous
cha_dam_yen_kw03_bing_000012.jpg,reject,junk_or_mixed_or_ambiguous
cha_dam_yen_kw04_baidu_000008.jpg,keep,
cha_dam_yen_kw03_bing_000010.jpg,reject,junk_or_mixed_or_ambiguous
cha_dam_yen_kw03_baidu_000015.jpg,keep,
cha_dam_yen_kw04_baidu_000016.jpg,reject,junk_or_mixed_or_ambiguous
cha_dam_yen_kw04_bing_000055.webp,reject,junk_or_mixed_or_ambiguous
cha_dam_yen_kw04_baidu_000019.jpg,reject,junk_or_mixed_or_ambiguous
cha_dam_yen_kw04_baidu_000020.jpg,reject,junk_or_mixed_or_ambiguous
cha_dam_yen_kw02_bing_000043.jpg,keep,
cha_dam_yen_kw01_bing_000078.webp,reject,junk_or_mixed_or_ambiguous
cha_dam_yen_kw04_baidu_000031.jpg,reject,junk_or_mixed_or_ambiguous
cha_dam_yen_kw04_baidu_000034.jpg,keep,
cha_dam_yen_kw00_bing_000060.jpg,keep,
cha_dam_yen_kw01_bing_000057.jpg,reject,junk_or_mixed_or_ambiguous
cha_dam_yen_kw01_bing_000042.jpg,reject,junk_or_mixed_or_ambiguous
cha_dam_yen_kw01_bing_000040.jpg,reject,junk_or_mixed_or_ambiguous
cha_dam_yen_kw01_bing_000028.jpg,reject,junk_or_mixed_or_ambiguous
cha_dam_yen_kw01_bing_000016.jpg,keep,
cha_dam_yen_kw03_bing_000003.jpg,keep,
cha_dam_yen_kw02_bing_000082.webp,reject,junk_or_mixed_or_ambiguous
cha_dam_yen_kw03_bing_000040.png,reject,junk_or_mixed_or_ambiguous
cha_dam_yen_kw04_bing_000050.png,relabel:cha_phonlamai,wrong_class
cha_dam_yen_kw03_baidu_000007.jpg,keep,
cha_dam_yen_kw04_bing_000000.jpg,keep,
cha_dam_yen_kw04_bing_000001.jpg,keep,
cha_dam_yen_kw04_bing_000002.jpg,keep,
cha_dam_yen_kw04_bing_000004.webp,keep,
cha_dam_yen_kw04_bing_000006.jpg,keep,
cha_dam_yen_kw03_bing_000090.jpg,reject,junk_or_mixed_or_ambiguous
cha_dam_yen_kw04_bing_000009.png,reject,junk_or_mixed_or_ambiguous
cha_dam_yen_kw04_bing_000010.jpg,reject,junk_or_mixed_or_ambiguous
cha_dam_yen_kw04_bing_000011.jpg,keep,
cha_dam_yen_kw04_bing_000013.png,keep,
cha_dam_yen_kw00_bing_000030.webp,keep,
cha_dam_yen_kw04_bing_000016.webp,reject,junk_or_mixed_or_ambiguous
cha_dam_yen_kw04_bing_000017.jpg,reject,junk_or_mixed_or_ambiguous
cha_dam_yen_kw03_bing_000073.jpg,reject,junk_or_mixed_or_ambiguous
cha_dam_yen_kw04_bing_000019.jpg,reject,junk_or_mixed_or_ambiguous
cha_dam_yen_kw04_bing_000021.jpg,reject,junk_or_mixed_or_ambiguous
cha_dam_yen_kw04_bing_000023.webp,reject,junk_or_mixed_or_ambiguous
cha_dam_yen_kw04_bing_000025.jpg,keep,
cha_dam_yen_kw04_bing_000027.jpg,keep,
cha_dam_yen_kw04_bing_000029.png,reject,junk_or_mixed_or_ambiguous
cha_dam_yen_kw04_bing_000032.jpg,reject,junk_or_mixed_or_ambiguous
cha_dam_yen_kw03_bing_000057.jpg,reject,junk_or_mixed_or_ambiguous
cha_dam_yen_kw03_bing_000055.jpg,keep,
cha_dam_yen_kw03_bing_000052.jpg,reject,junk_or_mixed_or_ambiguous
cha_dam_yen_kw04_bing_000042.webp,reject,junk_or_mixed_or_ambiguous
cha_dam_yen_kw00_bing_000018.jpg,keep,
cha_dam_yen_kw04_bing_000047.jpg,reject,junk_or_mixed_or_ambiguous
cha_dam_yen_kw03_baidu_000019.jpg,reject,junk_or_mixed_or_ambiguous
cha_dam_yen_kw04_bing_000052.png,reject,junk_or_mixed_or_ambiguous
cha_dam_yen_kw00_bing_000094.jpg,reject,junk_or_mixed_or_ambiguous
cha_khiao_nom_kw02_bing_000059.jpg,reject,junk_or_mixed_or_ambiguous
cha_khiao_nom_kw02_bing_000005.jpg,reject,junk_or_mixed_or_ambiguous
cha_khiao_nom_kw01_bing_000018.jpg,reject,junk_or_mixed_or_ambiguous
cha_khiao_nom_kw01_bing_000089.jpg,reject,junk_or_mixed_or_ambiguous
cha_khiao_nom_kw02_bing_000096.jpg,keep,
cha_khiao_nom_kw02_bing_000002.jpg,reject,junk_or_mixed_or_ambiguous
cha_khiao_nom_kw01_bing_000083.jpg,reject,junk_or_mixed_or_ambiguous
cha_khiao_nom_kw02_bing_000043.jpg,reject,junk_or_mixed_or_ambiguous
cha_khiao_nom_kw02_bing_000012.jpg,reject,junk_or_mixed_or_ambiguous
cha_khiao_nom_kw02_bing_000093.webp,reject,junk_or_mixed_or_ambiguous
cha_khiao_nom_kw03_bing_000108.jpg,reject,junk_or_mixed_or_ambiguous
cha_khiao_nom_kw01_bing_000102.png,reject,junk_or_mixed_or_ambiguous
cha_khiao_nom_kw01_bing_000099.jpg,reject,junk_or_mixed_or_ambiguous
cha_khiao_nom_kw04_bing_000094.jpg,reject,junk_or_mixed_or_ambiguous
cha_khiao_nom_kw02_bing_000107.webp,reject,junk_or_mixed_or_ambiguous
cha_khiao_nom_kw01_bing_000038.jpg,reject,junk_or_mixed_or_ambiguous
cha_khiao_nom_kw01_bing_000101.jpg,reject,junk_or_mixed_or_ambiguous
cha_khiao_nom_kw01_bing_000031.jpg,reject,junk_or_mixed_or_ambiguous
cha_khiao_nom_kw02_bing_000061.jpg,reject,junk_or_mixed_or_ambiguous
cha_khiao_nom_kw01_bing_000032.jpg,reject,junk_or_mixed_or_ambiguous
cha_khiao_nom_kw01_bing_000033.jpg,reject,junk_or_mixed_or_ambiguous
cha_khiao_nom_kw04_bing_000076.jpg,reject,junk_or_mixed_or_ambiguous
cha_khiao_nom_kw03_bing_000111.jpg,reject,junk_or_mixed_or_ambiguous
cha_khiao_nom_kw04_bing_000100.jpg,reject,junk_or_mixed_or_ambiguous
cha_khiao_nom_kw04_bing_000102.jpg,reject,junk_or_mixed_or_ambiguous
cha_khiao_nom_kw03_bing_000066.png,reject,junk_or_mixed_or_ambiguous
cha_khiao_nom_kw01_bing_000023.jpg,reject,junk_or_mixed_or_ambiguous
cha_khiao_nom_kw01_bing_000075.jpg,reject,junk_or_mixed_or_ambiguous
cha_khiao_nom_kw03_bing_000105.jpg,reject,junk_or_mixed_or_ambiguous
cha_khiao_nom_kw01_bing_000055.jpg,reject,junk_or_mixed_or_ambiguous
cha_khiao_nom_kw03_bing_000079.jpg,reject,junk_or_mixed_or_ambiguous
cha_khiao_nom_kw03_baidu_000015.jpg,reject,junk_or_mixed_or_ambiguous
cha_khiao_nom_kw01_bing_000097.jpg,reject,junk_or_mixed_or_ambiguous
cha_khiao_nom_kw03_bing_000032.jpg,reject,junk_or_mixed_or_ambiguous
cha_khiao_nom_kw01_bing_000090.jpg,reject,junk_or_mixed_or_ambiguous
cha_khiao_nom_kw01_bing_000069.jpg,reject,junk_or_mixed_or_ambiguous
cha_khiao_nom_kw03_bing_000047.jpg,reject,junk_or_mixed_or_ambiguous
cha_khiao_nom_kw01_bing_000094.jpg,reject,junk_or_mixed_or_ambiguous
cha_khiao_nom_kw01_bing_000067.jpg,reject,junk_or_mixed_or_ambiguous
cha_khiao_nom_kw01_bing_000042.jpg,reject,junk_or_mixed_or_ambiguous
cha_khiao_nom_kw01_bing_000080.jpg,reject,junk_or_mixed_or_ambiguous
cha_khiao_nom_kw04_bing_000005.jpg,keep,
cha_khiao_nom_kw04_bing_000041.jpg,reject,junk_or_mixed_or_ambiguous
cha_khiao_nom_kw01_bing_000086.jpg,reject,junk_or_mixed_or_ambiguous
cha_khiao_nom_kw03_baidu_000031.jpg,reject,junk_or_mixed_or_ambiguous
cha_khiao_nom_kw01_bing_000050.jpg,reject,junk_or_mixed_or_ambiguous
cha_khiao_nom_kw03_bing_000048.jpg,reject,junk_or_mixed_or_ambiguous
cha_khiao_nom_kw02_bing_000049.jpg,reject,junk_or_mixed_or_ambiguous
cha_khiao_nom_kw01_bing_000096.jpg,reject,junk_or_mixed_or_ambiguous
cha_khiao_nom_kw01_bing_000103.jpg,reject,junk_or_mixed_or_ambiguous
cha_khiao_nom_kw01_bing_000100.jpg,reject,junk_or_mixed_or_ambiguous
cha_khiao_nom_kw04_baidu_000007.jpg,reject,junk_or_mixed_or_ambiguous
cha_khiao_nom_kw01_bing_000084.jpg,reject,junk_or_mixed_or_ambiguous
cha_khiao_nom_kw01_bing_000025.jpg,reject,junk_or_mixed_or_ambiguous
cha_khiao_nom_kw01_bing_000104.jpg,reject,junk_or_mixed_or_ambiguous
cha_khiao_nom_kw01_bing_000051.webp,reject,junk_or_mixed_or_ambiguous
cha_khiao_nom_kw01_bing_000041.jpg,reject,junk_or_mixed_or_ambiguous
cha_khiao_nom_kw03_baidu_000043.jpg,reject,junk_or_mixed_or_ambiguous
cha_khiao_nom_kw01_bing_000040.jpg,relabel:cha_nom_khai_muk,wrong_class
cha_khiao_nom_kw01_bing_000024.jpg,relabel:cha_nom_khai_muk,wrong_class
cha_khiao_nom_kw01_bing_000053.jpg,relabel:cha_nom_khai_muk,wrong_class
cha_khiao_nom_kw01_bing_000020.jpg,reject,junk_or_mixed_or_ambiguous
cha_khiao_nom_kw01_bing_000005.jpg,reject,junk_or_mixed_or_ambiguous
cha_khiao_nom_kw04_bing_000062.jpg,reject,junk_or_mixed_or_ambiguous
cha_khiao_nom_kw01_bing_000056.jpg,reject,junk_or_mixed_or_ambiguous
cha_khiao_nom_kw01_bing_000059.webp,relabel:cha_nom_khai_muk,wrong_class
cha_khiao_nom_kw03_bing_000096.webp,relabel:cha_nom_khai_muk,wrong_class
cha_khiao_nom_kw01_bing_000112.jpg,reject,junk_or_mixed_or_ambiguous
cha_khiao_nom_kw03_bing_000071.jpg,relabel:cha_nom_khai_muk,wrong_class
cha_khiao_nom_kw01_bing_000060.jpg,reject,junk_or_mixed_or_ambiguous
cha_khiao_nom_kw01_bing_000064.jpg,reject,junk_or_mixed_or_ambiguous
cha_khiao_nom_kw01_bing_000065.png,reject,junk_or_mixed_or_ambiguous
cha_khiao_nom_kw01_bing_000066.jpg,reject,junk_or_mixed_or_ambiguous
cha_khiao_nom_kw01_bing_000068.jpg,reject,junk_or_mixed_or_ambiguous
cha_khiao_nom_kw02_bing_000106.webp,reject,junk_or_mixed_or_ambiguous
cha_khiao_nom_kw01_bing_000076.jpg,reject,junk_or_mixed_or_ambiguous
cha_khiao_nom_kw02_bing_000065.jpg,reject,junk_or_mixed_or_ambiguous
cha_khiao_nom_kw01_bing_000085.jpg,reject,junk_or_mixed_or_ambiguous
cha_khiao_nom_kw01_bing_000058.jpg,reject,junk_or_mixed_or_ambiguous
cha_khiao_nom_kw04_baidu_000038.jpg,reject,junk_or_mixed_or_ambiguous
cha_khiao_nom_kw02_bing_000003.jpg,reject,junk_or_mixed_or_ambiguous
cha_khiao_nom_kw02_bing_000053.jpg,keep,
cha_khiao_nom_kw02_bing_000080.jpg,reject,junk_or_mixed_or_ambiguous
cha_khiao_nom_kw02_bing_000039.jpg,reject,junk_or_mixed_or_ambiguous
cha_khiao_nom_kw03_baidu_000005.jpg,keep,
cha_khiao_nom_kw01_bing_000022.jpg,reject,junk_or_mixed_or_ambiguous
cha_khiao_nom_kw02_bing_000101.webp,reject,junk_or_mixed_or_ambiguous
cha_khiao_nom_kw02_bing_000040.jpg,reject,junk_or_mixed_or_ambiguous
cha_khiao_nom_kw02_bing_000098.webp,reject,junk_or_mixed_or_ambiguous
cha_khiao_nom_kw04_bing_000034.jpg,keep,
cha_khiao_nom_kw02_bing_000015.jpg,reject,junk_or_mixed_or_ambiguous
cha_khiao_nom_kw02_bing_000077.jpg,reject,junk_or_mixed_or_ambiguous
cha_khiao_nom_kw02_bing_000037.webp,reject,junk_or_mixed_or_ambiguous
cha_khiao_nom_kw04_bing_000063.jpg,reject,junk_or_mixed_or_ambiguous
cha_khiao_nom_kw02_bing_000052.jpg,keep,
cha_khiao_nom_kw04_baidu_000032.jpg,reject,junk_or_mixed_or_ambiguous
cha_khiao_nom_kw04_baidu_000042.jpg,keep,
cha_khiao_nom_kw01_bing_000015.jpg,reject,junk_or_mixed_or_ambiguous
cha_khiao_nom_kw02_bing_000038.jpg,reject,junk_or_mixed_or_ambiguous
cha_khiao_nom_kw04_baidu_000041.jpg,keep,
cha_khiao_nom_kw03_bing_000004.jpg,keep,
cha_khiao_nom_kw04_baidu_000049.jpg,keep,
cha_khiao_nom_kw03_baidu_000048.jpg,reject,junk_or_mixed_or_ambiguous
cha_khiao_nom_kw03_bing_000056.png,reject,junk_or_mixed_or_ambiguous
cha_khiao_nom_kw04_baidu_000008.jpg,keep,
cha_khiao_nom_kw03_bing_000033.jpg,keep,
cha_khiao_nom_kw04_bing_000022.jpg,keep,
cha_khiao_nom_kw02_bing_000072.jpg,keep,
cha_khiao_nom_kw03_baidu_000020.jpg,keep,
cha_khiao_nom_kw03_bing_000054.png,keep,
cha_khiao_nom_kw03_bing_000040.jpg,keep,
cha_khiao_nom_kw03_bing_000046.png,reject,junk_or_mixed_or_ambiguous
cha_khiao_nom_kw03_baidu_000046.jpg,keep,
cha_khiao_nom_kw01_bing_000044.png,reject,junk_or_mixed_or_ambiguous
cha_khiao_nom_kw02_bing_000097.jpg,reject,junk_or_mixed_or_ambiguous
cha_khiao_nom_kw02_bing_000044.jpg,keep,
cha_khiao_nom_kw03_baidu_000054.png,keep,
cha_khiao_nom_kw03_bing_000028.jpg,keep,
cha_khiao_nom_kw02_bing_000013.jpg,keep,
cha_khiao_nom_kw03_bing_000102.jpg,reject,junk_or_mixed_or_ambiguous
cha_khiao_nom_kw03_bing_000059.jpg,keep,
cha_khiao_nom_kw04_bing_000021.jpg,keep,
cha_khiao_nom_kw01_bing_000002.jpg,reject,junk_or_mixed_or_ambiguous
cha_khiao_nom_kw03_bing_000016.jpg,keep,
cha_khiao_nom_kw04_bing_000015.jpg,keep,
cha_khiao_nom_kw04_bing_000085.jpg,reject,junk_or_mixed_or_ambiguous
cha_khiao_nom_kw04_baidu_000019.jpg,reject,junk_or_mixed_or_ambiguous
cha_khiao_nom_kw04_bing_000048.jpg,keep,
cha_khiao_nom_kw02_bing_000071.jpg,keep,
cha_khiao_nom_kw04_bing_000053.jpg,keep,
cha_khiao_nom_kw04_baidu_000048.jpg,keep,
cha_khiao_nom_kw03_bing_000045.jpg,keep,
cha_khiao_nom_kw02_bing_000055.jpg,keep,
cha_khiao_nom_kw03_bing_000022.png,keep,
cha_khiao_nom_kw02_bing_000048.webp,keep,
cha_khiao_nom_kw03_bing_000039.jpg,keep,
cha_khiao_nom_kw01_bing_000000.jpg,reject,junk_or_mixed_or_ambiguous
cha_khiao_nom_kw04_baidu_000030.jpg,keep,
cha_khiao_nom_kw04_bing_000026.png,keep,
cha_khiao_nom_kw03_bing_000095.png,reject,junk_or_mixed_or_ambiguous
cha_khiao_nom_kw04_baidu_000039.jpg,keep,
cha_khiao_nom_kw03_bing_000025.jpg,keep,
cha_khiao_nom_kw04_baidu_000052.jpg,keep,
cha_khiao_nom_kw04_bing_000056.jpg,keep,
cha_khiao_nom_kw02_bing_000031.jpg,keep,
cha_khiao_nom_kw02_bing_000079.jpg,reject,junk_or_mixed_or_ambiguous
cha_khiao_nom_kw03_bing_000052.jpg,keep,
cha_khiao_nom_kw03_bing_000057.png,reject,junk_or_mixed_or_ambiguous
cha_khiao_nom_kw04_bing_000061.jpg,reject,junk_or_mixed_or_ambiguous
cha_khiao_nom_kw04_baidu_000013.jpg,keep,
cha_khiao_nom_kw03_bing_000041.jpg,keep,
cha_khiao_nom_kw04_baidu_000025.jpg,keep,
cha_khiao_nom_kw04_baidu_000029.jpg,keep,
cha_khiao_nom_kw04_bing_000052.jpg,reject,junk_or_mixed_or_ambiguous
cha_khiao_nom_kw01_bing_000010.jpg,keep,
cha_khiao_nom_kw01_bing_000057.jpg,reject,junk_or_mixed_or_ambiguous
cha_khiao_nom_kw04_baidu_000040.jpg,keep,
cha_khiao_nom_kw04_baidu_000035.jpg,keep,
cha_khiao_nom_kw04_bing_000013.jpg,keep,
cha_khiao_nom_kw01_bing_000017.jpg,keep,
cha_khiao_nom_kw04_bing_000044.jpg,keep,
cha_khiao_nom_kw04_baidu_000033.jpeg,reject,junk_or_mixed_or_ambiguous
cha_khiao_nom_kw03_baidu_000009.jpg,keep,
cha_khiao_nom_kw01_bing_000034.jpg,reject,junk_or_mixed_or_ambiguous
cha_khiao_nom_kw04_baidu_000036.jpg,reject,junk_or_mixed_or_ambiguous
cha_khiao_nom_kw02_bing_000067.webp,reject,junk_or_mixed_or_ambiguous
cha_khiao_nom_kw03_bing_000030.jpg,keep,
cha_khiao_nom_kw03_baidu_000012.jpg,keep,
cha_khiao_nom_kw03_baidu_000017.jpg,keep,
cha_khiao_nom_kw03_bing_000002.jpg,keep,
cha_khiao_nom_kw01_bing_000030.jpg,reject,junk_or_mixed_or_ambiguous
cha_khiao_nom_kw03_bing_000044.jpg,reject,junk_or_mixed_or_ambiguous
cha_khiao_nom_kw03_bing_000062.jpg,keep,
cha_khiao_nom_kw03_bing_000019.jpg,keep,
cha_khiao_nom_kw04_baidu_000044.jpg,keep,
cha_khiao_nom_kw03_bing_000012.jpg,reject,junk_or_mixed_or_ambiguous
cha_khiao_nom_kw01_bing_000093.jpg,reject,junk_or_mixed_or_ambiguous
cha_khiao_nom_kw04_bing_000031.jpg,reject,junk_or_mixed_or_ambiguous
cha_khiao_nom_kw04_bing_000046.jpg,keep,
cha_khiao_nom_kw01_bing_000007.jpg,reject,junk_or_mixed_or_ambiguous
cha_khiao_nom_kw04_bing_000037.jpg,keep,
cha_khiao_nom_kw02_bing_000088.jpg,keep,
cha_khiao_nom_kw04_bing_000003.png,reject,junk_or_mixed_or_ambiguous
cha_khiao_nom_kw03_baidu_000029.jpg,keep,
cha_khiao_nom_kw02_bing_000054.jpg,reject,junk_or_mixed_or_ambiguous
cha_khiao_nom_kw04_bing_000058.jpg,keep,
cha_khiao_nom_kw02_bing_000036.jpg,keep,
cha_khiao_nom_kw03_bing_000011.jpg,keep,
cha_khiao_nom_kw03_baidu_000041.jpg,keep,
cha_khiao_nom_kw02_bing_000091.png,reject,junk_or_mixed_or_ambiguous
cha_khiao_nom_kw03_bing_000034.jpg,keep,
cha_khiao_nom_kw02_bing_000058.png,keep,
cha_khiao_nom_kw01_bing_000027.jpg,keep,
cha_khiao_nom_kw01_bing_000008.jpg,reject,junk_or_mixed_or_ambiguous
cha_khiao_nom_kw04_bing_000016.jpg,keep,
cha_khiao_nom_kw03_baidu_000001.jpg,keep,
cha_khiao_nom_kw04_bing_000017.jpg,keep,
cha_khiao_nom_kw04_baidu_000015.jpg,keep,
cha_khiao_nom_kw04_bing_000079.jpg,reject,junk_or_mixed_or_ambiguous
cha_khiao_nom_kw04_bing_000006.jpg,keep,
cha_khiao_nom_kw04_baidu_000037.jpg,keep,
cha_khiao_nom_kw04_bing_000024.jpg,keep,
cha_khiao_nom_kw04_bing_000025.jpg,keep,
cha_khiao_nom_kw02_bing_000074.jpg,reject,junk_or_mixed_or_ambiguous
cha_khiao_nom_kw03_bing_000023.jpg,keep,
cha_khiao_nom_kw04_baidu_000016.jpg,keep,
cha_khiao_nom_kw03_bing_000058.jpg,keep,
cha_khiao_nom_kw04_baidu_000024.jpg,keep,
cha_khiao_nom_kw03_bing_000017.png,keep,
cha_khiao_nom_kw01_bing_000004.jpg,keep,
cha_khiao_nom_kw04_baidu_000028.jpg,keep,
cha_khiao_nom_kw04_bing_000055.jpg,keep,
cha_khiao_nom_kw03_baidu_000053.jpg,keep,
cha_khiao_nom_kw03_bing_000021.jpg,keep,
cha_khiao_nom_kw03_bing_000038.jpg,reject,junk_or_mixed_or_ambiguous
cha_khiao_nom_kw04_baidu_000005.jpg,keep,
cha_khiao_nom_kw01_bing_000006.jpg,reject,junk_or_mixed_or_ambiguous
cha_khiao_nom_kw03_baidu_000038.jpg,keep,
cha_khiao_nom_kw04_baidu_000054.jpg,reject,junk_or_mixed_or_ambiguous
cha_khiao_nom_kw03_bing_000055.jpg,reject,junk_or_mixed_or_ambiguous
cha_khiao_nom_kw03_bing_000027.jpg,keep,
cha_khiao_nom_kw03_bing_000008.jpg,keep,
cha_khiao_nom_kw03_baidu_000023.jpg,keep,
cha_khiao_nom_kw01_bing_000079.jpg,keep,
cha_khiao_nom_kw03_bing_000000.jpg,keep,
cha_khiao_nom_kw03_baidu_000037.jpg,keep,
cha_khiao_nom_kw03_baidu_000034.jpg,keep,
cha_khiao_nom_kw04_baidu_000046.jpg,reject,junk_or_mixed_or_ambiguous
cha_khiao_nom_kw03_baidu_000019.jpg,keep,
cha_khiao_nom_kw04_bing_000014.jpg,keep,
cha_khiao_nom_kw01_bing_000054.jpg,reject,junk_or_mixed_or_ambiguous
cha_khiao_nom_kw03_baidu_000024.jpg,keep,
cha_khiao_nom_kw04_bing_000047.jpg,keep,
cha_khiao_nom_kw04_bing_000082.jpg,reject,junk_or_mixed_or_ambiguous
cha_khiao_nom_kw04_bing_000057.webp,keep,
cha_khiao_nom_kw04_bing_000008.jpg,keep,
cha_khiao_nom_kw04_bing_000033.jpg,keep,
cha_khiao_nom_kw03_bing_000042.jpg,reject,junk_or_mixed_or_ambiguous
cha_khiao_nom_kw04_bing_000072.jpg,keep,
cha_khiao_nom_kw03_bing_000005.jpg,keep,
cha_khiao_nom_kw03_bing_000063.jpg,keep,
cha_khiao_nom_kw01_bing_000070.jpg,reject,junk_or_mixed_or_ambiguous
cha_khiao_nom_kw01_bing_000061.jpg,reject,junk_or_mixed_or_ambiguous
cha_khiao_nom_kw03_bing_000031.jpg,keep,
cha_khiao_nom_kw04_bing_000019.jpg,reject,junk_or_mixed_or_ambiguous
cha_khiao_nom_kw03_bing_000060.jpg,keep,
cha_khiao_nom_kw04_bing_000002.jpg,keep,
cha_khiao_nom_kw04_bing_000000.jpg,keep,
cha_khiao_nom_kw03_bing_000050.jpg,keep,
cha_khiao_nom_kw04_bing_000054.jpg,keep,
cha_khiao_nom_kw04_baidu_000010.jpg,keep,
cha_khiao_nom_kw04_bing_000007.png,keep,
cha_khiao_nom_kw04_bing_000010.jpg,keep,
cha_khiao_nom_kw03_bing_000037.jpg,keep,
cha_khiao_nom_kw04_bing_000011.jpg,keep,
cha_khiao_nom_kw03_bing_000006.jpg,keep,
cha_khiao_nom_kw03_baidu_000011.jpg,keep,
cha_khiao_nom_kw02_bing_000089.jpg,reject,junk_or_mixed_or_ambiguous
cha_khiao_nom_kw02_bing_000035.jpg,keep,
cha_khiao_nom_kw03_bing_000018.jpg,keep,
cha_khiao_nom_kw03_bing_000053.jpg,keep,
cha_khiao_nom_kw01_bing_000001.jpg,keep,
cha_khiao_nom_kw04_bing_000023.jpg,keep,
cha_khiao_nom_kw03_baidu_000030.jpg,keep,
cha_khiao_nom_kw03_baidu_000002.jpg,keep,
cha_khiao_nom_kw03_baidu_000008.jpg,reject,junk_or_mixed_or_ambiguous
cha_khiao_nom_kw02_bing_000051.jpg,reject,junk_or_mixed_or_ambiguous
cha_khiao_nom_kw03_baidu_000013.jpg,keep,
cha_khiao_nom_kw03_baidu_000045.jpg,keep,
cha_khiao_nom_kw03_bing_000001.jpg,keep,
cha_khiao_nom_kw01_bing_000036.jpg,reject,junk_or_mixed_or_ambiguous
cha_khiao_nom_kw03_baidu_000021.jpg,reject,junk_or_mixed_or_ambiguous
cha_khiao_nom_kw04_baidu_000051.jpg,keep,
cha_khiao_nom_kw02_bing_000028.jpg,keep,
cha_khiao_nom_kw04_bing_000018.jpg,keep,
cha_khiao_nom_kw04_bing_000043.jpg,keep,
cha_khiao_nom_kw04_bing_000012.jpg,keep,
cha_khiao_nom_kw03_bing_000051.jpg,keep,
cha_khiao_nom_kw04_bing_000020.jpg,keep,
cha_khiao_nom_kw03_bing_000026.jpg,keep,
cha_khiao_nom_kw03_baidu_000003.jpg,keep,
cha_khiao_nom_kw03_bing_000061.jpg,keep,
cha_khiao_nom_kw04_bing_000042.jpg,keep,
cha_khiao_nom_kw04_bing_000004.jpg,keep,
cha_khiao_nom_kw03_baidu_000004.jpg,keep,
cha_khiao_nom_kw03_baidu_000022.jpg,keep,
cha_khiao_nom_kw04_bing_000027.jpg,keep,
cha_khiao_nom_kw03_baidu_000016.jpg,keep,
cha_khiao_nom_kw04_bing_000029.jpg,reject,junk_or_mixed_or_ambiguous
cha_khiao_nom_kw01_bing_000048.jpg,keep,
cha_khiao_nom_kw04_baidu_000053.jpg,keep,
cha_khiao_nom_kw03_baidu_000039.jpg,keep,
cha_khiao_nom_kw04_baidu_000045.jpg,keep,
cha_khiao_nom_kw03_baidu_000026.jpg,keep,
cha_khiao_nom_kw03_baidu_000018.jpg,keep,
cha_khiao_nom_kw03_baidu_000049.jpg,keep,
cha_khiao_nom_kw03_bing_000020.jpg,reject,junk_or_mixed_or_ambiguous
cha_khiao_nom_kw04_bing_000032.jpg,keep,
cha_khiao_nom_kw03_bing_000024.jpg,keep,
cha_khiao_nom_kw03_bing_000015.jpg,reject,junk_or_mixed_or_ambiguous
cha_khiao_nom_kw03_bing_000117.jpg,reject,junk_or_mixed_or_ambiguous
cha_khiao_nom_kw03_baidu_000006.jpg,keep,
cha_khiao_nom_kw03_bing_000009.jpg,keep,
cha_khiao_nom_kw04_baidu_000003.jpg,reject,junk_or_mixed_or_ambiguous
cha_khiao_nom_kw03_bing_000029.jpg,keep,
cha_khiao_nom_kw03_bing_000007.jpg,keep,
cha_khiao_nom_kw04_baidu_000009.jpg,keep,
cha_khiao_nom_kw04_bing_000051.jpg,keep,
cha_khiao_nom_kw03_baidu_000010.jpg,keep,
cha_khiao_nom_kw04_bing_000040.jpg,keep,
cha_khiao_nom_kw04_bing_000038.jpg,reject,junk_or_mixed_or_ambiguous
cha_khiao_nom_kw03_bing_000043.jpg,reject,junk_or_mixed_or_ambiguous
cha_khiao_nom_kw04_baidu_000026.jpg,reject,junk_or_mixed_or_ambiguous
cha_khiao_nom_kw01_bing_000091.jpg,reject,junk_or_mixed_or_ambiguous
cha_khiao_nom_kw03_bing_000013.jpg,reject,junk_or_mixed_or_ambiguous
cha_nom_khai_muk_kw03_baidu_000031.png,reject,junk_or_mixed_or_ambiguous
cha_nom_khai_muk_kw01_bing_000024.jpg,reject,junk_or_mixed_or_ambiguous
cha_nom_khai_muk_kw02_bing_000110.jpg,reject,junk_or_mixed_or_ambiguous
cha_nom_khai_muk_kw04_baidu_000024.jpg,reject,junk_or_mixed_or_ambiguous
cha_nom_khai_muk_kw02_bing_000097.jpg,reject,junk_or_mixed_or_ambiguous
cha_nom_khai_muk_kw04_baidu_000025.jpg,reject,junk_or_mixed_or_ambiguous
cha_nom_khai_muk_kw01_bing_000060.jpg,reject,junk_or_mixed_or_ambiguous
cha_nom_khai_muk_kw00_bing_000094.webp,reject,junk_or_mixed_or_ambiguous
cha_nom_khai_muk_kw04_baidu_000030.jpg,reject,junk_or_mixed_or_ambiguous
cha_nom_khai_muk_kw03_bing_000087.jpg,reject,junk_or_mixed_or_ambiguous
cha_nom_khai_muk_kw01_bing_000003.jpg,reject,junk_or_mixed_or_ambiguous
cha_nom_khai_muk_kw00_bing_000059.jpg,reject,junk_or_mixed_or_ambiguous
cha_nom_khai_muk_kw04_baidu_000013.jpg,reject,junk_or_mixed_or_ambiguous
cha_nom_khai_muk_kw01_bing_000012.jpg,reject,junk_or_mixed_or_ambiguous
cha_nom_khai_muk_kw02_bing_000010.jpg,reject,junk_or_mixed_or_ambiguous
cha_nom_khai_muk_kw03_bing_000068.jpg,reject,junk_or_mixed_or_ambiguous
cha_nom_khai_muk_kw02_bing_000022.webp,reject,junk_or_mixed_or_ambiguous
cha_nom_khai_muk_kw00_bing_000084.png,reject,junk_or_mixed_or_ambiguous
cha_nom_khai_muk_kw04_baidu_000035.jpg,reject,junk_or_mixed_or_ambiguous
cha_nom_khai_muk_kw01_bing_000114.jpg,reject,junk_or_mixed_or_ambiguous
cha_nom_khai_muk_kw04_baidu_000042.jpg,reject,junk_or_mixed_or_ambiguous
cha_nom_khai_muk_kw03_baidu_000004.jpg,reject,junk_or_mixed_or_ambiguous
cha_nom_khai_muk_kw02_bing_000017.webp,reject,junk_or_mixed_or_ambiguous
cha_nom_khai_muk_kw04_baidu_000034.jpg,reject,junk_or_mixed_or_ambiguous
cha_nom_khai_muk_kw02_bing_000012.webp,reject,junk_or_mixed_or_ambiguous
cha_nom_khai_muk_kw00_bing_000057.jpg,reject,junk_or_mixed_or_ambiguous
cha_nom_khai_muk_kw01_bing_000034.png,reject,junk_or_mixed_or_ambiguous
cha_nom_khai_muk_kw01_bing_000018.jpg,reject,junk_or_mixed_or_ambiguous
cha_nom_khai_muk_kw00_bing_000055.jpg,reject,junk_or_mixed_or_ambiguous
cha_nom_khai_muk_kw03_bing_000104.jpg,reject,junk_or_mixed_or_ambiguous
cha_nom_khai_muk_kw03_baidu_000008.jpg,reject,junk_or_mixed_or_ambiguous
cha_nom_khai_muk_kw02_bing_000117.jpg,reject,junk_or_mixed_or_ambiguous
cha_nom_khai_muk_kw03_baidu_000029.jpg,reject,junk_or_mixed_or_ambiguous
cha_nom_khai_muk_kw02_bing_000058.jpg,relabel:cha_phonlamai,wrong_class
cha_nom_khai_muk_kw02_bing_000000.jpg,reject,junk_or_mixed_or_ambiguous
cha_nom_khai_muk_kw00_bing_000025.webp,reject,junk_or_mixed_or_ambiguous
cha_nom_khai_muk_kw01_bing_000035.jpg,reject,junk_or_mixed_or_ambiguous
cha_nom_khai_muk_kw01_bing_000062.png,reject,junk_or_mixed_or_ambiguous
cha_nom_khai_muk_kw02_bing_000028.webp,reject,junk_or_mixed_or_ambiguous
cha_nom_khai_muk_kw02_bing_000088.jpg,reject,junk_or_mixed_or_ambiguous
cha_nom_khai_muk_kw02_bing_000002.webp,reject,junk_or_mixed_or_ambiguous
cha_nom_khai_muk_kw00_bing_000012.png,reject,junk_or_mixed_or_ambiguous
cha_nom_khai_muk_kw03_bing_000052.jpg,reject,junk_or_mixed_or_ambiguous
cha_nom_khai_muk_kw00_bing_000058.jpg,reject,junk_or_mixed_or_ambiguous
cha_nom_khai_muk_kw04_baidu_000015.jpg,reject,junk_or_mixed_or_ambiguous
cha_nom_khai_muk_kw02_bing_000037.jpg,reject,junk_or_mixed_or_ambiguous
cha_nom_khai_muk_kw02_bing_000007.jpg,reject,junk_or_mixed_or_ambiguous
cha_nom_khai_muk_kw03_bing_000033.jpg,keep,
cha_nom_khai_muk_kw03_bing_000005.jpg,reject,junk_or_mixed_or_ambiguous
cha_nom_khai_muk_kw04_bing_000042.jpg,keep,
cha_nom_khai_muk_kw03_baidu_000038.jpg,reject,junk_or_mixed_or_ambiguous
cha_nom_khai_muk_kw01_bing_000058.png,reject,junk_or_mixed_or_ambiguous
cha_nom_khai_muk_kw02_bing_000107.jpg,reject,junk_or_mixed_or_ambiguous
cha_nom_khai_muk_kw04_bing_000026.jpg,reject,junk_or_mixed_or_ambiguous
cha_nom_khai_muk_kw01_bing_000121.png,reject,junk_or_mixed_or_ambiguous
cha_nom_khai_muk_kw04_baidu_000044.jpg,reject,junk_or_mixed_or_ambiguous
cha_nom_khai_muk_kw04_bing_000084.jpg,keep,
cha_nom_khai_muk_kw00_bing_000063.jpg,reject,junk_or_mixed_or_ambiguous
cha_nom_khai_muk_kw04_baidu_000017.jpeg,reject,junk_or_mixed_or_ambiguous
cha_nom_khai_muk_kw02_bing_000054.jpg,keep,
cha_nom_khai_muk_kw03_baidu_000030.jpg,reject,junk_or_mixed_or_ambiguous
cha_nom_khai_muk_kw04_bing_000059.jpg,reject,junk_or_mixed_or_ambiguous
cha_nom_khai_muk_kw02_bing_000052.jpg,reject,junk_or_mixed_or_ambiguous
cha_nom_khai_muk_kw04_bing_000025.jpg,reject,junk_or_mixed_or_ambiguous
cha_nom_khai_muk_kw04_bing_000087.jpg,reject,junk_or_mixed_or_ambiguous
cha_nom_khai_muk_kw01_bing_000046.jpg,reject,junk_or_mixed_or_ambiguous
cha_nom_khai_muk_kw00_bing_000098.jpg,reject,junk_or_mixed_or_ambiguous
cha_nom_khai_muk_kw04_bing_000096.png,keep,
cha_nom_khai_muk_kw04_bing_000017.jpg,reject,junk_or_mixed_or_ambiguous
cha_nom_khai_muk_kw01_bing_000082.jpg,reject,junk_or_mixed_or_ambiguous
cha_nom_khai_muk_kw03_bing_000039.jpg,keep,
cha_nom_khai_muk_kw04_bing_000032.jpg,reject,junk_or_mixed_or_ambiguous
cha_nom_khai_muk_kw04_baidu_000029.jpg,keep,
cha_nom_khai_muk_kw03_bing_000089.webp,reject,junk_or_mixed_or_ambiguous
cha_nom_khai_muk_kw01_bing_000071.jpg,keep,
cha_nom_khai_muk_kw03_baidu_000023.jpg,reject,junk_or_mixed_or_ambiguous
cha_nom_khai_muk_kw04_bing_000029.jpg,reject,junk_or_mixed_or_ambiguous
cha_nom_khai_muk_kw01_bing_000004.jpg,keep,
cha_nom_khai_muk_kw03_bing_000110.jpg,reject,junk_or_mixed_or_ambiguous
cha_nom_khai_muk_kw00_bing_000076.jpg,reject,junk_or_mixed_or_ambiguous
cha_nom_khai_muk_kw01_bing_000076.jpg,reject,junk_or_mixed_or_ambiguous
cha_nom_khai_muk_kw04_baidu_000005.jpg,keep,
cha_nom_khai_muk_kw04_bing_000102.jpg,reject,junk_or_mixed_or_ambiguous
cha_nom_khai_muk_kw00_bing_000053.jpg,reject,junk_or_mixed_or_ambiguous
cha_nom_khai_muk_kw04_bing_000088.jpg,reject,junk_or_mixed_or_ambiguous
cha_nom_khai_muk_kw02_bing_000013.jpg,keep,
cha_nom_khai_muk_kw03_bing_000024.jpg,reject,junk_or_mixed_or_ambiguous
cha_nom_khai_muk_kw01_bing_000026.jpg,reject,junk_or_mixed_or_ambiguous
cha_nom_khai_muk_kw01_bing_000025.jpg,reject,junk_or_mixed_or_ambiguous
cha_nom_khai_muk_kw01_bing_000059.jpg,reject,junk_or_mixed_or_ambiguous
cha_nom_khai_muk_kw01_bing_000069.jpg,reject,junk_or_mixed_or_ambiguous
cha_nom_khai_muk_kw04_bing_000065.jpg,reject,junk_or_mixed_or_ambiguous
cha_nom_khai_muk_kw01_bing_000073.png,reject,junk_or_mixed_or_ambiguous
cha_nom_khai_muk_kw00_bing_000028.jpg,keep,
cha_nom_khai_muk_kw03_baidu_000042.jpg,reject,junk_or_mixed_or_ambiguous
cha_nom_khai_muk_kw01_bing_000007.jpg,reject,junk_or_mixed_or_ambiguous
cha_nom_khai_muk_kw04_bing_000005.jpg,keep,
cha_nom_khai_muk_kw04_bing_000006.webp,keep,
cha_nom_khai_muk_kw04_bing_000015.png,keep,
cha_nom_khai_muk_kw04_baidu_000014.jpg,keep,
cha_nom_khai_muk_kw03_bing_000023.jpg,keep,
cha_nom_khai_muk_kw01_bing_000064.jpg,reject,junk_or_mixed_or_ambiguous
cha_nom_khai_muk_kw02_bing_000057.jpg,reject,junk_or_mixed_or_ambiguous
cha_nom_khai_muk_kw02_bing_000026.jpg,reject,junk_or_mixed_or_ambiguous
cha_nom_khai_muk_kw04_bing_000046.webp,reject,junk_or_mixed_or_ambiguous
cha_nom_khai_muk_kw01_bing_000083.jpg,keep,
cha_nom_khai_muk_kw01_bing_000094.jpg,reject,junk_or_mixed_or_ambiguous
cha_nom_khai_muk_kw00_bing_000073.jpg,reject,junk_or_mixed_or_ambiguous
cha_nom_khai_muk_kw04_bing_000071.jpg,keep,
cha_nom_khai_muk_kw04_bing_000068.jpg,reject,junk_or_mixed_or_ambiguous
cha_nom_khai_muk_kw04_bing_000080.jpg,reject,junk_or_mixed_or_ambiguous
cha_nom_khai_muk_kw04_bing_000072.jpg,keep,
cha_nom_khai_muk_kw01_bing_000117.jpg,reject,junk_or_mixed_or_ambiguous
cha_nom_khai_muk_kw04_bing_000091.jpg,keep,
cha_nom_khai_muk_kw04_bing_000094.jpg,keep,
cha_nom_khai_muk_kw04_bing_000104.jpg,keep,
cha_nom_khai_muk_kw04_baidu_000010.jpg,reject,junk_or_mixed_or_ambiguous
cha_nom_khai_muk_kw00_bing_000061.jpg,reject,junk_or_mixed_or_ambiguous
cha_nom_khai_muk_kw00_bing_000054.jpg,reject,junk_or_mixed_or_ambiguous
cha_nom_khai_muk_kw00_bing_000048.jpg,keep,
cha_nom_khai_muk_kw00_bing_000045.jpg,reject,junk_or_mixed_or_ambiguous
cha_nom_khai_muk_kw00_bing_000033.jpg,keep,
cha_nom_khai_muk_kw04_bing_000086.jpg,reject,junk_or_mixed_or_ambiguous
cha_nom_khai_muk_kw04_bing_000055.jpg,reject,junk_or_mixed_or_ambiguous
cha_nom_khai_muk_kw04_bing_000010.jpg,keep,
cha_nom_khai_muk_kw04_bing_000053.jpg,keep,
cha_nom_khai_muk_kw02_bing_000014.jpg,reject,junk_or_mixed_or_ambiguous
cha_nom_khai_muk_kw01_bing_000078.jpg,reject,junk_or_mixed_or_ambiguous
cha_nom_khai_muk_kw02_bing_000041.jpg,keep,
cha_nom_khai_muk_kw01_bing_000053.jpg,reject,junk_or_mixed_or_ambiguous
cha_nom_khai_muk_kw01_bing_000050.jpg,keep,
cha_nom_khai_muk_kw03_bing_000009.jpg,keep,
cha_nom_khai_muk_kw01_bing_000042.jpg,keep,
cha_nom_khai_muk_kw03_bing_000043.jpg,keep,
cha_nom_khai_muk_kw03_bing_000045.png,reject,junk_or_mixed_or_ambiguous
cha_nom_khai_muk_kw03_bing_000048.jpg,reject,junk_or_mixed_or_ambiguous
cha_nom_khai_muk_kw01_bing_000028.webp,reject,junk_or_mixed_or_ambiguous
cha_nom_khai_muk_kw00_bing_000099.jpg,reject,junk_or_mixed_or_ambiguous
cha_nom_khai_muk_kw04_bing_000054.webp,keep,
cha_nom_khai_muk_kw03_baidu_000017.jpg,reject,junk_or_mixed_or_ambiguous
cha_nom_khai_muk_kw03_baidu_000024.jpg,reject,junk_or_mixed_or_ambiguous
cha_nom_khai_muk_kw00_bing_000075.jpg,reject,junk_or_mixed_or_ambiguous
cha_nom_khai_muk_kw01_bing_000124.webp,keep,
cha_nom_khai_muk_kw04_bing_000014.jpg,keep,
cha_nom_khai_muk_kw04_bing_000016.jpg,keep,
cha_nom_khai_muk_kw04_bing_000023.jpg,keep,
cha_nom_khai_muk_kw04_bing_000027.jpg,keep,
cha_nom_khai_muk_kw04_bing_000028.jpg,reject,junk_or_mixed_or_ambiguous
cha_nom_khai_muk_kw04_bing_000030.jpg,keep,
cha_nom_khai_muk_kw04_bing_000033.jpg,keep,
cha_nom_khai_muk_kw04_bing_000040.jpg,keep,
cha_nom_khai_muk_kw04_bing_000045.jpg,keep,
cha_nom_khai_muk_kw03_baidu_000018.jpg,keep,
cha_nom_khai_muk_kw00_bing_000006.jpg,keep,
cha_nom_khai_muk_kw04_baidu_000033.jpg,reject,junk_or_mixed_or_ambiguous
cha_nom_khai_muk_kw00_bing_000010.webp,reject,junk_or_mixed_or_ambiguous
cha_nom_khai_muk_kw00_bing_000029.webp,reject,junk_or_mixed_or_ambiguous
cha_nom_khai_muk_kw03_baidu_000051.jpg,reject,junk_or_mixed_or_ambiguous
cha_nom_khai_muk_kw03_bing_000010.jpg,reject,junk_or_mixed_or_ambiguous
cha_nom_khai_muk_kw04_baidu_000032.jpg,reject,junk_or_mixed_or_ambiguous
cha_nom_khai_muk_kw03_baidu_000025.jpg,reject,junk_or_mixed_or_ambiguous
cha_nom_khai_muk_kw01_bing_000010.jpg,reject,junk_or_mixed_or_ambiguous
cha_nom_khai_muk_kw01_bing_000107.jpg,reject,junk_or_mixed_or_ambiguous
cha_nom_khai_muk_kw03_baidu_000027.jpg,reject,junk_or_mixed_or_ambiguous
cha_nom_khai_muk_kw04_baidu_000001.jpg,reject,junk_or_mixed_or_ambiguous
cha_nom_khai_muk_kw03_bing_000125.webp,reject,junk_or_mixed_or_ambiguous
cha_nom_khai_muk_kw01_bing_000014.jpg,reject,junk_or_mixed_or_ambiguous
cha_nom_khai_muk_kw04_baidu_000011.jpg,reject,junk_or_mixed_or_ambiguous
cha_nom_khai_muk_kw00_bing_000083.jpg,reject,junk_or_mixed_or_ambiguous
cha_nom_khai_muk_kw03_bing_000096.jpg,keep,
cha_nom_khai_muk_kw00_bing_000009.jpg,keep,
cha_nom_khai_muk_kw02_bing_000085.png,reject,junk_or_mixed_or_ambiguous
cha_nom_khai_muk_kw03_baidu_000044.jpg,reject,junk_or_mixed_or_ambiguous
cha_nom_khai_muk_kw01_bing_000118.jpg,reject,junk_or_mixed_or_ambiguous
cha_nom_khai_muk_kw01_bing_000065.jpg,reject,junk_or_mixed_or_ambiguous
cha_nom_khai_muk_kw03_baidu_000012.jpg,keep,
cha_nom_khai_muk_kw03_baidu_000045.jpg,reject,junk_or_mixed_or_ambiguous
cha_nom_khai_muk_kw01_bing_000084.jpg,reject,junk_or_mixed_or_ambiguous
cha_nom_khai_muk_kw01_bing_000066.jpg,reject,junk_or_mixed_or_ambiguous
cha_nom_khai_muk_kw04_baidu_000022.jpg,reject,junk_or_mixed_or_ambiguous
cha_nom_khai_muk_kw03_bing_000078.jpg,reject,junk_or_mixed_or_ambiguous
cha_nom_khai_muk_kw01_bing_000090.webp,reject,junk_or_mixed_or_ambiguous
cha_nom_khai_muk_kw02_bing_000074.jpg,reject,junk_or_mixed_or_ambiguous
cha_nom_khai_muk_kw03_baidu_000011.jpg,reject,junk_or_mixed_or_ambiguous
cha_nom_khai_muk_kw02_bing_000040.jpg,reject,junk_or_mixed_or_ambiguous
cha_nom_khai_muk_kw03_baidu_000053.jpg,keep,
cha_nom_khai_muk_kw03_baidu_000019.jpg,reject,junk_or_mixed_or_ambiguous
cha_nom_khai_muk_kw00_bing_000001.jpg,keep,
cha_nom_khai_muk_kw03_bing_000085.jpg,reject,junk_or_mixed_or_ambiguous
cha_nom_khai_muk_kw02_bing_000080.jpg,reject,junk_or_mixed_or_ambiguous
cha_nom_khai_muk_kw00_bing_000097.jpg,reject,junk_or_mixed_or_ambiguous
cha_nom_khai_muk_kw00_bing_000080.jpg,reject,junk_or_mixed_or_ambiguous
cha_nom_khai_muk_kw03_bing_000111.webp,reject,junk_or_mixed_or_ambiguous
cha_nom_khai_muk_kw02_bing_000118.jpg,reject,junk_or_mixed_or_ambiguous
cha_nom_khai_muk_kw04_baidu_000019.jpg,reject,junk_or_mixed_or_ambiguous
cha_nom_khai_muk_kw01_bing_000016.jpg,reject,junk_or_mixed_or_ambiguous
cha_nom_khai_muk_kw00_bing_000078.png,reject,junk_or_mixed_or_ambiguous
cha_nom_khai_muk_kw02_bing_000025.jpg,reject,junk_or_mixed_or_ambiguous
cha_nom_khai_muk_kw04_bing_000013.jpg,keep,
cha_nom_khai_muk_kw03_baidu_000020.jpg,keep,
cha_nom_khai_muk_kw04_baidu_000043.jpg,keep,
cha_nom_khai_muk_kw04_bing_000052.jpg,reject,junk_or_mixed_or_ambiguous
cha_nom_khai_muk_kw03_bing_000084.jpg,reject,junk_or_mixed_or_ambiguous
cha_nom_khai_muk_kw04_bing_000066.jpg,keep,
cha_nom_khai_muk_kw02_bing_000087.webp,reject,junk_or_mixed_or_ambiguous
cha_nom_khai_muk_kw03_bing_000064.jpg,reject,junk_or_mixed_or_ambiguous
cha_nom_khai_muk_kw01_bing_000036.jpg,reject,junk_or_mixed_or_ambiguous
cha_nom_khai_muk_kw01_bing_000081.png,reject,junk_or_mixed_or_ambiguous
cha_nom_khai_muk_kw03_bing_000028.jpg,keep,
cha_nom_khai_muk_kw04_baidu_000002.jpg,reject,junk_or_mixed_or_ambiguous
cha_nom_khai_muk_kw02_bing_000027.webp,keep,
cha_nom_khai_muk_kw04_bing_000049.jpg,keep,
cha_nom_khai_muk_kw00_bing_000015.jpg,reject,junk_or_mixed_or_ambiguous
cha_nom_khai_muk_kw01_bing_000017.jpg,reject,junk_or_mixed_or_ambiguous
cha_nom_khai_muk_kw03_bing_000046.jpg,keep,
cha_nom_khai_muk_kw00_bing_000024.jpg,reject,junk_or_mixed_or_ambiguous
cha_nom_khai_muk_kw01_bing_000033.jpg,reject,junk_or_mixed_or_ambiguous
cha_nom_khai_muk_kw04_baidu_000040.jpg,keep,
cha_nom_khai_muk_kw00_bing_000064.jpg,reject,junk_or_mixed_or_ambiguous
cha_nom_khai_muk_kw00_bing_000040.jpg,keep,
cha_nom_khai_muk_kw00_bing_000069.jpg,keep,
cha_nom_khai_muk_kw03_bing_000093.jpg,reject,junk_or_mixed_or_ambiguous
cha_nom_khai_muk_kw02_bing_000092.jpg,keep,
cha_nom_khai_muk_kw04_bing_000031.jpg,reject,junk_or_mixed_or_ambiguous
cha_nom_khai_muk_kw02_bing_000045.jpg,reject,junk_or_mixed_or_ambiguous
cha_nom_khai_muk_kw01_bing_000086.jpg,reject,junk_or_mixed_or_ambiguous
cha_nom_khai_muk_kw02_bing_000090.jpg,reject,junk_or_mixed_or_ambiguous
cha_nom_khai_muk_kw03_bing_000119.jpg,reject,junk_or_mixed_or_ambiguous
cha_nom_khai_muk_kw00_bing_000051.jpg,reject,junk_or_mixed_or_ambiguous
cha_nom_khai_muk_kw02_bing_000068.jpg,keep,
cha_nom_khai_muk_kw02_bing_000009.jpg,reject,junk_or_mixed_or_ambiguous
cha_nom_khai_muk_kw00_bing_000082.png,reject,junk_or_mixed_or_ambiguous
cha_nom_khai_muk_kw02_bing_000083.jpg,reject,junk_or_mixed_or_ambiguous
cha_nom_khai_muk_kw03_bing_000056.jpg,reject,junk_or_mixed_or_ambiguous
cha_nom_khai_muk_kw04_bing_000103.jpg,keep,
cha_nom_khai_muk_kw04_bing_000012.jpg,keep,
cha_nom_khai_muk_kw03_bing_000019.png,reject,junk_or_mixed_or_ambiguous
cha_nom_khai_muk_kw02_bing_000108.jpg,reject,junk_or_mixed_or_ambiguous
cha_nom_khai_muk_kw02_bing_000031.jpg,reject,junk_or_mixed_or_ambiguous
cha_nom_khai_muk_kw03_baidu_000003.jpg,reject,junk_or_mixed_or_ambiguous
cha_nom_khai_muk_kw01_bing_000032.jpg,keep,
cha_nom_khai_muk_kw03_bing_000047.png,reject,junk_or_mixed_or_ambiguous
cha_nom_khai_muk_kw03_baidu_000013.jpg,keep,
cha_nom_khai_muk_kw03_bing_000011.jpg,reject,junk_or_mixed_or_ambiguous
cha_nom_khai_muk_kw02_bing_000063.png,keep,
cha_nom_khai_muk_kw03_baidu_000006.jpg,reject,junk_or_mixed_or_ambiguous
cha_nom_khai_muk_kw04_bing_000037.jpg,keep,
cha_nom_khai_muk_kw03_baidu_000049.jpg,reject,junk_or_mixed_or_ambiguous
cha_nom_khai_muk_kw00_bing_000016.jpg,reject,junk_or_mixed_or_ambiguous
cha_nom_khai_muk_kw02_bing_000016.jpg,keep,
cha_nom_khai_muk_kw03_bing_000034.jpg,reject,junk_or_mixed_or_ambiguous
cha_nom_khai_muk_kw00_bing_000032.jpg,keep,
cha_nom_khai_muk_kw02_bing_000101.jpg,reject,junk_or_mixed_or_ambiguous
cha_nom_khai_muk_kw03_baidu_000048.jpg,keep,
cha_nom_khai_muk_kw04_baidu_000021.jpeg,keep,
cha_nom_khai_muk_kw04_baidu_000003.jpg,keep,
cha_nom_khai_muk_kw04_bing_000003.webp,keep,
cha_nom_khai_muk_kw04_bing_000101.jpg,keep,
cha_nom_khai_muk_kw02_bing_000042.jpg,reject,junk_or_mixed_or_ambiguous
cha_nom_khai_muk_kw04_baidu_000046.jpeg,reject,junk_or_mixed_or_ambiguous
cha_nom_khai_muk_kw03_bing_000088.jpg,reject,junk_or_mixed_or_ambiguous
cha_nom_khai_muk_kw03_bing_000074.jpg,reject,junk_or_mixed_or_ambiguous
cha_nom_khai_muk_kw03_bing_000072.jpg,reject,junk_or_mixed_or_ambiguous
cha_nom_khai_muk_kw03_bing_000037.png,reject,junk_or_mixed_or_ambiguous
cha_nom_khai_muk_kw01_bing_000061.jpg,reject,junk_or_mixed_or_ambiguous
cha_nom_khai_muk_kw01_bing_000075.jpg,keep,
cha_nom_khai_muk_kw03_bing_000050.jpg,keep,
cha_nom_khai_muk_kw01_bing_000055.jpg,reject,junk_or_mixed_or_ambiguous
cha_nom_khai_muk_kw03_bing_000016.jpg,reject,junk_or_mixed_or_ambiguous
cha_nom_khai_muk_kw02_bing_000039.jpg,reject,junk_or_mixed_or_ambiguous
cha_nom_khai_muk_kw01_bing_000100.jpg,reject,junk_or_mixed_or_ambiguous
cha_nom_khai_muk_kw03_bing_000042.jpg,keep,
cha_nom_khai_muk_kw04_bing_000100.jpg,keep,
cha_nom_khai_muk_kw03_bing_000098.jpg,reject,junk_or_mixed_or_ambiguous
cha_nom_khai_muk_kw03_bing_000038.jpg,reject,junk_or_mixed_or_ambiguous
cha_nom_khai_muk_kw04_bing_000095.jpg,keep,
cha_nom_khai_muk_kw04_bing_000009.jpg,reject,junk_or_mixed_or_ambiguous
cha_nom_khai_muk_kw03_baidu_000026.jpg,keep,
cha_nom_khai_muk_kw03_bing_000115.jpg,reject,junk_or_mixed_or_ambiguous
cha_nom_khai_muk_kw04_baidu_000020.jpg,reject,junk_or_mixed_or_ambiguous
cha_nom_khai_muk_kw03_baidu_000022.jpg,keep,
cha_nom_khai_muk_kw03_baidu_000014.jpg,keep,
cha_nom_khai_muk_kw03_bing_000124.jpg,reject,junk_or_mixed_or_ambiguous
cha_nom_khai_muk_kw04_baidu_000036.jpg,reject,junk_or_mixed_or_ambiguous
cha_nom_khai_muk_kw03_bing_000126.png,keep,
cha_nom_khai_muk_kw03_bing_000127.png,keep,
cha_nom_khai_muk_kw03_baidu_000002.jpg,reject,junk_or_mixed_or_ambiguous
cha_nom_khai_muk_kw03_baidu_000015.jpg,keep,
cha_nom_khai_muk_kw03_baidu_000007.jpg,reject,junk_or_mixed_or_ambiguous
cha_nom_khai_muk_kw03_baidu_000010.jpg,keep,
cha_nom_khai_muk_kw03_baidu_000016.jpg,keep,
cha_nom_khai_muk_kw04_bing_000073.jpg,keep,
cha_nom_khai_muk_kw03_baidu_000036.jpg,keep,
cha_nom_khai_muk_kw04_bing_000092.jpg,keep,
cha_nom_khai_muk_kw04_bing_000034.jpg,keep,
cha_nom_khai_muk_kw04_bing_000036.webp,keep,
cha_nom_khai_muk_kw04_bing_000041.jpg,keep,
cha_nom_khai_muk_kw04_bing_000090.png,keep,
cha_nom_khai_muk_kw04_bing_000048.jpg,keep,
cha_nom_khai_muk_kw04_bing_000051.jpg,keep,
cha_nom_khai_muk_kw04_bing_000056.jpg,keep,
cha_nom_khai_muk_kw04_bing_000024.jpg,keep,
cha_nom_khai_muk_kw04_bing_000058.jpg,keep,
cha_nom_khai_muk_kw04_bing_000061.png,keep,
cha_nom_khai_muk_kw04_bing_000062.jpg,keep,
cha_nom_khai_muk_kw04_bing_000079.png,keep,
cha_nom_khai_muk_kw04_bing_000063.jpg,keep,
cha_nom_khai_muk_kw04_bing_000064.jpg,keep,
cha_nom_khai_muk_kw04_bing_000077.jpg,keep,
cha_nom_khai_muk_kw04_bing_000075.jpg,keep,
cha_nom_khai_muk_kw04_bing_000069.webp,reject,junk_or_mixed_or_ambiguous
cha_nom_khai_muk_kw04_bing_000060.jpg,reject,junk_or_mixed_or_ambiguous
cha_nom_khai_muk_kw03_baidu_000034.jpg,reject,junk_or_mixed_or_ambiguous
cha_nom_khai_muk_kw04_bing_000022.webp,keep,
cha_nom_khai_muk_kw04_bing_000098.jpg,keep,
cha_nom_khai_muk_kw03_baidu_000037.jpg,keep,
cha_nom_khai_muk_kw03_baidu_000041.jpg,keep,
cha_nom_khai_muk_kw03_baidu_000043.jpg,keep,
cha_nom_khai_muk_kw04_baidu_000009.png,reject,junk_or_mixed_or_ambiguous
cha_nom_khai_muk_kw04_baidu_000007.jpg,keep,
cha_nom_khai_muk_kw03_baidu_000046.jpg,keep,
cha_nom_khai_muk_kw03_baidu_000047.jpg,keep,
cha_nom_khai_muk_kw03_baidu_000050.jpg,keep,
cha_nom_khai_muk_kw04_bing_000021.webp,keep,
cha_nom_khai_muk_kw04_baidu_000004.jpg,keep,
cha_nom_khai_muk_kw04_bing_000001.jpg,keep,
cha_nom_khai_muk_kw04_bing_000002.jpg,keep,
cha_nom_khai_muk_kw04_bing_000004.jpg,keep,
cha_nom_khai_muk_kw04_bing_000007.jpg,keep,
cha_nom_khai_muk_kw04_bing_000008.jpg,keep,
cha_nom_khai_muk_kw04_bing_000011.jpg,keep,
cha_nom_khai_muk_kw04_bing_000019.jpg,keep,
cha_nom_khai_muk_kw04_bing_000020.jpg,keep,
cha_nom_khai_muk_kw03_baidu_000052.jpg,keep,
cha_nom_khai_muk_kw04_bing_000000.jpg,keep,
cha_nom_khai_muk_kw03_bing_000022.jpg,keep,
cha_nom_khai_muk_kw03_bing_000099.webp,reject,junk_or_mixed_or_ambiguous
cha_nom_khai_muk_kw00_bing_000068.jpg,keep,
cha_nom_khai_muk_kw00_bing_000070.jpg,keep,
cha_nom_khai_muk_kw00_bing_000071.webp,keep,
cha_nom_khai_muk_kw00_bing_000079.webp,keep,
cha_nom_khai_muk_kw00_bing_000085.png,reject,junk_or_mixed_or_ambiguous
cha_nom_khai_muk_kw00_bing_000087.jpg,keep,
cha_nom_khai_muk_kw00_bing_000106.jpg,reject,junk_or_mixed_or_ambiguous
cha_nom_khai_muk_kw00_bing_000123.jpg,reject,junk_or_mixed_or_ambiguous
cha_nom_khai_muk_kw01_bing_000000.jpg,keep,
cha_nom_khai_muk_kw01_bing_000001.jpg,reject,junk_or_mixed_or_ambiguous
cha_nom_khai_muk_kw00_bing_000066.jpg,keep,
cha_nom_khai_muk_kw01_bing_000002.jpg,reject,junk_or_mixed_or_ambiguous
cha_nom_khai_muk_kw01_bing_000006.webp,keep,
cha_nom_khai_muk_kw01_bing_000011.jpg,reject,junk_or_mixed_or_ambiguous
cha_nom_khai_muk_kw01_bing_000013.jpg,keep,
cha_nom_khai_muk_kw01_bing_000023.webp,keep,
cha_nom_khai_muk_kw01_bing_000027.jpg,reject,junk_or_mixed_or_ambiguous
cha_nom_khai_muk_kw01_bing_000044.jpg,reject,junk_or_mixed_or_ambiguous
cha_nom_khai_muk_kw01_bing_000047.jpg,reject,junk_or_mixed_or_ambiguous
cha_nom_khai_muk_kw01_bing_000051.jpg,keep,
cha_nom_khai_muk_kw01_bing_000070.jpg,keep,
cha_nom_khai_muk_kw01_bing_000077.jpg,reject,junk_or_mixed_or_ambiguous
cha_nom_khai_muk_kw01_bing_000005.jpg,keep,
cha_nom_khai_muk_kw01_bing_000080.jpg,keep,
cha_nom_khai_muk_kw00_bing_000065.jpg,keep,
cha_nom_khai_muk_kw00_bing_000056.jpg,keep,
cha_nom_khai_muk_kw00_bing_000004.jpg,keep,
cha_nom_khai_muk_kw00_bing_000008.jpg,reject,junk_or_mixed_or_ambiguous
cha_nom_khai_muk_kw00_bing_000011.jpg,reject,junk_or_mixed_or_ambiguous
cha_nom_khai_muk_kw00_bing_000013.jpg,keep,
cha_nom_khai_muk_kw00_bing_000014.jpg,keep,
cha_nom_khai_muk_kw00_bing_000018.png,keep,
cha_nom_khai_muk_kw00_bing_000019.jpg,reject,junk_or_mixed_or_ambiguous
cha_nom_khai_muk_kw00_bing_000020.jpg,reject,junk_or_mixed_or_ambiguous
cha_nom_khai_muk_kw00_bing_000021.jpg,keep,
cha_nom_khai_muk_kw00_bing_000026.jpg,reject,junk_or_mixed_or_ambiguous
cha_nom_khai_muk_kw00_bing_000062.jpg,keep,
cha_nom_khai_muk_kw00_bing_000027.jpg,keep,
cha_nom_khai_muk_kw00_bing_000031.webp,keep,
cha_nom_khai_muk_kw00_bing_000035.jpg,keep,
cha_nom_khai_muk_kw00_bing_000036.jpg,keep,
cha_nom_khai_muk_kw00_bing_000037.jpg,keep,
cha_nom_khai_muk_kw00_bing_000039.jpg,reject,junk_or_mixed_or_ambiguous
cha_nom_khai_muk_kw00_bing_000041.jpg,keep,
cha_nom_khai_muk_kw00_bing_000043.jpg,reject,junk_or_mixed_or_ambiguous
cha_nom_khai_muk_kw00_bing_000044.jpg,keep,
cha_nom_khai_muk_kw00_bing_000047.jpg,reject,junk_or_mixed_or_ambiguous
cha_nom_khai_muk_kw00_bing_000050.jpg,reject,junk_or_mixed_or_ambiguous
cha_nom_khai_muk_kw00_bing_000030.jpg,reject,junk_or_mixed_or_ambiguous
cha_nom_khai_muk_kw03_bing_000106.jpg,keep,
cha_nom_khai_muk_kw01_bing_000092.jpg,keep,
cha_nom_khai_muk_kw01_bing_000105.jpg,reject,junk_or_mixed_or_ambiguous
cha_nom_khai_muk_kw03_bing_000018.jpg,reject,junk_or_mixed_or_ambiguous
cha_nom_khai_muk_kw03_bing_000020.jpg,keep,
cha_nom_khai_muk_kw03_bing_000021.jpg,keep,
cha_nom_khai_muk_kw04_baidu_000048.png,keep,
cha_nom_khai_muk_kw03_bing_000027.jpg,keep,
cha_nom_khai_muk_kw03_bing_000029.jpg,keep,
cha_nom_khai_muk_kw03_bing_000030.png,keep,
cha_nom_khai_muk_kw03_bing_000032.jpg,keep,
cha_nom_khai_muk_kw03_bing_000035.jpg,reject,junk_or_mixed_or_ambiguous
cha_nom_khai_muk_kw03_bing_000036.jpg,keep,
cha_nom_khai_muk_kw03_bing_000017.webp,reject,junk_or_mixed_or_ambiguous
cha_nom_khai_muk_kw03_bing_000040.jpg,keep,
cha_nom_khai_muk_kw03_bing_000049.jpg,reject,junk_or_mixed_or_ambiguous
cha_nom_khai_muk_kw03_bing_000053.jpg,keep,
cha_nom_khai_muk_kw03_bing_000054.jpg,reject,junk_or_mixed_or_ambiguous
cha_nom_khai_muk_kw03_bing_000055.jpg,reject,junk_or_mixed_or_ambiguous
cha_nom_khai_muk_kw03_bing_000057.jpg,reject,junk_or_mixed_or_ambiguous
cha_nom_khai_muk_kw03_bing_000058.jpg,keep,
cha_nom_khai_muk_kw03_bing_000059.jpg,keep,
cha_nom_khai_muk_kw03_bing_000060.jpg,reject,junk_or_mixed_or_ambiguous
cha_nom_khai_muk_kw03_bing_000061.jpg,reject,junk_or_mixed_or_ambiguous
cha_nom_khai_muk_kw03_bing_000076.jpg,reject,junk_or_mixed_or_ambiguous
cha_nom_khai_muk_kw03_bing_000041.jpg,reject,junk_or_mixed_or_ambiguous
cha_nom_khai_muk_kw01_bing_000104.jpg,reject,junk_or_mixed_or_ambiguous
cha_nom_khai_muk_kw03_bing_000015.jpg,reject,junk_or_mixed_or_ambiguous
cha_nom_khai_muk_kw03_bing_000012.png,keep,
cha_nom_khai_muk_kw02_bing_000005.webp,reject,junk_or_mixed_or_ambiguous
cha_nom_khai_muk_kw02_bing_000020.webp,keep,
cha_nom_khai_muk_kw02_bing_000021.webp,keep,
cha_nom_khai_muk_kw02_bing_000029.jpg,keep,
cha_nom_khai_muk_kw02_bing_000032.jpg,keep,
cha_nom_khai_muk_kw02_bing_000049.jpg,reject,junk_or_mixed_or_ambiguous
cha_nom_khai_muk_kw02_bing_000060.jpg,reject,junk_or_mixed_or_ambiguous
cha_nom_khai_muk_kw02_bing_000062.jpg,keep,
cha_nom_khai_muk_kw02_bing_000067.jpg,keep,
cha_nom_khai_muk_kw02_bing_000076.jpg,keep,
cha_nom_khai_muk_kw03_bing_000014.jpg,keep,
cha_nom_khai_muk_kw02_bing_000079.jpg,reject,junk_or_mixed_or_ambiguous
cha_nom_khai_muk_kw02_bing_000084.jpg,keep,
cha_nom_khai_muk_kw02_bing_000086.jpg,reject,junk_or_mixed_or_ambiguous
cha_nom_khai_muk_kw02_bing_000095.jpg,reject,junk_or_mixed_or_ambiguous
cha_nom_khai_muk_kw03_bing_000000.png,keep,
cha_nom_khai_muk_kw03_bing_000001.jpg,keep,
cha_nom_khai_muk_kw03_bing_000003.png,keep,
cha_nom_khai_muk_kw03_bing_000004.jpg,keep,
cha_nom_khai_muk_kw03_bing_000006.jpg,keep,
cha_nom_khai_muk_kw03_bing_000007.jpg,keep,
cha_nom_khai_muk_kw03_bing_000008.png,reject,junk_or_mixed_or_ambiguous
cha_nom_khai_muk_kw02_bing_000081.webp,keep,
cha_nom_khai_muk_kw04_baidu_000049.jpg,reject,junk_or_mixed_or_ambiguous
cha_phonlamai_kw01_bing_000032.jpg,reject,junk_or_mixed_or_ambiguous
cha_phonlamai_kw00_bing_000053.jpg,reject,junk_or_mixed_or_ambiguous
cha_phonlamai_kw02_bing_000093.jpg,reject,junk_or_mixed_or_ambiguous
cha_phonlamai_kw01_bing_000071.webp,reject,junk_or_mixed_or_ambiguous
cha_phonlamai_kw03_bing_000028.jpg,keep,
cha_phonlamai_kw01_bing_000044.png,reject,junk_or_mixed_or_ambiguous
cha_phonlamai_kw00_bing_000094.jpg,reject,junk_or_mixed_or_ambiguous
cha_phonlamai_kw01_bing_000081.jpg,reject,junk_or_mixed_or_ambiguous
cha_phonlamai_kw00_bing_000093.jpg,reject,junk_or_mixed_or_ambiguous
cha_phonlamai_kw04_baidu_000044.png,reject,junk_or_mixed_or_ambiguous
cha_phonlamai_kw00_bing_000100.jpg,reject,junk_or_mixed_or_ambiguous
cha_phonlamai_kw00_bing_000037.jpg,keep,
cha_phonlamai_kw01_bing_000052.jpg,reject,junk_or_mixed_or_ambiguous
cha_phonlamai_kw02_bing_000007.jpg,reject,junk_or_mixed_or_ambiguous
cha_phonlamai_kw03_baidu_000022.jpg,reject,junk_or_mixed_or_ambiguous
cha_phonlamai_kw03_bing_000023.jpg,reject,junk_or_mixed_or_ambiguous
cha_phonlamai_kw03_bing_000017.jpg,reject,junk_or_mixed_or_ambiguous
cha_phonlamai_kw01_bing_000010.jpg,reject,junk_or_mixed_or_ambiguous
cha_phonlamai_kw00_bing_000070.jpg,reject,junk_or_mixed_or_ambiguous
cha_phonlamai_kw03_bing_000093.jpg,reject,junk_or_mixed_or_ambiguous
cha_phonlamai_kw00_bing_000021.jpg,reject,junk_or_mixed_or_ambiguous
cha_phonlamai_kw01_bing_000023.webp,reject,junk_or_mixed_or_ambiguous
cha_phonlamai_kw02_bing_000051.webp,reject,junk_or_mixed_or_ambiguous
cha_phonlamai_kw02_bing_000041.webp,reject,junk_or_mixed_or_ambiguous
cha_phonlamai_kw01_bing_000087.jpg,reject,junk_or_mixed_or_ambiguous
cha_phonlamai_kw01_bing_000094.jpg,reject,junk_or_mixed_or_ambiguous
cha_phonlamai_kw00_bing_000033.jpg,reject,junk_or_mixed_or_ambiguous
cha_phonlamai_kw01_bing_000035.jpg,reject,junk_or_mixed_or_ambiguous
cha_phonlamai_kw01_bing_000038.jpg,reject,junk_or_mixed_or_ambiguous
cha_phonlamai_kw04_baidu_000035.jpg,reject,junk_or_mixed_or_ambiguous
cha_phonlamai_kw01_bing_000057.jpg,reject,junk_or_mixed_or_ambiguous
cha_phonlamai_kw01_bing_000013.jpg,reject,junk_or_mixed_or_ambiguous
cha_phonlamai_kw03_bing_000047.jpg,reject,junk_or_mixed_or_ambiguous
cha_phonlamai_kw01_bing_000037.jpg,reject,junk_or_mixed_or_ambiguous
cha_phonlamai_kw04_bing_000077.jpg,reject,junk_or_mixed_or_ambiguous
cha_phonlamai_kw04_baidu_000015.jpg,reject,junk_or_mixed_or_ambiguous
cha_phonlamai_kw00_bing_000049.jpg,reject,junk_or_mixed_or_ambiguous
cha_phonlamai_kw01_bing_000113.webp,reject,junk_or_mixed_or_ambiguous
cha_phonlamai_kw00_bing_000084.png,reject,junk_or_mixed_or_ambiguous
cha_phonlamai_kw00_bing_000001.webp,reject,junk_or_mixed_or_ambiguous
cha_phonlamai_kw02_bing_000008.jpg,reject,junk_or_mixed_or_ambiguous
cha_phonlamai_kw01_bing_000021.jpg,reject,junk_or_mixed_or_ambiguous
cha_phonlamai_kw01_bing_000047.png,reject,junk_or_mixed_or_ambiguous
cha_phonlamai_kw04_bing_000085.jpg,reject,junk_or_mixed_or_ambiguous
cha_phonlamai_kw01_bing_000016.jpg,reject,junk_or_mixed_or_ambiguous
cha_phonlamai_kw02_bing_000021.jpg,reject,junk_or_mixed_or_ambiguous
cha_phonlamai_kw02_bing_000075.webp,reject,junk_or_mixed_or_ambiguous
cha_phonlamai_kw00_bing_000007.jpg,reject,junk_or_mixed_or_ambiguous
cha_phonlamai_kw03_baidu_000008.jpg,reject,junk_or_mixed_or_ambiguous
cha_phonlamai_kw00_bing_000044.jpg,reject,junk_or_mixed_or_ambiguous
cha_phonlamai_kw02_bing_000003.jpg,reject,junk_or_mixed_or_ambiguous
cha_phonlamai_kw03_bing_000090.jpg,reject,junk_or_mixed_or_ambiguous
cha_phonlamai_kw02_bing_000046.jpg,reject,junk_or_mixed_or_ambiguous
cha_phonlamai_kw02_bing_000064.jpg,reject,junk_or_mixed_or_ambiguous
cha_phonlamai_kw00_bing_000022.jpg,reject,junk_or_mixed_or_ambiguous
cha_phonlamai_kw01_bing_000043.jpg,reject,junk_or_mixed_or_ambiguous
cha_phonlamai_kw02_bing_000026.jpg,reject,junk_or_mixed_or_ambiguous
cha_phonlamai_kw03_bing_000061.jpg,reject,junk_or_mixed_or_ambiguous
cha_phonlamai_kw00_bing_000083.jpg,reject,junk_or_mixed_or_ambiguous
cha_phonlamai_kw01_bing_000018.jpg,reject,junk_or_mixed_or_ambiguous
cha_phonlamai_kw04_baidu_000030.png,reject,junk_or_mixed_or_ambiguous
cha_phonlamai_kw00_bing_000040.jpg,reject,junk_or_mixed_or_ambiguous
cha_phonlamai_kw00_bing_000029.webp,reject,junk_or_mixed_or_ambiguous
cha_phonlamai_kw00_bing_000109.jpg,relabel:cha_khiao_nom,wrong_class
cha_phonlamai_kw04_baidu_000042.jpg,reject,junk_or_mixed_or_ambiguous
cha_phonlamai_kw02_bing_000032.jpg,reject,junk_or_mixed_or_ambiguous
cha_phonlamai_kw02_bing_000082.jpg,reject,junk_or_mixed_or_ambiguous
cha_phonlamai_kw04_bing_000089.webp,reject,junk_or_mixed_or_ambiguous
cha_phonlamai_kw02_bing_000071.jpg,reject,junk_or_mixed_or_ambiguous
cha_phonlamai_kw02_bing_000052.jpg,reject,junk_or_mixed_or_ambiguous
cha_phonlamai_kw03_baidu_000055.jpg,reject,junk_or_mixed_or_ambiguous
cha_phonlamai_kw02_bing_000011.webp,reject,junk_or_mixed_or_ambiguous
cha_phonlamai_kw02_bing_000084.jpg,reject,junk_or_mixed_or_ambiguous
cha_phonlamai_kw00_bing_000060.jpg,reject,junk_or_mixed_or_ambiguous
cha_phonlamai_kw03_bing_000053.jpg,reject,junk_or_mixed_or_ambiguous
cha_phonlamai_kw01_bing_000024.webp,reject,junk_or_mixed_or_ambiguous
cha_phonlamai_kw01_bing_000051.jpg,reject,junk_or_mixed_or_ambiguous
cha_phonlamai_kw00_bing_000003.jpg,reject,junk_or_mixed_or_ambiguous
cha_phonlamai_kw02_bing_000083.jpg,reject,junk_or_mixed_or_ambiguous
cha_phonlamai_kw03_bing_000101.jpg,reject,junk_or_mixed_or_ambiguous
cha_phonlamai_kw00_bing_000019.webp,reject,junk_or_mixed_or_ambiguous
cha_phonlamai_kw02_bing_000020.jpg,reject,junk_or_mixed_or_ambiguous
cha_phonlamai_kw02_bing_000018.png,reject,junk_or_mixed_or_ambiguous
cha_phonlamai_kw01_bing_000105.jpg,reject,junk_or_mixed_or_ambiguous
cha_phonlamai_kw02_bing_000039.jpg,keep,
cha_phonlamai_kw04_baidu_000019.jpg,reject,junk_or_mixed_or_ambiguous
cha_phonlamai_kw02_bing_000037.jpg,reject,junk_or_mixed_or_ambiguous
cha_phonlamai_kw02_bing_000019.webp,reject,junk_or_mixed_or_ambiguous
cha_phonlamai_kw00_bing_000058.jpg,reject,junk_or_mixed_or_ambiguous
cha_phonlamai_kw02_bing_000016.jpg,reject,junk_or_mixed_or_ambiguous
cha_phonlamai_kw01_bing_000048.jpg,keep,
cha_phonlamai_kw01_bing_000004.jpg,reject,junk_or_mixed_or_ambiguous
cha_phonlamai_kw02_bing_000057.jpg,reject,junk_or_mixed_or_ambiguous
cha_phonlamai_kw02_bing_000000.jpg,reject,junk_or_mixed_or_ambiguous
cha_phonlamai_kw01_bing_000061.jpg,keep,
cha_phonlamai_kw02_bing_000096.png,reject,junk_or_mixed_or_ambiguous
cha_phonlamai_kw01_bing_000072.png,reject,junk_or_mixed_or_ambiguous
cha_phonlamai_kw02_bing_000030.webp,reject,junk_or_mixed_or_ambiguous
cha_phonlamai_kw00_bing_000018.webp,reject,junk_or_mixed_or_ambiguous
cha_phonlamai_kw02_bing_000098.webp,reject,junk_or_mixed_or_ambiguous
cha_phonlamai_kw03_baidu_000005.jpg,reject,junk_or_mixed_or_ambiguous
cha_phonlamai_kw00_bing_000086.jpg,reject,junk_or_mixed_or_ambiguous
cha_phonlamai_kw03_baidu_000011.jpg,reject,junk_or_mixed_or_ambiguous
cha_phonlamai_kw00_bing_000063.jpg,reject,junk_or_mixed_or_ambiguous
cha_phonlamai_kw04_bing_000092.jpg,reject,junk_or_mixed_or_ambiguous
cha_phonlamai_kw04_bing_000093.jpg,reject,junk_or_mixed_or_ambiguous
cha_phonlamai_kw00_bing_000078.jpg,reject,junk_or_mixed_or_ambiguous
cha_phonlamai_kw01_bing_000045.jpg,reject,junk_or_mixed_or_ambiguous
cha_phonlamai_kw02_bing_000089.jpg,reject,junk_or_mixed_or_ambiguous
cha_phonlamai_kw03_bing_000060.jpg,reject,junk_or_mixed_or_ambiguous
cha_phonlamai_kw01_bing_000066.jpg,reject,junk_or_mixed_or_ambiguous
cha_phonlamai_kw01_bing_000009.png,keep,
cha_phonlamai_kw01_bing_000012.jpg,reject,junk_or_mixed_or_ambiguous
cha_phonlamai_kw04_baidu_000021.jpg,reject,junk_or_mixed_or_ambiguous
cha_phonlamai_kw03_bing_000089.jpg,reject,junk_or_mixed_or_ambiguous
cha_phonlamai_kw00_bing_000077.jpg,reject,junk_or_mixed_or_ambiguous
cha_phonlamai_kw00_bing_000036.webp,reject,junk_or_mixed_or_ambiguous
cha_phonlamai_kw03_bing_000038.jpg,keep,
cha_phonlamai_kw03_bing_000034.jpg,keep,
cha_phonlamai_kw01_bing_000083.png,reject,junk_or_mixed_or_ambiguous
cha_phonlamai_kw02_bing_000099.jpg,reject,junk_or_mixed_or_ambiguous
cha_phonlamai_kw03_bing_000051.jpg,keep,
cha_phonlamai_kw01_bing_000089.jpg,reject,junk_or_mixed_or_ambiguous
cha_phonlamai_kw03_baidu_000029.jpg,reject,junk_or_mixed_or_ambiguous
cha_phonlamai_kw04_bing_000014.jpg,keep,
cha_phonlamai_kw00_bing_000087.jpg,reject,junk_or_mixed_or_ambiguous
cha_phonlamai_kw03_bing_000104.jpg,reject,junk_or_mixed_or_ambiguous
cha_phonlamai_kw02_bing_000013.jpg,relabel:cha_thai,wrong_class
cha_phonlamai_kw02_bing_000042.jpg,reject,junk_or_mixed_or_ambiguous
cha_phonlamai_kw01_bing_000097.png,reject,junk_or_mixed_or_ambiguous
cha_phonlamai_kw02_bing_000086.jpg,reject,junk_or_mixed_or_ambiguous
cha_phonlamai_kw01_bing_000014.jpg,reject,junk_or_mixed_or_ambiguous
cha_phonlamai_kw03_baidu_000018.jpg,relabel:cha_dam_yen,wrong_class
cha_phonlamai_kw02_bing_000067.jpg,reject,junk_or_mixed_or_ambiguous
cha_phonlamai_kw03_baidu_000047.jpg,reject,junk_or_mixed_or_ambiguous
cha_phonlamai_kw02_bing_000029.jpg,relabel:cha_thai,wrong_class
cha_phonlamai_kw03_baidu_000051.jpg,reject,junk_or_mixed_or_ambiguous
cha_phonlamai_kw00_bing_000090.jpg,reject,junk_or_mixed_or_ambiguous
cha_phonlamai_kw03_baidu_000012.jpg,keep,
cha_phonlamai_kw03_baidu_000015.jpg,reject,junk_or_mixed_or_ambiguous
cha_phonlamai_kw01_bing_000002.jpg,reject,junk_or_mixed_or_ambiguous
cha_phonlamai_kw03_bing_000077.jpg,reject,junk_or_mixed_or_ambiguous
cha_phonlamai_kw01_bing_000096.webp,reject,junk_or_mixed_or_ambiguous
cha_phonlamai_kw02_bing_000061.webp,reject,junk_or_mixed_or_ambiguous
cha_phonlamai_kw02_bing_000092.webp,reject,junk_or_mixed_or_ambiguous
cha_phonlamai_kw02_bing_000069.jpg,reject,junk_or_mixed_or_ambiguous
cha_phonlamai_kw02_bing_000076.jpg,relabel:cha_thai,wrong_class
cha_phonlamai_kw04_baidu_000011.jpg,reject,junk_or_mixed_or_ambiguous
cha_phonlamai_kw03_baidu_000036.jpg,reject,junk_or_mixed_or_ambiguous
cha_phonlamai_kw01_bing_000101.png,reject,junk_or_mixed_or_ambiguous
cha_phonlamai_kw01_bing_000056.png,relabel:cha_dam_yen,wrong_class
cha_phonlamai_kw01_bing_000017.png,keep,
cha_phonlamai_kw04_bing_000003.jpg,relabel:cha_dam_yen,wrong_class
cha_phonlamai_kw01_bing_000015.jpg,reject,junk_or_mixed_or_ambiguous
cha_phonlamai_kw01_bing_000022.jpg,reject,junk_or_mixed_or_ambiguous
cha_phonlamai_kw04_bing_000019.jpg,reject,junk_or_mixed_or_ambiguous
cha_phonlamai_kw03_baidu_000052.jpg,reject,junk_or_mixed_or_ambiguous
cha_phonlamai_kw01_bing_000112.jpg,reject,junk_or_mixed_or_ambiguous
cha_phonlamai_kw00_bing_000064.jpg,reject,junk_or_mixed_or_ambiguous
cha_phonlamai_kw04_bing_000057.jpg,keep,
cha_phonlamai_kw01_bing_000005.jpg,keep,
cha_phonlamai_kw03_baidu_000039.jpg,reject,junk_or_mixed_or_ambiguous
cha_phonlamai_kw04_bing_000082.jpg,reject,junk_or_mixed_or_ambiguous
cha_phonlamai_kw04_bing_000020.jpg,keep,
cha_phonlamai_kw00_bing_000113.jpg,reject,junk_or_mixed_or_ambiguous
cha_phonlamai_kw03_baidu_000031.jpg,reject,junk_or_mixed_or_ambiguous
cha_phonlamai_kw02_bing_000063.jpg,reject,junk_or_mixed_or_ambiguous
cha_phonlamai_kw01_bing_000007.jpg,keep,
cha_phonlamai_kw02_bing_000053.jpg,reject,junk_or_mixed_or_ambiguous
cha_phonlamai_kw00_bing_000079.jpg,reject,junk_or_mixed_or_ambiguous
cha_phonlamai_kw01_bing_000068.jpg,relabel:cha_thai,wrong_class
cha_phonlamai_kw01_bing_000063.png,relabel:cha_dam_yen,wrong_class
cha_phonlamai_kw01_bing_000084.png,relabel:cha_dam_yen,wrong_class
cha_phonlamai_kw00_bing_000062.webp,reject,junk_or_mixed_or_ambiguous
cha_phonlamai_kw03_bing_000003.jpg,keep,
cha_phonlamai_kw03_bing_000013.jpg,reject,junk_or_mixed_or_ambiguous
cha_phonlamai_kw03_baidu_000033.jpg,keep,
cha_phonlamai_kw02_bing_000038.jpg,reject,junk_or_mixed_or_ambiguous
cha_phonlamai_kw01_bing_000088.jpg,reject,junk_or_mixed_or_ambiguous
cha_phonlamai_kw03_bing_000054.jpg,keep,
cha_phonlamai_kw00_bing_000069.jpg,reject,junk_or_mixed_or_ambiguous
cha_phonlamai_kw03_bing_000083.jpg,keep,
cha_phonlamai_kw02_bing_000058.jpg,reject,junk_or_mixed_or_ambiguous
cha_phonlamai_kw03_baidu_000003.jpg,keep,
cha_phonlamai_kw00_bing_000114.jpg,relabel:cha_thai,wrong_class
cha_phonlamai_kw01_bing_000100.jpg,reject,junk_or_mixed_or_ambiguous
cha_phonlamai_kw03_baidu_000025.jpg,reject,junk_or_mixed_or_ambiguous
cha_phonlamai_kw03_baidu_000027.png,reject,junk_or_mixed_or_ambiguous
cha_phonlamai_kw03_bing_000019.jpg,reject,junk_or_mixed_or_ambiguous
cha_phonlamai_kw03_bing_000045.jpg,keep,
cha_phonlamai_kw01_bing_000055.png,keep,
cha_phonlamai_kw00_bing_000047.jpg,reject,junk_or_mixed_or_ambiguous
cha_phonlamai_kw03_baidu_000030.jpg,reject,junk_or_mixed_or_ambiguous
cha_phonlamai_kw00_bing_000032.jpg,keep,
cha_phonlamai_kw00_bing_000011.jpg,keep,
cha_phonlamai_kw03_bing_000046.jpg,reject,junk_or_mixed_or_ambiguous
cha_phonlamai_kw03_bing_000058.webp,reject,junk_or_mixed_or_ambiguous
cha_phonlamai_kw04_baidu_000049.jpg,reject,junk_or_mixed_or_ambiguous
cha_phonlamai_kw02_bing_000040.webp,reject,junk_or_mixed_or_ambiguous
cha_phonlamai_kw03_baidu_000021.jpg,reject,junk_or_mixed_or_ambiguous
cha_phonlamai_kw04_bing_000080.jpg,reject,junk_or_mixed_or_ambiguous
cha_phonlamai_kw04_baidu_000027.jpg,reject,junk_or_mixed_or_ambiguous
cha_phonlamai_kw03_baidu_000050.jpg,reject,junk_or_mixed_or_ambiguous
cha_phonlamai_kw03_bing_000030.jpg,reject,junk_or_mixed_or_ambiguous
cha_phonlamai_kw03_baidu_000010.jpg,reject,junk_or_mixed_or_ambiguous
cha_phonlamai_kw03_bing_000016.webp,reject,junk_or_mixed_or_ambiguous
cha_phonlamai_kw00_bing_000065.jpg,reject,junk_or_mixed_or_ambiguous
cha_phonlamai_kw00_bing_000014.jpg,reject,junk_or_mixed_or_ambiguous
cha_phonlamai_kw04_baidu_000020.jpg,reject,junk_or_mixed_or_ambiguous
cha_phonlamai_kw03_bing_000002.jpg,reject,junk_or_mixed_or_ambiguous
cha_phonlamai_kw02_bing_000025.jpg,reject,junk_or_mixed_or_ambiguous
cha_phonlamai_kw03_bing_000026.jpg,keep,
cha_phonlamai_kw03_bing_000094.png,reject,junk_or_mixed_or_ambiguous
cha_phonlamai_kw00_bing_000034.jpg,keep,
cha_phonlamai_kw04_bing_000094.webp,reject,junk_or_mixed_or_ambiguous
cha_phonlamai_kw03_bing_000096.jpg,reject,junk_or_mixed_or_ambiguous
cha_phonlamai_kw04_baidu_000001.jpg,reject,junk_or_mixed_or_ambiguous
cha_phonlamai_kw03_bing_000005.jpg,keep,
cha_phonlamai_kw03_bing_000044.jpg,reject,junk_or_mixed_or_ambiguous
cha_phonlamai_kw04_baidu_000016.jpg,reject,junk_or_mixed_or_ambiguous
cha_phonlamai_kw00_bing_000009.webp,reject,junk_or_mixed_or_ambiguous
cha_phonlamai_kw03_baidu_000042.jpg,keep,
cha_phonlamai_kw03_bing_000001.jpg,reject,junk_or_mixed_or_ambiguous
cha_phonlamai_kw03_bing_000018.webp,keep,
cha_phonlamai_kw00_bing_000026.jpg,reject,junk_or_mixed_or_ambiguous
cha_phonlamai_kw00_bing_000016.webp,reject,junk_or_mixed_or_ambiguous
cha_phonlamai_kw03_bing_000087.webp,reject,junk_or_mixed_or_ambiguous
cha_phonlamai_kw01_bing_000093.jpg,reject,junk_or_mixed_or_ambiguous
cha_phonlamai_kw04_baidu_000029.jpg,reject,junk_or_mixed_or_ambiguous
cha_phonlamai_kw03_bing_000015.jpg,reject,junk_or_mixed_or_ambiguous
cha_phonlamai_kw03_bing_000021.webp,keep,
cha_phonlamai_kw00_bing_000017.webp,reject,junk_or_mixed_or_ambiguous
cha_phonlamai_kw03_bing_000037.jpg,keep,
cha_phonlamai_kw04_baidu_000036.jpg,keep,
cha_phonlamai_kw03_bing_000004.webp,keep,
cha_phonlamai_kw02_bing_000047.jpg,keep,
cha_phonlamai_kw04_baidu_000032.jpg,reject,junk_or_mixed_or_ambiguous
cha_phonlamai_kw04_baidu_000043.jpg,keep,
cha_phonlamai_kw04_bing_000046.jpg,reject,junk_or_mixed_or_ambiguous_or_ai
cha_phonlamai_kw04_bing_000051.jpg,keep,
cha_phonlamai_kw03_bing_000084.jpg,reject,junk_or_mixed_or_ambiguous_or_ai
cha_phonlamai_kw02_bing_000068.jpg,reject,junk_or_mixed_or_ambiguous_or_ai
cha_phonlamai_kw03_bing_000064.jpg,keep,
cha_phonlamai_kw03_bing_000050.jpg,keep,
cha_phonlamai_kw00_bing_000031.jpg,reject,junk_or_mixed_or_ambiguous_or_ai
cha_phonlamai_kw04_bing_000049.jpg,keep,
cha_phonlamai_kw04_baidu_000014.jpg,keep,
cha_phonlamai_kw04_baidu_000046.jpg,keep,
cha_phonlamai_kw00_bing_000030.jpg,reject,junk_or_mixed_or_ambiguous_or_ai
cha_phonlamai_kw03_bing_000056.jpg,reject,junk_or_mixed_or_ambiguous_or_ai
cha_phonlamai_kw03_bing_000075.jpg,keep,
cha_phonlamai_kw03_bing_000062.jpg,reject,junk_or_mixed_or_ambiguous_or_ai
cha_phonlamai_kw00_bing_000000.jpg,keep,
cha_phonlamai_kw03_bing_000057.jpg,keep,
cha_phonlamai_kw03_bing_000040.jpg,keep,
cha_phonlamai_kw03_baidu_000045.jpg,reject,junk_or_mixed_or_ambiguous_or_ai
cha_phonlamai_kw03_baidu_000019.jpg,reject,junk_or_mixed_or_ambiguous_or_ai
cha_phonlamai_kw02_bing_000049.jpg,reject,junk_or_mixed_or_ambiguous_or_ai
cha_phonlamai_kw03_baidu_000017.jpg,reject,junk_or_mixed_or_ambiguous_or_ai
cha_phonlamai_kw03_baidu_000034.jpg,reject,junk_or_mixed_or_ambiguous_or_ai
cha_phonlamai_kw00_bing_000002.webp,keep,
cha_phonlamai_kw04_bing_000067.jpg,keep,
cha_phonlamai_kw00_bing_000025.jpg,keep,
cha_phonlamai_kw03_bing_000041.jpg,reject,junk_or_mixed_or_ambiguous_or_ai
cha_phonlamai_kw03_bing_000066.jpg,keep,
cha_phonlamai_kw00_bing_000013.jpg,keep,
cha_phonlamai_kw03_baidu_000002.jpg,keep,
cha_phonlamai_kw03_bing_000039.jpg,reject,junk_or_mixed_or_ambiguous_or_ai
cha_phonlamai_kw00_bing_000027.jpg,keep,
cha_phonlamai_kw03_bing_000073.jpg,reject,junk_or_mixed_or_ambiguous_or_ai
cha_phonlamai_kw01_bing_000029.jpg,keep,
cha_phonlamai_kw04_bing_000073.jpg,keep,
cha_phonlamai_kw03_bing_000010.jpg,reject,junk_or_mixed_or_ambiguous_or_ai
cha_phonlamai_kw03_bing_000027.jpg,keep,
cha_phonlamai_kw03_bing_000029.jpg,reject,junk_or_mixed_or_ambiguous_or_ai
cha_phonlamai_kw04_baidu_000023.jpeg,reject,junk_or_mixed_or_ambiguous_or_ai
cha_phonlamai_kw04_baidu_000002.jpg,keep,
cha_phonlamai_kw04_bing_000102.jpg,reject,junk_or_mixed_or_ambiguous_or_ai
cha_phonlamai_kw03_bing_000033.jpg,keep,
cha_phonlamai_kw03_baidu_000038.jpg,keep,
cha_phonlamai_kw04_bing_000013.jpg,keep,
cha_phonlamai_kw03_bing_000006.jpg,reject,junk_or_mixed_or_ambiguous_or_ai
cha_phonlamai_kw04_baidu_000039.jpg,reject,junk_or_mixed_or_ambiguous_or_ai
cha_phonlamai_kw03_bing_000049.jpg,reject,junk_or_mixed_or_ambiguous_or_ai
cha_phonlamai_kw04_bing_000048.jpg,keep,
cha_phonlamai_kw04_bing_000065.jpg,keep,
cha_phonlamai_kw04_bing_000068.jpg,keep,
cha_phonlamai_kw04_bing_000037.jpg,reject,junk_or_mixed_or_ambiguous_or_ai
cha_phonlamai_kw03_bing_000067.jpg,reject,junk_or_mixed_or_ambiguous_or_ai
cha_phonlamai_kw02_bing_000012.jpg,keep,
cha_phonlamai_kw02_bing_000101.jpg,reject,junk_or_mixed_or_ambiguous_or_ai
cha_phonlamai_kw04_bing_000025.jpg,reject,junk_or_mixed_or_ambiguous_or_ai
cha_phonlamai_kw03_baidu_000048.jpg,keep,
cha_phonlamai_kw04_baidu_000017.jpg,keep,
cha_phonlamai_kw00_bing_000024.jpg,keep,
cha_phonlamai_kw03_bing_000036.jpg,keep,
cha_phonlamai_kw04_bing_000004.jpg,keep,
cha_phonlamai_kw03_bing_000070.jpg,reject,junk_or_mixed_or_ambiguous_or_ai
cha_phonlamai_kw04_baidu_000018.jpg,keep,
cha_phonlamai_kw02_bing_000072.jpg,reject,junk_or_mixed_or_ambiguous_or_ai
cha_phonlamai_kw04_bing_000087.jpg,keep,
cha_phonlamai_kw03_baidu_000020.jpg,reject,junk_or_mixed_or_ambiguous_or_ai
cha_phonlamai_kw01_bing_000079.png,reject,junk_or_mixed_or_ambiguous_or_ai
cha_phonlamai_kw04_baidu_000003.jpg,keep,
cha_phonlamai_kw02_bing_000048.jpg,reject,junk_or_mixed_or_ambiguous_or_ai
cha_phonlamai_kw04_baidu_000006.jpg,keep,
cha_phonlamai_kw04_bing_000058.png,keep,
cha_phonlamai_kw04_bing_000039.jpg,keep,
cha_phonlamai_kw04_bing_000028.jpg,keep,
cha_phonlamai_kw04_bing_000031.jpg,reject,junk_or_mixed_or_ambiguous_or_ai
cha_phonlamai_kw04_bing_000043.jpg,keep,
cha_phonlamai_kw03_bing_000012.jpg,reject,junk_or_mixed_or_ambiguous_or_ai
cha_phonlamai_kw04_bing_000081.jpg,keep,
cha_phonlamai_kw03_bing_000022.jpg,keep,
cha_phonlamai_kw03_bing_000024.jpg,keep,
cha_phonlamai_kw04_bing_000023.jpg,keep,
cha_phonlamai_kw04_baidu_000005.jpg,keep,
cha_phonlamai_kw04_baidu_000012.jpg,keep,
cha_phonlamai_kw01_bing_000025.jpg,reject,junk_or_mixed_or_ambiguous_or_ai
cha_phonlamai_kw04_baidu_000024.jpg,keep,
cha_phonlamai_kw04_baidu_000028.jpg,reject,junk_or_mixed_or_ambiguous_or_ai
cha_phonlamai_kw03_bing_000032.jpg,keep,
cha_phonlamai_kw00_bing_000080.jpg,reject,junk_or_mixed_or_ambiguous_or_ai
cha_phonlamai_kw04_bing_000059.jpg,keep,
cha_phonlamai_kw04_bing_000012.jpg,keep,
cha_phonlamai_kw04_bing_000041.webp,keep,
cha_phonlamai_kw03_bing_000000.webp,keep,
cha_phonlamai_kw03_bing_000014.jpg,keep,
cha_phonlamai_kw04_baidu_000047.jpeg,keep,
cha_phonlamai_kw04_bing_000005.jpg,keep,
cha_phonlamai_kw04_bing_000062.jpg,reject,junk_or_mixed_or_ambiguous_or_ai
cha_phonlamai_kw04_bing_000038.jpg,keep,
cha_phonlamai_kw03_baidu_000026.jpg,keep,
cha_phonlamai_kw04_baidu_000004.jpg,keep,
cha_phonlamai_kw04_bing_000045.jpg,keep,
cha_phonlamai_kw02_bing_000015.png,reject,junk_or_mixed_or_ambiguous_or_ai
cha_phonlamai_kw03_bing_000020.jpg,keep,
cha_phonlamai_kw04_bing_000052.jpg,keep,
cha_phonlamai_kw03_baidu_000037.jpg,reject,junk_or_mixed_or_ambiguous_or_ai
cha_phonlamai_kw03_baidu_000044.jpg,reject,junk_or_mixed_or_ambiguous_or_ai
cha_phonlamai_kw04_bing_000061.jpg,keep,
cha_phonlamai_kw04_bing_000079.webp,keep,
cha_phonlamai_kw03_bing_000063.jpg,reject,junk_or_mixed_or_ambiguous_or_ai
cha_phonlamai_kw00_bing_000015.jpg,reject,junk_or_mixed_or_ambiguous_or_ai
cha_phonlamai_kw04_bing_000036.jpg,keep,
cha_phonlamai_kw04_bing_000035.webp,keep,
cha_phonlamai_kw04_baidu_000008.jpg,keep,
cha_phonlamai_kw01_bing_000003.jpg,reject,junk_or_mixed_or_ambiguous_or_ai
cha_phonlamai_kw04_bing_000032.jpg,keep,
cha_phonlamai_kw03_bing_000052.webp,keep,
cha_phonlamai_kw01_bing_000001.jpg,keep,
cha_phonlamai_kw04_baidu_000022.jpg,keep,
cha_phonlamai_kw04_bing_000026.jpg,keep,
cha_phonlamai_kw03_bing_000009.jpg,keep,
cha_phonlamai_kw04_bing_000084.jpg,reject,junk_or_mixed_or_ambiguous_or_ai
cha_phonlamai_kw01_bing_000000.jpg,keep,
cha_phonlamai_kw01_bing_000054.png,reject,junk_or_mixed_or_ambiguous_or_ai
cha_phonlamai_kw01_bing_000028.png,reject,junk_or_mixed_or_ambiguous_or_ai
cha_phonlamai_kw04_bing_000076.jpg,keep,
cha_phonlamai_kw04_bing_000075.jpg,keep,
cha_phonlamai_kw03_bing_000081.jpg,reject,junk_or_mixed_or_ambiguous_or_ai
cha_phonlamai_kw03_bing_000042.jpg,keep,
cha_phonlamai_kw02_bing_000081.webp,reject,junk_or_mixed_or_ambiguous_or_ai
cha_phonlamai_kw04_baidu_000040.jpg,reject,junk_or_mixed_or_ambiguous_or_ai
cha_phonlamai_kw03_bing_000008.jpg,reject,junk_or_mixed_or_ambiguous_or_ai
cha_phonlamai_kw03_bing_000025.jpg,reject,junk_or_mixed_or_ambiguous_or_ai
cha_phonlamai_kw01_bing_000030.jpg,reject,junk_or_mixed_or_ambiguous_or_ai
cha_phonlamai_kw01_bing_000006.jpg,reject,junk_or_mixed_or_ambiguous_or_ai
cha_phonlamai_kw03_bing_000080.jpg,keep,
cha_phonlamai_kw03_bing_000055.jpg,reject,junk_or_mixed_or_ambiguous_or_ai
cha_phonlamai_kw03_baidu_000028.jpg,reject,junk_or_mixed_or_ambiguous_or_ai
cha_phonlamai_kw03_bing_000048.jpg,keep,
cha_phonlamai_kw03_bing_000074.jpg,reject,junk_or_mixed_or_ambiguous_or_ai
cha_phonlamai_kw03_bing_000076.jpg,reject,junk_or_mixed_or_ambiguous_or_ai
cha_phonlamai_kw03_baidu_000013.jpg,reject,junk_or_mixed_or_ambiguous_or_ai
cha_phonlamai_kw01_bing_000053.png,reject,junk_or_mixed_or_ambiguous_or_ai
cha_phonlamai_kw04_bing_000071.png,keep,
cha_phonlamai_kw04_bing_000009.jpg,keep,
cha_phonlamai_kw03_baidu_000040.jpeg,reject,junk_or_mixed_or_ambiguous_or_ai
cha_phonlamai_kw04_bing_000001.jpg,keep,
cha_phonlamai_kw04_bing_000029.jpg,keep,
cha_phonlamai_kw04_bing_000002.jpg,keep,
cha_phonlamai_kw04_bing_000027.jpg,keep,
cha_phonlamai_kw04_bing_000024.jpg,keep,
cha_phonlamai_kw04_bing_000006.jpg,keep,
cha_phonlamai_kw04_bing_000022.jpg,keep,
cha_phonlamai_kw04_bing_000021.jpg,keep,
cha_phonlamai_kw04_bing_000018.jpg,keep,
cha_phonlamai_kw04_bing_000017.webp,reject,junk_or_mixed_or_ambiguous_or_ai
cha_phonlamai_kw04_bing_000016.jpg,reject,junk_or_mixed_or_ambiguous_or_ai
cha_phonlamai_kw04_bing_000015.jpg,keep,
cha_phonlamai_kw03_bing_000071.jpg,reject,junk_or_mixed_or_ambiguous_or_ai
cha_phonlamai_kw04_bing_000007.jpg,keep,
cha_phonlamai_kw04_bing_000011.jpg,keep,
cha_phonlamai_kw04_bing_000033.jpg,keep,
cha_phonlamai_kw04_bing_000069.png,keep,
cha_phonlamai_kw04_bing_000034.jpg,keep,
cha_phonlamai_kw03_baidu_000056.jpg,reject,junk_or_mixed_or_ambiguous_or_ai
cha_phonlamai_kw04_bing_000064.jpg,keep,
cha_phonlamai_kw04_bing_000063.jpg,keep,
cha_phonlamai_kw04_bing_000008.png,keep,
cha_phonlamai_kw04_bing_000060.png,keep,
cha_phonlamai_kw02_bing_000036.jpg,reject,junk_or_mixed_or_ambiguous_or_ai
cha_phonlamai_kw04_bing_000056.jpg,reject,junk_or_mixed_or_ambiguous_or_ai
cha_phonlamai_kw04_bing_000055.jpg,keep,
cha_phonlamai_kw02_bing_000033.jpg,keep,
cha_phonlamai_kw03_bing_000068.jpg,reject,junk_or_mixed_or_ambiguous_or_ai
cha_phonlamai_kw04_bing_000047.png,keep,
cha_phonlamai_kw04_bing_000044.webp,keep,
cha_phonlamai_kw03_baidu_000054.jpg,reject,junk_or_mixed_or_ambiguous_or_ai
cha_phonlamai_kw04_bing_000042.png,keep,
cha_phonlamai_kw03_bing_000082.jpg,reject,junk_or_mixed_or_ambiguous_or_ai
cha_phonlamai_kw04_bing_000040.jpg,reject,junk_or_mixed_or_ambiguous_or_ai
cha_phonlamai_kw04_bing_000000.jpg,keep,
cha_phonlamai_kw03_baidu_000035.jpg,reject,junk_or_mixed_or_ambiguous_or_ai
cha_dam_yen_kw03_bing_000105.jpg,relabel:cha_phonlamai,wrong_class
cha_dam_yen_kw05_bing_000020.jpg,reject,junk_or_mixed_or_ambiguous
cha_dam_yen_kw06_bing_000060.jpg,reject,junk_or_mixed_or_ambiguous
cha_dam_yen_kw05_bing_000025.jpg,reject,junk_or_mixed_or_ambiguous
cha_dam_yen_kw05_bing_000056.jpg,reject,junk_or_mixed_or_ambiguous
cha_dam_yen_kw06_bing_000050.jpg,reject,junk_or_mixed_or_ambiguous
cha_dam_yen_kw05_bing_000057.jpg,reject,junk_or_mixed_or_ambiguous
cha_dam_yen_kw05_bing_000027.jpg,reject,junk_or_mixed_or_ambiguous
cha_dam_yen_kw05_bing_000012.jpg,reject,junk_or_mixed_or_ambiguous
cha_dam_yen_kw07_bing_000042.webp,reject,junk_or_mixed_or_ambiguous
cha_dam_yen_kw05_bing_000091.jpg,reject,junk_or_mixed_or_ambiguous
cha_dam_yen_kw07_bing_000051.jpg,reject,junk_or_mixed_or_ambiguous
cha_dam_yen_kw06_bing_000065.jpg,reject,junk_or_mixed_or_ambiguous
cha_dam_yen_kw06_bing_000018.jpg,reject,junk_or_mixed_or_ambiguous
cha_dam_yen_kw05_bing_000054.jpg,reject,junk_or_mixed_or_ambiguous
cha_dam_yen_kw05_bing_000021.jpg,reject,junk_or_mixed_or_ambiguous
cha_dam_yen_kw06_bing_000051.jpg,reject,junk_or_mixed_or_ambiguous
cha_dam_yen_kw05_bing_000029.jpg,reject,junk_or_mixed_or_ambiguous
cha_dam_yen_kw06_bing_000072.jpg,reject,junk_or_mixed_or_ambiguous
cha_dam_yen_kw07_bing_000055.webp,reject,junk_or_mixed_or_ambiguous
cha_dam_yen_kw06_bing_000014.jpg,reject,junk_or_mixed_or_ambiguous
cha_dam_yen_kw05_bing_000032.jpg,reject,junk_or_mixed_or_ambiguous
cha_dam_yen_kw06_bing_000024.jpg,reject,junk_or_mixed_or_ambiguous
cha_dam_yen_kw06_bing_000010.jpg,reject,junk_or_mixed_or_ambiguous
cha_dam_yen_kw06_bing_000062.jpg,reject,junk_or_mixed_or_ambiguous
cha_dam_yen_kw07_bing_000034.jpg,reject,junk_or_mixed_or_ambiguous
cha_dam_yen_kw06_bing_000095.jpg,reject,junk_or_mixed_or_ambiguous
cha_dam_yen_kw06_bing_000023.jpg,relabel:cha_thai,wrong_class
cha_dam_yen_kw06_bing_000009.jpg,reject,junk_or_mixed_or_ambiguous
cha_dam_yen_kw05_bing_000044.jpg,reject,junk_or_mixed_or_ambiguous
cha_dam_yen_kw06_bing_000096.jpg,relabel:cha_thai,wrong_class
cha_dam_yen_kw06_bing_000000.jpg,keep,
cha_dam_yen_kw07_bing_000074.webp,reject,junk_or_mixed_or_ambiguous
cha_dam_yen_kw07_bing_000093.webp,relabel:cha_nom_khai_muk,wrong_class
cha_dam_yen_kw06_bing_000046.jpg,reject,junk_or_mixed_or_ambiguous
cha_dam_yen_kw06_bing_000067.jpg,reject,junk_or_mixed_or_ambiguous
cha_dam_yen_kw06_bing_000076.jpg,keep,
cha_dam_yen_kw06_bing_000080.jpg,reject,junk_or_mixed_or_ambiguous
cha_dam_yen_kw06_bing_000094.jpg,reject,junk_or_mixed_or_ambiguous
cha_dam_yen_kw06_bing_000013.jpg,reject,junk_or_mixed_or_ambiguous
cha_dam_yen_kw06_bing_000015.jpg,reject,junk_or_mixed_or_ambiguous
cha_dam_yen_kw06_bing_000028.jpg,reject,junk_or_mixed_or_ambiguous
cha_dam_yen_kw05_bing_000092.jpg,reject,junk_or_mixed_or_ambiguous
cha_dam_yen_kw06_bing_000037.jpg,reject,junk_or_mixed_or_ambiguous
cha_dam_yen_kw06_bing_000063.jpg,reject,junk_or_mixed_or_ambiguous
cha_dam_yen_kw06_bing_000031.jpg,reject,junk_or_mixed_or_ambiguous
cha_dam_yen_kw07_bing_000045.webp,relabel:cha_nom_khai_muk,wrong_class
cha_dam_yen_kw06_bing_000012.jpg,reject,junk_or_mixed_or_ambiguous
cha_dam_yen_kw06_bing_000055.jpg,reject,junk_or_mixed_or_ambiguous
cha_dam_yen_kw07_bing_000069.jpg,reject,junk_or_mixed_or_ambiguous
cha_dam_yen_kw06_bing_000099.jpg,relabel:cha_khiao_nom,wrong_class
cha_dam_yen_kw06_bing_000064.jpg,reject,junk_or_mixed_or_ambiguous
cha_dam_yen_kw07_bing_000059.jpg,reject,junk_or_mixed_or_ambiguous_lemon
cha_dam_yen_kw05_bing_000016.jpg,reject,junk_or_mixed_or_ambiguous_lemon
cha_dam_yen_kw07_bing_000013.jpg,reject,junk_or_mixed_or_ambiguous_lemon
cha_dam_yen_kw07_bing_000022.webp,reject,junk_or_mixed_or_ambiguous_lemon
cha_dam_yen_kw07_bing_000060.jpg,keep,
cha_dam_yen_kw07_bing_000072.webp,reject,junk_or_mixed_or_ambiguous_lemon
cha_dam_yen_kw07_bing_000007.jpg,keep,
cha_dam_yen_kw07_bing_000008.jpg,reject,junk_or_mixed_or_ambiguous_lemon
cha_dam_yen_kw07_bing_000023.jpg,reject,junk_or_mixed_or_ambiguous_lemon
cha_dam_yen_kw07_bing_000039.jpg,reject,junk_or_mixed_or_ambiguous_lemon
cha_dam_yen_kw07_bing_000026.jpg,reject,junk_or_mixed_or_ambiguous_lemon
cha_dam_yen_kw05_bing_000039.png,keep,
cha_dam_yen_kw06_bing_000034.jpg,reject,junk_or_mixed_or_ambiguous_lemon
cha_dam_yen_kw07_bing_000078.jpg,reject,junk_or_mixed_or_ambiguous_lemon
cha_dam_yen_kw07_bing_000038.jpg,keep,
cha_dam_yen_kw07_bing_000009.jpg,keep,
cha_dam_yen_kw06_bing_000019.jpg,keep,
cha_dam_yen_kw07_bing_000024.jpg,keep,
cha_dam_yen_kw07_bing_000036.webp,reject,junk_or_mixed_or_ambiguous_lemon
cha_dam_yen_kw05_bing_000009.webp,reject,junk_or_mixed_or_ambiguous_lemon
cha_dam_yen_kw06_bing_000027.jpg,keep,
cha_dam_yen_kw06_bing_000052.jpg,reject,junk_or_mixed_or_ambiguous_lemon
cha_dam_yen_kw07_bing_000086.jpg,reject,junk_or_mixed_or_ambiguous_lemon
cha_thai_kw05_bing_000093.jpg,reject,junk_or_mixed_or_ambiguous
cha_thai_kw05_bing_000009.jpg,reject,junk_or_mixed_or_ambiguous
cha_thai_kw05_bing_000085.jpg,reject,junk_or_mixed_or_ambiguous
cha_thai_kw05_bing_000072.jpg,reject,junk_or_mixed_or_ambiguous
cha_thai_kw05_bing_000097.png,reject,junk_or_mixed_or_ambiguous
cha_thai_kw05_bing_000038.jpg,reject,junk_or_mixed_or_ambiguous
cha_thai_kw05_bing_000086.jpg,reject,junk_or_mixed_or_ambiguous
cha_thai_kw06_bing_000044.jpg,reject,junk_or_mixed_or_ambiguous
cha_thai_kw05_bing_000054.jpg,reject,junk_or_mixed_or_ambiguous
cha_thai_kw05_bing_000042.jpg,reject,junk_or_mixed_or_ambiguous
cha_thai_kw05_bing_000005.jpg,reject,junk_or_mixed_or_ambiguous
cha_thai_kw05_bing_000081.jpg,reject,junk_or_mixed_or_ambiguous
cha_thai_kw06_bing_000083.jpg,reject,junk_or_mixed_or_ambiguous
cha_thai_kw07_bing_000062.jpg,reject,junk_or_mixed_or_ambiguous
cha_thai_kw07_bing_000079.jpg,reject,junk_or_mixed_or_ambiguous
cha_thai_kw07_bing_000034.jpg,reject,junk_or_mixed_or_ambiguous
cha_thai_kw05_bing_000020.jpg,reject,junk_or_mixed_or_ambiguous
cha_thai_kw05_bing_000011.jpg,reject,junk_or_mixed_or_ambiguous
cha_thai_kw05_bing_000037.jpg,reject,junk_or_mixed_or_ambiguous
cha_thai_kw05_bing_000040.jpg,reject,junk_or_mixed_or_ambiguous
cha_thai_kw05_bing_000025.jpg,reject,junk_or_mixed_or_ambiguous
cha_thai_kw05_bing_000030.jpg,reject,junk_or_mixed_or_ambiguous
cha_thai_kw07_bing_000054.jpg,reject,junk_or_mixed_or_ambiguous
cha_thai_kw05_bing_000018.jpg,reject,junk_or_mixed_or_ambiguous
cha_thai_kw05_bing_000055.jpg,reject,junk_or_mixed_or_ambiguous
cha_thai_kw05_bing_000003.jpg,reject,junk_or_mixed_or_ambiguous
cha_thai_kw05_bing_000015.jpg,reject,junk_or_mixed_or_ambiguous
cha_thai_kw06_bing_000092.jpg,reject,junk_or_mixed_or_ambiguous
cha_thai_kw05_bing_000033.jpg,reject,junk_or_mixed_or_ambiguous
cha_thai_kw05_bing_000084.png,reject,junk_or_mixed_or_ambiguous
cha_thai_kw07_bing_000017.jpg,reject,junk_or_mixed_or_ambiguous
cha_thai_kw05_bing_000048.jpg,reject,junk_or_mixed_or_ambiguous
cha_thai_kw05_bing_000045.jpg,reject,junk_or_mixed_or_ambiguous
cha_thai_kw07_bing_000031.jpg,reject,junk_or_mixed_or_ambiguous
cha_thai_kw05_bing_000007.jpg,reject,junk_or_mixed_or_ambiguous
cha_thai_kw07_bing_000007.webp,reject,junk_or_mixed_or_ambiguous
cha_thai_kw05_bing_000100.webp,reject,junk_or_mixed_or_ambiguous
cha_thai_kw06_bing_000066.webp,reject,junk_or_mixed_or_ambiguous
cha_thai_kw05_bing_000021.png,reject,junk_or_mixed_or_ambiguous
cha_thai_kw07_bing_000060.webp,reject,junk_or_mixed_or_ambiguous
cha_thai_kw05_bing_000026.webp,reject,junk_or_mixed_or_ambiguous
cha_thai_kw05_bing_000000.png,reject,junk_or_mixed_or_ambiguous
cha_thai_kw06_bing_000036.jpg,reject,junk_or_mixed_or_ambiguous
cha_thai_kw06_bing_000033.jpg,relabel:cha_khiao_nom,wrong_class
cha_thai_kw06_bing_000065.webp,reject,junk_or_mixed_or_ambiguous
cha_thai_kw05_bing_000036.jpg,reject,junk_or_mixed_or_ambiguous
cha_thai_kw07_bing_000076.jpg,reject,junk_or_mixed_or_ambiguous
cha_thai_kw05_bing_000014.jpg,reject,junk_or_mixed_or_ambiguous
cha_thai_kw05_bing_000049.jpg,reject,junk_or_mixed_or_ambiguous
cha_thai_kw07_bing_000084.jpg,reject,junk_or_mixed_or_ambiguous
cha_thai_kw07_bing_000025.jpg,reject,junk_or_mixed_or_ambiguous
cha_thai_kw07_bing_000072.jpg,reject,junk_or_mixed_or_ambiguous
cha_thai_kw05_bing_000016.jpg,reject,junk_or_mixed_or_ambiguous
cha_thai_kw05_bing_000087.jpg,reject,junk_or_mixed_or_ambiguous
cha_thai_kw07_bing_000041.jpg,reject,junk_or_mixed_or_ambiguous
cha_thai_kw07_bing_000087.jpg,reject,junk_or_mixed_or_ambiguous
cha_thai_kw05_bing_000047.jpg,reject,junk_or_mixed_or_ambiguous
cha_thai_kw06_bing_000052.jpg,reject,junk_or_mixed_or_ambiguous
cha_thai_kw07_bing_000086.jpg,reject,junk_or_mixed_or_ambiguous
cha_thai_kw05_bing_000034.jpg,reject,junk_or_mixed_or_ambiguous
cha_thai_kw05_bing_000019.webp,reject,junk_or_mixed_or_ambiguous
cha_thai_kw06_bing_000055.jpg,reject,junk_or_mixed_or_ambiguous
cha_thai_kw06_bing_000026.png,keep,
cha_thai_kw05_bing_000017.jpg,reject,junk_or_mixed_or_ambiguous
cha_thai_kw06_bing_000061.jpg,reject,junk_or_mixed_or_ambiguous
cha_thai_kw05_bing_000057.png,reject,junk_or_mixed_or_ambiguous
cha_thai_kw07_bing_000077.jpg,reject,junk_or_mixed_or_ambiguous
cha_thai_kw06_bing_000060.jpg,reject,junk_or_mixed_or_ambiguous
cha_thai_kw07_bing_000059.jpg,reject,junk_or_mixed_or_ambiguous
cha_thai_kw05_bing_000006.jpg,reject,junk_or_mixed_or_ambiguous
cha_thai_kw05_bing_000079.jpg,reject,junk_or_mixed_or_ambiguous
cha_thai_kw06_bing_000096.jpg,keep,
cha_thai_kw07_bing_000045.jpg,reject,junk_or_mixed_or_ambiguous
cha_thai_kw06_bing_000088.jpg,reject,junk_or_mixed_or_ambiguous
cha_thai_kw07_bing_000063.jpg,reject,junk_or_mixed_or_ambiguous
cha_thai_kw06_bing_000029.jpg,reject,junk_or_mixed_or_ambiguous
cha_thai_kw06_bing_000017.jpg,reject,junk_or_mixed_or_ambiguous
cha_thai_kw07_bing_000039.jpg,reject,junk_or_mixed_or_ambiguous
cha_thai_kw05_bing_000039.jpg,reject,junk_or_mixed_or_ambiguous
cha_thai_kw07_bing_000053.jpg,reject,junk_or_mixed_or_ambiguous
cha_thai_kw07_bing_000023.jpg,reject,junk_or_mixed_or_ambiguous
cha_thai_kw06_bing_000041.webp,reject,junk_or_mixed_or_ambiguous
cha_thai_kw06_bing_000073.jpg,reject,junk_or_mixed_or_ambiguous
cha_thai_kw07_bing_000071.webp,reject,junk_or_mixed_or_ambiguous
cha_thai_kw07_bing_000074.webp,relabel:cha_nom_khai_muk,wrong_class
cha_thai_kw06_bing_000106.jpg,reject,junk_or_mixed_or_ambiguous
cha_thai_kw05_bing_000001.png,relabel:cha_dam_yen,wrong_class
cha_thai_kw06_bing_000071.jpg,reject,junk_or_mixed_or_ambiguous
cha_thai_kw06_bing_000072.webp,reject,junk_or_mixed_or_ambiguous
cha_thai_kw07_bing_000005.webp,reject,junk_or_mixed_or_ambiguous
cha_thai_kw06_bing_000079.webp,reject,junk_or_mixed_or_ambiguous
cha_thai_kw06_bing_000048.jpg,reject,junk_or_mixed_or_ambiguous
cha_thai_kw07_bing_000012.jpg,keep,
cha_thai_kw06_bing_000057.jpg,reject,junk_or_mixed_or_ambiguous
cha_thai_kw07_bing_000116.jpg,reject,junk_or_mixed_or_ambiguous
cha_thai_kw07_bing_000003.png,keep,
cha_thai_kw07_bing_000002.jpg,keep,
cha_thai_kw06_bing_000035.jpg,reject,junk_or_mixed_or_ambiguous
cha_thai_kw06_bing_000054.webp,reject,junk_or_mixed_or_ambiguous
cha_thai_kw07_bing_000035.jpg,reject,junk_or_mixed_or_ambiguous
cha_thai_kw07_bing_000030.jpg,reject,junk_or_mixed_or_ambiguous
cha_thai_kw07_bing_000009.webp,keep,
cha_thai_kw07_bing_000051.jpg,reject,junk_or_mixed_or_ambiguous
cha_thai_kw07_bing_000082.jpg,reject,junk_or_mixed_or_ambiguous
cha_thai_kw07_bing_000042.jpg,reject,junk_or_mixed_or_ambiguous
cha_thai_kw07_bing_000022.jpg,keep,
cha_thai_kw07_bing_000014.jpg,reject,junk_or_mixed_or_ambiguous
cha_thai_kw06_bing_000063.webp,reject,junk_or_mixed_or_ambiguous
cha_thai_kw07_bing_000011.jpg,keep,
cha_thai_kw06_bing_000067.jpg,reject,junk_or_mixed_or_ambiguous
cha_thai_kw07_bing_000008.webp,keep,
cha_thai_kw07_bing_000006.jpg,keep,
cha_thai_kw06_bing_000128.jpg,keep,
cha_thai_kw06_bing_000091.webp,keep,
cha_thai_kw06_bing_000053.jpg,keep,
cha_thai_kw07_bing_000010.jpg,reject,junk_or_mixed_or_ambiguous
cha_khiao_nom_kw06_bing_000105.jpg,reject,junk_or_mixed_or_ambiguous
cha_khiao_nom_kw00_bing_000088.jpg,reject,junk_or_mixed_or_ambiguous
cha_khiao_nom_kw06_bing_000085.jpg,reject,junk_or_mixed_or_ambiguous
cha_khiao_nom_kw06_bing_000068.jpg,reject,junk_or_mixed_or_ambiguous
cha_khiao_nom_kw06_bing_000091.jpg,reject,junk_or_mixed_or_ambiguous
cha_khiao_nom_kw05_bing_000017.jpg,reject,junk_or_mixed_or_ambiguous
cha_khiao_nom_kw05_bing_000100.webp,reject,junk_or_mixed_or_ambiguous
cha_khiao_nom_kw05_bing_000033.jpg,reject,junk_or_mixed_or_ambiguous
cha_khiao_nom_kw07_bing_000062.jpg,reject,junk_or_mixed_or_ambiguous
cha_khiao_nom_kw06_bing_000040.jpg,reject,junk_or_mixed_or_ambiguous
cha_khiao_nom_kw05_bing_000016.png,reject,junk_or_mixed_or_ambiguous
cha_khiao_nom_kw07_bing_000091.jpg,reject,junk_or_mixed_or_ambiguous
cha_khiao_nom_kw07_bing_000025.jpg,reject,junk_or_mixed_or_ambiguous
cha_khiao_nom_kw07_bing_000012.jpg,reject,junk_or_mixed_or_ambiguous
cha_khiao_nom_kw00_bing_000005.png,reject,junk_or_mixed_or_ambiguous
cha_khiao_nom_kw00_bing_000087.jpg,reject,junk_or_mixed_or_ambiguous
cha_khiao_nom_kw05_bing_000027.jpg,reject,junk_or_mixed_or_ambiguous
cha_khiao_nom_kw07_bing_000080.jpg,reject,junk_or_mixed_or_ambiguous
cha_khiao_nom_kw00_bing_000096.webp,reject,junk_or_mixed_or_ambiguous
cha_khiao_nom_kw06_bing_000080.jpg,relabel:cha_thai,wrong_class
cha_khiao_nom_kw00_bing_000019.jpg,reject,junk_or_mixed_or_ambiguous
cha_khiao_nom_kw06_bing_000056.jpg,reject,junk_or_mixed_or_ambiguous
cha_khiao_nom_kw07_bing_000051.jpg,reject,junk_or_mixed_or_ambiguous
cha_khiao_nom_kw07_bing_000172.jpg,reject,junk_or_mixed_or_ambiguous
cha_khiao_nom_kw00_bing_000130.jpg,reject,junk_or_mixed_or_ambiguous
cha_khiao_nom_kw06_bing_000099.jpg,reject,junk_or_mixed_or_ambiguous
cha_khiao_nom_kw00_bing_000030.jpg,reject,junk_or_mixed_or_ambiguous
cha_khiao_nom_kw05_bing_000030.jpg,reject,junk_or_mixed_or_ambiguous
cha_khiao_nom_kw00_bing_000095.jpg,relabel:cha_nom_khai_muk,wrong_class
cha_khiao_nom_kw00_bing_000015.jpg,keep,
cha_khiao_nom_kw00_bing_000012.jpg,reject,junk_or_mixed_or_ambiguous
cha_khiao_nom_kw00_bing_000059.jpg,reject,junk_or_mixed_or_ambiguous
cha_khiao_nom_kw06_bing_000103.webp,reject,junk_or_mixed_or_ambiguous
cha_khiao_nom_kw00_bing_000035.jpg,keep,
cha_khiao_nom_kw00_bing_000054.jpg,reject,junk_or_mixed_or_ambiguous
cha_khiao_nom_kw00_bing_000040.jpg,reject,junk_or_mixed_or_ambiguous
cha_khiao_nom_kw06_bing_000079.jpg,reject,junk_or_mixed_or_ambiguous
cha_khiao_nom_kw00_bing_000021.jpg,reject,junk_or_mixed_or_ambiguous
cha_khiao_nom_kw07_bing_000063.jpg,reject,junk_or_mixed_or_ambiguous
cha_khiao_nom_kw07_bing_000011.jpg,reject,junk_or_mixed_or_ambiguous
cha_khiao_nom_kw00_bing_000007.webp,keep,
cha_khiao_nom_kw07_bing_000057.png,reject,junk_or_mixed_or_ambiguous
cha_khiao_nom_kw00_bing_000100.webp,reject,junk_or_mixed_or_ambiguous
cha_khiao_nom_kw00_bing_000045.jpg,reject,junk_or_mixed_or_ambiguous
cha_khiao_nom_kw06_bing_000094.jpg,relabel:cha_nom_khai_muk,wrong_class
cha_khiao_nom_kw00_bing_000051.jpg,reject,junk_or_mixed_or_ambiguous
cha_khiao_nom_kw00_bing_000058.jpg,reject,junk_or_mixed_or_ambiguous
cha_khiao_nom_kw06_bing_000067.jpg,relabel:cha_dam_yen,wrong_class
cha_khiao_nom_kw06_bing_000062.jpg,reject,junk_or_mixed_or_ambiguous
cha_khiao_nom_kw00_bing_000060.jpg,relabel:cha_thai,wrong_class
cha_khiao_nom_kw06_bing_000038.jpg,reject,junk_or_mixed_or_ambiguous
cha_khiao_nom_kw00_bing_000085.jpg,relabel:cha_nom_khai_muk,wrong_class
cha_khiao_nom_kw05_bing_000042.jpg,reject,junk_or_mixed_or_ambiguous
cha_khiao_nom_kw07_bing_000094.webp,relabel:cha_thai,wrong_class
cha_khiao_nom_kw00_bing_000097.jpg,relabel:cha_nom_khai_muk,wrong_class
cha_khiao_nom_kw06_bing_000095.jpg,reject,junk_or_mixed_or_ambiguous
cha_khiao_nom_kw05_bing_000038.jpg,reject,junk_or_mixed_or_ambiguous
cha_khiao_nom_kw06_bing_000100.jpg,reject,junk_or_mixed_or_ambiguous
cha_khiao_nom_kw00_bing_000011.jpg,reject,junk_or_mixed_or_ambiguous
cha_khiao_nom_kw00_bing_000043.png,reject,junk_or_mixed_or_ambiguous
cha_khiao_nom_kw00_bing_000049.jpg,reject,junk_or_mixed_or_ambiguous
cha_khiao_nom_kw00_bing_000004.jpg,keep,
cha_khiao_nom_kw00_bing_000027.jpg,keep,
cha_khiao_nom_kw07_bing_000049.jpg,keep,
cha_khiao_nom_kw00_bing_000000.jpg,keep,
cha_khiao_nom_kw07_bing_000016.jpg,reject,junk_or_mixed_or_ambiguous
cha_khiao_nom_kw00_bing_000023.jpg,keep,
cha_khiao_nom_kw06_bing_000046.jpg,reject,junk_or_mixed_or_ambiguous
cha_khiao_nom_kw00_bing_000079.png,reject,junk_or_mixed_or_ambiguous
cha_khiao_nom_kw00_bing_000076.png,reject,junk_or_mixed_or_ambiguous
cha_khiao_nom_kw00_bing_000037.png,reject,junk_or_mixed_or_ambiguous
cha_khiao_nom_kw00_bing_000031.jpg,keep,
cha_khiao_nom_kw07_bing_000030.jpg,keep,
cha_khiao_nom_kw07_bing_000042.jpg,reject,junk_or_mixed_or_ambiguous
cha_khiao_nom_kw05_bing_000011.webp,reject,junk_or_mixed_or_ambiguous
cha_khiao_nom_kw00_bing_000052.jpg,keep,
cha_khiao_nom_kw00_bing_000002.jpg,keep,
cha_khiao_nom_kw00_bing_000091.jpg,reject,junk_or_mixed_or_ambiguous
cha_khiao_nom_kw00_bing_000029.jpg,keep,
cha_khiao_nom_kw00_bing_000056.jpg,keep,
cha_khiao_nom_kw00_bing_000042.jpg,reject,junk_or_mixed_or_ambiguous
cha_khiao_nom_kw07_bing_000026.jpg,reject,junk_or_mixed_or_ambiguous
cha_khiao_nom_kw00_bing_000006.jpg,reject,junk_or_mixed_or_ambiguous
cha_khiao_nom_kw00_bing_000003.jpg,reject,junk_or_mixed_or_ambiguous
cha_khiao_nom_kw00_bing_000062.webp,reject,junk_or_mixed_or_ambiguous
cha_khiao_nom_kw07_bing_000023.jpg,keep,
cha_khiao_nom_kw00_bing_000070.jpg,keep,
cha_khiao_nom_kw00_bing_000013.jpg,reject,junk_or_mixed_or_ambiguous
cha_khiao_nom_kw07_bing_000001.jpg,keep,
cha_khiao_nom_kw00_bing_000001.jpg,keep,
cha_khiao_nom_kw00_bing_000010.jpg,reject,junk_or_mixed_or_ambiguous
cha_khiao_nom_kw05_bing_000072.jpg,keep,
cha_khiao_nom_kw05_bing_000092.jpg,keep,
cha_khiao_nom_kw00_bing_000005.jpg,keep,
cha_khiao_nom_kw00_bing_000008.png,reject,junk_or_mixed_or_ambiguous
cha_khiao_nom_kw00_bing_000078.jpg,reject,junk_or_mixed_or_ambiguous
cha_khiao_nom_kw07_bing_000027.jpg,reject,junk_or_mixed_or_ambiguous
cha_khiao_nom_kw07_bing_000037.png,keep,
cha_khiao_nom_kw00_bing_000001.png,keep,
cha_khiao_nom_kw00_bing_000039.jpg,keep,
cha_khiao_nom_kw00_bing_000010.png,reject,junk_or_mixed_or_ambiguous
cha_khiao_nom_kw05_bing_000037.png,keep,
cha_khiao_nom_kw00_bing_000028.jpg,reject,junk_or_mixed_or_ambiguous
cha_khiao_nom_kw00_bing_000071.jpg,reject,junk_or_mixed_or_ambiguous
cha_khiao_nom_kw07_bing_000040.jpg,keep,
cha_khiao_nom_kw07_bing_000061.jpg,reject,junk_or_mixed_or_ambiguous
cha_khiao_nom_kw06_bing_000041.jpg,keep,
cha_khiao_nom_kw06_bing_000070.jpg,keep,
cha_khiao_nom_kw06_bing_000078.jpg,reject,junk_or_mixed_or_ambiguous
cha_khiao_nom_kw00_bing_000067.webp,reject,junk_or_mixed_or_ambiguous
cha_nom_khai_muk_kw06_bing_000017.jpg,reject,junk_or_mixed_or_ambiguous
cha_nom_khai_muk_kw06_bing_000028.jpg,reject,junk_or_mixed_or_ambiguous
cha_nom_khai_muk_kw05_bing_000061.jpg,reject,junk_or_mixed_or_ambiguous
cha_nom_khai_muk_kw06_bing_000023.jpg,reject,junk_or_mixed_or_ambiguous
cha_nom_khai_muk_kw06_bing_000062.jpg,reject,junk_or_mixed_or_ambiguous
cha_nom_khai_muk_kw07_bing_000031.webp,reject,junk_or_mixed_or_ambiguous
cha_nom_khai_muk_kw06_bing_000097.jpg,reject,junk_or_mixed_or_ambiguous
cha_nom_khai_muk_kw06_bing_000058.jpg,reject,junk_or_mixed_or_ambiguous
cha_nom_khai_muk_kw06_bing_000089.jpg,reject,junk_or_mixed_or_ambiguous
cha_nom_khai_muk_kw06_bing_000054.jpg,reject,junk_or_mixed_or_ambiguous
cha_nom_khai_muk_kw05_bing_000084.jpg,reject,junk_or_mixed_or_ambiguous
cha_nom_khai_muk_kw06_bing_000057.jpg,reject,junk_or_mixed_or_ambiguous
cha_nom_khai_muk_kw05_bing_000092.jpg,reject,junk_or_mixed_or_ambiguous
cha_nom_khai_muk_kw05_bing_000043.jpg,reject,junk_or_mixed_or_ambiguous
cha_nom_khai_muk_kw06_bing_000036.jpg,reject,junk_or_mixed_or_ambiguous
cha_nom_khai_muk_kw05_bing_000027.jpg,reject,junk_or_mixed_or_ambiguous
cha_nom_khai_muk_kw05_bing_000035.jpg,reject,junk_or_mixed_or_ambiguous
cha_nom_khai_muk_kw06_bing_000076.jpg,reject,junk_or_mixed_or_ambiguous
cha_nom_khai_muk_kw06_bing_000075.jpg,reject,junk_or_mixed_or_ambiguous
cha_nom_khai_muk_kw06_bing_000069.jpg,reject,junk_or_mixed_or_ambiguous
cha_nom_khai_muk_kw06_bing_000072.jpg,reject,junk_or_mixed_or_ambiguous
cha_nom_khai_muk_kw07_bing_000067.jpg,reject,junk_or_mixed_or_ambiguous
cha_nom_khai_muk_kw07_bing_000060.jpg,reject,junk_or_mixed_or_ambiguous
cha_nom_khai_muk_kw06_bing_000048.jpg,reject,junk_or_mixed_or_ambiguous
cha_nom_khai_muk_kw07_bing_000004.png,reject,junk_or_mixed_or_ambiguous
cha_nom_khai_muk_kw06_bing_000084.jpg,reject,junk_or_mixed_or_ambiguous
cha_nom_khai_muk_kw07_bing_000038.jpg,reject,junk_or_mixed_or_ambiguous
cha_nom_khai_muk_kw07_bing_000057.jpg,reject,junk_or_mixed_or_ambiguous
cha_nom_khai_muk_kw07_bing_000041.jpg,reject,junk_or_mixed_or_ambiguous
cha_nom_khai_muk_kw06_bing_000016.webp,reject,junk_or_mixed_or_ambiguous
cha_nom_khai_muk_kw06_bing_000004.jpg,keep,
cha_nom_khai_muk_kw07_bing_000005.jpg,reject,junk_or_mixed_or_ambiguous
cha_nom_khai_muk_kw06_bing_000093.webp,relabel:cha_thai,wrong_class
cha_nom_khai_muk_kw07_bing_000079.jpg,reject,junk_or_mixed_or_ambiguous
cha_nom_khai_muk_kw06_bing_000068.jpg,reject,junk_or_mixed_or_ambiguous
cha_nom_khai_muk_kw06_bing_000035.png,reject,junk_or_mixed_or_ambiguous
cha_nom_khai_muk_kw07_bing_000002.jpg,reject,junk_or_mixed_or_ambiguous
cha_nom_khai_muk_kw06_bing_000027.jpg,reject,junk_or_mixed_or_ambiguous
cha_nom_khai_muk_kw06_bing_000007.jpg,keep,
cha_nom_khai_muk_kw07_bing_000011.webp,reject,junk_or_mixed_or_ambiguous
cha_nom_khai_muk_kw06_bing_000012.jpg,reject,junk_or_mixed_or_ambiguous
cha_nom_khai_muk_kw06_bing_000018.jpg,keep,
cha_nom_khai_muk_kw07_bing_000046.jpg,reject,junk_or_mixed_or_ambiguous
cha_nom_khai_muk_kw07_bing_000049.jpg,reject,junk_or_mixed_or_ambiguous
cha_nom_khai_muk_kw07_bing_000050.jpg,keep,
cha_nom_khai_muk_kw06_bing_000024.jpg,reject,junk_or_mixed_or_ambiguous
cha_nom_khai_muk_kw06_bing_000095.jpg,keep,
cha_nom_khai_muk_kw06_bing_000029.jpg,relabel:cha_dam_yen,wrong_class
cha_nom_khai_muk_kw06_bing_000038.jpg,reject,junk_or_mixed_or_ambiguous
cha_nom_khai_muk_kw05_bing_000060.jpg,reject,junk_or_mixed_or_ambiguous
cha_nom_khai_muk_kw06_bing_000019.jpg,reject,junk_or_mixed_or_ambiguous
cha_nom_khai_muk_kw05_bing_000005.jpg,reject,junk_or_mixed_or_ambiguous
cha_nom_khai_muk_kw05_bing_000075.jpg,reject,junk_or_mixed_or_ambiguous
cha_nom_khai_muk_kw05_bing_000007.jpg,reject,junk_or_mixed_or_ambiguous
cha_nom_khai_muk_kw06_bing_000011.jpg,reject,junk_or_mixed_or_ambiguous
cha_nom_khai_muk_kw07_bing_000033.png,keep,
cha_nom_khai_muk_kw07_bing_000065.jpg,reject,junk_or_mixed_or_ambiguous
cha_nom_khai_muk_kw07_bing_000016.jpg,reject,junk_or_mixed_or_ambiguous
cha_nom_khai_muk_kw05_bing_000014.jpg,reject,junk_or_mixed_or_ambiguous
cha_nom_khai_muk_kw07_bing_000027.jpg,reject,junk_or_mixed_or_ambiguous
cha_nom_khai_muk_kw07_bing_000015.jpg,reject,junk_or_mixed_or_ambiguous
cha_nom_khai_muk_kw05_bing_000000.jpg,reject,junk_or_mixed_or_ambiguous
cha_nom_khai_muk_kw07_bing_000020.jpg,reject,junk_or_mixed_or_ambiguous
cha_nom_khai_muk_kw06_bing_000033.jpg,keep,
cha_nom_khai_muk_kw06_bing_000008.jpg,reject,junk_or_mixed_or_ambiguous
cha_nom_khai_muk_kw06_bing_000013.jpg,reject,junk_or_mixed_or_ambiguous
cha_nom_khai_muk_kw07_bing_000024.jpg,keep,
cha_nom_khai_muk_kw06_bing_000063.webp,reject,junk_or_mixed_or_ambiguous
cha_nom_khai_muk_kw07_bing_000018.jpg,keep,
cha_nom_khai_muk_kw07_bing_000034.webp,reject,junk_or_mixed_or_ambiguous
cha_nom_khai_muk_kw07_bing_000069.jpg,keep,
cha_nom_khai_muk_kw07_bing_000008.jpg,keep,
cha_nom_khai_muk_kw07_bing_000021.jpg,reject,junk_or_mixed_or_ambiguous
cha_nom_khai_muk_kw07_bing_000003.jpg,reject,junk_or_mixed_or_ambiguous
cha_nom_khai_muk_kw06_bing_000071.jpg,reject,junk_or_mixed_or_ambiguous
cha_nom_khai_muk_kw07_bing_000000.jpg,keep,
cha_nom_khai_muk_kw07_bing_000080.jpg,reject,junk_or_mixed_or_ambiguous
cha_nom_khai_muk_kw05_bing_000001.jpg,keep,
cha_nom_khai_muk_kw05_bing_000003.jpg,reject,junk_or_mixed_or_ambiguous
cha_nom_khai_muk_kw07_bing_000063.webp,keep,
cha_nom_khai_muk_kw07_bing_000040.jpg,reject,junk_or_mixed_or_ambiguous
cha_nom_khai_muk_kw07_bing_000037.jpg,reject,junk_or_mixed_or_ambiguous
cha_nom_khai_muk_kw05_bing_000039.jpg,reject,junk_or_mixed_or_ambiguous
cha_nom_khai_muk_kw06_bing_000002.jpg,reject,junk_or_mixed_or_ambiguous
cha_nom_khai_muk_kw07_bing_000030.webp,keep,
cha_nom_khai_muk_kw06_bing_000021.jpg,reject,junk_or_mixed_or_ambiguous
cha_nom_khai_muk_kw06_bing_000096.jpg,reject,junk_or_mixed_or_ambiguous
cha_nom_khai_muk_kw07_bing_000025.jpg,reject,junk_or_mixed_or_ambiguous
cha_nom_khai_muk_kw07_bing_000022.jpg,keep,
cha_nom_khai_muk_kw06_bing_000034.jpg,keep,
cha_nom_khai_muk_kw06_bing_000046.jpg,reject,junk_or_mixed_or_ambiguous
cha_nom_khai_muk_kw06_bing_000047.jpg,reject,junk_or_mixed_or_ambiguous
cha_nom_khai_muk_kw06_bing_000050.jpg,reject,junk_or_mixed_or_ambiguous
cha_nom_khai_muk_kw06_bing_000059.jpg,reject,junk_or_mixed_or_ambiguous
cha_nom_khai_muk_kw07_bing_000012.jpg,reject,junk_or_mixed_or_ambiguous
cha_nom_khai_muk_kw06_bing_000060.jpg,keep,
cha_nom_khai_muk_kw07_bing_000082.jpg,keep,
cha_nom_khai_muk_kw07_bing_000001.jpg,keep,
cha_nom_khai_muk_kw06_bing_000031.jpg,reject,junk_or_mixed_or_ambiguous
cha_nom_khai_muk_kw07_bing_000098.jpg,reject,junk_or_mixed_or_ambiguous
cha_phonlamai_kw07_bing_000016.jpg,reject,junk_or_mixed_or_ambiguous
cha_phonlamai_kw05_bing_000086.jpg,reject,junk_or_mixed_or_ambiguous
cha_phonlamai_kw07_bing_000028.jpg,reject,junk_or_mixed_or_ambiguous
cha_phonlamai_kw06_bing_000094.jpg,reject,junk_or_mixed_or_ambiguous
cha_phonlamai_kw07_bing_000048.jpg,reject,junk_or_mixed_or_ambiguous
cha_phonlamai_kw07_bing_000001.webp,reject,junk_or_mixed_or_ambiguous
cha_phonlamai_kw07_bing_000051.webp,reject,junk_or_mixed_or_ambiguous
cha_phonlamai_kw05_bing_000067.jpg,reject,junk_or_mixed_or_ambiguous
cha_phonlamai_kw07_bing_000030.jpg,reject,junk_or_mixed_or_ambiguous
cha_phonlamai_kw07_bing_000027.jpg,reject,junk_or_mixed_or_ambiguous
cha_phonlamai_kw07_bing_000091.jpg,reject,junk_or_mixed_or_ambiguous
cha_phonlamai_kw07_bing_000070.webp,reject,junk_or_mixed_or_ambiguous
cha_phonlamai_kw05_bing_000022.jpg,reject,junk_or_mixed_or_ambiguous
cha_phonlamai_kw07_bing_000045.jpg,reject,junk_or_mixed_or_ambiguous
cha_phonlamai_kw07_bing_000047.jpg,reject,junk_or_mixed_or_ambiguous
cha_phonlamai_kw05_bing_000087.jpg,reject,junk_or_mixed_or_ambiguous
cha_phonlamai_kw07_bing_000000.webp,reject,junk_or_mixed_or_ambiguous
cha_phonlamai_kw06_bing_000063.jpg,reject,junk_or_mixed_or_ambiguous
cha_phonlamai_kw07_bing_000071.jpg,reject,junk_or_mixed_or_ambiguous
cha_phonlamai_kw06_bing_000031.jpg,reject,junk_or_mixed_or_ambiguous
cha_phonlamai_kw07_bing_000086.jpg,reject,junk_or_mixed_or_ambiguous
cha_phonlamai_kw05_bing_000097.jpg,reject,junk_or_mixed_or_ambiguous
cha_phonlamai_kw06_bing_000070.jpg,reject,junk_or_mixed_or_ambiguous
cha_phonlamai_kw06_bing_000003.webp,reject,junk_or_mixed_or_ambiguous
cha_phonlamai_kw06_bing_000085.jpg,reject,junk_or_mixed_or_ambiguous
cha_phonlamai_kw07_bing_000056.jpg,reject,junk_or_mixed_or_ambiguous
cha_phonlamai_kw06_bing_000068.jpg,reject,junk_or_mixed_or_ambiguous
cha_phonlamai_kw05_bing_000066.jpg,reject,junk_or_mixed_or_ambiguous
cha_phonlamai_kw06_bing_000073.jpg,reject,junk_or_mixed_or_ambiguous
cha_phonlamai_kw06_bing_000069.jpg,reject,junk_or_mixed_or_ambiguous
cha_phonlamai_kw07_bing_000083.jpg,reject,junk_or_mixed_or_ambiguous
cha_phonlamai_kw06_bing_000090.jpg,reject,junk_or_mixed_or_ambiguous
cha_phonlamai_kw05_bing_000016.jpg,reject,junk_or_mixed_or_ambiguous
cha_phonlamai_kw07_bing_000029.jpg,reject,junk_or_mixed_or_ambiguous
cha_phonlamai_kw07_bing_000072.jpg,reject,junk_or_mixed_or_ambiguous
cha_phonlamai_kw05_bing_000027.jpg,reject,junk_or_mixed_or_ambiguous
cha_phonlamai_kw07_bing_000008.jpg,reject,junk_or_mixed_or_ambiguous
cha_phonlamai_kw07_bing_000049.webp,reject,junk_or_mixed_or_ambiguous
cha_phonlamai_kw07_bing_000015.jpg,reject,junk_or_mixed_or_ambiguous
cha_phonlamai_kw05_bing_000071.webp,reject,junk_or_mixed_or_ambiguous
cha_phonlamai_kw07_bing_000033.jpg,reject,junk_or_mixed_or_ambiguous
cha_phonlamai_kw07_bing_000019.jpg,reject,junk_or_mixed_or_ambiguous
cha_phonlamai_kw06_bing_000025.jpg,reject,junk_or_mixed_or_ambiguous
cha_phonlamai_kw05_bing_000077.jpg,reject,junk_or_mixed_or_ambiguous
cha_phonlamai_kw05_bing_000038.jpg,reject,junk_or_mixed_or_ambiguous
cha_phonlamai_kw06_bing_000061.png,reject,junk_or_mixed_or_ambiguous
cha_phonlamai_kw06_bing_000084.webp,reject,junk_or_mixed_or_ambiguous
cha_phonlamai_kw07_bing_000021.jpg,reject,junk_or_mixed_or_ambiguous
cha_phonlamai_kw07_bing_000089.webp,reject,junk_or_mixed_or_ambiguous
cha_phonlamai_kw07_bing_000041.jpg,reject,junk_or_mixed_or_ambiguous
cha_phonlamai_kw07_bing_000004.jpg,keep,
cha_phonlamai_kw07_bing_000022.jpg,reject,junk_or_mixed_or_ambiguous
cha_phonlamai_kw06_bing_000097.jpg,reject,junk_or_mixed_or_ambiguous
cha_phonlamai_kw06_bing_000101.png,reject,junk_or_mixed_or_ambiguous
cha_phonlamai_kw07_bing_000011.jpg,reject,junk_or_mixed_or_ambiguous
cha_phonlamai_kw07_bing_000092.jpg,reject,junk_or_mixed_or_ambiguous
cha_phonlamai_kw06_bing_000079.jpg,reject,junk_or_mixed_or_ambiguous
cha_phonlamai_kw07_bing_000080.jpg,reject,junk_or_mixed_or_ambiguous
cha_phonlamai_kw06_bing_000081.jpg,reject,junk_or_mixed_or_ambiguous
cha_phonlamai_kw06_bing_000002.jpg,reject,junk_or_mixed_or_ambiguous
cha_phonlamai_kw06_bing_000004.jpg,keep,
cha_phonlamai_kw06_bing_000027.jpg,reject,junk_or_mixed_or_ambiguous
cha_phonlamai_kw06_bing_000053.jpg,reject,junk_or_mixed_or_ambiguous
cha_phonlamai_kw06_bing_000029.jpg,relabel:cha_khiao_nom,wrong_class
cha_phonlamai_kw06_bing_000013.webp,reject,junk_or_mixed_or_ambiguous
cha_phonlamai_kw07_bing_000042.jpg,reject,junk_or_mixed_or_ambiguous
cha_phonlamai_kw07_bing_000065.webp,reject,junk_or_mixed_or_ambiguous
cha_phonlamai_kw06_bing_000037.jpg,reject,junk_or_mixed_or_ambiguous
cha_phonlamai_kw07_bing_000034.jpg,reject,junk_or_mixed_or_ambiguous
cha_phonlamai_kw06_bing_000080.webp,reject,junk_or_mixed_or_ambiguous
cha_phonlamai_kw07_bing_000081.jpg,reject,junk_or_mixed_or_ambiguous
cha_phonlamai_kw07_bing_000058.webp,reject,junk_or_mixed_or_ambiguous
cha_phonlamai_kw07_bing_000007.webp,reject,junk_or_mixed_or_ambiguous
cha_phonlamai_kw07_bing_000053.webp,reject,junk_or_mixed_or_ambiguous
cha_phonlamai_kw07_bing_000037.webp,reject,junk_or_mixed_or_ambiguous
cha_phonlamai_kw06_bing_000044.jpg,reject,junk_or_mixed_or_ambiguous
cha_phonlamai_kw07_bing_000002.jpg,reject,junk_or_mixed_or_ambiguous
cha_phonlamai_kw05_bing_000055.jpg,relabel:cha_dam_yen,wrong_class
cha_phonlamai_kw06_bing_000014.jpg,reject,junk_or_mixed_or_ambiguous
cha_phonlamai_kw06_bing_000062.jpg,reject,junk_or_mixed_or_ambiguous
cha_phonlamai_kw06_bing_000050.jpg,reject,junk_or_mixed_or_ambiguous
cha_phonlamai_kw06_bing_000012.webp,reject,junk_or_mixed_or_ambiguous
cha_phonlamai_kw06_bing_000064.jpg,reject,junk_or_mixed_or_ambiguous
cha_phonlamai_kw06_bing_000065.jpg,reject,junk_or_mixed_or_ambiguous
cha_phonlamai_kw07_bing_000103.jpg,reject,junk_or_mixed_or_ambiguous
cha_phonlamai_kw06_bing_000046.jpg,reject,junk_or_mixed_or_ambiguous
cha_phonlamai_kw06_bing_000030.jpg,reject,junk_or_mixed_or_ambiguous
cha_phonlamai_kw05_bing_000079.jpg,reject,junk_or_mixed_or_ambiguous
cha_phonlamai_kw06_bing_000041.jpg,reject,junk_or_mixed_or_ambiguous
cha_phonlamai_kw06_bing_000074.jpg,reject,junk_or_mixed_or_ambiguous
cha_phonlamai_kw05_bing_000061.jpg,relabel:cha_thai,wrong_class
cha_phonlamai_kw05_bing_000065.jpg,reject,junk_or_mixed_or_ambiguous
cha_phonlamai_kw07_bing_000069.jpg,reject,junk_or_mixed_or_ambiguous
cha_phonlamai_kw06_bing_000024.jpg,relabel:cha_thai,wrong_class
cha_phonlamai_kw06_bing_000051.jpg,relabel:cha_nom_khai_muk,wrong_class
cha_phonlamai_kw07_bing_000032.webp,reject,junk_or_mixed_or_ambiguous
cha_phonlamai_kw07_bing_000040.jpg,reject,junk_or_mixed_or_ambiguous
cha_phonlamai_kw07_bing_000046.jpg,reject,junk_or_mixed_or_ambiguous
cha_phonlamai_kw07_bing_000105.webp,reject,junk_or_mixed_or_ambiguous
cha_phonlamai_kw05_bing_000032.jpg,reject,junk_or_mixed_or_ambiguous
cha_phonlamai_kw05_bing_000085.jpg,reject,junk_or_mixed_or_ambiguous
cha_phonlamai_kw07_bing_000078.jpg,reject,junk_or_mixed_or_ambiguous
cha_phonlamai_kw05_bing_000080.webp,reject,junk_or_mixed_or_ambiguous
cha_phonlamai_kw07_bing_000039.jpg,reject,junk_or_mixed_or_ambiguous
cha_phonlamai_kw06_bing_000017.webp,reject,junk_or_mixed_or_ambiguous
cha_phonlamai_kw07_bing_000057.jpg,reject,junk_or_mixed_or_ambiguous
cha_phonlamai_kw05_bing_000033.jpg,reject,junk_or_mixed_or_ambiguous
cha_phonlamai_kw07_bing_000050.png,reject,junk_or_mixed_or_ambiguous
cha_phonlamai_kw07_bing_000026.jpg,reject,junk_or_mixed_or_ambiguous
cha_phonlamai_kw07_bing_000062.jpg,keep,
cha_phonlamai_kw06_bing_000009.jpg,keep,
cha_phonlamai_kw07_bing_000003.jpg,reject,junk_or_mixed_or_ambiguous
cha_phonlamai_kw07_bing_000023.webp,reject,junk_or_mixed_or_ambiguous
cha_phonlamai_kw06_bing_000022.jpg,keep,
cha_phonlamai_kw05_bing_000060.jpg,reject,junk_or_mixed_or_ambiguous
cha_phonlamai_kw07_bing_000010.jpg,keep,
cha_phonlamai_kw07_bing_000095.jpg,reject,junk_or_mixed_or_ambiguous
cha_phonlamai_kw05_bing_000042.jpg,keep,
