old,new
cha_thai_kw00_bing_00000.jpg,cha_thai_kw00_bing_000000.jpg
cha_thai_kw00_bing_00001.jpg,cha_thai_kw00_bing_000001.jpg
cha_thai_kw00_bing_00002.jpg,cha_thai_kw00_bing_000002.jpg
cha_thai_kw00_bing_00003.jpg,cha_thai_kw00_bing_000003.jpg
cha_thai_kw00_bing_00004.webp,cha_thai_kw00_bing_000004.webp
cha_thai_kw00_bing_00005.png,cha_thai_kw00_bing_000006.png
cha_thai_kw00_bing_00006.png,cha_thai_kw00_bing_000007.png
cha_thai_kw00_bing_00007.webp,cha_thai_kw00_bing_000008.webp
cha_thai_kw00_bing_00008.jpg,cha_thai_kw00_bing_000009.jpg
cha_thai_kw00_bing_00009.jpg,cha_thai_kw00_bing_000010.jpg
cha_thai_kw00_bing_00010.jpg,cha_thai_kw00_bing_000011.jpg
cha_thai_kw00_bing_00011.jpg,cha_thai_kw00_bing_000012.jpg
cha_thai_kw00_bing_00012.jpg,cha_thai_kw00_bing_000013.jpg
cha_thai_kw00_bing_00013.jpg,cha_thai_kw00_bing_000014.jpg
cha_thai_kw00_bing_00014.jpg,cha_thai_kw00_bing_000015.jpg
cha_thai_kw00_bing_00015.jpg,cha_thai_kw00_bing_000016.jpg
cha_thai_kw00_bing_00016.jpg,cha_thai_kw00_bing_000017.jpg
cha_thai_kw00_bing_00017.jpg,cha_thai_kw00_bing_000019.jpg
cha_thai_kw00_bing_00018.jpg,cha_thai_kw00_bing_000021.jpg
cha_thai_kw00_bing_00019.png,cha_thai_kw00_bing_000022.png
cha_thai_kw00_bing_00020.png,cha_thai_kw00_bing_000024.png
cha_thai_kw00_bing_00021.jpg,cha_thai_kw00_bing_000025.jpg
cha_thai_kw00_bing_00022.jpg,cha_thai_kw00_bing_000026.jpg
cha_thai_kw00_bing_00023.jpg,cha_thai_kw00_bing_000027.jpg
cha_thai_kw00_bing_00024.webp,cha_thai_kw00_bing_000028.webp
cha_thai_kw00_bing_00025.jpg,cha_thai_kw00_bing_000029.jpg
cha_thai_kw00_bing_00026.jpg,cha_thai_kw00_bing_000030.jpg
cha_thai_kw00_bing_00027.jpg,cha_thai_kw00_bing_000031.jpg
cha_thai_kw00_bing_00028.jpg,cha_thai_kw00_bing_000032.jpg
cha_thai_kw00_bing_00029.webp,cha_thai_kw00_bing_000033.webp
cha_thai_kw00_bing_00030.webp,cha_thai_kw00_bing_000034.webp
cha_thai_kw00_bing_00031.png,cha_thai_kw00_bing_000035.png
cha_thai_kw00_bing_00032.webp,cha_thai_kw00_bing_000036.webp
cha_thai_kw00_bing_00033.jpg,cha_thai_kw00_bing_000038.jpg
cha_thai_kw00_bing_00034.jpg,cha_thai_kw00_bing_000039.jpg
cha_thai_kw00_bing_00035.webp,cha_thai_kw00_bing_000040.webp
cha_thai_kw00_bing_00036.webp,cha_thai_kw00_bing_000041.webp
cha_thai_kw00_bing_00037.jpg,cha_thai_kw00_bing_000042.jpg
cha_thai_kw00_bing_00038.jpg,cha_thai_kw00_bing_000043.jpg
cha_thai_kw00_bing_00039.webp,cha_thai_kw00_bing_000044.webp
cha_thai_kw00_bing_00040.webp,cha_thai_kw00_bing_000045.webp
cha_thai_kw00_bing_00041.jpg,cha_thai_kw00_bing_000046.jpg
cha_thai_kw00_bing_00042.jpg,cha_thai_kw00_bing_000047.jpg
cha_thai_kw00_bing_00043.jpg,cha_thai_kw00_bing_000048.jpg
cha_thai_kw00_bing_00044.webp,cha_thai_kw00_bing_000049.webp
cha_thai_kw00_bing_00045.jpg,cha_thai_kw00_bing_000050.jpg
cha_thai_kw00_bing_00046.jpg,cha_thai_kw00_bing_000051.jpg
cha_thai_kw00_bing_00047.png,cha_thai_kw00_bing_000053.png
cha_thai_kw00_bing_00048.webp,cha_thai_kw00_bing_000054.webp
cha_thai_kw00_bing_00049.png,cha_thai_kw00_bing_000055.png
cha_thai_kw00_bing_00050.webp,cha_thai_kw00_bing_000056.webp
cha_thai_kw00_bing_00051.jpg,cha_thai_kw00_bing_000057.jpg
cha_thai_kw00_bing_00052.webp,cha_thai_kw00_bing_000058.webp
cha_thai_kw00_bing_00053.webp,cha_thai_kw00_bing_000060.webp
cha_thai_kw00_bing_00054.jpg,cha_thai_kw00_bing_000061.jpg
cha_thai_kw00_bing_00055.jpg,cha_thai_kw00_bing_000062.jpg
cha_thai_kw00_bing_00056.jpg,cha_thai_kw00_bing_000063.jpg
cha_thai_kw00_bing_00057.webp,cha_thai_kw00_bing_000066.webp
cha_thai_kw00_bing_00058.jpg,cha_thai_kw00_bing_000067.jpg
cha_thai_kw00_bing_00059.webp,cha_thai_kw00_bing_000069.webp
cha_thai_kw00_bing_00060.jpg,cha_thai_kw00_bing_000071.jpg
cha_thai_kw00_bing_00061.jpg,cha_thai_kw00_bing_000079.jpg
cha_thai_kw00_bing_00062.jpg,cha_thai_kw00_bing_000083.jpg
cha_thai_kw00_bing_00063.webp,cha_thai_kw00_bing_000084.webp
cha_thai_kw00_bing_00064.webp,cha_thai_kw00_bing_000104.webp
cha_thai_kw00_bing_00065.jpg,cha_thai_kw00_bing_000138.jpg
cha_thai_kw00_bing_00066.jpg,cha_thai_kw00_bing_000139.jpg
cha_thai_kw00_bing_00067.webp,cha_thai_kw00_bing_000155.webp
cha_thai_kw01_bing_00068.jpg,cha_thai_kw01_bing_000000.jpg
cha_thai_kw01_bing_00069.jpg,cha_thai_kw01_bing_000001.jpg
cha_thai_kw01_bing_00070.jpg,cha_thai_kw01_bing_000002.jpg
cha_thai_kw01_bing_00071.jpg,cha_thai_kw01_bing_000003.jpg
cha_thai_kw01_bing_00072.jpg,cha_thai_kw01_bing_000004.jpg
cha_thai_kw01_bing_00073.jpg,cha_thai_kw01_bing_000005.jpg
cha_thai_kw01_bing_00074.jpg,cha_thai_kw01_bing_000007.jpg
cha_thai_kw01_bing_00075.jpg,cha_thai_kw01_bing_000008.jpg
cha_thai_kw01_bing_00076.jpg,cha_thai_kw01_bing_000009.jpg
cha_thai_kw01_bing_00077.jpg,cha_thai_kw01_bing_000010.jpg
cha_thai_kw01_bing_00078.jpg,cha_thai_kw01_bing_000011.jpg
cha_thai_kw01_bing_00079.jpg,cha_thai_kw01_bing_000012.jpg
cha_thai_kw01_bing_00080.jpg,cha_thai_kw01_bing_000013.jpg
cha_thai_kw01_bing_00081.jpg,cha_thai_kw01_bing_000014.jpg
cha_thai_kw01_bing_00082.jpg,cha_thai_kw01_bing_000015.jpg
cha_thai_kw01_bing_00083.jpg,cha_thai_kw01_bing_000016.jpg
cha_thai_kw01_bing_00084.jpg,cha_thai_kw01_bing_000017.jpg
cha_thai_kw01_bing_00085.jpg,cha_thai_kw01_bing_000018.jpg
cha_thai_kw01_bing_00086.jpg,cha_thai_kw01_bing_000019.jpg
cha_thai_kw01_bing_00087.jpg,cha_thai_kw01_bing_000020.jpg
cha_thai_kw01_bing_00088.jpg,cha_thai_kw01_bing_000021.jpg
cha_thai_kw01_bing_00089.jpg,cha_thai_kw01_bing_000023.jpg
cha_thai_kw01_bing_00090.jpg,cha_thai_kw01_bing_000024.jpg
cha_thai_kw01_bing_00091.webp,cha_thai_kw01_bing_000025.webp
cha_thai_kw01_bing_00092.jpg,cha_thai_kw01_bing_000026.jpg
cha_thai_kw01_bing_00093.jpg,cha_thai_kw01_bing_000027.jpg
cha_thai_kw01_bing_00094.jpg,cha_thai_kw01_bing_000028.jpg
cha_thai_kw01_bing_00095.jpg,cha_thai_kw01_bing_000029.jpg
cha_thai_kw01_bing_00096.jpg,cha_thai_kw01_bing_000030.jpg
cha_thai_kw01_bing_00097.jpg,cha_thai_kw01_bing_000031.jpg
cha_thai_kw01_bing_00098.jpg,cha_thai_kw01_bing_000032.jpg
cha_thai_kw01_bing_00099.jpg,cha_thai_kw01_bing_000033.jpg
cha_thai_kw01_bing_00100.jpg,cha_thai_kw01_bing_000034.jpg
cha_thai_kw01_bing_00101.jpg,cha_thai_kw01_bing_000035.jpg
cha_thai_kw01_bing_00102.jpg,cha_thai_kw01_bing_000036.jpg
cha_thai_kw01_bing_00103.jpg,cha_thai_kw01_bing_000037.jpg
cha_thai_kw01_bing_00104.webp,cha_thai_kw01_bing_000038.webp
cha_thai_kw01_bing_00105.webp,cha_thai_kw01_bing_000039.webp
cha_thai_kw01_bing_00106.jpg,cha_thai_kw01_bing_000040.jpg
cha_thai_kw01_bing_00107.jpg,cha_thai_kw01_bing_000041.jpg
cha_thai_kw01_bing_00108.webp,cha_thai_kw01_bing_000042.webp
cha_thai_kw01_bing_00109.jpg,cha_thai_kw01_bing_000043.jpg
cha_thai_kw01_bing_00110.jpg,cha_thai_kw01_bing_000044.jpg
cha_thai_kw01_bing_00111.jpg,cha_thai_kw01_bing_000046.jpg
cha_thai_kw01_bing_00112.webp,cha_thai_kw01_bing_000047.webp
cha_thai_kw01_bing_00113.jpg,cha_thai_kw01_bing_000048.jpg
cha_thai_kw01_bing_00114.jpg,cha_thai_kw01_bing_000049.jpg
cha_thai_kw01_bing_00115.jpg,cha_thai_kw01_bing_000050.jpg
cha_thai_kw01_bing_00116.jpg,cha_thai_kw01_bing_000051.jpg
cha_thai_kw01_bing_00117.webp,cha_thai_kw01_bing_000052.webp
cha_thai_kw01_bing_00118.jpg,cha_thai_kw01_bing_000053.jpg
cha_thai_kw01_bing_00119.jpg,cha_thai_kw01_bing_000054.jpg
cha_thai_kw01_bing_00120.jpg,cha_thai_kw01_bing_000055.jpg
cha_thai_kw01_bing_00121.jpg,cha_thai_kw01_bing_000056.jpg
cha_thai_kw01_bing_00122.jpg,cha_thai_kw01_bing_000058.jpg
cha_thai_kw01_bing_00123.webp,cha_thai_kw01_bing_000059.webp
cha_thai_kw01_bing_00124.jpg,cha_thai_kw01_bing_000060.jpg
cha_thai_kw01_bing_00125.jpg,cha_thai_kw01_bing_000061.jpg
cha_thai_kw01_bing_00126.jpg,cha_thai_kw01_bing_000062.jpg
cha_thai_kw01_bing_00127.webp,cha_thai_kw01_bing_000063.webp
cha_thai_kw01_bing_00128.jpg,cha_thai_kw01_bing_000064.jpg
cha_thai_kw01_bing_00129.jpg,cha_thai_kw01_bing_000065.jpg
cha_thai_kw01_bing_00130.jpg,cha_thai_kw01_bing_000066.jpg
cha_thai_kw01_bing_00131.jpg,cha_thai_kw01_bing_000068.jpg
cha_thai_kw01_bing_00132.jpg,cha_thai_kw01_bing_000069.jpg
cha_thai_kw01_bing_00133.webp,cha_thai_kw01_bing_000070.webp
cha_thai_kw01_bing_00134.jpg,cha_thai_kw01_bing_000071.jpg
cha_thai_kw01_bing_00135.jpg,cha_thai_kw01_bing_000072.jpg
cha_thai_kw01_bing_00136.jpg,cha_thai_kw01_bing_000074.jpg
cha_thai_kw01_bing_00137.jpg,cha_thai_kw01_bing_000075.jpg
cha_thai_kw01_bing_00138.jpg,cha_thai_kw01_bing_000077.jpg
cha_thai_kw01_bing_00139.jpg,cha_thai_kw01_bing_000078.jpg
cha_thai_kw01_bing_00140.jpg,cha_thai_kw01_bing_000079.jpg
cha_thai_kw01_bing_00141.jpg,cha_thai_kw01_bing_000084.jpg
cha_thai_kw01_bing_00142.jpg,cha_thai_kw01_bing_000085.jpg
cha_thai_kw01_bing_00143.jpg,cha_thai_kw01_bing_000086.jpg
cha_thai_kw01_bing_00144.jpg,cha_thai_kw01_bing_000087.jpg
cha_thai_kw01_bing_00145.jpg,cha_thai_kw01_bing_000088.jpg
cha_thai_kw01_bing_00146.jpg,cha_thai_kw01_bing_000089.jpg
cha_thai_kw01_bing_00147.webp,cha_thai_kw01_bing_000090.webp
cha_thai_kw01_bing_00148.jpg,cha_thai_kw01_bing_000091.jpg
cha_thai_kw01_bing_00149.jpg,cha_thai_kw01_bing_000092.jpg
cha_thai_kw01_bing_00150.jpg,cha_thai_kw01_bing_000093.jpg
cha_thai_kw01_bing_00151.jpg,cha_thai_kw01_bing_000094.jpg
cha_thai_kw01_bing_00152.jpg,cha_thai_kw01_bing_000095.jpg
cha_thai_kw01_bing_00153.jpg,cha_thai_kw01_bing_000096.jpg
cha_thai_kw01_bing_00154.jpg,cha_thai_kw01_bing_000098.jpg
cha_thai_kw01_bing_00155.jpg,cha_thai_kw01_bing_000099.jpg
cha_thai_kw01_bing_00156.jpg,cha_thai_kw01_bing_000100.jpg
cha_thai_kw01_bing_00157.jpg,cha_thai_kw01_bing_000101.jpg
cha_thai_kw01_bing_00158.jpg,cha_thai_kw01_bing_000102.jpg
cha_thai_kw01_bing_00159.jpg,cha_thai_kw01_bing_000103.jpg
cha_thai_kw01_bing_00160.webp,cha_thai_kw01_bing_000113.webp
cha_thai_kw01_bing_00161.jpg,cha_thai_kw01_bing_000118.jpg
cha_thai_kw01_bing_00162.jpg,cha_thai_kw01_bing_000120.jpg
cha_thai_kw01_bing_00163.jpg,cha_thai_kw01_bing_000123.jpg
cha_thai_kw01_bing_00164.webp,cha_thai_kw01_bing_000124.webp
cha_thai_kw01_bing_00165.jpg,cha_thai_kw01_bing_000131.jpg
cha_thai_kw01_bing_00166.webp,cha_thai_kw01_bing_000146.webp
cha_thai_kw01_bing_00167.webp,cha_thai_kw01_bing_000152.webp
cha_thai_kw02_bing_00168.jpg,cha_thai_kw02_bing_000000.jpg
cha_thai_kw02_bing_00169.jpg,cha_thai_kw02_bing_000001.jpg
cha_thai_kw02_bing_00170.jpg,cha_thai_kw02_bing_000002.jpg
cha_thai_kw02_bing_00171.jpg,cha_thai_kw02_bing_000003.jpg
cha_thai_kw02_bing_00172.jpg,cha_thai_kw02_bing_000004.jpg
cha_thai_kw02_bing_00173.jpg,cha_thai_kw02_bing_000005.jpg
cha_thai_kw02_bing_00174.jpg,cha_thai_kw02_bing_000006.jpg
cha_thai_kw02_bing_00175.jpg,cha_thai_kw02_bing_000007.jpg
cha_thai_kw02_bing_00176.jpg,cha_thai_kw02_bing_000008.jpg
cha_thai_kw02_bing_00177.jpg,cha_thai_kw02_bing_000009.jpg
cha_thai_kw02_bing_00178.png,cha_thai_kw02_bing_000010.png
cha_thai_kw02_bing_00179.jpg,cha_thai_kw02_bing_000011.jpg
cha_thai_kw02_bing_00180.jpg,cha_thai_kw02_bing_000013.jpg
cha_thai_kw02_bing_00181.jpg,cha_thai_kw02_bing_000014.jpg
cha_thai_kw02_bing_00182.jpg,cha_thai_kw02_bing_000015.jpg
cha_thai_kw02_bing_00183.jpg,cha_thai_kw02_bing_000016.jpg
cha_thai_kw02_bing_00184.jpg,cha_thai_kw02_bing_000017.jpg
cha_thai_kw02_bing_00185.jpg,cha_thai_kw02_bing_000018.jpg
cha_thai_kw02_bing_00186.jpg,cha_thai_kw02_bing_000019.jpg
cha_thai_kw02_bing_00187.jpg,cha_thai_kw02_bing_000020.jpg
cha_thai_kw02_bing_00188.jpg,cha_thai_kw02_bing_000021.jpg
cha_thai_kw02_bing_00189.jpg,cha_thai_kw02_bing_000022.jpg
cha_thai_kw02_bing_00190.webp,cha_thai_kw02_bing_000024.webp
cha_thai_kw02_bing_00191.jpg,cha_thai_kw02_bing_000025.jpg
cha_thai_kw02_bing_00192.jpg,cha_thai_kw02_bing_000026.jpg
cha_thai_kw02_bing_00193.jpg,cha_thai_kw02_bing_000027.jpg
cha_thai_kw02_bing_00194.jpg,cha_thai_kw02_bing_000028.jpg
cha_thai_kw02_bing_00195.jpg,cha_thai_kw02_bing_000029.jpg
cha_thai_kw02_bing_00196.jpg,cha_thai_kw02_bing_000030.jpg
cha_thai_kw02_bing_00197.jpg,cha_thai_kw02_bing_000031.jpg
cha_thai_kw02_bing_00198.jpg,cha_thai_kw02_bing_000032.jpg
cha_thai_kw02_bing_00199.webp,cha_thai_kw02_bing_000033.webp
cha_thai_kw02_bing_00200.jpg,cha_thai_kw02_bing_000034.jpg
cha_thai_kw02_bing_00201.jpg,cha_thai_kw02_bing_000035.jpg
cha_thai_kw02_bing_00202.jpg,cha_thai_kw02_bing_000036.jpg
cha_thai_kw02_bing_00203.jpg,cha_thai_kw02_bing_000037.jpg
cha_thai_kw02_bing_00204.jpg,cha_thai_kw02_bing_000038.jpg
cha_thai_kw02_bing_00205.jpg,cha_thai_kw02_bing_000039.jpg
cha_thai_kw02_bing_00206.webp,cha_thai_kw02_bing_000040.webp
cha_thai_kw02_bing_00207.jpg,cha_thai_kw02_bing_000041.jpg
cha_thai_kw02_bing_00208.jpg,cha_thai_kw02_bing_000042.jpg
cha_thai_kw02_bing_00209.jpg,cha_thai_kw02_bing_000043.jpg
cha_thai_kw02_bing_00210.webp,cha_thai_kw02_bing_000044.webp
cha_thai_kw02_bing_00211.webp,cha_thai_kw02_bing_000045.webp
cha_thai_kw02_bing_00212.jpg,cha_thai_kw02_bing_000046.jpg
cha_thai_kw02_bing_00213.png,cha_thai_kw02_bing_000047.png
cha_thai_kw02_bing_00214.jpg,cha_thai_kw02_bing_000048.jpg
cha_thai_kw02_bing_00215.jpg,cha_thai_kw02_bing_000049.jpg
cha_thai_kw02_bing_00216.jpg,cha_thai_kw02_bing_000050.jpg
cha_thai_kw02_bing_00217.jpg,cha_thai_kw02_bing_000051.jpg
cha_thai_kw02_bing_00218.jpg,cha_thai_kw02_bing_000052.jpg
cha_thai_kw02_bing_00219.jpg,cha_thai_kw02_bing_000054.jpg
cha_thai_kw02_bing_00220.webp,cha_thai_kw02_bing_000055.webp
cha_thai_kw02_bing_00221.jpg,cha_thai_kw02_bing_000056.jpg
cha_thai_kw02_bing_00222.jpg,cha_thai_kw02_bing_000057.jpg
cha_thai_kw02_bing_00223.jpg,cha_thai_kw02_bing_000058.jpg
cha_thai_kw02_bing_00224.jpg,cha_thai_kw02_bing_000059.jpg
cha_thai_kw02_bing_00225.jpg,cha_thai_kw02_bing_000060.jpg
cha_thai_kw02_bing_00226.webp,cha_thai_kw02_bing_000061.webp
cha_thai_kw02_bing_00227.jpg,cha_thai_kw02_bing_000062.jpg
cha_thai_kw02_bing_00228.jpg,cha_thai_kw02_bing_000063.jpg
cha_thai_kw02_bing_00229.jpg,cha_thai_kw02_bing_000064.jpg
cha_thai_kw02_bing_00230.jpg,cha_thai_kw02_bing_000065.jpg
cha_thai_kw02_bing_00231.png,cha_thai_kw02_bing_000066.png
cha_thai_kw02_bing_00232.jpg,cha_thai_kw02_bing_000067.jpg
cha_thai_kw02_bing_00233.jpg,cha_thai_kw02_bing_000068.jpg
cha_thai_kw02_bing_00234.jpg,cha_thai_kw02_bing_000069.jpg
cha_thai_kw02_bing_00235.jpg,cha_thai_kw02_bing_000070.jpg
cha_thai_kw02_bing_00236.jpg,cha_thai_kw02_bing_000071.jpg
cha_thai_kw02_bing_00237.jpg,cha_thai_kw02_bing_000072.jpg
cha_thai_kw02_bing_00238.webp,cha_thai_kw02_bing_000074.webp
cha_thai_kw02_bing_00239.jpg,cha_thai_kw02_bing_000075.jpg
cha_thai_kw02_bing_00240.jpg,cha_thai_kw02_bing_000077.jpg
cha_thai_kw02_bing_00241.jpg,cha_thai_kw02_bing_000080.jpg
cha_thai_kw02_bing_00242.jpg,cha_thai_kw02_bing_000081.jpg
cha_thai_kw02_bing_00243.jpg,cha_thai_kw02_bing_000082.jpg
cha_thai_kw02_bing_00244.webp,cha_thai_kw02_bing_000085.webp
cha_thai_kw02_bing_00245.png,cha_thai_kw02_bing_000086.png
cha_thai_kw02_bing_00246.png,cha_thai_kw02_bing_000087.png
cha_thai_kw02_bing_00247.webp,cha_thai_kw02_bing_000089.webp
cha_thai_kw02_bing_00248.jpg,cha_thai_kw02_bing_000090.jpg
cha_thai_kw02_bing_00249.jpg,cha_thai_kw02_bing_000091.jpg
cha_thai_kw02_bing_00250.png,cha_thai_kw02_bing_000092.png
cha_thai_kw02_bing_00251.jpg,cha_thai_kw02_bing_000093.jpg
cha_thai_kw02_bing_00252.png,cha_thai_kw02_bing_000094.png
cha_thai_kw02_bing_00253.jpg,cha_thai_kw02_bing_000095.jpg
cha_thai_kw02_bing_00254.webp,cha_thai_kw02_bing_000096.webp
cha_thai_kw02_bing_00255.jpg,cha_thai_kw02_bing_000097.jpg
cha_thai_kw02_bing_00256.jpg,cha_thai_kw02_bing_000098.jpg
cha_thai_kw02_bing_00257.jpg,cha_thai_kw02_bing_000099.jpg
cha_thai_kw02_bing_00258.png,cha_thai_kw02_bing_000100.png
cha_thai_kw02_bing_00259.jpg,cha_thai_kw02_bing_000101.jpg
cha_thai_kw02_bing_00260.jpg,cha_thai_kw02_bing_000102.jpg
cha_thai_kw02_bing_00261.jpg,cha_thai_kw02_bing_000103.jpg
cha_thai_kw02_bing_00262.jpg,cha_thai_kw02_bing_000104.jpg
cha_thai_kw02_bing_00263.png,cha_thai_kw02_bing_000106.png
cha_thai_kw02_bing_00264.jpg,cha_thai_kw02_bing_000107.jpg
cha_thai_kw02_bing_00265.jpg,cha_thai_kw02_bing_000108.jpg
cha_thai_kw02_bing_00266.jpg,cha_thai_kw02_bing_000109.jpg
cha_thai_kw02_bing_00267.jpg,cha_thai_kw02_bing_000110.jpg
cha_thai_kw03_bing_00268.jpg,cha_thai_kw03_bing_000000.jpg
cha_thai_kw03_bing_00269.jpg,cha_thai_kw03_bing_000001.jpg
cha_thai_kw03_bing_00270.jpg,cha_thai_kw03_bing_000002.jpg
cha_thai_kw03_bing_00271.jpg,cha_thai_kw03_bing_000003.jpg
cha_thai_kw03_bing_00272.jpg,cha_thai_kw03_bing_000004.jpg
cha_thai_kw03_bing_00273.jpg,cha_thai_kw03_bing_000005.jpg
cha_thai_kw03_bing_00274.jpg,cha_thai_kw03_bing_000006.jpg
cha_thai_kw03_bing_00275.jpg,cha_thai_kw03_bing_000007.jpg
cha_thai_kw03_bing_00276.jpg,cha_thai_kw03_bing_000008.jpg
cha_thai_kw03_bing_00277.jpg,cha_thai_kw03_bing_000009.jpg
cha_thai_kw03_bing_00278.jpg,cha_thai_kw03_bing_000010.jpg
cha_thai_kw03_bing_00279.jpg,cha_thai_kw03_bing_000011.jpg
cha_thai_kw03_bing_00280.jpg,cha_thai_kw03_bing_000012.jpg
cha_thai_kw03_bing_00281.jpg,cha_thai_kw03_bing_000013.jpg
cha_thai_kw03_bing_00282.jpg,cha_thai_kw03_bing_000014.jpg
cha_thai_kw03_bing_00283.jpg,cha_thai_kw03_bing_000015.jpg
cha_thai_kw03_bing_00284.jpg,cha_thai_kw03_bing_000016.jpg
cha_thai_kw03_bing_00285.jpg,cha_thai_kw03_bing_000017.jpg
cha_thai_kw03_bing_00286.jpg,cha_thai_kw03_bing_000018.jpg
cha_thai_kw03_bing_00287.jpg,cha_thai_kw03_bing_000019.jpg
cha_thai_kw03_bing_00288.jpg,cha_thai_kw03_bing_000020.jpg
cha_thai_kw03_bing_00289.jpg,cha_thai_kw03_bing_000021.jpg
cha_thai_kw03_bing_00290.jpg,cha_thai_kw03_bing_000022.jpg
cha_thai_kw03_bing_00291.jpg,cha_thai_kw03_bing_000023.jpg
cha_thai_kw03_bing_00292.jpg,cha_thai_kw03_bing_000024.jpg
cha_thai_kw03_bing_00293.jpg,cha_thai_kw03_bing_000025.jpg
cha_thai_kw03_bing_00294.jpg,cha_thai_kw03_bing_000026.jpg
cha_thai_kw03_bing_00295.jpg,cha_thai_kw03_bing_000027.jpg
cha_thai_kw03_bing_00296.jpg,cha_thai_kw03_bing_000028.jpg
cha_thai_kw03_bing_00297.png,cha_thai_kw03_bing_000029.png
cha_thai_kw03_bing_00298.jpg,cha_thai_kw03_bing_000030.jpg
cha_thai_kw03_bing_00299.jpg,cha_thai_kw03_bing_000031.jpg
cha_thai_kw03_bing_00300.jpg,cha_thai_kw03_bing_000032.jpg
cha_thai_kw03_bing_00301.jpg,cha_thai_kw03_bing_000033.jpg
cha_thai_kw03_bing_00302.jpg,cha_thai_kw03_bing_000034.jpg
cha_thai_kw03_bing_00303.jpg,cha_thai_kw03_bing_000035.jpg
cha_thai_kw03_bing_00304.jpg,cha_thai_kw03_bing_000036.jpg
cha_thai_kw03_bing_00305.jpg,cha_thai_kw03_bing_000037.jpg
cha_thai_kw03_bing_00306.jpg,cha_thai_kw03_bing_000038.jpg
cha_thai_kw03_bing_00307.jpg,cha_thai_kw03_bing_000039.jpg
cha_thai_kw03_bing_00308.jpg,cha_thai_kw03_bing_000040.jpg
cha_thai_kw03_bing_00309.jpg,cha_thai_kw03_bing_000041.jpg
cha_thai_kw03_bing_00310.jpg,cha_thai_kw03_bing_000042.jpg
cha_thai_kw03_bing_00311.jpg,cha_thai_kw03_bing_000043.jpg
cha_thai_kw03_bing_00312.jpg,cha_thai_kw03_bing_000044.jpg
cha_thai_kw03_bing_00313.jpg,cha_thai_kw03_bing_000045.jpg
cha_thai_kw03_bing_00314.jpg,cha_thai_kw03_bing_000046.jpg
cha_thai_kw03_bing_00315.jpg,cha_thai_kw03_bing_000047.jpg
cha_thai_kw03_bing_00316.jpg,cha_thai_kw03_bing_000048.jpg
cha_thai_kw03_bing_00317.jpg,cha_thai_kw03_bing_000049.jpg
cha_thai_kw03_bing_00318.jpg,cha_thai_kw03_bing_000050.jpg
cha_thai_kw03_bing_00319.jpg,cha_thai_kw03_bing_000051.jpg
cha_thai_kw03_bing_00320.jpg,cha_thai_kw03_bing_000053.jpg
cha_thai_kw03_bing_00321.jpg,cha_thai_kw03_bing_000054.jpg
cha_thai_kw03_bing_00322.jpg,cha_thai_kw03_bing_000055.jpg
cha_thai_kw03_bing_00323.jpg,cha_thai_kw03_bing_000056.jpg
cha_thai_kw03_bing_00324.jpg,cha_thai_kw03_bing_000057.jpg
cha_thai_kw03_bing_00325.jpg,cha_thai_kw03_bing_000058.jpg
cha_thai_kw03_bing_00326.jpg,cha_thai_kw03_bing_000059.jpg
cha_thai_kw03_bing_00327.jpg,cha_thai_kw03_bing_000060.jpg
cha_thai_kw03_bing_00328.jpg,cha_thai_kw03_bing_000061.jpg
cha_thai_kw03_bing_00329.jpg,cha_thai_kw03_bing_000062.jpg
cha_thai_kw03_bing_00330.jpg,cha_thai_kw03_bing_000063.jpg
cha_thai_kw03_bing_00331.jpg,cha_thai_kw03_bing_000064.jpg
cha_thai_kw03_bing_00332.jpg,cha_thai_kw03_bing_000065.jpg
cha_thai_kw03_bing_00333.jpg,cha_thai_kw03_bing_000066.jpg
cha_thai_kw03_bing_00334.jpg,cha_thai_kw03_bing_000067.jpg
cha_thai_kw03_bing_00335.webp,cha_thai_kw03_bing_000068.webp
cha_thai_kw03_bing_00336.jpg,cha_thai_kw03_bing_000069.jpg
cha_thai_kw03_bing_00337.png,cha_thai_kw03_bing_000070.png
cha_thai_kw03_bing_00338.jpg,cha_thai_kw03_bing_000071.jpg
cha_thai_kw03_bing_00339.jpg,cha_thai_kw03_bing_000072.jpg
cha_thai_kw03_bing_00340.jpg,cha_thai_kw03_bing_000073.jpg
cha_thai_kw03_bing_00341.jpg,cha_thai_kw03_bing_000074.jpg
cha_thai_kw03_bing_00342.jpg,cha_thai_kw03_bing_000075.jpg
cha_thai_kw03_bing_00343.jpg,cha_thai_kw03_bing_000076.jpg
cha_thai_kw03_bing_00344.jpg,cha_thai_kw03_bing_000077.jpg
cha_thai_kw03_bing_00345.png,cha_thai_kw03_bing_000078.png
cha_thai_kw03_bing_00346.jpg,cha_thai_kw03_bing_000079.jpg
cha_thai_kw03_bing_00347.jpg,cha_thai_kw03_bing_000080.jpg
cha_thai_kw03_bing_00348.png,cha_thai_kw03_bing_000081.png
cha_thai_kw03_bing_00349.jpg,cha_thai_kw03_bing_000082.jpg
cha_thai_kw03_bing_00350.jpg,cha_thai_kw03_bing_000083.jpg
cha_thai_kw03_bing_00351.jpg,cha_thai_kw03_bing_000084.jpg
cha_thai_kw03_bing_00352.jpg,cha_thai_kw03_bing_000085.jpg
cha_thai_kw03_bing_00353.jpg,cha_thai_kw03_bing_000086.jpg
cha_thai_kw03_bing_00354.jpg,cha_thai_kw03_bing_000087.jpg
cha_thai_kw03_bing_00355.png,cha_thai_kw03_bing_000088.png
cha_thai_kw03_bing_00356.jpg,cha_thai_kw03_bing_000090.jpg
cha_thai_kw03_bing_00357.png,cha_thai_kw03_bing_000091.png
cha_thai_kw03_bing_00358.jpg,cha_thai_kw03_bing_000093.jpg
cha_thai_kw03_bing_00359.jpg,cha_thai_kw03_bing_000094.jpg
cha_thai_kw03_bing_00360.jpg,cha_thai_kw03_bing_000095.jpg
cha_thai_kw03_bing_00361.jpg,cha_thai_kw03_bing_000096.jpg
cha_thai_kw03_bing_00362.jpg,cha_thai_kw03_bing_000097.jpg
cha_thai_kw03_bing_00363.jpg,cha_thai_kw03_bing_000098.jpg
cha_thai_kw03_bing_00364.jpg,cha_thai_kw03_bing_000099.jpg
cha_thai_kw03_bing_00365.jpg,cha_thai_kw03_bing_000100.jpg
cha_thai_kw03_bing_00366.jpg,cha_thai_kw03_bing_000101.jpg
cha_thai_kw03_bing_00367.jpg,cha_thai_kw03_bing_000102.jpg
cha_thai_kw03_baidu_00368.jpg,cha_thai_kw03_baidu_000001.jpg
cha_thai_kw03_baidu_00369.jpg,cha_thai_kw03_baidu_000002.jpg
cha_thai_kw03_baidu_00370.jpg,cha_thai_kw03_baidu_000003.jpg
cha_thai_kw03_baidu_00371.jpg,cha_thai_kw03_baidu_000004.jpg
cha_thai_kw03_baidu_00372.jpg,cha_thai_kw03_baidu_000005.jpg
cha_thai_kw03_baidu_00373.jpg,cha_thai_kw03_baidu_000006.jpg
cha_thai_kw03_baidu_00374.jpg,cha_thai_kw03_baidu_000007.jpg
cha_thai_kw03_baidu_00375.jpg,cha_thai_kw03_baidu_000008.jpg
cha_thai_kw03_baidu_00376.jpg,cha_thai_kw03_baidu_000009.jpg
cha_thai_kw03_baidu_00377.jpg,cha_thai_kw03_baidu_000010.jpg
cha_thai_kw03_baidu_00378.jpg,cha_thai_kw03_baidu_000011.jpg
cha_thai_kw03_baidu_00379.jpg,cha_thai_kw03_baidu_000012.jpg
cha_thai_kw03_baidu_00380.jpg,cha_thai_kw03_baidu_000013.jpg
cha_thai_kw03_baidu_00381.jpg,cha_thai_kw03_baidu_000014.jpg
cha_thai_kw03_baidu_00382.jpg,cha_thai_kw03_baidu_000015.jpg
cha_thai_kw03_baidu_00383.jpg,cha_thai_kw03_baidu_000016.jpg
cha_thai_kw03_baidu_00384.jpg,cha_thai_kw03_baidu_000017.jpg
cha_thai_kw03_baidu_00385.jpg,cha_thai_kw03_baidu_000018.jpg
cha_thai_kw03_baidu_00386.jpg,cha_thai_kw03_baidu_000019.jpg
cha_thai_kw03_baidu_00387.jpg,cha_thai_kw03_baidu_000020.jpg
cha_thai_kw03_baidu_00388.jpg,cha_thai_kw03_baidu_000021.jpg
cha_thai_kw03_baidu_00389.jpg,cha_thai_kw03_baidu_000022.jpg
cha_thai_kw03_baidu_00390.jpg,cha_thai_kw03_baidu_000023.jpg
cha_thai_kw03_baidu_00391.jpg,cha_thai_kw03_baidu_000024.jpg
cha_thai_kw03_baidu_00392.jpg,cha_thai_kw03_baidu_000025.jpg
cha_thai_kw03_baidu_00393.jpg,cha_thai_kw03_baidu_000026.jpg
cha_thai_kw03_baidu_00394.jpg,cha_thai_kw03_baidu_000027.jpg
cha_thai_kw03_baidu_00395.jpg,cha_thai_kw03_baidu_000028.jpg
cha_thai_kw03_baidu_00396.jpg,cha_thai_kw03_baidu_000029.jpg
cha_thai_kw03_baidu_00397.jpg,cha_thai_kw03_baidu_000030.jpg
cha_thai_kw03_baidu_00398.jpg,cha_thai_kw03_baidu_000031.jpg
cha_thai_kw03_baidu_00399.jpg,cha_thai_kw03_baidu_000032.jpg
cha_thai_kw03_baidu_00400.jpg,cha_thai_kw03_baidu_000033.jpg
cha_thai_kw03_baidu_00401.jpg,cha_thai_kw03_baidu_000034.jpg
cha_thai_kw03_baidu_00402.jpg,cha_thai_kw03_baidu_000035.jpg
cha_thai_kw03_baidu_00403.jpg,cha_thai_kw03_baidu_000036.jpg
cha_thai_kw03_baidu_00404.png,cha_thai_kw03_baidu_000037.png
cha_thai_kw03_baidu_00405.jpg,cha_thai_kw03_baidu_000038.jpg
cha_thai_kw03_baidu_00406.jpg,cha_thai_kw03_baidu_000039.jpg
cha_thai_kw03_baidu_00407.jpg,cha_thai_kw03_baidu_000040.jpg
cha_thai_kw03_baidu_00408.jpg,cha_thai_kw03_baidu_000041.jpg
cha_thai_kw03_baidu_00409.jpg,cha_thai_kw03_baidu_000042.jpg
cha_thai_kw03_baidu_00410.jpg,cha_thai_kw03_baidu_000043.jpg
cha_thai_kw03_baidu_00411.jpg,cha_thai_kw03_baidu_000044.jpg
cha_thai_kw03_baidu_00412.jpg,cha_thai_kw03_baidu_000045.jpg
cha_thai_kw03_baidu_00413.jpg,cha_thai_kw03_baidu_000046.jpg
cha_thai_kw03_baidu_00414.jpg,cha_thai_kw03_baidu_000047.jpg
cha_thai_kw03_baidu_00415.jpg,cha_thai_kw03_baidu_000048.jpg
cha_thai_kw03_baidu_00416.jpg,cha_thai_kw03_baidu_000049.jpg
cha_thai_kw03_baidu_00417.jpg,cha_thai_kw03_baidu_000050.jpg
cha_thai_kw03_baidu_00418.jpg,cha_thai_kw03_baidu_000051.jpg
cha_thai_kw03_baidu_00419.jpg,cha_thai_kw03_baidu_000052.jpg
cha_thai_kw04_bing_00420.jpg,cha_thai_kw04_bing_000000.jpg
cha_thai_kw04_bing_00421.jpg,cha_thai_kw04_bing_000001.jpg
cha_thai_kw04_bing_00422.jpg,cha_thai_kw04_bing_000002.jpg
cha_thai_kw04_bing_00423.jpg,cha_thai_kw04_bing_000003.jpg
cha_thai_kw04_bing_00424.jpg,cha_thai_kw04_bing_000004.jpg
cha_thai_kw04_bing_00425.jpg,cha_thai_kw04_bing_000005.jpg
cha_thai_kw04_bing_00426.jpg,cha_thai_kw04_bing_000006.jpg
cha_thai_kw04_bing_00427.jpg,cha_thai_kw04_bing_000007.jpg
cha_thai_kw04_bing_00428.jpg,cha_thai_kw04_bing_000008.jpg
cha_thai_kw04_bing_00429.jpg,cha_thai_kw04_bing_000009.jpg
cha_thai_kw04_bing_00430.jpg,cha_thai_kw04_bing_000010.jpg
cha_thai_kw04_bing_00431.png,cha_thai_kw04_bing_000011.png
cha_thai_kw04_bing_00432.jpg,cha_thai_kw04_bing_000012.jpg
cha_thai_kw04_bing_00433.jpg,cha_thai_kw04_bing_000013.jpg
cha_thai_kw04_bing_00434.png,cha_thai_kw04_bing_000014.png
cha_thai_kw04_bing_00435.jpg,cha_thai_kw04_bing_000015.jpg
cha_thai_kw04_bing_00436.jpg,cha_thai_kw04_bing_000016.jpg
cha_thai_kw04_bing_00437.jpg,cha_thai_kw04_bing_000017.jpg
cha_thai_kw04_bing_00438.jpg,cha_thai_kw04_bing_000018.jpg
cha_thai_kw04_bing_00439.jpg,cha_thai_kw04_bing_000019.jpg
cha_thai_kw04_bing_00440.jpg,cha_thai_kw04_bing_000020.jpg
cha_thai_kw04_bing_00441.jpg,cha_thai_kw04_bing_000023.jpg
cha_thai_kw04_bing_00442.png,cha_thai_kw04_bing_000024.png
cha_thai_kw04_bing_00443.jpg,cha_thai_kw04_bing_000025.jpg
cha_thai_kw04_bing_00444.jpg,cha_thai_kw04_bing_000026.jpg
cha_thai_kw04_bing_00445.jpg,cha_thai_kw04_bing_000028.jpg
cha_thai_kw04_bing_00446.jpg,cha_thai_kw04_bing_000029.jpg
cha_thai_kw04_bing_00447.jpg,cha_thai_kw04_bing_000030.jpg
cha_thai_kw04_bing_00448.jpg,cha_thai_kw04_bing_000031.jpg
cha_thai_kw04_bing_00449.jpg,cha_thai_kw04_bing_000032.jpg
cha_thai_kw04_bing_00450.png,cha_thai_kw04_bing_000033.png
cha_thai_kw04_bing_00451.jpg,cha_thai_kw04_bing_000034.jpg
cha_thai_kw04_bing_00452.png,cha_thai_kw04_bing_000035.png
cha_thai_kw04_bing_00453.jpg,cha_thai_kw04_bing_000036.jpg
cha_thai_kw04_bing_00454.png,cha_thai_kw04_bing_000037.png
cha_thai_kw04_bing_00455.jpg,cha_thai_kw04_bing_000038.jpg
cha_thai_kw04_bing_00456.jpg,cha_thai_kw04_bing_000039.jpg
cha_thai_kw04_bing_00457.jpg,cha_thai_kw04_bing_000040.jpg
cha_thai_kw04_bing_00458.jpg,cha_thai_kw04_bing_000041.jpg
cha_thai_kw04_bing_00459.jpg,cha_thai_kw04_bing_000042.jpg
cha_thai_kw04_bing_00460.png,cha_thai_kw04_bing_000043.png
cha_thai_kw04_bing_00461.jpg,cha_thai_kw04_bing_000044.jpg
cha_thai_kw04_bing_00462.jpg,cha_thai_kw04_bing_000045.jpg
cha_thai_kw04_bing_00463.jpg,cha_thai_kw04_bing_000046.jpg
cha_thai_kw04_bing_00464.jpg,cha_thai_kw04_bing_000047.jpg
cha_thai_kw04_bing_00465.jpg,cha_thai_kw04_bing_000048.jpg
cha_thai_kw04_bing_00466.jpg,cha_thai_kw04_bing_000050.jpg
cha_thai_kw04_bing_00467.jpg,cha_thai_kw04_bing_000051.jpg
cha_thai_kw04_bing_00468.jpg,cha_thai_kw04_bing_000052.jpg
cha_thai_kw04_bing_00469.jpg,cha_thai_kw04_bing_000054.jpg
cha_thai_kw04_bing_00470.jpg,cha_thai_kw04_bing_000055.jpg
cha_thai_kw04_bing_00471.jpg,cha_thai_kw04_bing_000056.jpg
cha_thai_kw04_bing_00472.webp,cha_thai_kw04_bing_000057.webp
cha_thai_kw04_bing_00473.jpg,cha_thai_kw04_bing_000058.jpg
cha_thai_kw04_bing_00474.jpg,cha_thai_kw04_bing_000059.jpg
cha_thai_kw04_bing_00475.jpg,cha_thai_kw04_bing_000060.jpg
cha_thai_kw04_bing_00476.jpg,cha_thai_kw04_bing_000061.jpg
cha_thai_kw04_bing_00477.jpg,cha_thai_kw04_bing_000062.jpg
cha_thai_kw04_bing_00478.jpg,cha_thai_kw04_bing_000063.jpg
cha_thai_kw04_bing_00479.jpg,cha_thai_kw04_bing_000064.jpg
cha_thai_kw04_bing_00480.jpg,cha_thai_kw04_bing_000065.jpg
cha_thai_kw04_bing_00481.png,cha_thai_kw04_bing_000066.png
cha_thai_kw04_bing_00482.jpg,cha_thai_kw04_bing_000067.jpg
cha_thai_kw04_bing_00483.jpg,cha_thai_kw04_bing_000068.jpg
cha_thai_kw04_bing_00484.jpg,cha_thai_kw04_bing_000069.jpg
cha_thai_kw04_bing_00485.jpg,cha_thai_kw04_bing_000070.jpg
cha_thai_kw04_bing_00486.webp,cha_thai_kw04_bing_000071.webp
cha_thai_kw04_bing_00487.jpg,cha_thai_kw04_bing_000072.jpg
cha_thai_kw04_bing_00488.jpg,cha_thai_kw04_bing_000074.jpg
cha_thai_kw04_bing_00489.jpg,cha_thai_kw04_bing_000075.jpg
cha_thai_kw04_bing_00490.jpg,cha_thai_kw04_bing_000076.jpg
cha_thai_kw04_bing_00491.jpg,cha_thai_kw04_bing_000077.jpg
cha_thai_kw04_bing_00492.png,cha_thai_kw04_bing_000078.png
cha_thai_kw04_bing_00493.png,cha_thai_kw04_bing_000079.png
cha_thai_kw04_bing_00494.jpg,cha_thai_kw04_bing_000082.jpg
cha_thai_kw04_bing_00495.jpg,cha_thai_kw04_bing_000083.jpg
cha_thai_kw04_bing_00496.jpg,cha_thai_kw04_bing_000084.jpg
cha_thai_kw04_bing_00497.jpg,cha_thai_kw04_bing_000085.jpg
cha_thai_kw04_bing_00498.jpg,cha_thai_kw04_bing_000086.jpg
cha_thai_kw04_bing_00499.jpg,cha_thai_kw04_bing_000087.jpg
cha_thai_kw04_bing_00500.jpg,cha_thai_kw04_bing_000088.jpg
cha_thai_kw04_bing_00501.jpg,cha_thai_kw04_bing_000090.jpg
cha_thai_kw04_bing_00502.jpg,cha_thai_kw04_bing_000092.jpg
cha_thai_kw04_bing_00503.jpg,cha_thai_kw04_bing_000094.jpg
cha_thai_kw04_bing_00504.jpg,cha_thai_kw04_bing_000096.jpg
cha_thai_kw04_bing_00505.jpg,cha_thai_kw04_bing_000104.jpg
cha_thai_kw04_bing_00506.jpg,cha_thai_kw04_bing_000105.jpg
cha_thai_kw04_bing_00507.png,cha_thai_kw04_bing_000106.png
cha_thai_kw04_bing_00508.jpg,cha_thai_kw04_bing_000107.jpg
cha_thai_kw04_bing_00509.jpg,cha_thai_kw04_bing_000108.jpg
cha_thai_kw04_bing_00510.jpg,cha_thai_kw04_bing_000109.jpg
cha_thai_kw04_bing_00511.jpg,cha_thai_kw04_bing_000110.jpg
cha_thai_kw04_bing_00512.jpg,cha_thai_kw04_bing_000111.jpg
cha_thai_kw04_bing_00513.jpg,cha_thai_kw04_bing_000112.jpg
cha_thai_kw04_bing_00514.jpg,cha_thai_kw04_bing_000113.jpg
cha_thai_kw04_bing_00515.jpg,cha_thai_kw04_bing_000114.jpg
cha_thai_kw04_bing_00516.jpg,cha_thai_kw04_bing_000115.jpg
cha_thai_kw04_bing_00517.jpg,cha_thai_kw04_bing_000116.jpg
cha_thai_kw04_bing_00518.jpg,cha_thai_kw04_bing_000117.jpg
cha_thai_kw04_bing_00519.jpg,cha_thai_kw04_bing_000118.jpg
cha_thai_kw04_baidu_00520.jpg,cha_thai_kw04_baidu_000001.jpg
cha_thai_kw04_baidu_00521.jpg,cha_thai_kw04_baidu_000002.jpg
cha_thai_kw04_baidu_00522.jpg,cha_thai_kw04_baidu_000003.jpg
cha_thai_kw04_baidu_00523.jpg,cha_thai_kw04_baidu_000004.jpg
cha_thai_kw04_baidu_00524.jpg,cha_thai_kw04_baidu_000005.jpg
cha_thai_kw04_baidu_00525.jpg,cha_thai_kw04_baidu_000006.jpg
cha_thai_kw04_baidu_00526.jpg,cha_thai_kw04_baidu_000007.jpg
cha_thai_kw04_baidu_00527.jpg,cha_thai_kw04_baidu_000008.jpg
cha_thai_kw04_baidu_00528.jpg,cha_thai_kw04_baidu_000009.jpg
cha_thai_kw04_baidu_00529.jpg,cha_thai_kw04_baidu_000010.jpg
cha_thai_kw04_baidu_00530.jpg,cha_thai_kw04_baidu_000011.jpg
cha_thai_kw04_baidu_00531.jpg,cha_thai_kw04_baidu_000012.jpg
cha_thai_kw04_baidu_00532.jpg,cha_thai_kw04_baidu_000013.jpg
cha_thai_kw04_baidu_00533.jpg,cha_thai_kw04_baidu_000014.jpg
cha_thai_kw04_baidu_00534.jpg,cha_thai_kw04_baidu_000015.jpg
cha_thai_kw04_baidu_00535.jpg,cha_thai_kw04_baidu_000016.jpg
cha_thai_kw04_baidu_00536.jpg,cha_thai_kw04_baidu_000017.jpg
cha_thai_kw04_baidu_00537.jpg,cha_thai_kw04_baidu_000018.jpg
cha_thai_kw04_baidu_00538.jpg,cha_thai_kw04_baidu_000019.jpg
cha_thai_kw04_baidu_00539.jpg,cha_thai_kw04_baidu_000020.jpg
cha_thai_kw04_baidu_00540.jpg,cha_thai_kw04_baidu_000021.jpg
cha_thai_kw04_baidu_00541.jpg,cha_thai_kw04_baidu_000022.jpg
cha_thai_kw04_baidu_00542.jpg,cha_thai_kw04_baidu_000023.jpg
cha_thai_kw04_baidu_00543.jpg,cha_thai_kw04_baidu_000024.jpg
cha_thai_kw04_baidu_00544.jpg,cha_thai_kw04_baidu_000025.jpg
cha_thai_kw04_baidu_00545.jpg,cha_thai_kw04_baidu_000026.jpg
cha_thai_kw04_baidu_00546.jpg,cha_thai_kw04_baidu_000027.jpg
cha_thai_kw04_baidu_00547.jpg,cha_thai_kw04_baidu_000028.jpg
cha_thai_kw04_baidu_00548.jpg,cha_thai_kw04_baidu_000029.jpg
cha_thai_kw04_baidu_00549.jpg,cha_thai_kw04_baidu_000030.jpg
cha_thai_kw04_baidu_00550.jpg,cha_thai_kw04_baidu_000031.jpg
cha_thai_kw04_baidu_00551.jpg,cha_thai_kw04_baidu_000032.jpg
cha_thai_kw04_baidu_00552.png,cha_thai_kw04_baidu_000033.png
cha_thai_kw04_baidu_00553.jpg,cha_thai_kw04_baidu_000034.jpg
cha_thai_kw04_baidu_00554.jpg,cha_thai_kw04_baidu_000035.jpg
cha_thai_kw04_baidu_00555.jpg,cha_thai_kw04_baidu_000036.jpg
cha_thai_kw04_baidu_00556.jpg,cha_thai_kw04_baidu_000037.jpg
cha_thai_kw04_baidu_00557.png,cha_thai_kw04_baidu_000038.png
cha_thai_kw04_baidu_00558.jpg,cha_thai_kw04_baidu_000039.jpg
cha_thai_kw04_baidu_00559.jpg,cha_thai_kw04_baidu_000040.jpg
cha_thai_kw04_baidu_00560.jpg,cha_thai_kw04_baidu_000041.jpg
cha_thai_kw04_baidu_00561.jpg,cha_thai_kw04_baidu_000042.jpg
cha_thai_kw04_baidu_00562.jpg,cha_thai_kw04_baidu_000043.jpg
cha_thai_kw04_baidu_00563.jpg,cha_thai_kw04_baidu_000044.jpg
cha_thai_kw04_baidu_00564.jpg,cha_thai_kw04_baidu_000045.jpg
cha_thai_kw04_baidu_00565.jpg,cha_thai_kw04_baidu_000046.jpg
cha_thai_kw04_baidu_00566.jpg,cha_thai_kw04_baidu_000047.jpg
cha_thai_kw04_baidu_00567.jpg,cha_thai_kw04_baidu_000048.jpg
cha_thai_kw04_baidu_00568.jpg,cha_thai_kw04_baidu_000049.jpg
cha_thai_kw04_baidu_00569.jpg,cha_thai_kw04_baidu_000050.jpg
cha_thai_kw04_baidu_00570.jpg,cha_thai_kw04_baidu_000051.jpg
cha_thai_kw04_baidu_00571.jpg,cha_thai_kw04_baidu_000052.jpg
cha_thai_kw04_baidu_00572.jpg,cha_thai_kw04_baidu_000053.jpg
cha_thai_kw04_baidu_00573.jpg,cha_thai_kw04_baidu_000054.jpg
cha_thai_kw04_baidu_00574.png,cha_thai_kw04_baidu_000055.png
cha_thai_kw04_baidu_00575.jpg,cha_thai_kw04_baidu_000056.jpg
cha_dam_yen_kw00_bing_00000.jpg,cha_dam_yen_kw00_bing_000001.jpg
cha_dam_yen_kw00_bing_00001.png,cha_dam_yen_kw00_bing_000002.png
cha_dam_yen_kw00_bing_00002.jpg,cha_dam_yen_kw00_bing_000003.jpg
cha_dam_yen_kw00_bing_00003.jpg,cha_dam_yen_kw00_bing_000005.jpg
cha_dam_yen_kw00_bing_00004.jpg,cha_dam_yen_kw00_bing_000006.jpg
cha_dam_yen_kw00_bing_00005.jpg,cha_dam_yen_kw00_bing_000007.jpg
cha_dam_yen_kw00_bing_00006.jpg,cha_dam_yen_kw00_bing_000009.jpg
cha_dam_yen_kw00_bing_00007.jpg,cha_dam_yen_kw00_bing_000010.jpg
cha_dam_yen_kw00_bing_00008.jpg,cha_dam_yen_kw00_bing_000011.jpg
cha_dam_yen_kw00_bing_00009.jpg,cha_dam_yen_kw00_bing_000012.jpg
cha_dam_yen_kw00_bing_00010.jpg,cha_dam_yen_kw00_bing_000013.jpg
cha_dam_yen_kw00_bing_00011.jpg,cha_dam_yen_kw00_bing_000014.jpg
cha_dam_yen_kw00_bing_00012.jpg,cha_dam_yen_kw00_bing_000015.jpg
cha_dam_yen_kw00_bing_00013.jpg,cha_dam_yen_kw00_bing_000017.jpg
cha_dam_yen_kw00_bing_00014.jpg,cha_dam_yen_kw00_bing_000018.jpg
cha_dam_yen_kw00_bing_00015.jpg,cha_dam_yen_kw00_bing_000019.jpg
cha_dam_yen_kw00_bing_00016.jpg,cha_dam_yen_kw00_bing_000020.jpg
cha_dam_yen_kw00_bing_00017.jpg,cha_dam_yen_kw00_bing_000021.jpg
cha_dam_yen_kw00_bing_00018.jpg,cha_dam_yen_kw00_bing_000022.jpg
cha_dam_yen_kw00_bing_00019.jpg,cha_dam_yen_kw00_bing_000023.jpg
cha_dam_yen_kw00_bing_00020.jpg,cha_dam_yen_kw00_bing_000024.jpg
cha_dam_yen_kw00_bing_00021.png,cha_dam_yen_kw00_bing_000025.png
cha_dam_yen_kw00_bing_00022.jpg,cha_dam_yen_kw00_bing_000027.jpg
cha_dam_yen_kw00_bing_00023.jpg,cha_dam_yen_kw00_bing_000028.jpg
cha_dam_yen_kw00_bing_00024.jpg,cha_dam_yen_kw00_bing_000029.jpg
cha_dam_yen_kw00_bing_00025.webp,cha_dam_yen_kw00_bing_000030.webp
cha_dam_yen_kw00_bing_00026.jpg,cha_dam_yen_kw00_bing_000031.jpg
cha_dam_yen_kw00_bing_00027.jpg,cha_dam_yen_kw00_bing_000032.jpg
cha_dam_yen_kw00_bing_00028.jpg,cha_dam_yen_kw00_bing_000033.jpg
cha_dam_yen_kw00_bing_00029.png,cha_dam_yen_kw00_bing_000034.png
cha_dam_yen_kw00_bing_00030.jpg,cha_dam_yen_kw00_bing_000035.jpg
cha_dam_yen_kw00_bing_00031.jpg,cha_dam_yen_kw00_bing_000036.jpg
cha_dam_yen_kw00_bing_00032.jpg,cha_dam_yen_kw00_bing_000037.jpg
cha_dam_yen_kw00_bing_00033.jpg,cha_dam_yen_kw00_bing_000038.jpg
cha_dam_yen_kw00_bing_00034.jpg,cha_dam_yen_kw00_bing_000039.jpg
cha_dam_yen_kw00_bing_00035.png,cha_dam_yen_kw00_bing_000040.png
cha_dam_yen_kw00_bing_00036.jpg,cha_dam_yen_kw00_bing_000042.jpg
cha_dam_yen_kw00_bing_00037.jpg,cha_dam_yen_kw00_bing_000043.jpg
cha_dam_yen_kw00_bing_00038.jpg,cha_dam_yen_kw00_bing_000044.jpg
cha_dam_yen_kw00_bing_00039.jpg,cha_dam_yen_kw00_bing_000046.jpg
cha_dam_yen_kw00_bing_00040.jpg,cha_dam_yen_kw00_bing_000047.jpg
cha_dam_yen_kw00_bing_00041.jpg,cha_dam_yen_kw00_bing_000048.jpg
cha_dam_yen_kw00_bing_00042.jpg,cha_dam_yen_kw00_bing_000049.jpg
cha_dam_yen_kw00_bing_00043.webp,cha_dam_yen_kw00_bing_000050.webp
cha_dam_yen_kw00_bing_00044.jpg,cha_dam_yen_kw00_bing_000051.jpg
cha_dam_yen_kw00_bing_00045.webp,cha_dam_yen_kw00_bing_000052.webp
cha_dam_yen_kw00_bing_00046.jpg,cha_dam_yen_kw00_bing_000053.jpg
cha_dam_yen_kw00_bing_00047.jpg,cha_dam_yen_kw00_bing_000054.jpg
cha_dam_yen_kw00_bing_00048.png,cha_dam_yen_kw00_bing_000055.png
cha_dam_yen_kw00_bing_00049.jpg,cha_dam_yen_kw00_bing_000056.jpg
cha_dam_yen_kw00_bing_00050.jpg,cha_dam_yen_kw00_bing_000057.jpg
cha_dam_yen_kw00_bing_00051.png,cha_dam_yen_kw00_bing_000058.png
cha_dam_yen_kw00_bing_00052.png,cha_dam_yen_kw00_bing_000059.png
cha_dam_yen_kw00_bing_00053.jpg,cha_dam_yen_kw00_bing_000060.jpg
cha_dam_yen_kw00_bing_00054.jpg,cha_dam_yen_kw00_bing_000061.jpg
cha_dam_yen_kw00_bing_00055.jpg,cha_dam_yen_kw00_bing_000062.jpg
cha_dam_yen_kw00_bing_00056.jpg,cha_dam_yen_kw00_bing_000063.jpg
cha_dam_yen_kw00_bing_00057.jpg,cha_dam_yen_kw00_bing_000064.jpg
cha_dam_yen_kw00_bing_00058.jpg,cha_dam_yen_kw00_bing_000066.jpg
cha_dam_yen_kw00_bing_00059.png,cha_dam_yen_kw00_bing_000067.png
cha_dam_yen_kw00_bing_00060.jpg,cha_dam_yen_kw00_bing_000069.jpg
cha_dam_yen_kw00_bing_00061.jpg,cha_dam_yen_kw00_bing_000070.jpg
cha_dam_yen_kw00_bing_00062.jpg,cha_dam_yen_kw00_bing_000071.jpg
cha_dam_yen_kw00_bing_00063.jpg,cha_dam_yen_kw00_bing_000072.jpg
cha_dam_yen_kw00_bing_00064.jpg,cha_dam_yen_kw00_bing_000073.jpg
cha_dam_yen_kw00_bing_00065.jpg,cha_dam_yen_kw00_bing_000075.jpg
cha_dam_yen_kw00_bing_00066.jpg,cha_dam_yen_kw00_bing_000077.jpg
cha_dam_yen_kw00_bing_00067.jpg,cha_dam_yen_kw00_bing_000079.jpg
cha_dam_yen_kw00_bing_00068.webp,cha_dam_yen_kw00_bing_000081.webp
cha_dam_yen_kw00_bing_00069.jpg,cha_dam_yen_kw00_bing_000083.jpg
cha_dam_yen_kw00_bing_00070.jpg,cha_dam_yen_kw00_bing_000084.jpg
cha_dam_yen_kw00_bing_00071.webp,cha_dam_yen_kw00_bing_000085.webp
cha_dam_yen_kw00_bing_00072.jpg,cha_dam_yen_kw00_bing_000086.jpg
cha_dam_yen_kw00_bing_00073.jpg,cha_dam_yen_kw00_bing_000087.jpg
cha_dam_yen_kw00_bing_00074.jpg,cha_dam_yen_kw00_bing_000088.jpg
cha_dam_yen_kw00_bing_00075.jpg,cha_dam_yen_kw00_bing_000093.jpg
cha_dam_yen_kw00_bing_00076.jpg,cha_dam_yen_kw00_bing_000094.jpg
cha_dam_yen_kw00_bing_00077.webp,cha_dam_yen_kw00_bing_000095.webp
cha_dam_yen_kw00_bing_00078.jpg,cha_dam_yen_kw00_bing_000096.jpg
cha_dam_yen_kw00_bing_00079.jpg,cha_dam_yen_kw00_bing_000097.jpg
cha_dam_yen_kw00_bing_00080.jpg,cha_dam_yen_kw00_bing_000101.jpg
cha_dam_yen_kw00_bing_00081.jpg,cha_dam_yen_kw00_bing_000103.jpg
cha_dam_yen_kw00_bing_00082.jpg,cha_dam_yen_kw00_bing_000105.jpg
cha_dam_yen_kw00_bing_00083.jpg,cha_dam_yen_kw00_bing_000111.jpg
cha_dam_yen_kw00_bing_00084.jpg,cha_dam_yen_kw00_bing_000114.jpg
cha_dam_yen_kw00_bing_00085.jpg,cha_dam_yen_kw00_bing_000119.jpg
cha_dam_yen_kw00_bing_00086.jpg,cha_dam_yen_kw00_bing_000124.jpg
cha_dam_yen_kw01_bing_00087.jpg,cha_dam_yen_kw01_bing_000000.jpg
cha_dam_yen_kw01_bing_00088.jpg,cha_dam_yen_kw01_bing_000002.jpg
cha_dam_yen_kw01_bing_00089.png,cha_dam_yen_kw01_bing_000003.png
cha_dam_yen_kw01_bing_00090.jpg,cha_dam_yen_kw01_bing_000004.jpg
cha_dam_yen_kw01_bing_00091.jpg,cha_dam_yen_kw01_bing_000005.jpg
cha_dam_yen_kw01_bing_00092.jpg,cha_dam_yen_kw01_bing_000006.jpg
cha_dam_yen_kw01_bing_00093.jpg,cha_dam_yen_kw01_bing_000007.jpg
cha_dam_yen_kw01_bing_00094.jpg,cha_dam_yen_kw01_bing_000008.jpg
cha_dam_yen_kw01_bing_00095.jpg,cha_dam_yen_kw01_bing_000010.jpg
cha_dam_yen_kw01_bing_00096.jpg,cha_dam_yen_kw01_bing_000011.jpg
cha_dam_yen_kw01_bing_00097.jpg,cha_dam_yen_kw01_bing_000012.jpg
cha_dam_yen_kw01_bing_00098.jpg,cha_dam_yen_kw01_bing_000013.jpg
cha_dam_yen_kw01_bing_00099.jpg,cha_dam_yen_kw01_bing_000014.jpg
cha_dam_yen_kw01_bing_00100.jpg,cha_dam_yen_kw01_bing_000015.jpg
cha_dam_yen_kw01_bing_00101.jpg,cha_dam_yen_kw01_bing_000016.jpg
cha_dam_yen_kw01_bing_00102.jpg,cha_dam_yen_kw01_bing_000017.jpg
cha_dam_yen_kw01_bing_00103.jpg,cha_dam_yen_kw01_bing_000018.jpg
cha_dam_yen_kw01_bing_00104.jpg,cha_dam_yen_kw01_bing_000019.jpg
cha_dam_yen_kw01_bing_00105.jpg,cha_dam_yen_kw01_bing_000020.jpg
cha_dam_yen_kw01_bing_00106.webp,cha_dam_yen_kw01_bing_000021.webp
cha_dam_yen_kw01_bing_00107.jpg,cha_dam_yen_kw01_bing_000022.jpg
cha_dam_yen_kw01_bing_00108.png,cha_dam_yen_kw01_bing_000023.png
cha_dam_yen_kw01_bing_00109.webp,cha_dam_yen_kw01_bing_000024.webp
cha_dam_yen_kw01_bing_00110.jpg,cha_dam_yen_kw01_bing_000025.jpg
cha_dam_yen_kw01_bing_00111.png,cha_dam_yen_kw01_bing_000026.png
cha_dam_yen_kw01_bing_00112.jpg,cha_dam_yen_kw01_bing_000027.jpg
cha_dam_yen_kw01_bing_00113.jpg,cha_dam_yen_kw01_bing_000028.jpg
cha_dam_yen_kw01_bing_00114.jpg,cha_dam_yen_kw01_bing_000030.jpg
cha_dam_yen_kw01_bing_00115.jpg,cha_dam_yen_kw01_bing_000031.jpg
cha_dam_yen_kw01_bing_00116.jpg,cha_dam_yen_kw01_bing_000032.jpg
cha_dam_yen_kw01_bing_00117.jpg,cha_dam_yen_kw01_bing_000033.jpg
cha_dam_yen_kw01_bing_00118.jpg,cha_dam_yen_kw01_bing_000034.jpg
cha_dam_yen_kw01_bing_00119.jpg,cha_dam_yen_kw01_bing_000035.jpg
cha_dam_yen_kw01_bing_00120.png,cha_dam_yen_kw01_bing_000036.png
cha_dam_yen_kw01_bing_00121.jpg,cha_dam_yen_kw01_bing_000037.jpg
cha_dam_yen_kw01_bing_00122.jpg,cha_dam_yen_kw01_bing_000038.jpg
cha_dam_yen_kw01_bing_00123.jpg,cha_dam_yen_kw01_bing_000039.jpg
cha_dam_yen_kw01_bing_00124.jpg,cha_dam_yen_kw01_bing_000040.jpg
cha_dam_yen_kw01_bing_00125.jpg,cha_dam_yen_kw01_bing_000041.jpg
cha_dam_yen_kw01_bing_00126.jpg,cha_dam_yen_kw01_bing_000042.jpg
cha_dam_yen_kw01_bing_00127.jpg,cha_dam_yen_kw01_bing_000043.jpg
cha_dam_yen_kw01_bing_00128.jpg,cha_dam_yen_kw01_bing_000044.jpg
cha_dam_yen_kw01_bing_00129.jpg,cha_dam_yen_kw01_bing_000045.jpg
cha_dam_yen_kw01_bing_00130.png,cha_dam_yen_kw01_bing_000046.png
cha_dam_yen_kw01_bing_00131.jpg,cha_dam_yen_kw01_bing_000047.jpg
cha_dam_yen_kw01_bing_00132.jpg,cha_dam_yen_kw01_bing_000048.jpg
cha_dam_yen_kw01_bing_00133.png,cha_dam_yen_kw01_bing_000049.png
cha_dam_yen_kw01_bing_00134.jpg,cha_dam_yen_kw01_bing_000050.jpg
cha_dam_yen_kw01_bing_00135.jpg,cha_dam_yen_kw01_bing_000051.jpg
cha_dam_yen_kw01_bing_00136.jpg,cha_dam_yen_kw01_bing_000052.jpg
cha_dam_yen_kw01_bing_00137.jpg,cha_dam_yen_kw01_bing_000053.jpg
cha_dam_yen_kw01_bing_00138.jpg,cha_dam_yen_kw01_bing_000054.jpg
cha_dam_yen_kw01_bing_00139.jpg,cha_dam_yen_kw01_bing_000056.jpg
cha_dam_yen_kw01_bing_00140.jpg,cha_dam_yen_kw01_bing_000057.jpg
cha_dam_yen_kw01_bing_00141.png,cha_dam_yen_kw01_bing_000058.png
cha_dam_yen_kw01_bing_00142.jpg,cha_dam_yen_kw01_bing_000059.jpg
cha_dam_yen_kw01_bing_00143.jpg,cha_dam_yen_kw01_bing_000060.jpg
cha_dam_yen_kw01_bing_00144.jpg,cha_dam_yen_kw01_bing_000061.jpg
cha_dam_yen_kw01_bing_00145.jpg,cha_dam_yen_kw01_bing_000062.jpg
cha_dam_yen_kw01_bing_00146.jpg,cha_dam_yen_kw01_bing_000063.jpg
cha_dam_yen_kw01_bing_00147.jpg,cha_dam_yen_kw01_bing_000064.jpg
cha_dam_yen_kw01_bing_00148.png,cha_dam_yen_kw01_bing_000065.png
cha_dam_yen_kw01_bing_00149.jpg,cha_dam_yen_kw01_bing_000066.jpg
cha_dam_yen_kw01_bing_00150.jpg,cha_dam_yen_kw01_bing_000067.jpg
cha_dam_yen_kw01_bing_00151.jpg,cha_dam_yen_kw01_bing_000068.jpg
cha_dam_yen_kw01_bing_00152.jpg,cha_dam_yen_kw01_bing_000069.jpg
cha_dam_yen_kw01_bing_00153.jpg,cha_dam_yen_kw01_bing_000070.jpg
cha_dam_yen_kw01_bing_00154.jpg,cha_dam_yen_kw01_bing_000071.jpg
cha_dam_yen_kw01_bing_00155.jpg,cha_dam_yen_kw01_bing_000072.jpg
cha_dam_yen_kw01_bing_00156.jpg,cha_dam_yen_kw01_bing_000073.jpg
cha_dam_yen_kw01_bing_00157.jpg,cha_dam_yen_kw01_bing_000074.jpg
cha_dam_yen_kw01_bing_00158.jpg,cha_dam_yen_kw01_bing_000075.jpg
cha_dam_yen_kw01_bing_00159.jpg,cha_dam_yen_kw01_bing_000076.jpg
cha_dam_yen_kw01_bing_00160.webp,cha_dam_yen_kw01_bing_000077.webp
cha_dam_yen_kw01_bing_00161.webp,cha_dam_yen_kw01_bing_000078.webp
cha_dam_yen_kw01_bing_00162.jpg,cha_dam_yen_kw01_bing_000079.jpg
cha_dam_yen_kw01_bing_00163.jpg,cha_dam_yen_kw01_bing_000080.jpg
cha_dam_yen_kw01_bing_00164.jpg,cha_dam_yen_kw01_bing_000081.jpg
cha_dam_yen_kw01_bing_00165.jpg,cha_dam_yen_kw01_bing_000082.jpg
cha_dam_yen_kw01_bing_00166.jpg,cha_dam_yen_kw01_bing_000083.jpg
cha_dam_yen_kw01_bing_00167.jpg,cha_dam_yen_kw01_bing_000084.jpg
cha_dam_yen_kw01_bing_00168.jpg,cha_dam_yen_kw01_bing_000085.jpg
cha_dam_yen_kw01_bing_00169.jpg,cha_dam_yen_kw01_bing_000088.jpg
cha_dam_yen_kw01_bing_00170.jpg,cha_dam_yen_kw01_bing_000089.jpg
cha_dam_yen_kw01_bing_00171.jpg,cha_dam_yen_kw01_bing_000090.jpg
cha_dam_yen_kw01_bing_00172.jpg,cha_dam_yen_kw01_bing_000091.jpg
cha_dam_yen_kw01_bing_00173.webp,cha_dam_yen_kw01_bing_000092.webp
cha_dam_yen_kw01_bing_00174.jpg,cha_dam_yen_kw01_bing_000093.jpg
cha_dam_yen_kw01_bing_00175.jpg,cha_dam_yen_kw01_bing_000094.jpg
cha_dam_yen_kw01_bing_00176.jpg,cha_dam_yen_kw01_bing_000095.jpg
cha_dam_yen_kw01_bing_00177.jpg,cha_dam_yen_kw01_bing_000097.jpg
cha_dam_yen_kw01_bing_00178.png,cha_dam_yen_kw01_bing_000099.png
cha_dam_yen_kw01_bing_00179.jpg,cha_dam_yen_kw01_bing_000100.jpg
cha_dam_yen_kw01_bing_00180.webp,cha_dam_yen_kw01_bing_000101.webp
cha_dam_yen_kw01_bing_00181.jpg,cha_dam_yen_kw01_bing_000102.jpg
cha_dam_yen_kw01_bing_00182.jpg,cha_dam_yen_kw01_bing_000103.jpg
cha_dam_yen_kw01_bing_00183.jpg,cha_dam_yen_kw01_bing_000105.jpg
cha_dam_yen_kw01_bing_00184.jpg,cha_dam_yen_kw01_bing_000106.jpg
cha_dam_yen_kw01_bing_00185.jpg,cha_dam_yen_kw01_bing_000107.jpg
cha_dam_yen_kw01_bing_00186.jpg,cha_dam_yen_kw01_bing_000108.jpg
cha_dam_yen_kw02_bing_00187.jpg,cha_dam_yen_kw02_bing_000000.jpg
cha_dam_yen_kw02_bing_00188.jpg,cha_dam_yen_kw02_bing_000001.jpg
cha_dam_yen_kw02_bing_00189.jpg,cha_dam_yen_kw02_bing_000002.jpg
cha_dam_yen_kw02_bing_00190.jpg,cha_dam_yen_kw02_bing_000003.jpg
cha_dam_yen_kw02_bing_00191.jpg,cha_dam_yen_kw02_bing_000004.jpg
cha_dam_yen_kw02_bing_00192.jpg,cha_dam_yen_kw02_bing_000005.jpg
cha_dam_yen_kw02_bing_00193.webp,cha_dam_yen_kw02_bing_000006.webp
cha_dam_yen_kw02_bing_00194.jpg,cha_dam_yen_kw02_bing_000007.jpg
cha_dam_yen_kw02_bing_00195.jpg,cha_dam_yen_kw02_bing_000008.jpg
cha_dam_yen_kw02_bing_00196.jpg,cha_dam_yen_kw02_bing_000009.jpg
cha_dam_yen_kw02_bing_00197.jpg,cha_dam_yen_kw02_bing_000010.jpg
cha_dam_yen_kw02_bing_00198.jpg,cha_dam_yen_kw02_bing_000011.jpg
cha_dam_yen_kw02_bing_00199.webp,cha_dam_yen_kw02_bing_000012.webp
cha_dam_yen_kw02_bing_00200.png,cha_dam_yen_kw02_bing_000013.png
cha_dam_yen_kw02_bing_00201.jpg,cha_dam_yen_kw02_bing_000014.jpg
cha_dam_yen_kw02_bing_00202.jpg,cha_dam_yen_kw02_bing_000015.jpg
cha_dam_yen_kw02_bing_00203.jpg,cha_dam_yen_kw02_bing_000016.jpg
cha_dam_yen_kw02_bing_00204.jpg,cha_dam_yen_kw02_bing_000017.jpg
cha_dam_yen_kw02_bing_00205.jpg,cha_dam_yen_kw02_bing_000018.jpg
cha_dam_yen_kw02_bing_00206.jpg,cha_dam_yen_kw02_bing_000019.jpg
cha_dam_yen_kw02_bing_00207.webp,cha_dam_yen_kw02_bing_000021.webp
cha_dam_yen_kw02_bing_00208.jpg,cha_dam_yen_kw02_bing_000022.jpg
cha_dam_yen_kw02_bing_00209.jpg,cha_dam_yen_kw02_bing_000023.jpg
cha_dam_yen_kw02_bing_00210.jpg,cha_dam_yen_kw02_bing_000024.jpg
cha_dam_yen_kw02_bing_00211.jpg,cha_dam_yen_kw02_bing_000025.jpg
cha_dam_yen_kw02_bing_00212.png,cha_dam_yen_kw02_bing_000026.png
cha_dam_yen_kw02_bing_00213.jpg,cha_dam_yen_kw02_bing_000027.jpg
cha_dam_yen_kw02_bing_00214.jpg,cha_dam_yen_kw02_bing_000028.jpg
cha_dam_yen_kw02_bing_00215.jpg,cha_dam_yen_kw02_bing_000029.jpg
cha_dam_yen_kw02_bing_00216.webp,cha_dam_yen_kw02_bing_000030.webp
cha_dam_yen_kw02_bing_00217.jpg,cha_dam_yen_kw02_bing_000031.jpg
cha_dam_yen_kw02_bing_00218.jpg,cha_dam_yen_kw02_bing_000032.jpg
cha_dam_yen_kw02_bing_00219.webp,cha_dam_yen_kw02_bing_000033.webp
cha_dam_yen_kw02_bing_00220.jpg,cha_dam_yen_kw02_bing_000034.jpg
cha_dam_yen_kw02_bing_00221.jpg,cha_dam_yen_kw02_bing_000035.jpg
cha_dam_yen_kw02_bing_00222.jpg,cha_dam_yen_kw02_bing_000036.jpg
cha_dam_yen_kw02_bing_00223.png,cha_dam_yen_kw02_bing_000037.png
cha_dam_yen_kw02_bing_00224.jpg,cha_dam_yen_kw02_bing_000038.jpg
cha_dam_yen_kw02_bing_00225.png,cha_dam_yen_kw02_bing_000039.png
cha_dam_yen_kw02_bing_00226.jpg,cha_dam_yen_kw02_bing_000040.jpg
cha_dam_yen_kw02_bing_00227.jpg,cha_dam_yen_kw02_bing_000041.jpg
cha_dam_yen_kw02_bing_00228.jpg,cha_dam_yen_kw02_bing_000043.jpg
cha_dam_yen_kw02_bing_00229.webp,cha_dam_yen_kw02_bing_000044.webp
cha_dam_yen_kw02_bing_00230.jpg,cha_dam_yen_kw02_bing_000045.jpg
cha_dam_yen_kw02_bing_00231.jpg,cha_dam_yen_kw02_bing_000046.jpg
cha_dam_yen_kw02_bing_00232.jpg,cha_dam_yen_kw02_bing_000047.jpg
cha_dam_yen_kw02_bing_00233.jpg,cha_dam_yen_kw02_bing_000048.jpg
cha_dam_yen_kw02_bing_00234.webp,cha_dam_yen_kw02_bing_000049.webp
cha_dam_yen_kw02_bing_00235.jpg,cha_dam_yen_kw02_bing_000050.jpg
cha_dam_yen_kw02_bing_00236.jpg,cha_dam_yen_kw02_bing_000051.jpg
cha_dam_yen_kw02_bing_00237.jpg,cha_dam_yen_kw02_bing_000052.jpg
cha_dam_yen_kw02_bing_00238.jpg,cha_dam_yen_kw02_bing_000054.jpg
cha_dam_yen_kw02_bing_00239.jpg,cha_dam_yen_kw02_bing_000055.jpg
cha_dam_yen_kw02_bing_00240.webp,cha_dam_yen_kw02_bing_000056.webp
cha_dam_yen_kw02_bing_00241.jpg,cha_dam_yen_kw02_bing_000057.jpg
cha_dam_yen_kw02_bing_00242.png,cha_dam_yen_kw02_bing_000058.png
cha_dam_yen_kw02_bing_00243.jpg,cha_dam_yen_kw02_bing_000060.jpg
cha_dam_yen_kw02_bing_00244.jpg,cha_dam_yen_kw02_bing_000061.jpg
cha_dam_yen_kw02_bing_00245.jpg,cha_dam_yen_kw02_bing_000062.jpg
cha_dam_yen_kw02_bing_00246.webp,cha_dam_yen_kw02_bing_000063.webp
cha_dam_yen_kw02_bing_00247.jpg,cha_dam_yen_kw02_bing_000064.jpg
cha_dam_yen_kw02_bing_00248.webp,cha_dam_yen_kw02_bing_000065.webp
cha_dam_yen_kw02_bing_00249.jpg,cha_dam_yen_kw02_bing_000066.jpg
cha_dam_yen_kw02_bing_00250.jpg,cha_dam_yen_kw02_bing_000067.jpg
cha_dam_yen_kw02_bing_00251.jpg,cha_dam_yen_kw02_bing_000068.jpg
cha_dam_yen_kw02_bing_00252.jpg,cha_dam_yen_kw02_bing_000069.jpg
cha_dam_yen_kw02_bing_00253.jpg,cha_dam_yen_kw02_bing_000070.jpg
cha_dam_yen_kw02_bing_00254.webp,cha_dam_yen_kw02_bing_000071.webp
cha_dam_yen_kw02_bing_00255.jpg,cha_dam_yen_kw02_bing_000072.jpg
cha_dam_yen_kw02_bing_00256.jpg,cha_dam_yen_kw02_bing_000073.jpg
cha_dam_yen_kw02_bing_00257.jpg,cha_dam_yen_kw02_bing_000074.jpg
cha_dam_yen_kw02_bing_00258.jpg,cha_dam_yen_kw02_bing_000075.jpg
cha_dam_yen_kw02_bing_00259.png,cha_dam_yen_kw02_bing_000076.png
cha_dam_yen_kw02_bing_00260.jpg,cha_dam_yen_kw02_bing_000077.jpg
cha_dam_yen_kw02_bing_00261.jpg,cha_dam_yen_kw02_bing_000078.jpg
cha_dam_yen_kw02_bing_00262.jpg,cha_dam_yen_kw02_bing_000079.jpg
cha_dam_yen_kw02_bing_00263.jpg,cha_dam_yen_kw02_bing_000080.jpg
cha_dam_yen_kw02_bing_00264.webp,cha_dam_yen_kw02_bing_000082.webp
cha_dam_yen_kw02_bing_00265.jpg,cha_dam_yen_kw02_bing_000083.jpg
cha_dam_yen_kw02_bing_00266.jpg,cha_dam_yen_kw02_bing_000084.jpg
cha_dam_yen_kw02_bing_00267.jpg,cha_dam_yen_kw02_bing_000085.jpg
cha_dam_yen_kw02_bing_00268.webp,cha_dam_yen_kw02_bing_000086.webp
cha_dam_yen_kw02_bing_00269.jpg,cha_dam_yen_kw02_bing_000087.jpg
cha_dam_yen_kw02_bing_00270.jpg,cha_dam_yen_kw02_bing_000088.jpg
cha_dam_yen_kw02_bing_00271.jpg,cha_dam_yen_kw02_bing_000089.jpg
cha_dam_yen_kw02_bing_00272.webp,cha_dam_yen_kw02_bing_000092.webp
cha_dam_yen_kw02_bing_00273.jpg,cha_dam_yen_kw02_bing_000093.jpg
cha_dam_yen_kw03_bing_00274.jpg,cha_dam_yen_kw03_bing_000000.jpg
cha_dam_yen_kw03_bing_00275.jpg,cha_dam_yen_kw03_bing_000001.jpg
cha_dam_yen_kw03_bing_00276.jpg,cha_dam_yen_kw03_bing_000002.jpg
cha_dam_yen_kw03_bing_00277.jpg,cha_dam_yen_kw03_bing_000003.jpg
cha_dam_yen_kw03_bing_00278.png,cha_dam_yen_kw03_bing_000004.png
cha_dam_yen_kw03_bing_00279.jpg,cha_dam_yen_kw03_bing_000005.jpg
cha_dam_yen_kw03_bing_00280.jpg,cha_dam_yen_kw03_bing_000006.jpg
cha_dam_yen_kw03_bing_00281.jpg,cha_dam_yen_kw03_bing_000007.jpg
cha_dam_yen_kw03_bing_00282.jpg,cha_dam_yen_kw03_bing_000008.jpg
cha_dam_yen_kw03_bing_00283.jpg,cha_dam_yen_kw03_bing_000009.jpg
cha_dam_yen_kw03_bing_00284.jpg,cha_dam_yen_kw03_bing_000010.jpg
cha_dam_yen_kw03_bing_00285.jpg,cha_dam_yen_kw03_bing_000011.jpg
cha_dam_yen_kw03_bing_00286.jpg,cha_dam_yen_kw03_bing_000012.jpg
cha_dam_yen_kw03_bing_00287.jpg,cha_dam_yen_kw03_bing_000013.jpg
cha_dam_yen_kw03_bing_00288.jpg,cha_dam_yen_kw03_bing_000016.jpg
cha_dam_yen_kw03_bing_00289.jpg,cha_dam_yen_kw03_bing_000017.jpg
cha_dam_yen_kw03_bing_00290.jpg,cha_dam_yen_kw03_bing_000018.jpg
cha_dam_yen_kw03_bing_00291.jpg,cha_dam_yen_kw03_bing_000019.jpg
cha_dam_yen_kw03_bing_00292.jpg,cha_dam_yen_kw03_bing_000020.jpg
cha_dam_yen_kw03_bing_00293.jpg,cha_dam_yen_kw03_bing_000021.jpg
cha_dam_yen_kw03_bing_00294.jpg,cha_dam_yen_kw03_bing_000022.jpg
cha_dam_yen_kw03_bing_00295.jpg,cha_dam_yen_kw03_bing_000023.jpg
cha_dam_yen_kw03_bing_00296.jpg,cha_dam_yen_kw03_bing_000024.jpg
cha_dam_yen_kw03_bing_00297.jpg,cha_dam_yen_kw03_bing_000025.jpg
cha_dam_yen_kw03_bing_00298.jpg,cha_dam_yen_kw03_bing_000026.jpg
cha_dam_yen_kw03_bing_00299.jpg,cha_dam_yen_kw03_bing_000027.jpg
cha_dam_yen_kw03_bing_00300.jpg,cha_dam_yen_kw03_bing_000028.jpg
cha_dam_yen_kw03_bing_00301.jpg,cha_dam_yen_kw03_bing_000029.jpg
cha_dam_yen_kw03_bing_00302.jpg,cha_dam_yen_kw03_bing_000030.jpg
cha_dam_yen_kw03_bing_00303.jpg,cha_dam_yen_kw03_bing_000031.jpg
cha_dam_yen_kw03_bing_00304.webp,cha_dam_yen_kw03_bing_000032.webp
cha_dam_yen_kw03_bing_00305.jpg,cha_dam_yen_kw03_bing_000033.jpg
cha_dam_yen_kw03_bing_00306.jpg,cha_dam_yen_kw03_bing_000035.jpg
cha_dam_yen_kw03_bing_00307.jpg,cha_dam_yen_kw03_bing_000036.jpg
cha_dam_yen_kw03_bing_00308.jpg,cha_dam_yen_kw03_bing_000037.jpg
cha_dam_yen_kw03_bing_00309.jpg,cha_dam_yen_kw03_bing_000038.jpg
cha_dam_yen_kw03_bing_00310.jpg,cha_dam_yen_kw03_bing_000039.jpg
cha_dam_yen_kw03_bing_00311.png,cha_dam_yen_kw03_bing_000040.png
cha_dam_yen_kw03_bing_00312.jpg,cha_dam_yen_kw03_bing_000041.jpg
cha_dam_yen_kw03_bing_00313.jpg,cha_dam_yen_kw03_bing_000043.jpg
cha_dam_yen_kw03_bing_00314.jpg,cha_dam_yen_kw03_bing_000044.jpg
cha_dam_yen_kw03_bing_00315.jpg,cha_dam_yen_kw03_bing_000045.jpg
cha_dam_yen_kw03_bing_00316.jpg,cha_dam_yen_kw03_bing_000046.jpg
cha_dam_yen_kw03_bing_00317.jpg,cha_dam_yen_kw03_bing_000047.jpg
cha_dam_yen_kw03_bing_00318.webp,cha_dam_yen_kw03_bing_000048.webp
cha_dam_yen_kw03_bing_00319.jpg,cha_dam_yen_kw03_bing_000049.jpg
cha_dam_yen_kw03_bing_00320.jpg,cha_dam_yen_kw03_bing_000050.jpg
cha_dam_yen_kw03_bing_00321.jpg,cha_dam_yen_kw03_bing_000051.jpg
cha_dam_yen_kw03_bing_00322.jpg,cha_dam_yen_kw03_bing_000052.jpg
cha_dam_yen_kw03_bing_00323.jpg,cha_dam_yen_kw03_bing_000053.jpg
cha_dam_yen_kw03_bing_00324.jpg,cha_dam_yen_kw03_bing_000054.jpg
cha_dam_yen_kw03_bing_00325.jpg,cha_dam_yen_kw03_bing_000055.jpg
cha_dam_yen_kw03_bing_00326.jpg,cha_dam_yen_kw03_bing_000056.jpg
cha_dam_yen_kw03_bing_00327.jpg,cha_dam_yen_kw03_bing_000057.jpg
cha_dam_yen_kw03_bing_00328.png,cha_dam_yen_kw03_bing_000058.png
cha_dam_yen_kw03_bing_00329.jpg,cha_dam_yen_kw03_bing_000059.jpg
cha_dam_yen_kw03_bing_00330.jpg,cha_dam_yen_kw03_bing_000060.jpg
cha_dam_yen_kw03_bing_00331.jpg,cha_dam_yen_kw03_bing_000061.jpg
cha_dam_yen_kw03_bing_00332.jpg,cha_dam_yen_kw03_bing_000062.jpg
cha_dam_yen_kw03_bing_00333.jpg,cha_dam_yen_kw03_bing_000063.jpg
cha_dam_yen_kw03_bing_00334.jpg,cha_dam_yen_kw03_bing_000064.jpg
cha_dam_yen_kw03_bing_00335.jpg,cha_dam_yen_kw03_bing_000065.jpg
cha_dam_yen_kw03_bing_00336.webp,cha_dam_yen_kw03_bing_000066.webp
cha_dam_yen_kw03_bing_00337.jpg,cha_dam_yen_kw03_bing_000067.jpg
cha_dam_yen_kw03_bing_00338.png,cha_dam_yen_kw03_bing_000068.png
cha_dam_yen_kw03_bing_00339.jpg,cha_dam_yen_kw03_bing_000069.jpg
cha_dam_yen_kw03_bing_00340.jpg,cha_dam_yen_kw03_bing_000070.jpg
cha_dam_yen_kw03_bing_00341.jpg,cha_dam_yen_kw03_bing_000071.jpg
cha_dam_yen_kw03_bing_00342.jpg,cha_dam_yen_kw03_bing_000072.jpg
cha_dam_yen_kw03_bing_00343.jpg,cha_dam_yen_kw03_bing_000073.jpg
cha_dam_yen_kw03_bing_00344.jpg,cha_dam_yen_kw03_bing_000074.jpg
cha_dam_yen_kw03_bing_00345.jpg,cha_dam_yen_kw03_bing_000075.jpg
cha_dam_yen_kw03_bing_00346.jpg,cha_dam_yen_kw03_bing_000076.jpg
cha_dam_yen_kw03_bing_00347.jpg,cha_dam_yen_kw03_bing_000077.jpg
cha_dam_yen_kw03_bing_00348.jpg,cha_dam_yen_kw03_bing_000078.jpg
cha_dam_yen_kw03_bing_00349.jpg,cha_dam_yen_kw03_bing_000080.jpg
cha_dam_yen_kw03_bing_00350.png,cha_dam_yen_kw03_bing_000081.png
cha_dam_yen_kw03_bing_00351.jpg,cha_dam_yen_kw03_bing_000082.jpg
cha_dam_yen_kw03_bing_00352.jpg,cha_dam_yen_kw03_bing_000083.jpg
cha_dam_yen_kw03_bing_00353.jpg,cha_dam_yen_kw03_bing_000084.jpg
cha_dam_yen_kw03_bing_00354.jpg,cha_dam_yen_kw03_bing_000085.jpg
cha_dam_yen_kw03_bing_00355.jpg,cha_dam_yen_kw03_bing_000086.jpg
cha_dam_yen_kw03_bing_00356.jpg,cha_dam_yen_kw03_bing_000087.jpg
cha_dam_yen_kw03_bing_00357.png,cha_dam_yen_kw03_bing_000088.png
cha_dam_yen_kw03_bing_00358.webp,cha_dam_yen_kw03_bing_000089.webp
cha_dam_yen_kw03_bing_00359.jpg,cha_dam_yen_kw03_bing_000090.jpg
cha_dam_yen_kw03_bing_00360.jpg,cha_dam_yen_kw03_bing_000091.jpg
cha_dam_yen_kw03_bing_00361.jpg,cha_dam_yen_kw03_bing_000092.jpg
cha_dam_yen_kw03_bing_00362.jpg,cha_dam_yen_kw03_bing_000093.jpg
cha_dam_yen_kw03_bing_00363.jpg,cha_dam_yen_kw03_bing_000095.jpg
cha_dam_yen_kw03_bing_00364.jpg,cha_dam_yen_kw03_bing_000096.jpg
cha_dam_yen_kw03_bing_00365.jpg,cha_dam_yen_kw03_bing_000097.jpg
cha_dam_yen_kw03_bing_00366.jpg,cha_dam_yen_kw03_bing_000098.jpg
cha_dam_yen_kw03_bing_00367.jpg,cha_dam_yen_kw03_bing_000099.jpg
cha_dam_yen_kw03_bing_00368.jpg,cha_dam_yen_kw03_bing_000100.jpg
cha_dam_yen_kw03_bing_00369.jpg,cha_dam_yen_kw03_bing_000101.jpg
cha_dam_yen_kw03_bing_00370.jpg,cha_dam_yen_kw03_bing_000102.jpg
cha_dam_yen_kw03_bing_00371.jpg,cha_dam_yen_kw03_bing_000103.jpg
cha_dam_yen_kw03_bing_00372.png,cha_dam_yen_kw03_bing_000104.png
cha_dam_yen_kw03_bing_00373.jpg,cha_dam_yen_kw03_bing_000105.jpg
cha_dam_yen_kw03_baidu_00374.jpg,cha_dam_yen_kw03_baidu_000001.jpg
cha_dam_yen_kw03_baidu_00375.jpg,cha_dam_yen_kw03_baidu_000002.jpg
cha_dam_yen_kw03_baidu_00376.jpg,cha_dam_yen_kw03_baidu_000003.jpg
cha_dam_yen_kw03_baidu_00377.jpg,cha_dam_yen_kw03_baidu_000004.jpg
cha_dam_yen_kw03_baidu_00378.jpg,cha_dam_yen_kw03_baidu_000005.jpg
cha_dam_yen_kw03_baidu_00379.jpg,cha_dam_yen_kw03_baidu_000006.jpg
cha_dam_yen_kw03_baidu_00380.jpg,cha_dam_yen_kw03_baidu_000007.jpg
cha_dam_yen_kw03_baidu_00381.jpg,cha_dam_yen_kw03_baidu_000008.jpg
cha_dam_yen_kw03_baidu_00382.jpg,cha_dam_yen_kw03_baidu_000009.jpg
cha_dam_yen_kw03_baidu_00383.jpg,cha_dam_yen_kw03_baidu_000010.jpg
cha_dam_yen_kw03_baidu_00384.jpg,cha_dam_yen_kw03_baidu_000011.jpg
cha_dam_yen_kw03_baidu_00385.jpg,cha_dam_yen_kw03_baidu_000012.jpg
cha_dam_yen_kw03_baidu_00386.jpg,cha_dam_yen_kw03_baidu_000013.jpg
cha_dam_yen_kw03_baidu_00387.jpg,cha_dam_yen_kw03_baidu_000014.jpg
cha_dam_yen_kw03_baidu_00388.jpg,cha_dam_yen_kw03_baidu_000015.jpg
cha_dam_yen_kw03_baidu_00389.jpg,cha_dam_yen_kw03_baidu_000016.jpg
cha_dam_yen_kw03_baidu_00390.jpg,cha_dam_yen_kw03_baidu_000017.jpg
cha_dam_yen_kw03_baidu_00391.jpg,cha_dam_yen_kw03_baidu_000018.jpg
cha_dam_yen_kw03_baidu_00392.jpg,cha_dam_yen_kw03_baidu_000019.jpg
cha_dam_yen_kw03_baidu_00393.jpg,cha_dam_yen_kw03_baidu_000020.jpg
cha_dam_yen_kw03_baidu_00394.jpg,cha_dam_yen_kw03_baidu_000021.jpg
cha_dam_yen_kw03_baidu_00395.jpg,cha_dam_yen_kw03_baidu_000022.jpg
cha_dam_yen_kw03_baidu_00396.jpg,cha_dam_yen_kw03_baidu_000023.jpg
cha_dam_yen_kw03_baidu_00397.jpg,cha_dam_yen_kw03_baidu_000024.jpg
cha_dam_yen_kw03_baidu_00398.jpg,cha_dam_yen_kw03_baidu_000025.jpg
cha_dam_yen_kw03_baidu_00399.jpg,cha_dam_yen_kw03_baidu_000026.jpg
cha_dam_yen_kw03_baidu_00400.jpg,cha_dam_yen_kw03_baidu_000027.jpg
cha_dam_yen_kw03_baidu_00401.jpg,cha_dam_yen_kw03_baidu_000028.jpg
cha_dam_yen_kw03_baidu_00402.jpg,cha_dam_yen_kw03_baidu_000029.jpg
cha_dam_yen_kw03_baidu_00403.jpg,cha_dam_yen_kw03_baidu_000030.jpg
cha_dam_yen_kw03_baidu_00404.jpg,cha_dam_yen_kw03_baidu_000031.jpg
cha_dam_yen_kw03_baidu_00405.jpg,cha_dam_yen_kw03_baidu_000032.jpg
cha_dam_yen_kw03_baidu_00406.jpg,cha_dam_yen_kw03_baidu_000033.jpg
cha_dam_yen_kw03_baidu_00407.jpg,cha_dam_yen_kw03_baidu_000034.jpg
cha_dam_yen_kw03_baidu_00408.jpg,cha_dam_yen_kw03_baidu_000035.jpg
cha_dam_yen_kw03_baidu_00409.jpg,cha_dam_yen_kw03_baidu_000036.jpg
cha_dam_yen_kw03_baidu_00410.jpg,cha_dam_yen_kw03_baidu_000037.jpg
cha_dam_yen_kw03_baidu_00411.jpg,cha_dam_yen_kw03_baidu_000038.jpg
cha_dam_yen_kw03_baidu_00412.jpg,cha_dam_yen_kw03_baidu_000039.jpg
cha_dam_yen_kw03_baidu_00413.jpg,cha_dam_yen_kw03_baidu_000040.jpg
cha_dam_yen_kw03_baidu_00414.jpg,cha_dam_yen_kw03_baidu_000041.jpg
cha_dam_yen_kw03_baidu_00415.jpg,cha_dam_yen_kw03_baidu_000042.jpg
cha_dam_yen_kw03_baidu_00416.jpg,cha_dam_yen_kw03_baidu_000043.jpg
cha_dam_yen_kw03_baidu_00417.jpg,cha_dam_yen_kw03_baidu_000044.jpg
cha_dam_yen_kw03_baidu_00418.jpg,cha_dam_yen_kw03_baidu_000045.jpg
cha_dam_yen_kw03_baidu_00419.jpg,cha_dam_yen_kw03_baidu_000046.jpg
cha_dam_yen_kw03_baidu_00420.jpg,cha_dam_yen_kw03_baidu_000047.jpg
cha_dam_yen_kw03_baidu_00421.jpg,cha_dam_yen_kw03_baidu_000048.jpg
cha_dam_yen_kw03_baidu_00422.jpg,cha_dam_yen_kw03_baidu_000049.jpg
cha_dam_yen_kw03_baidu_00423.jpg,cha_dam_yen_kw03_baidu_000050.jpg
cha_dam_yen_kw03_baidu_00424.jpg,cha_dam_yen_kw03_baidu_000051.jpg
cha_dam_yen_kw03_baidu_00425.jpg,cha_dam_yen_kw03_baidu_000052.jpg
cha_dam_yen_kw03_baidu_00426.jpg,cha_dam_yen_kw03_baidu_000053.jpg
cha_dam_yen_kw03_baidu_00427.jpg,cha_dam_yen_kw03_baidu_000054.jpg
cha_dam_yen_kw03_baidu_00428.jpg,cha_dam_yen_kw03_baidu_000055.jpg
cha_dam_yen_kw03_baidu_00429.jpg,cha_dam_yen_kw03_baidu_000056.jpg
cha_dam_yen_kw04_bing_00430.jpg,cha_dam_yen_kw04_bing_000000.jpg
cha_dam_yen_kw04_bing_00431.jpg,cha_dam_yen_kw04_bing_000001.jpg
cha_dam_yen_kw04_bing_00432.jpg,cha_dam_yen_kw04_bing_000002.jpg
cha_dam_yen_kw04_bing_00433.jpg,cha_dam_yen_kw04_bing_000003.jpg
cha_dam_yen_kw04_bing_00434.webp,cha_dam_yen_kw04_bing_000004.webp
cha_dam_yen_kw04_bing_00435.webp,cha_dam_yen_kw04_bing_000005.webp
cha_dam_yen_kw04_bing_00436.jpg,cha_dam_yen_kw04_bing_000006.jpg
cha_dam_yen_kw04_bing_00437.png,cha_dam_yen_kw04_bing_000007.png
cha_dam_yen_kw04_bing_00438.jpg,cha_dam_yen_kw04_bing_000008.jpg
cha_dam_yen_kw04_bing_00439.png,cha_dam_yen_kw04_bing_000009.png
cha_dam_yen_kw04_bing_00440.jpg,cha_dam_yen_kw04_bing_000010.jpg
cha_dam_yen_kw04_bing_00441.jpg,cha_dam_yen_kw04_bing_000011.jpg
cha_dam_yen_kw04_bing_00442.png,cha_dam_yen_kw04_bing_000013.png
cha_dam_yen_kw04_bing_00443.jpg,cha_dam_yen_kw04_bing_000014.jpg
cha_dam_yen_kw04_bing_00444.png,cha_dam_yen_kw04_bing_000015.png
cha_dam_yen_kw04_bing_00445.webp,cha_dam_yen_kw04_bing_000016.webp
cha_dam_yen_kw04_bing_00446.jpg,cha_dam_yen_kw04_bing_000017.jpg
cha_dam_yen_kw04_bing_00447.jpg,cha_dam_yen_kw04_bing_000018.jpg
cha_dam_yen_kw04_bing_00448.jpg,cha_dam_yen_kw04_bing_000019.jpg
cha_dam_yen_kw04_bing_00449.jpg,cha_dam_yen_kw04_bing_000020.jpg
cha_dam_yen_kw04_bing_00450.jpg,cha_dam_yen_kw04_bing_000021.jpg
cha_dam_yen_kw04_bing_00451.png,cha_dam_yen_kw04_bing_000022.png
cha_dam_yen_kw04_bing_00452.webp,cha_dam_yen_kw04_bing_000023.webp
cha_dam_yen_kw04_bing_00453.jpg,cha_dam_yen_kw04_bing_000024.jpg
cha_dam_yen_kw04_bing_00454.jpg,cha_dam_yen_kw04_bing_000025.jpg
cha_dam_yen_kw04_bing_00455.jpg,cha_dam_yen_kw04_bing_000026.jpg
cha_dam_yen_kw04_bing_00456.jpg,cha_dam_yen_kw04_bing_000027.jpg
cha_dam_yen_kw04_bing_00457.jpg,cha_dam_yen_kw04_bing_000028.jpg
cha_dam_yen_kw04_bing_00458.png,cha_dam_yen_kw04_bing_000029.png
cha_dam_yen_kw04_bing_00459.jpg,cha_dam_yen_kw04_bing_000030.jpg
cha_dam_yen_kw04_bing_00460.jpg,cha_dam_yen_kw04_bing_000032.jpg
cha_dam_yen_kw04_bing_00461.jpg,cha_dam_yen_kw04_bing_000033.jpg
cha_dam_yen_kw04_bing_00462.webp,cha_dam_yen_kw04_bing_000034.webp
cha_dam_yen_kw04_bing_00463.jpg,cha_dam_yen_kw04_bing_000035.jpg
cha_dam_yen_kw04_bing_00464.jpg,cha_dam_yen_kw04_bing_000036.jpg
cha_dam_yen_kw04_bing_00465.png,cha_dam_yen_kw04_bing_000037.png
cha_dam_yen_kw04_bing_00466.jpg,cha_dam_yen_kw04_bing_000038.jpg
cha_dam_yen_kw04_bing_00467.jpg,cha_dam_yen_kw04_bing_000039.jpg
cha_dam_yen_kw04_bing_00468.jpg,cha_dam_yen_kw04_bing_000040.jpg
cha_dam_yen_kw04_bing_00469.jpg,cha_dam_yen_kw04_bing_000041.jpg
cha_dam_yen_kw04_bing_00470.webp,cha_dam_yen_kw04_bing_000042.webp
cha_dam_yen_kw04_bing_00471.jpg,cha_dam_yen_kw04_bing_000043.jpg
cha_dam_yen_kw04_bing_00472.jpg,cha_dam_yen_kw04_bing_000044.jpg
cha_dam_yen_kw04_bing_00473.jpg,cha_dam_yen_kw04_bing_000045.jpg
cha_dam_yen_kw04_bing_00474.jpg,cha_dam_yen_kw04_bing_000046.jpg
cha_dam_yen_kw04_bing_00475.jpg,cha_dam_yen_kw04_bing_000047.jpg
cha_dam_yen_kw04_bing_00476.png,cha_dam_yen_kw04_bing_000048.png
cha_dam_yen_kw04_bing_00477.jpg,cha_dam_yen_kw04_bing_000049.jpg
cha_dam_yen_kw04_bing_00478.png,cha_dam_yen_kw04_bing_000050.png
cha_dam_yen_kw04_bing_00479.jpg,cha_dam_yen_kw04_bing_000051.jpg
cha_dam_yen_kw04_bing_00480.png,cha_dam_yen_kw04_bing_000052.png
cha_dam_yen_kw04_bing_00481.jpg,cha_dam_yen_kw04_bing_000053.jpg
cha_dam_yen_kw04_bing_00482.webp,cha_dam_yen_kw04_bing_000055.webp
cha_dam_yen_kw04_bing_00483.jpg,cha_dam_yen_kw04_bing_000056.jpg
cha_dam_yen_kw04_bing_00484.jpg,cha_dam_yen_kw04_bing_000057.jpg
cha_dam_yen_kw04_bing_00485.jpg,cha_dam_yen_kw04_bing_000058.jpg
cha_dam_yen_kw04_bing_00486.jpg,cha_dam_yen_kw04_bing_000059.jpg
cha_dam_yen_kw04_bing_00487.jpg,cha_dam_yen_kw04_bing_000060.jpg
cha_dam_yen_kw04_bing_00488.jpg,cha_dam_yen_kw04_bing_000061.jpg
cha_dam_yen_kw04_bing_00489.jpg,cha_dam_yen_kw04_bing_000062.jpg
cha_dam_yen_kw04_bing_00490.jpg,cha_dam_yen_kw04_bing_000064.jpg
cha_dam_yen_kw04_bing_00491.jpg,cha_dam_yen_kw04_bing_000065.jpg
cha_dam_yen_kw04_bing_00492.jpg,cha_dam_yen_kw04_bing_000066.jpg
cha_dam_yen_kw04_bing_00493.jpg,cha_dam_yen_kw04_bing_000067.jpg
cha_dam_yen_kw04_bing_00494.jpg,cha_dam_yen_kw04_bing_000068.jpg
cha_dam_yen_kw04_bing_00495.jpg,cha_dam_yen_kw04_bing_000069.jpg
cha_dam_yen_kw04_bing_00496.jpg,cha_dam_yen_kw04_bing_000070.jpg
cha_dam_yen_kw04_bing_00497.jpg,cha_dam_yen_kw04_bing_000071.jpg
cha_dam_yen_kw04_bing_00498.jpg,cha_dam_yen_kw04_bing_000072.jpg
cha_dam_yen_kw04_bing_00499.jpg,cha_dam_yen_kw04_bing_000073.jpg
cha_dam_yen_kw04_bing_00500.jpg,cha_dam_yen_kw04_bing_000074.jpg
cha_dam_yen_kw04_bing_00501.jpg,cha_dam_yen_kw04_bing_000075.jpg
cha_dam_yen_kw04_bing_00502.jpg,cha_dam_yen_kw04_bing_000076.jpg
cha_dam_yen_kw04_bing_00503.jpg,cha_dam_yen_kw04_bing_000077.jpg
cha_dam_yen_kw04_bing_00504.jpg,cha_dam_yen_kw04_bing_000078.jpg
cha_dam_yen_kw04_bing_00505.png,cha_dam_yen_kw04_bing_000080.png
cha_dam_yen_kw04_bing_00506.jpg,cha_dam_yen_kw04_bing_000081.jpg
cha_dam_yen_kw04_bing_00507.jpg,cha_dam_yen_kw04_bing_000082.jpg
cha_dam_yen_kw04_bing_00508.jpg,cha_dam_yen_kw04_bing_000083.jpg
cha_dam_yen_kw04_bing_00509.jpg,cha_dam_yen_kw04_bing_000084.jpg
cha_dam_yen_kw04_bing_00510.jpg,cha_dam_yen_kw04_bing_000085.jpg
cha_dam_yen_kw04_bing_00511.jpg,cha_dam_yen_kw04_bing_000087.jpg
cha_dam_yen_kw04_bing_00512.jpg,cha_dam_yen_kw04_bing_000091.jpg
cha_dam_yen_kw04_bing_00513.jpg,cha_dam_yen_kw04_bing_000092.jpg
cha_dam_yen_kw04_bing_00514.jpg,cha_dam_yen_kw04_bing_000093.jpg
cha_dam_yen_kw04_bing_00515.jpg,cha_dam_yen_kw04_bing_000094.jpg
cha_dam_yen_kw04_bing_00516.png,cha_dam_yen_kw04_bing_000096.png
cha_dam_yen_kw04_bing_00517.png,cha_dam_yen_kw04_bing_000098.png
cha_dam_yen_kw04_bing_00518.jpg,cha_dam_yen_kw04_bing_000099.jpg
cha_dam_yen_kw04_bing_00519.png,cha_dam_yen_kw04_bing_000100.png
cha_dam_yen_kw04_bing_00520.png,cha_dam_yen_kw04_bing_000101.png
cha_dam_yen_kw04_bing_00521.jpg,cha_dam_yen_kw04_bing_000102.jpg
cha_dam_yen_kw04_bing_00522.jpg,cha_dam_yen_kw04_bing_000104.jpg
cha_dam_yen_kw04_bing_00523.jpg,cha_dam_yen_kw04_bing_000107.jpg
cha_dam_yen_kw04_bing_00524.jpg,cha_dam_yen_kw04_bing_000108.jpg
cha_dam_yen_kw04_bing_00525.jpg,cha_dam_yen_kw04_bing_000109.jpg
cha_dam_yen_kw04_bing_00526.jpg,cha_dam_yen_kw04_bing_000110.jpg
cha_dam_yen_kw04_bing_00527.jpg,cha_dam_yen_kw04_bing_000111.jpg
cha_dam_yen_kw04_bing_00528.jpg,cha_dam_yen_kw04_bing_000112.jpg
cha_dam_yen_kw04_bing_00529.jpg,cha_dam_yen_kw04_bing_000113.jpg
cha_dam_yen_kw04_baidu_00530.jpg,cha_dam_yen_kw04_baidu_000001.jpg
cha_dam_yen_kw04_baidu_00531.jpg,cha_dam_yen_kw04_baidu_000002.jpg
cha_dam_yen_kw04_baidu_00532.jpg,cha_dam_yen_kw04_baidu_000003.jpg
cha_dam_yen_kw04_baidu_00533.jpg,cha_dam_yen_kw04_baidu_000004.jpg
cha_dam_yen_kw04_baidu_00534.jpg,cha_dam_yen_kw04_baidu_000005.jpg
cha_dam_yen_kw04_baidu_00535.jpg,cha_dam_yen_kw04_baidu_000006.jpg
cha_dam_yen_kw04_baidu_00536.jpg,cha_dam_yen_kw04_baidu_000007.jpg
cha_dam_yen_kw04_baidu_00537.jpg,cha_dam_yen_kw04_baidu_000008.jpg
cha_dam_yen_kw04_baidu_00538.jpg,cha_dam_yen_kw04_baidu_000009.jpg
cha_dam_yen_kw04_baidu_00539.jpg,cha_dam_yen_kw04_baidu_000010.jpg
cha_dam_yen_kw04_baidu_00540.jpg,cha_dam_yen_kw04_baidu_000011.jpg
cha_dam_yen_kw04_baidu_00541.jpg,cha_dam_yen_kw04_baidu_000012.jpg
cha_dam_yen_kw04_baidu_00542.jpg,cha_dam_yen_kw04_baidu_000013.jpg
cha_dam_yen_kw04_baidu_00543.jpg,cha_dam_yen_kw04_baidu_000014.jpg
cha_dam_yen_kw04_baidu_00544.jpg,cha_dam_yen_kw04_baidu_000015.jpg
cha_dam_yen_kw04_baidu_00545.jpg,cha_dam_yen_kw04_baidu_000016.jpg
cha_dam_yen_kw04_baidu_00546.jpg,cha_dam_yen_kw04_baidu_000017.jpg
cha_dam_yen_kw04_baidu_00547.jpg,cha_dam_yen_kw04_baidu_000018.jpg
cha_dam_yen_kw04_baidu_00548.jpg,cha_dam_yen_kw04_baidu_000019.jpg
cha_dam_yen_kw04_baidu_00549.jpg,cha_dam_yen_kw04_baidu_000020.jpg
cha_dam_yen_kw04_baidu_00550.jpg,cha_dam_yen_kw04_baidu_000021.jpg
cha_dam_yen_kw04_baidu_00551.jpg,cha_dam_yen_kw04_baidu_000022.jpg
cha_dam_yen_kw04_baidu_00552.jpg,cha_dam_yen_kw04_baidu_000023.jpg
cha_dam_yen_kw04_baidu_00553.jpg,cha_dam_yen_kw04_baidu_000024.jpg
cha_dam_yen_kw04_baidu_00554.jpg,cha_dam_yen_kw04_baidu_000025.jpg
cha_dam_yen_kw04_baidu_00555.jpg,cha_dam_yen_kw04_baidu_000026.jpg
cha_dam_yen_kw04_baidu_00556.jpg,cha_dam_yen_kw04_baidu_000027.jpg
cha_dam_yen_kw04_baidu_00557.jpg,cha_dam_yen_kw04_baidu_000028.jpg
cha_dam_yen_kw04_baidu_00558.jpg,cha_dam_yen_kw04_baidu_000029.jpg
cha_dam_yen_kw04_baidu_00559.jpg,cha_dam_yen_kw04_baidu_000030.jpg
cha_dam_yen_kw04_baidu_00560.jpg,cha_dam_yen_kw04_baidu_000031.jpg
cha_dam_yen_kw04_baidu_00561.jpg,cha_dam_yen_kw04_baidu_000032.jpg
cha_dam_yen_kw04_baidu_00562.jpg,cha_dam_yen_kw04_baidu_000033.jpg
cha_dam_yen_kw04_baidu_00563.jpg,cha_dam_yen_kw04_baidu_000034.jpg
cha_dam_yen_kw04_baidu_00564.jpg,cha_dam_yen_kw04_baidu_000035.jpg
cha_dam_yen_kw04_baidu_00565.jpg,cha_dam_yen_kw04_baidu_000036.jpg
cha_dam_yen_kw04_baidu_00566.jpg,cha_dam_yen_kw04_baidu_000037.jpg
cha_dam_yen_kw04_baidu_00567.jpg,cha_dam_yen_kw04_baidu_000038.jpg
cha_dam_yen_kw04_baidu_00568.jpg,cha_dam_yen_kw04_baidu_000039.jpg
cha_dam_yen_kw04_baidu_00569.jpg,cha_dam_yen_kw04_baidu_000040.jpg
cha_dam_yen_kw04_baidu_00570.jpg,cha_dam_yen_kw04_baidu_000041.jpg
cha_dam_yen_kw04_baidu_00571.jpg,cha_dam_yen_kw04_baidu_000042.jpg
cha_dam_yen_kw04_baidu_00572.jpg,cha_dam_yen_kw04_baidu_000043.jpg
cha_dam_yen_kw04_baidu_00573.jpg,cha_dam_yen_kw04_baidu_000044.jpg
cha_dam_yen_kw04_baidu_00574.jpg,cha_dam_yen_kw04_baidu_000045.jpg
cha_dam_yen_kw04_baidu_00575.jpg,cha_dam_yen_kw04_baidu_000046.jpg
cha_dam_yen_kw04_baidu_00576.jpg,cha_dam_yen_kw04_baidu_000047.jpg
cha_dam_yen_kw04_baidu_00577.jpg,cha_dam_yen_kw04_baidu_000048.jpg
cha_dam_yen_kw04_baidu_00578.jpg,cha_dam_yen_kw04_baidu_000049.jpg
cha_dam_yen_kw04_baidu_00579.jpg,cha_dam_yen_kw04_baidu_000050.jpg
cha_dam_yen_kw04_baidu_00580.jpg,cha_dam_yen_kw04_baidu_000051.jpg
cha_dam_yen_kw04_baidu_00581.jpg,cha_dam_yen_kw04_baidu_000052.jpg
cha_dam_yen_kw04_baidu_00582.jpg,cha_dam_yen_kw04_baidu_000053.jpg
cha_dam_yen_kw04_baidu_00583.png,cha_dam_yen_kw04_baidu_000054.png
cha_dam_yen_kw04_baidu_00584.jpg,cha_dam_yen_kw04_baidu_000055.jpg
cha_dam_yen_kw04_baidu_00585.jpg,cha_dam_yen_kw04_baidu_000056.jpg
cha_dam_yen_kw04_baidu_00586.png,cha_dam_yen_kw04_baidu_000057.png
cha_khiao_nom_kw01_bing_00034.jpg,cha_khiao_nom_kw01_bing_000000.jpg
cha_khiao_nom_kw01_bing_00035.jpg,cha_khiao_nom_kw01_bing_000001.jpg
cha_khiao_nom_kw01_bing_00036.jpg,cha_khiao_nom_kw01_bing_000002.jpg
cha_khiao_nom_kw01_bing_00037.jpg,cha_khiao_nom_kw01_bing_000003.jpg
cha_khiao_nom_kw01_bing_00038.jpg,cha_khiao_nom_kw01_bing_000004.jpg
cha_khiao_nom_kw01_bing_00039.jpg,cha_khiao_nom_kw01_bing_000005.jpg
cha_khiao_nom_kw01_bing_00040.jpg,cha_khiao_nom_kw01_bing_000006.jpg
cha_khiao_nom_kw01_bing_00041.jpg,cha_khiao_nom_kw01_bing_000007.jpg
cha_khiao_nom_kw01_bing_00042.jpg,cha_khiao_nom_kw01_bing_000008.jpg
cha_khiao_nom_kw01_bing_00043.jpg,cha_khiao_nom_kw01_bing_000009.jpg
cha_khiao_nom_kw01_bing_00044.jpg,cha_khiao_nom_kw01_bing_000010.jpg
cha_khiao_nom_kw01_bing_00045.jpg,cha_khiao_nom_kw01_bing_000011.jpg
cha_khiao_nom_kw01_bing_00046.jpg,cha_khiao_nom_kw01_bing_000012.jpg
cha_khiao_nom_kw01_bing_00047.jpg,cha_khiao_nom_kw01_bing_000013.jpg
cha_khiao_nom_kw01_bing_00048.jpg,cha_khiao_nom_kw01_bing_000014.jpg
cha_khiao_nom_kw01_bing_00049.jpg,cha_khiao_nom_kw01_bing_000015.jpg
cha_khiao_nom_kw01_bing_00050.jpg,cha_khiao_nom_kw01_bing_000016.jpg
cha_khiao_nom_kw01_bing_00051.jpg,cha_khiao_nom_kw01_bing_000017.jpg
cha_khiao_nom_kw01_bing_00052.jpg,cha_khiao_nom_kw01_bing_000018.jpg
cha_khiao_nom_kw01_bing_00053.jpg,cha_khiao_nom_kw01_bing_000019.jpg
cha_khiao_nom_kw01_bing_00054.jpg,cha_khiao_nom_kw01_bing_000020.jpg
cha_khiao_nom_kw01_bing_00055.jpg,cha_khiao_nom_kw01_bing_000021.jpg
cha_khiao_nom_kw01_bing_00056.jpg,cha_khiao_nom_kw01_bing_000022.jpg
cha_khiao_nom_kw01_bing_00057.jpg,cha_khiao_nom_kw01_bing_000023.jpg
cha_khiao_nom_kw01_bing_00058.jpg,cha_khiao_nom_kw01_bing_000024.jpg
cha_khiao_nom_kw01_bing_00059.jpg,cha_khiao_nom_kw01_bing_000025.jpg
cha_khiao_nom_kw01_bing_00060.jpg,cha_khiao_nom_kw01_bing_000026.jpg
cha_khiao_nom_kw01_bing_00061.jpg,cha_khiao_nom_kw01_bing_000027.jpg
cha_khiao_nom_kw01_bing_00062.jpg,cha_khiao_nom_kw01_bing_000028.jpg
cha_khiao_nom_kw01_bing_00063.jpg,cha_khiao_nom_kw01_bing_000029.jpg
cha_khiao_nom_kw01_bing_00064.jpg,cha_khiao_nom_kw01_bing_000030.jpg
cha_khiao_nom_kw01_bing_00065.jpg,cha_khiao_nom_kw01_bing_000031.jpg
cha_khiao_nom_kw01_bing_00066.jpg,cha_khiao_nom_kw01_bing_000032.jpg
cha_khiao_nom_kw01_bing_00067.jpg,cha_khiao_nom_kw01_bing_000033.jpg
cha_khiao_nom_kw01_bing_00068.jpg,cha_khiao_nom_kw01_bing_000034.jpg
cha_khiao_nom_kw01_bing_00069.webp,cha_khiao_nom_kw01_bing_000035.webp
cha_khiao_nom_kw01_bing_00070.jpg,cha_khiao_nom_kw01_bing_000036.jpg
cha_khiao_nom_kw01_bing_00071.jpg,cha_khiao_nom_kw01_bing_000037.jpg
cha_khiao_nom_kw01_bing_00072.jpg,cha_khiao_nom_kw01_bing_000038.jpg
cha_khiao_nom_kw01_bing_00073.jpg,cha_khiao_nom_kw01_bing_000039.jpg
cha_khiao_nom_kw01_bing_00074.jpg,cha_khiao_nom_kw01_bing_000040.jpg
cha_khiao_nom_kw01_bing_00075.jpg,cha_khiao_nom_kw01_bing_000041.jpg
cha_khiao_nom_kw01_bing_00076.jpg,cha_khiao_nom_kw01_bing_000042.jpg
cha_khiao_nom_kw01_bing_00077.jpg,cha_khiao_nom_kw01_bing_000043.jpg
cha_khiao_nom_kw01_bing_00078.png,cha_khiao_nom_kw01_bing_000044.png
cha_khiao_nom_kw01_bing_00079.jpg,cha_khiao_nom_kw01_bing_000045.jpg
cha_khiao_nom_kw01_bing_00080.jpg,cha_khiao_nom_kw01_bing_000048.jpg
cha_khiao_nom_kw01_bing_00081.jpg,cha_khiao_nom_kw01_bing_000049.jpg
cha_khiao_nom_kw01_bing_00082.jpg,cha_khiao_nom_kw01_bing_000050.jpg
cha_khiao_nom_kw01_bing_00083.webp,cha_khiao_nom_kw01_bing_000051.webp
cha_khiao_nom_kw01_bing_00084.png,cha_khiao_nom_kw01_bing_000052.png
cha_khiao_nom_kw01_bing_00085.jpg,cha_khiao_nom_kw01_bing_000053.jpg
cha_khiao_nom_kw01_bing_00086.jpg,cha_khiao_nom_kw01_bing_000054.jpg
cha_khiao_nom_kw01_bing_00087.jpg,cha_khiao_nom_kw01_bing_000055.jpg
cha_khiao_nom_kw01_bing_00088.jpg,cha_khiao_nom_kw01_bing_000056.jpg
cha_khiao_nom_kw01_bing_00089.jpg,cha_khiao_nom_kw01_bing_000057.jpg
cha_khiao_nom_kw01_bing_00090.jpg,cha_khiao_nom_kw01_bing_000058.jpg
cha_khiao_nom_kw01_bing_00091.webp,cha_khiao_nom_kw01_bing_000059.webp
cha_khiao_nom_kw01_bing_00092.jpg,cha_khiao_nom_kw01_bing_000060.jpg
cha_khiao_nom_kw01_bing_00093.jpg,cha_khiao_nom_kw01_bing_000061.jpg
cha_khiao_nom_kw01_bing_00094.jpg,cha_khiao_nom_kw01_bing_000062.jpg
cha_khiao_nom_kw01_bing_00095.jpg,cha_khiao_nom_kw01_bing_000063.jpg
cha_khiao_nom_kw01_bing_00096.jpg,cha_khiao_nom_kw01_bing_000064.jpg
cha_khiao_nom_kw01_bing_00097.png,cha_khiao_nom_kw01_bing_000065.png
cha_khiao_nom_kw01_bing_00098.jpg,cha_khiao_nom_kw01_bing_000066.jpg
cha_khiao_nom_kw01_bing_00099.jpg,cha_khiao_nom_kw01_bing_000067.jpg
cha_khiao_nom_kw01_bing_00100.jpg,cha_khiao_nom_kw01_bing_000068.jpg
cha_khiao_nom_kw01_bing_00101.jpg,cha_khiao_nom_kw01_bing_000069.jpg
cha_khiao_nom_kw01_bing_00102.jpg,cha_khiao_nom_kw01_bing_000070.jpg
cha_khiao_nom_kw01_bing_00103.jpg,cha_khiao_nom_kw01_bing_000071.jpg
cha_khiao_nom_kw01_bing_00104.jpg,cha_khiao_nom_kw01_bing_000073.jpg
cha_khiao_nom_kw01_bing_00105.png,cha_khiao_nom_kw01_bing_000074.png
cha_khiao_nom_kw01_bing_00106.jpg,cha_khiao_nom_kw01_bing_000075.jpg
cha_khiao_nom_kw01_bing_00107.jpg,cha_khiao_nom_kw01_bing_000076.jpg
cha_khiao_nom_kw01_bing_00108.jpg,cha_khiao_nom_kw01_bing_000079.jpg
cha_khiao_nom_kw01_bing_00109.jpg,cha_khiao_nom_kw01_bing_000080.jpg
cha_khiao_nom_kw01_bing_00110.jpg,cha_khiao_nom_kw01_bing_000083.jpg
cha_khiao_nom_kw01_bing_00111.jpg,cha_khiao_nom_kw01_bing_000084.jpg
cha_khiao_nom_kw01_bing_00112.jpg,cha_khiao_nom_kw01_bing_000085.jpg
cha_khiao_nom_kw01_bing_00113.jpg,cha_khiao_nom_kw01_bing_000086.jpg
cha_khiao_nom_kw01_bing_00114.jpg,cha_khiao_nom_kw01_bing_000087.jpg
cha_khiao_nom_kw01_bing_00115.jpg,cha_khiao_nom_kw01_bing_000088.jpg
cha_khiao_nom_kw01_bing_00116.jpg,cha_khiao_nom_kw01_bing_000089.jpg
cha_khiao_nom_kw01_bing_00117.jpg,cha_khiao_nom_kw01_bing_000090.jpg
cha_khiao_nom_kw01_bing_00118.jpg,cha_khiao_nom_kw01_bing_000091.jpg
cha_khiao_nom_kw01_bing_00119.jpg,cha_khiao_nom_kw01_bing_000093.jpg
cha_khiao_nom_kw01_bing_00120.jpg,cha_khiao_nom_kw01_bing_000094.jpg
cha_khiao_nom_kw01_bing_00121.jpg,cha_khiao_nom_kw01_bing_000095.jpg
cha_khiao_nom_kw01_bing_00122.jpg,cha_khiao_nom_kw01_bing_000096.jpg
cha_khiao_nom_kw01_bing_00123.jpg,cha_khiao_nom_kw01_bing_000097.jpg
cha_khiao_nom_kw01_bing_00124.jpg,cha_khiao_nom_kw01_bing_000098.jpg
cha_khiao_nom_kw01_bing_00125.jpg,cha_khiao_nom_kw01_bing_000099.jpg
cha_khiao_nom_kw01_bing_00126.jpg,cha_khiao_nom_kw01_bing_000100.jpg
cha_khiao_nom_kw01_bing_00127.jpg,cha_khiao_nom_kw01_bing_000101.jpg
cha_khiao_nom_kw01_bing_00128.png,cha_khiao_nom_kw01_bing_000102.png
cha_khiao_nom_kw01_bing_00129.jpg,cha_khiao_nom_kw01_bing_000103.jpg
cha_khiao_nom_kw01_bing_00130.jpg,cha_khiao_nom_kw01_bing_000104.jpg
cha_khiao_nom_kw01_bing_00131.jpg,cha_khiao_nom_kw01_bing_000105.jpg
cha_khiao_nom_kw01_bing_00132.jpg,cha_khiao_nom_kw01_bing_000112.jpg
cha_khiao_nom_kw01_bing_00133.webp,cha_khiao_nom_kw01_bing_000119.webp
cha_khiao_nom_kw02_bing_00134.jpg,cha_khiao_nom_kw02_bing_000000.jpg
cha_khiao_nom_kw02_bing_00135.jpg,cha_khiao_nom_kw02_bing_000001.jpg
cha_khiao_nom_kw02_bing_00136.jpg,cha_khiao_nom_kw02_bing_000002.jpg
cha_khiao_nom_kw02_bing_00137.jpg,cha_khiao_nom_kw02_bing_000003.jpg
cha_khiao_nom_kw02_bing_00138.jpg,cha_khiao_nom_kw02_bing_000004.jpg
cha_khiao_nom_kw02_bing_00139.jpg,cha_khiao_nom_kw02_bing_000005.jpg
cha_khiao_nom_kw02_bing_00140.jpg,cha_khiao_nom_kw02_bing_000006.jpg
cha_khiao_nom_kw02_bing_00141.jpg,cha_khiao_nom_kw02_bing_000007.jpg
cha_khiao_nom_kw02_bing_00142.jpg,cha_khiao_nom_kw02_bing_000008.jpg
cha_khiao_nom_kw02_bing_00143.jpg,cha_khiao_nom_kw02_bing_000009.jpg
cha_khiao_nom_kw02_bing_00144.jpg,cha_khiao_nom_kw02_bing_000011.jpg
cha_khiao_nom_kw02_bing_00145.jpg,cha_khiao_nom_kw02_bing_000012.jpg
cha_khiao_nom_kw02_bing_00146.jpg,cha_khiao_nom_kw02_bing_000013.jpg
cha_khiao_nom_kw02_bing_00147.jpg,cha_khiao_nom_kw02_bing_000014.jpg
cha_khiao_nom_kw02_bing_00148.jpg,cha_khiao_nom_kw02_bing_000015.jpg
cha_khiao_nom_kw02_bing_00149.jpg,cha_khiao_nom_kw02_bing_000016.jpg
cha_khiao_nom_kw02_bing_00150.jpg,cha_khiao_nom_kw02_bing_000017.jpg
cha_khiao_nom_kw02_bing_00151.jpg,cha_khiao_nom_kw02_bing_000018.jpg
cha_khiao_nom_kw02_bing_00152.png,cha_khiao_nom_kw02_bing_000019.png
cha_khiao_nom_kw02_bing_00153.jpg,cha_khiao_nom_kw02_bing_000020.jpg
cha_khiao_nom_kw02_bing_00154.jpg,cha_khiao_nom_kw02_bing_000021.jpg
cha_khiao_nom_kw02_bing_00155.jpg,cha_khiao_nom_kw02_bing_000022.jpg
cha_khiao_nom_kw02_bing_00156.png,cha_khiao_nom_kw02_bing_000023.png
cha_khiao_nom_kw02_bing_00157.jpg,cha_khiao_nom_kw02_bing_000024.jpg
cha_khiao_nom_kw02_bing_00158.jpg,cha_khiao_nom_kw02_bing_000025.jpg
cha_khiao_nom_kw02_bing_00159.jpg,cha_khiao_nom_kw02_bing_000026.jpg
cha_khiao_nom_kw02_bing_00160.jpg,cha_khiao_nom_kw02_bing_000027.jpg
cha_khiao_nom_kw02_bing_00161.jpg,cha_khiao_nom_kw02_bing_000028.jpg
cha_khiao_nom_kw02_bing_00162.jpg,cha_khiao_nom_kw02_bing_000029.jpg
cha_khiao_nom_kw02_bing_00163.jpg,cha_khiao_nom_kw02_bing_000030.jpg
cha_khiao_nom_kw02_bing_00164.jpg,cha_khiao_nom_kw02_bing_000031.jpg
cha_khiao_nom_kw02_bing_00165.jpg,cha_khiao_nom_kw02_bing_000032.jpg
cha_khiao_nom_kw02_bing_00166.jpg,cha_khiao_nom_kw02_bing_000033.jpg
cha_khiao_nom_kw02_bing_00167.jpg,cha_khiao_nom_kw02_bing_000034.jpg
cha_khiao_nom_kw02_bing_00168.jpg,cha_khiao_nom_kw02_bing_000035.jpg
cha_khiao_nom_kw02_bing_00169.jpg,cha_khiao_nom_kw02_bing_000036.jpg
cha_khiao_nom_kw02_bing_00170.webp,cha_khiao_nom_kw02_bing_000037.webp
cha_khiao_nom_kw02_bing_00171.jpg,cha_khiao_nom_kw02_bing_000038.jpg
cha_khiao_nom_kw02_bing_00172.jpg,cha_khiao_nom_kw02_bing_000039.jpg
cha_khiao_nom_kw02_bing_00173.jpg,cha_khiao_nom_kw02_bing_000040.jpg
cha_khiao_nom_kw02_bing_00174.jpg,cha_khiao_nom_kw02_bing_000041.jpg
cha_khiao_nom_kw02_bing_00175.jpg,cha_khiao_nom_kw02_bing_000042.jpg
cha_khiao_nom_kw02_bing_00176.jpg,cha_khiao_nom_kw02_bing_000043.jpg
cha_khiao_nom_kw02_bing_00177.jpg,cha_khiao_nom_kw02_bing_000044.jpg
cha_khiao_nom_kw02_bing_00178.jpg,cha_khiao_nom_kw02_bing_000045.jpg
cha_khiao_nom_kw02_bing_00179.jpg,cha_khiao_nom_kw02_bing_000047.jpg
cha_khiao_nom_kw02_bing_00180.webp,cha_khiao_nom_kw02_bing_000048.webp
cha_khiao_nom_kw02_bing_00181.jpg,cha_khiao_nom_kw02_bing_000049.jpg
cha_khiao_nom_kw02_bing_00182.jpg,cha_khiao_nom_kw02_bing_000050.jpg
cha_khiao_nom_kw02_bing_00183.jpg,cha_khiao_nom_kw02_bing_000051.jpg
cha_khiao_nom_kw02_bing_00184.jpg,cha_khiao_nom_kw02_bing_000052.jpg
cha_khiao_nom_kw02_bing_00185.jpg,cha_khiao_nom_kw02_bing_000053.jpg
cha_khiao_nom_kw02_bing_00186.jpg,cha_khiao_nom_kw02_bing_000054.jpg
cha_khiao_nom_kw02_bing_00187.jpg,cha_khiao_nom_kw02_bing_000055.jpg
cha_khiao_nom_kw02_bing_00188.jpg,cha_khiao_nom_kw02_bing_000056.jpg
cha_khiao_nom_kw02_bing_00189.jpg,cha_khiao_nom_kw02_bing_000057.jpg
cha_khiao_nom_kw02_bing_00190.png,cha_khiao_nom_kw02_bing_000058.png
cha_khiao_nom_kw02_bing_00191.jpg,cha_khiao_nom_kw02_bing_000059.jpg
cha_khiao_nom_kw02_bing_00192.jpg,cha_khiao_nom_kw02_bing_000060.jpg
cha_khiao_nom_kw02_bing_00193.jpg,cha_khiao_nom_kw02_bing_000061.jpg
cha_khiao_nom_kw02_bing_00194.jpg,cha_khiao_nom_kw02_bing_000062.jpg
cha_khiao_nom_kw02_bing_00195.webp,cha_khiao_nom_kw02_bing_000063.webp
cha_khiao_nom_kw02_bing_00196.jpg,cha_khiao_nom_kw02_bing_000065.jpg
cha_khiao_nom_kw02_bing_00197.webp,cha_khiao_nom_kw02_bing_000067.webp
cha_khiao_nom_kw02_bing_00198.jpg,cha_khiao_nom_kw02_bing_000069.jpg
cha_khiao_nom_kw02_bing_00199.jpg,cha_khiao_nom_kw02_bing_000071.jpg
cha_khiao_nom_kw02_bing_00200.jpg,cha_khiao_nom_kw02_bing_000072.jpg
cha_khiao_nom_kw02_bing_00201.jpg,cha_khiao_nom_kw02_bing_000074.jpg
cha_khiao_nom_kw02_bing_00202.jpg,cha_khiao_nom_kw02_bing_000075.jpg
cha_khiao_nom_kw02_bing_00203.jpg,cha_khiao_nom_kw02_bing_000076.jpg
cha_khiao_nom_kw02_bing_00204.jpg,cha_khiao_nom_kw02_bing_000077.jpg
cha_khiao_nom_kw02_bing_00205.jpg,cha_khiao_nom_kw02_bing_000078.jpg
cha_khiao_nom_kw02_bing_00206.jpg,cha_khiao_nom_kw02_bing_000079.jpg
cha_khiao_nom_kw02_bing_00207.jpg,cha_khiao_nom_kw02_bing_000080.jpg
cha_khiao_nom_kw02_bing_00208.jpg,cha_khiao_nom_kw02_bing_000081.jpg
cha_khiao_nom_kw02_bing_00209.jpg,cha_khiao_nom_kw02_bing_000082.jpg
cha_khiao_nom_kw02_bing_00210.jpg,cha_khiao_nom_kw02_bing_000083.jpg
cha_khiao_nom_kw02_bing_00211.jpg,cha_khiao_nom_kw02_bing_000084.jpg
cha_khiao_nom_kw02_bing_00212.jpg,cha_khiao_nom_kw02_bing_000085.jpg
cha_khiao_nom_kw02_bing_00213.webp,cha_khiao_nom_kw02_bing_000086.webp
cha_khiao_nom_kw02_bing_00214.jpg,cha_khiao_nom_kw02_bing_000088.jpg
cha_khiao_nom_kw02_bing_00215.jpg,cha_khiao_nom_kw02_bing_000089.jpg
cha_khiao_nom_kw02_bing_00216.png,cha_khiao_nom_kw02_bing_000091.png
cha_khiao_nom_kw02_bing_00217.jpg,cha_khiao_nom_kw02_bing_000092.jpg
cha_khiao_nom_kw02_bing_00218.webp,cha_khiao_nom_kw02_bing_000093.webp
cha_khiao_nom_kw02_bing_00219.jpg,cha_khiao_nom_kw02_bing_000096.jpg
cha_khiao_nom_kw02_bing_00220.jpg,cha_khiao_nom_kw02_bing_000097.jpg
cha_khiao_nom_kw02_bing_00221.webp,cha_khiao_nom_kw02_bing_000098.webp
cha_khiao_nom_kw02_bing_00222.jpg,cha_khiao_nom_kw02_bing_000099.jpg
cha_khiao_nom_kw02_bing_00223.webp,cha_khiao_nom_kw02_bing_000101.webp
cha_khiao_nom_kw02_bing_00224.webp,cha_khiao_nom_kw02_bing_000106.webp
cha_khiao_nom_kw02_bing_00225.webp,cha_khiao_nom_kw02_bing_000107.webp
cha_khiao_nom_kw02_bing_00226.webp,cha_khiao_nom_kw02_bing_000110.webp
cha_khiao_nom_kw02_bing_00227.jpg,cha_khiao_nom_kw02_bing_000118.jpg
cha_khiao_nom_kw03_bing_00228.jpg,cha_khiao_nom_kw03_bing_000000.jpg
cha_khiao_nom_kw03_bing_00229.jpg,cha_khiao_nom_kw03_bing_000001.jpg
cha_khiao_nom_kw03_bing_00230.jpg,cha_khiao_nom_kw03_bing_000002.jpg
cha_khiao_nom_kw03_bing_00231.png,cha_khiao_nom_kw03_bing_000003.png
cha_khiao_nom_kw03_bing_00232.jpg,cha_khiao_nom_kw03_bing_000004.jpg
cha_khiao_nom_kw03_bing_00233.jpg,cha_khiao_nom_kw03_bing_000005.jpg
cha_khiao_nom_kw03_bing_00234.jpg,cha_khiao_nom_kw03_bing_000006.jpg
cha_khiao_nom_kw03_bing_00235.jpg,cha_khiao_nom_kw03_bing_000007.jpg
cha_khiao_nom_kw03_bing_00236.jpg,cha_khiao_nom_kw03_bing_000008.jpg
cha_khiao_nom_kw03_bing_00237.jpg,cha_khiao_nom_kw03_bing_000009.jpg
cha_khiao_nom_kw03_bing_00238.jpg,cha_khiao_nom_kw03_bing_000011.jpg
cha_khiao_nom_kw03_bing_00239.jpg,cha_khiao_nom_kw03_bing_000012.jpg
cha_khiao_nom_kw03_bing_00240.jpg,cha_khiao_nom_kw03_bing_000013.jpg
cha_khiao_nom_kw03_bing_00241.jpg,cha_khiao_nom_kw03_bing_000014.jpg
cha_khiao_nom_kw03_bing_00242.jpg,cha_khiao_nom_kw03_bing_000015.jpg
cha_khiao_nom_kw03_bing_00243.jpg,cha_khiao_nom_kw03_bing_000016.jpg
cha_khiao_nom_kw03_bing_00244.png,cha_khiao_nom_kw03_bing_000017.png
cha_khiao_nom_kw03_bing_00245.jpg,cha_khiao_nom_kw03_bing_000018.jpg
cha_khiao_nom_kw03_bing_00246.jpg,cha_khiao_nom_kw03_bing_000019.jpg
cha_khiao_nom_kw03_bing_00247.jpg,cha_khiao_nom_kw03_bing_000020.jpg
cha_khiao_nom_kw03_bing_00248.jpg,cha_khiao_nom_kw03_bing_000021.jpg
cha_khiao_nom_kw03_bing_00249.png,cha_khiao_nom_kw03_bing_000022.png
cha_khiao_nom_kw03_bing_00250.jpg,cha_khiao_nom_kw03_bing_000023.jpg
cha_khiao_nom_kw03_bing_00251.jpg,cha_khiao_nom_kw03_bing_000024.jpg
cha_khiao_nom_kw03_bing_00252.jpg,cha_khiao_nom_kw03_bing_000025.jpg
cha_khiao_nom_kw03_bing_00253.jpg,cha_khiao_nom_kw03_bing_000026.jpg
cha_khiao_nom_kw03_bing_00254.jpg,cha_khiao_nom_kw03_bing_000027.jpg
cha_khiao_nom_kw03_bing_00255.jpg,cha_khiao_nom_kw03_bing_000028.jpg
cha_khiao_nom_kw03_bing_00256.jpg,cha_khiao_nom_kw03_bing_000029.jpg
cha_khiao_nom_kw03_bing_00257.jpg,cha_khiao_nom_kw03_bing_000030.jpg
cha_khiao_nom_kw03_bing_00258.jpg,cha_khiao_nom_kw03_bing_000031.jpg
cha_khiao_nom_kw03_bing_00259.jpg,cha_khiao_nom_kw03_bing_000032.jpg
cha_khiao_nom_kw03_bing_00260.jpg,cha_khiao_nom_kw03_bing_000033.jpg
cha_khiao_nom_kw03_bing_00261.jpg,cha_khiao_nom_kw03_bing_000034.jpg
cha_khiao_nom_kw03_bing_00262.jpg,cha_khiao_nom_kw03_bing_000035.jpg
cha_khiao_nom_kw03_bing_00263.jpg,cha_khiao_nom_kw03_bing_000036.jpg
cha_khiao_nom_kw03_bing_00264.jpg,cha_khiao_nom_kw03_bing_000037.jpg
cha_khiao_nom_kw03_bing_00265.jpg,cha_khiao_nom_kw03_bing_000038.jpg
cha_khiao_nom_kw03_bing_00266.jpg,cha_khiao_nom_kw03_bing_000039.jpg
cha_khiao_nom_kw03_bing_00267.jpg,cha_khiao_nom_kw03_bing_000040.jpg
cha_khiao_nom_kw03_bing_00268.jpg,cha_khiao_nom_kw03_bing_000041.jpg
cha_khiao_nom_kw03_bing_00269.jpg,cha_khiao_nom_kw03_bing_000042.jpg
cha_khiao_nom_kw03_bing_00270.jpg,cha_khiao_nom_kw03_bing_000043.jpg
cha_khiao_nom_kw03_bing_00271.jpg,cha_khiao_nom_kw03_bing_000044.jpg
cha_khiao_nom_kw03_bing_00272.jpg,cha_khiao_nom_kw03_bing_000045.jpg
cha_khiao_nom_kw03_bing_00273.png,cha_khiao_nom_kw03_bing_000046.png
cha_khiao_nom_kw03_bing_00274.jpg,cha_khiao_nom_kw03_bing_000047.jpg
cha_khiao_nom_kw03_bing_00275.jpg,cha_khiao_nom_kw03_bing_000048.jpg
cha_khiao_nom_kw03_bing_00276.jpg,cha_khiao_nom_kw03_bing_000049.jpg
cha_khiao_nom_kw03_bing_00277.jpg,cha_khiao_nom_kw03_bing_000050.jpg
cha_khiao_nom_kw03_bing_00278.jpg,cha_khiao_nom_kw03_bing_000051.jpg
cha_khiao_nom_kw03_bing_00279.jpg,cha_khiao_nom_kw03_bing_000052.jpg
cha_khiao_nom_kw03_bing_00280.jpg,cha_khiao_nom_kw03_bing_000053.jpg
cha_khiao_nom_kw03_bing_00281.png,cha_khiao_nom_kw03_bing_000054.png
cha_khiao_nom_kw03_bing_00282.jpg,cha_khiao_nom_kw03_bing_000055.jpg
cha_khiao_nom_kw03_bing_00283.png,cha_khiao_nom_kw03_bing_000056.png
cha_khiao_nom_kw03_bing_00284.png,cha_khiao_nom_kw03_bing_000057.png
cha_khiao_nom_kw03_bing_00285.jpg,cha_khiao_nom_kw03_bing_000058.jpg
cha_khiao_nom_kw03_bing_00286.jpg,cha_khiao_nom_kw03_bing_000059.jpg
cha_khiao_nom_kw03_bing_00287.jpg,cha_khiao_nom_kw03_bing_000060.jpg
cha_khiao_nom_kw03_bing_00288.jpg,cha_khiao_nom_kw03_bing_000061.jpg
cha_khiao_nom_kw03_bing_00289.jpg,cha_khiao_nom_kw03_bing_000062.jpg
cha_khiao_nom_kw03_bing_00290.jpg,cha_khiao_nom_kw03_bing_000063.jpg
cha_khiao_nom_kw03_bing_00291.png,cha_khiao_nom_kw03_bing_000066.png
cha_khiao_nom_kw03_bing_00292.png,cha_khiao_nom_kw03_bing_000069.png
cha_khiao_nom_kw03_bing_00293.jpg,cha_khiao_nom_kw03_bing_000071.jpg
cha_khiao_nom_kw03_bing_00294.jpg,cha_khiao_nom_kw03_bing_000074.jpg
cha_khiao_nom_kw03_bing_00295.jpg,cha_khiao_nom_kw03_bing_000075.jpg
cha_khiao_nom_kw03_bing_00296.webp,cha_khiao_nom_kw03_bing_000076.webp
cha_khiao_nom_kw03_bing_00297.jpg,cha_khiao_nom_kw03_bing_000078.jpg
cha_khiao_nom_kw03_bing_00298.jpg,cha_khiao_nom_kw03_bing_000079.jpg
cha_khiao_nom_kw03_bing_00299.webp,cha_khiao_nom_kw03_bing_000080.webp
cha_khiao_nom_kw03_bing_00300.webp,cha_khiao_nom_kw03_bing_000082.webp
cha_khiao_nom_kw03_bing_00301.webp,cha_khiao_nom_kw03_bing_000083.webp
cha_khiao_nom_kw03_bing_00302.png,cha_khiao_nom_kw03_bing_000084.png
cha_khiao_nom_kw03_bing_00303.jpg,cha_khiao_nom_kw03_bing_000085.jpg
cha_khiao_nom_kw03_bing_00304.jpg,cha_khiao_nom_kw03_bing_000092.jpg
cha_khiao_nom_kw03_bing_00305.jpg,cha_khiao_nom_kw03_bing_000093.jpg
cha_khiao_nom_kw03_bing_00306.png,cha_khiao_nom_kw03_bing_000094.png
cha_khiao_nom_kw03_bing_00307.png,cha_khiao_nom_kw03_bing_000095.png
cha_khiao_nom_kw03_bing_00308.webp,cha_khiao_nom_kw03_bing_000096.webp
cha_khiao_nom_kw03_bing_00309.png,cha_khiao_nom_kw03_bing_000097.png
cha_khiao_nom_kw03_bing_00310.jpg,cha_khiao_nom_kw03_bing_000099.jpg
cha_khiao_nom_kw03_bing_00311.jpg,cha_khiao_nom_kw03_bing_000100.jpg
cha_khiao_nom_kw03_bing_00312.jpg,cha_khiao_nom_kw03_bing_000101.jpg
cha_khiao_nom_kw03_bing_00313.jpg,cha_khiao_nom_kw03_bing_000102.jpg
cha_khiao_nom_kw03_bing_00314.jpg,cha_khiao_nom_kw03_bing_000103.jpg
cha_khiao_nom_kw03_bing_00315.jpg,cha_khiao_nom_kw03_bing_000105.jpg
cha_khiao_nom_kw03_bing_00316.webp,cha_khiao_nom_kw03_bing_000106.webp
cha_khiao_nom_kw03_bing_00317.png,cha_khiao_nom_kw03_bing_000107.png
cha_khiao_nom_kw03_bing_00318.jpg,cha_khiao_nom_kw03_bing_000108.jpg
cha_khiao_nom_kw03_bing_00319.jpg,cha_khiao_nom_kw03_bing_000109.jpg
cha_khiao_nom_kw03_bing_00320.jpg,cha_khiao_nom_kw03_bing_000110.jpg
cha_khiao_nom_kw03_bing_00321.jpg,cha_khiao_nom_kw03_bing_000111.jpg
cha_khiao_nom_kw03_bing_00322.png,cha_khiao_nom_kw03_bing_000112.png
cha_khiao_nom_kw03_bing_00323.png,cha_khiao_nom_kw03_bing_000114.png
cha_khiao_nom_kw03_bing_00324.jpg,cha_khiao_nom_kw03_bing_000115.jpg
cha_khiao_nom_kw03_bing_00325.jpg,cha_khiao_nom_kw03_bing_000117.jpg
cha_khiao_nom_kw03_bing_00326.png,cha_khiao_nom_kw03_bing_000118.png
cha_khiao_nom_kw03_bing_00327.jpg,cha_khiao_nom_kw03_bing_000120.jpg
cha_khiao_nom_kw03_baidu_00328.jpg,cha_khiao_nom_kw03_baidu_000001.jpg
cha_khiao_nom_kw03_baidu_00329.jpg,cha_khiao_nom_kw03_baidu_000002.jpg
cha_khiao_nom_kw03_baidu_00330.jpg,cha_khiao_nom_kw03_baidu_000003.jpg
cha_khiao_nom_kw03_baidu_00331.jpg,cha_khiao_nom_kw03_baidu_000004.jpg
cha_khiao_nom_kw03_baidu_00332.jpg,cha_khiao_nom_kw03_baidu_000005.jpg
cha_khiao_nom_kw03_baidu_00333.jpg,cha_khiao_nom_kw03_baidu_000006.jpg
cha_khiao_nom_kw03_baidu_00334.jpg,cha_khiao_nom_kw03_baidu_000007.jpg
cha_khiao_nom_kw03_baidu_00335.jpg,cha_khiao_nom_kw03_baidu_000008.jpg
cha_khiao_nom_kw03_baidu_00336.jpg,cha_khiao_nom_kw03_baidu_000009.jpg
cha_khiao_nom_kw03_baidu_00337.jpg,cha_khiao_nom_kw03_baidu_000010.jpg
cha_khiao_nom_kw03_baidu_00338.jpg,cha_khiao_nom_kw03_baidu_000011.jpg
cha_khiao_nom_kw03_baidu_00339.jpg,cha_khiao_nom_kw03_baidu_000012.jpg
cha_khiao_nom_kw03_baidu_00340.jpg,cha_khiao_nom_kw03_baidu_000013.jpg
cha_khiao_nom_kw03_baidu_00341.jpg,cha_khiao_nom_kw03_baidu_000014.jpg
cha_khiao_nom_kw03_baidu_00342.jpg,cha_khiao_nom_kw03_baidu_000015.jpg
cha_khiao_nom_kw03_baidu_00343.jpg,cha_khiao_nom_kw03_baidu_000016.jpg
cha_khiao_nom_kw03_baidu_00344.jpg,cha_khiao_nom_kw03_baidu_000017.jpg
cha_khiao_nom_kw03_baidu_00345.jpg,cha_khiao_nom_kw03_baidu_000018.jpg
cha_khiao_nom_kw03_baidu_00346.jpg,cha_khiao_nom_kw03_baidu_000019.jpg
cha_khiao_nom_kw03_baidu_00347.jpg,cha_khiao_nom_kw03_baidu_000020.jpg
cha_khiao_nom_kw03_baidu_00348.jpg,cha_khiao_nom_kw03_baidu_000021.jpg
cha_khiao_nom_kw03_baidu_00349.jpg,cha_khiao_nom_kw03_baidu_000022.jpg
cha_khiao_nom_kw03_baidu_00350.jpg,cha_khiao_nom_kw03_baidu_000023.jpg
cha_khiao_nom_kw03_baidu_00351.jpg,cha_khiao_nom_kw03_baidu_000024.jpg
cha_khiao_nom_kw03_baidu_00352.jpg,cha_khiao_nom_kw03_baidu_000025.jpg
cha_khiao_nom_kw03_baidu_00353.jpg,cha_khiao_nom_kw03_baidu_000026.jpg
cha_khiao_nom_kw03_baidu_00354.jpg,cha_khiao_nom_kw03_baidu_000027.jpg
cha_khiao_nom_kw03_baidu_00355.jpg,cha_khiao_nom_kw03_baidu_000028.jpg
cha_khiao_nom_kw03_baidu_00356.jpg,cha_khiao_nom_kw03_baidu_000029.jpg
cha_khiao_nom_kw03_baidu_00357.jpg,cha_khiao_nom_kw03_baidu_000030.jpg
cha_khiao_nom_kw03_baidu_00358.jpg,cha_khiao_nom_kw03_baidu_000031.jpg
cha_khiao_nom_kw03_baidu_00359.jpg,cha_khiao_nom_kw03_baidu_000032.jpg
cha_khiao_nom_kw03_baidu_00360.jpg,cha_khiao_nom_kw03_baidu_000033.jpg
cha_khiao_nom_kw03_baidu_00361.jpg,cha_khiao_nom_kw03_baidu_000034.jpg
cha_khiao_nom_kw03_baidu_00362.jpg,cha_khiao_nom_kw03_baidu_000035.jpg
cha_khiao_nom_kw03_baidu_00363.jpg,cha_khiao_nom_kw03_baidu_000036.jpg
cha_khiao_nom_kw03_baidu_00364.jpg,cha_khiao_nom_kw03_baidu_000037.jpg
cha_khiao_nom_kw03_baidu_00365.jpg,cha_khiao_nom_kw03_baidu_000038.jpg
cha_khiao_nom_kw03_baidu_00366.jpg,cha_khiao_nom_kw03_baidu_000039.jpg
cha_khiao_nom_kw03_baidu_00367.jpg,cha_khiao_nom_kw03_baidu_000040.jpg
cha_khiao_nom_kw03_baidu_00368.jpg,cha_khiao_nom_kw03_baidu_000041.jpg
cha_khiao_nom_kw03_baidu_00369.jpg,cha_khiao_nom_kw03_baidu_000042.jpg
cha_khiao_nom_kw03_baidu_00370.jpg,cha_khiao_nom_kw03_baidu_000043.jpg
cha_khiao_nom_kw03_baidu_00371.jpg,cha_khiao_nom_kw03_baidu_000044.jpg
cha_khiao_nom_kw03_baidu_00372.jpg,cha_khiao_nom_kw03_baidu_000045.jpg
cha_khiao_nom_kw03_baidu_00373.jpg,cha_khiao_nom_kw03_baidu_000046.jpg
cha_khiao_nom_kw03_baidu_00374.jpg,cha_khiao_nom_kw03_baidu_000047.jpg
cha_khiao_nom_kw03_baidu_00375.jpg,cha_khiao_nom_kw03_baidu_000048.jpg
cha_khiao_nom_kw03_baidu_00376.jpg,cha_khiao_nom_kw03_baidu_000049.jpg
cha_khiao_nom_kw03_baidu_00377.png,cha_khiao_nom_kw03_baidu_000050.png
cha_khiao_nom_kw03_baidu_00378.jpg,cha_khiao_nom_kw03_baidu_000051.jpg
cha_khiao_nom_kw03_baidu_00379.jpg,cha_khiao_nom_kw03_baidu_000052.jpg
cha_khiao_nom_kw03_baidu_00380.jpg,cha_khiao_nom_kw03_baidu_000053.jpg
cha_khiao_nom_kw03_baidu_00381.png,cha_khiao_nom_kw03_baidu_000054.png
cha_khiao_nom_kw04_bing_00382.jpg,cha_khiao_nom_kw04_bing_000000.jpg
cha_khiao_nom_kw04_bing_00383.jpg,cha_khiao_nom_kw04_bing_000001.jpg
cha_khiao_nom_kw04_bing_00384.jpg,cha_khiao_nom_kw04_bing_000002.jpg
cha_khiao_nom_kw04_bing_00385.png,cha_khiao_nom_kw04_bing_000003.png
cha_khiao_nom_kw04_bing_00386.jpg,cha_khiao_nom_kw04_bing_000004.jpg
cha_khiao_nom_kw04_bing_00387.jpg,cha_khiao_nom_kw04_bing_000005.jpg
cha_khiao_nom_kw04_bing_00388.jpg,cha_khiao_nom_kw04_bing_000006.jpg
cha_khiao_nom_kw04_bing_00389.png,cha_khiao_nom_kw04_bing_000007.png
cha_khiao_nom_kw04_bing_00390.jpg,cha_khiao_nom_kw04_bing_000008.jpg
cha_khiao_nom_kw04_bing_00391.jpg,cha_khiao_nom_kw04_bing_000010.jpg
cha_khiao_nom_kw04_bing_00392.jpg,cha_khiao_nom_kw04_bing_000011.jpg
cha_khiao_nom_kw04_bing_00393.jpg,cha_khiao_nom_kw04_bing_000012.jpg
cha_khiao_nom_kw04_bing_00394.jpg,cha_khiao_nom_kw04_bing_000013.jpg
cha_khiao_nom_kw04_bing_00395.jpg,cha_khiao_nom_kw04_bing_000014.jpg
cha_khiao_nom_kw04_bing_00396.jpg,cha_khiao_nom_kw04_bing_000015.jpg
cha_khiao_nom_kw04_bing_00397.jpg,cha_khiao_nom_kw04_bing_000016.jpg
cha_khiao_nom_kw04_bing_00398.jpg,cha_khiao_nom_kw04_bing_000017.jpg
cha_khiao_nom_kw04_bing_00399.jpg,cha_khiao_nom_kw04_bing_000018.jpg
cha_khiao_nom_kw04_bing_00400.jpg,cha_khiao_nom_kw04_bing_000019.jpg
cha_khiao_nom_kw04_bing_00401.jpg,cha_khiao_nom_kw04_bing_000020.jpg
cha_khiao_nom_kw04_bing_00402.jpg,cha_khiao_nom_kw04_bing_000021.jpg
cha_khiao_nom_kw04_bing_00403.jpg,cha_khiao_nom_kw04_bing_000022.jpg
cha_khiao_nom_kw04_bing_00404.jpg,cha_khiao_nom_kw04_bing_000023.jpg
cha_khiao_nom_kw04_bing_00405.jpg,cha_khiao_nom_kw04_bing_000024.jpg
cha_khiao_nom_kw04_bing_00406.jpg,cha_khiao_nom_kw04_bing_000025.jpg
cha_khiao_nom_kw04_bing_00407.png,cha_khiao_nom_kw04_bing_000026.png
cha_khiao_nom_kw04_bing_00408.jpg,cha_khiao_nom_kw04_bing_000027.jpg
cha_khiao_nom_kw04_bing_00409.jpg,cha_khiao_nom_kw04_bing_000029.jpg
cha_khiao_nom_kw04_bing_00410.jpg,cha_khiao_nom_kw04_bing_000030.jpg
cha_khiao_nom_kw04_bing_00411.jpg,cha_khiao_nom_kw04_bing_000031.jpg
cha_khiao_nom_kw04_bing_00412.jpg,cha_khiao_nom_kw04_bing_000032.jpg
cha_khiao_nom_kw04_bing_00413.jpg,cha_khiao_nom_kw04_bing_000033.jpg
cha_khiao_nom_kw04_bing_00414.jpg,cha_khiao_nom_kw04_bing_000034.jpg
cha_khiao_nom_kw04_bing_00415.jpg,cha_khiao_nom_kw04_bing_000035.jpg
cha_khiao_nom_kw04_bing_00416.jpg,cha_khiao_nom_kw04_bing_000036.jpg
cha_khiao_nom_kw04_bing_00417.jpg,cha_khiao_nom_kw04_bing_000037.jpg
cha_khiao_nom_kw04_bing_00418.jpg,cha_khiao_nom_kw04_bing_000038.jpg
cha_khiao_nom_kw04_bing_00419.jpg,cha_khiao_nom_kw04_bing_000040.jpg
cha_khiao_nom_kw04_bing_00420.jpg,cha_khiao_nom_kw04_bing_000041.jpg
cha_khiao_nom_kw04_bing_00421.jpg,cha_khiao_nom_kw04_bing_000042.jpg
cha_khiao_nom_kw04_bing_00422.jpg,cha_khiao_nom_kw04_bing_000043.jpg
cha_khiao_nom_kw04_bing_00423.jpg,cha_khiao_nom_kw04_bing_000044.jpg
cha_khiao_nom_kw04_bing_00424.jpg,cha_khiao_nom_kw04_bing_000045.jpg
cha_khiao_nom_kw04_bing_00425.jpg,cha_khiao_nom_kw04_bing_000046.jpg
cha_khiao_nom_kw04_bing_00426.jpg,cha_khiao_nom_kw04_bing_000047.jpg
cha_khiao_nom_kw04_bing_00427.jpg,cha_khiao_nom_kw04_bing_000048.jpg
cha_khiao_nom_kw04_bing_00428.jpg,cha_khiao_nom_kw04_bing_000049.jpg
cha_khiao_nom_kw04_bing_00429.jpg,cha_khiao_nom_kw04_bing_000050.jpg
cha_khiao_nom_kw04_bing_00430.jpg,cha_khiao_nom_kw04_bing_000051.jpg
cha_khiao_nom_kw04_bing_00431.jpg,cha_khiao_nom_kw04_bing_000052.jpg
cha_khiao_nom_kw04_bing_00432.jpg,cha_khiao_nom_kw04_bing_000053.jpg
cha_khiao_nom_kw04_bing_00433.jpg,cha_khiao_nom_kw04_bing_000054.jpg
cha_khiao_nom_kw04_bing_00434.jpg,cha_khiao_nom_kw04_bing_000055.jpg
cha_khiao_nom_kw04_bing_00435.jpg,cha_khiao_nom_kw04_bing_000056.jpg
cha_khiao_nom_kw04_bing_00436.webp,cha_khiao_nom_kw04_bing_000057.webp
cha_khiao_nom_kw04_bing_00437.jpg,cha_khiao_nom_kw04_bing_000058.jpg
cha_khiao_nom_kw04_bing_00438.png,cha_khiao_nom_kw04_bing_000059.png
cha_khiao_nom_kw04_bing_00439.jpg,cha_khiao_nom_kw04_bing_000060.jpg
cha_khiao_nom_kw04_bing_00440.jpg,cha_khiao_nom_kw04_bing_000061.jpg
cha_khiao_nom_kw04_bing_00441.jpg,cha_khiao_nom_kw04_bing_000062.jpg
cha_khiao_nom_kw04_bing_00442.jpg,cha_khiao_nom_kw04_bing_000063.jpg
cha_khiao_nom_kw04_bing_00443.webp,cha_khiao_nom_kw04_bing_000064.webp
cha_khiao_nom_kw04_bing_00444.webp,cha_khiao_nom_kw04_bing_000065.webp
cha_khiao_nom_kw04_bing_00445.webp,cha_khiao_nom_kw04_bing_000066.webp
cha_khiao_nom_kw04_bing_00446.webp,cha_khiao_nom_kw04_bing_000067.webp
cha_khiao_nom_kw04_bing_00447.jpg,cha_khiao_nom_kw04_bing_000070.jpg
cha_khiao_nom_kw04_bing_00448.jpg,cha_khiao_nom_kw04_bing_000071.jpg
cha_khiao_nom_kw04_bing_00449.jpg,cha_khiao_nom_kw04_bing_000072.jpg
cha_khiao_nom_kw04_bing_00450.jpg,cha_khiao_nom_kw04_bing_000076.jpg
cha_khiao_nom_kw04_bing_00451.jpg,cha_khiao_nom_kw04_bing_000079.jpg
cha_khiao_nom_kw04_bing_00452.jpg,cha_khiao_nom_kw04_bing_000080.jpg
cha_khiao_nom_kw04_bing_00453.jpg,cha_khiao_nom_kw04_bing_000082.jpg
cha_khiao_nom_kw04_bing_00454.jpg,cha_khiao_nom_kw04_bing_000083.jpg
cha_khiao_nom_kw04_bing_00455.jpg,cha_khiao_nom_kw04_bing_000085.jpg
cha_khiao_nom_kw04_bing_00456.jpg,cha_khiao_nom_kw04_bing_000086.jpg
cha_khiao_nom_kw04_bing_00457.jpg,cha_khiao_nom_kw04_bing_000087.jpg
cha_khiao_nom_kw04_bing_00458.jpg,cha_khiao_nom_kw04_bing_000089.jpg
cha_khiao_nom_kw04_bing_00459.jpg,cha_khiao_nom_kw04_bing_000090.jpg
cha_khiao_nom_kw04_bing_00460.png,cha_khiao_nom_kw04_bing_000092.png
cha_khiao_nom_kw04_bing_00461.png,cha_khiao_nom_kw04_bing_000093.png
cha_khiao_nom_kw04_bing_00462.jpg,cha_khiao_nom_kw04_bing_000094.jpg
cha_khiao_nom_kw04_bing_00463.jpg,cha_khiao_nom_kw04_bing_000097.jpg
cha_khiao_nom_kw04_bing_00464.jpg,cha_khiao_nom_kw04_bing_000100.jpg
cha_khiao_nom_kw04_bing_00465.jpg,cha_khiao_nom_kw04_bing_000102.jpg
cha_khiao_nom_kw04_baidu_00466.jpg,cha_khiao_nom_kw04_baidu_000001.jpg
cha_khiao_nom_kw04_baidu_00467.jpg,cha_khiao_nom_kw04_baidu_000002.jpg
cha_khiao_nom_kw04_baidu_00468.jpg,cha_khiao_nom_kw04_baidu_000003.jpg
cha_khiao_nom_kw04_baidu_00469.jpg,cha_khiao_nom_kw04_baidu_000004.jpg
cha_khiao_nom_kw04_baidu_00470.jpg,cha_khiao_nom_kw04_baidu_000005.jpg
cha_khiao_nom_kw04_baidu_00471.jpg,cha_khiao_nom_kw04_baidu_000006.jpg
cha_khiao_nom_kw04_baidu_00472.jpg,cha_khiao_nom_kw04_baidu_000007.jpg
cha_khiao_nom_kw04_baidu_00473.jpg,cha_khiao_nom_kw04_baidu_000008.jpg
cha_khiao_nom_kw04_baidu_00474.jpg,cha_khiao_nom_kw04_baidu_000009.jpg
cha_khiao_nom_kw04_baidu_00475.jpg,cha_khiao_nom_kw04_baidu_000010.jpg
cha_khiao_nom_kw04_baidu_00476.jpg,cha_khiao_nom_kw04_baidu_000011.jpg
cha_khiao_nom_kw04_baidu_00477.jpg,cha_khiao_nom_kw04_baidu_000012.jpg
cha_khiao_nom_kw04_baidu_00478.jpg,cha_khiao_nom_kw04_baidu_000013.jpg
cha_khiao_nom_kw04_baidu_00479.jpg,cha_khiao_nom_kw04_baidu_000014.jpg
cha_khiao_nom_kw04_baidu_00480.jpg,cha_khiao_nom_kw04_baidu_000015.jpg
cha_khiao_nom_kw04_baidu_00481.jpg,cha_khiao_nom_kw04_baidu_000016.jpg
cha_khiao_nom_kw04_baidu_00482.jpg,cha_khiao_nom_kw04_baidu_000017.jpg
cha_khiao_nom_kw04_baidu_00483.jpg,cha_khiao_nom_kw04_baidu_000018.jpg
cha_khiao_nom_kw04_baidu_00484.jpg,cha_khiao_nom_kw04_baidu_000019.jpg
cha_khiao_nom_kw04_baidu_00485.jpg,cha_khiao_nom_kw04_baidu_000020.jpg
cha_khiao_nom_kw04_baidu_00486.jpg,cha_khiao_nom_kw04_baidu_000021.jpg
cha_khiao_nom_kw04_baidu_00487.jpg,cha_khiao_nom_kw04_baidu_000022.jpg
cha_khiao_nom_kw04_baidu_00488.jpg,cha_khiao_nom_kw04_baidu_000023.jpg
cha_khiao_nom_kw04_baidu_00489.jpg,cha_khiao_nom_kw04_baidu_000024.jpg
cha_khiao_nom_kw04_baidu_00490.jpg,cha_khiao_nom_kw04_baidu_000025.jpg
cha_khiao_nom_kw04_baidu_00491.jpg,cha_khiao_nom_kw04_baidu_000026.jpg
cha_khiao_nom_kw04_baidu_00492.jpg,cha_khiao_nom_kw04_baidu_000027.jpg
cha_khiao_nom_kw04_baidu_00493.jpg,cha_khiao_nom_kw04_baidu_000028.jpg
cha_khiao_nom_kw04_baidu_00494.jpg,cha_khiao_nom_kw04_baidu_000029.jpg
cha_khiao_nom_kw04_baidu_00495.jpg,cha_khiao_nom_kw04_baidu_000030.jpg
cha_khiao_nom_kw04_baidu_00496.jpg,cha_khiao_nom_kw04_baidu_000031.jpg
cha_khiao_nom_kw04_baidu_00497.jpg,cha_khiao_nom_kw04_baidu_000032.jpg
cha_khiao_nom_kw04_baidu_00498.jpeg,cha_khiao_nom_kw04_baidu_000033.jpeg
cha_khiao_nom_kw04_baidu_00499.jpg,cha_khiao_nom_kw04_baidu_000034.jpg
cha_khiao_nom_kw04_baidu_00500.jpg,cha_khiao_nom_kw04_baidu_000035.jpg
cha_khiao_nom_kw04_baidu_00501.jpg,cha_khiao_nom_kw04_baidu_000036.jpg
cha_khiao_nom_kw04_baidu_00502.jpg,cha_khiao_nom_kw04_baidu_000037.jpg
cha_khiao_nom_kw04_baidu_00503.jpg,cha_khiao_nom_kw04_baidu_000038.jpg
cha_khiao_nom_kw04_baidu_00504.jpg,cha_khiao_nom_kw04_baidu_000039.jpg
cha_khiao_nom_kw04_baidu_00505.jpg,cha_khiao_nom_kw04_baidu_000040.jpg
cha_khiao_nom_kw04_baidu_00506.jpg,cha_khiao_nom_kw04_baidu_000041.jpg
cha_khiao_nom_kw04_baidu_00507.jpg,cha_khiao_nom_kw04_baidu_000042.jpg
cha_khiao_nom_kw04_baidu_00508.jpg,cha_khiao_nom_kw04_baidu_000043.jpg
cha_khiao_nom_kw04_baidu_00509.jpg,cha_khiao_nom_kw04_baidu_000044.jpg
cha_khiao_nom_kw04_baidu_00510.jpg,cha_khiao_nom_kw04_baidu_000045.jpg
cha_khiao_nom_kw04_baidu_00511.jpg,cha_khiao_nom_kw04_baidu_000046.jpg
cha_khiao_nom_kw04_baidu_00512.jpg,cha_khiao_nom_kw04_baidu_000047.jpg
cha_khiao_nom_kw04_baidu_00513.jpg,cha_khiao_nom_kw04_baidu_000048.jpg
cha_khiao_nom_kw04_baidu_00514.jpg,cha_khiao_nom_kw04_baidu_000049.jpg
cha_khiao_nom_kw04_baidu_00515.jpg,cha_khiao_nom_kw04_baidu_000050.jpg
cha_khiao_nom_kw04_baidu_00516.jpg,cha_khiao_nom_kw04_baidu_000051.jpg
cha_khiao_nom_kw04_baidu_00517.jpg,cha_khiao_nom_kw04_baidu_000052.jpg
cha_khiao_nom_kw04_baidu_00518.jpg,cha_khiao_nom_kw04_baidu_000053.jpg
cha_khiao_nom_kw04_baidu_00519.jpg,cha_khiao_nom_kw04_baidu_000054.jpg
cha_nom_khai_muk_kw00_bing_00000.jpg,cha_nom_khai_muk_kw00_bing_000000.jpg
cha_nom_khai_muk_kw00_bing_00001.jpg,cha_nom_khai_muk_kw00_bing_000001.jpg
cha_nom_khai_muk_kw00_bing_00002.png,cha_nom_khai_muk_kw00_bing_000003.png
cha_nom_khai_muk_kw00_bing_00003.jpg,cha_nom_khai_muk_kw00_bing_000004.jpg
cha_nom_khai_muk_kw00_bing_00004.jpg,cha_nom_khai_muk_kw00_bing_000005.jpg
cha_nom_khai_muk_kw00_bing_00005.jpg,cha_nom_khai_muk_kw00_bing_000006.jpg
cha_nom_khai_muk_kw00_bing_00006.jpg,cha_nom_khai_muk_kw00_bing_000007.jpg
cha_nom_khai_muk_kw00_bing_00007.jpg,cha_nom_khai_muk_kw00_bing_000008.jpg
cha_nom_khai_muk_kw00_bing_00008.jpg,cha_nom_khai_muk_kw00_bing_000009.jpg
cha_nom_khai_muk_kw00_bing_00009.webp,cha_nom_khai_muk_kw00_bing_000010.webp
cha_nom_khai_muk_kw00_bing_00010.jpg,cha_nom_khai_muk_kw00_bing_000011.jpg
cha_nom_khai_muk_kw00_bing_00011.png,cha_nom_khai_muk_kw00_bing_000012.png
cha_nom_khai_muk_kw00_bing_00012.jpg,cha_nom_khai_muk_kw00_bing_000013.jpg
cha_nom_khai_muk_kw00_bing_00013.jpg,cha_nom_khai_muk_kw00_bing_000014.jpg
cha_nom_khai_muk_kw00_bing_00014.jpg,cha_nom_khai_muk_kw00_bing_000015.jpg
cha_nom_khai_muk_kw00_bing_00015.jpg,cha_nom_khai_muk_kw00_bing_000016.jpg
cha_nom_khai_muk_kw00_bing_00016.jpg,cha_nom_khai_muk_kw00_bing_000017.jpg
cha_nom_khai_muk_kw00_bing_00017.png,cha_nom_khai_muk_kw00_bing_000018.png
cha_nom_khai_muk_kw00_bing_00018.jpg,cha_nom_khai_muk_kw00_bing_000019.jpg
cha_nom_khai_muk_kw00_bing_00019.jpg,cha_nom_khai_muk_kw00_bing_000020.jpg
cha_nom_khai_muk_kw00_bing_00020.jpg,cha_nom_khai_muk_kw00_bing_000021.jpg
cha_nom_khai_muk_kw00_bing_00021.jpg,cha_nom_khai_muk_kw00_bing_000022.jpg
cha_nom_khai_muk_kw00_bing_00022.jpg,cha_nom_khai_muk_kw00_bing_000024.jpg
cha_nom_khai_muk_kw00_bing_00023.webp,cha_nom_khai_muk_kw00_bing_000025.webp
cha_nom_khai_muk_kw00_bing_00024.jpg,cha_nom_khai_muk_kw00_bing_000026.jpg
cha_nom_khai_muk_kw00_bing_00025.jpg,cha_nom_khai_muk_kw00_bing_000027.jpg
cha_nom_khai_muk_kw00_bing_00026.jpg,cha_nom_khai_muk_kw00_bing_000028.jpg
cha_nom_khai_muk_kw00_bing_00027.webp,cha_nom_khai_muk_kw00_bing_000029.webp
cha_nom_khai_muk_kw00_bing_00028.jpg,cha_nom_khai_muk_kw00_bing_000030.jpg
cha_nom_khai_muk_kw00_bing_00029.webp,cha_nom_khai_muk_kw00_bing_000031.webp
cha_nom_khai_muk_kw00_bing_00030.jpg,cha_nom_khai_muk_kw00_bing_000032.jpg
cha_nom_khai_muk_kw00_bing_00031.jpg,cha_nom_khai_muk_kw00_bing_000033.jpg
cha_nom_khai_muk_kw00_bing_00032.jpg,cha_nom_khai_muk_kw00_bing_000035.jpg
cha_nom_khai_muk_kw00_bing_00033.jpg,cha_nom_khai_muk_kw00_bing_000036.jpg
cha_nom_khai_muk_kw00_bing_00034.jpg,cha_nom_khai_muk_kw00_bing_000037.jpg
cha_nom_khai_muk_kw00_bing_00035.jpg,cha_nom_khai_muk_kw00_bing_000038.jpg
cha_nom_khai_muk_kw00_bing_00036.jpg,cha_nom_khai_muk_kw00_bing_000039.jpg
cha_nom_khai_muk_kw00_bing_00037.jpg,cha_nom_khai_muk_kw00_bing_000040.jpg
cha_nom_khai_muk_kw00_bing_00038.jpg,cha_nom_khai_muk_kw00_bing_000041.jpg
cha_nom_khai_muk_kw00_bing_00039.jpg,cha_nom_khai_muk_kw00_bing_000042.jpg
cha_nom_khai_muk_kw00_bing_00040.jpg,cha_nom_khai_muk_kw00_bing_000043.jpg
cha_nom_khai_muk_kw00_bing_00041.jpg,cha_nom_khai_muk_kw00_bing_000044.jpg
cha_nom_khai_muk_kw00_bing_00042.jpg,cha_nom_khai_muk_kw00_bing_000045.jpg
cha_nom_khai_muk_kw00_bing_00043.jpg,cha_nom_khai_muk_kw00_bing_000046.jpg
cha_nom_khai_muk_kw00_bing_00044.jpg,cha_nom_khai_muk_kw00_bing_000047.jpg
cha_nom_khai_muk_kw00_bing_00045.jpg,cha_nom_khai_muk_kw00_bing_000048.jpg
cha_nom_khai_muk_kw00_bing_00046.jpg,cha_nom_khai_muk_kw00_bing_000049.jpg
cha_nom_khai_muk_kw00_bing_00047.jpg,cha_nom_khai_muk_kw00_bing_000050.jpg
cha_nom_khai_muk_kw00_bing_00048.jpg,cha_nom_khai_muk_kw00_bing_000051.jpg
cha_nom_khai_muk_kw00_bing_00049.jpg,cha_nom_khai_muk_kw00_bing_000052.jpg
cha_nom_khai_muk_kw00_bing_00050.jpg,cha_nom_khai_muk_kw00_bing_000053.jpg
cha_nom_khai_muk_kw00_bing_00051.jpg,cha_nom_khai_muk_kw00_bing_000054.jpg
cha_nom_khai_muk_kw00_bing_00052.jpg,cha_nom_khai_muk_kw00_bing_000055.jpg
cha_nom_khai_muk_kw00_bing_00053.jpg,cha_nom_khai_muk_kw00_bing_000056.jpg
cha_nom_khai_muk_kw00_bing_00054.jpg,cha_nom_khai_muk_kw00_bing_000057.jpg
cha_nom_khai_muk_kw00_bing_00055.jpg,cha_nom_khai_muk_kw00_bing_000058.jpg
cha_nom_khai_muk_kw00_bing_00056.jpg,cha_nom_khai_muk_kw00_bing_000059.jpg
cha_nom_khai_muk_kw00_bing_00057.jpg,cha_nom_khai_muk_kw00_bing_000061.jpg
cha_nom_khai_muk_kw00_bing_00058.jpg,cha_nom_khai_muk_kw00_bing_000062.jpg
cha_nom_khai_muk_kw00_bing_00059.jpg,cha_nom_khai_muk_kw00_bing_000063.jpg
cha_nom_khai_muk_kw00_bing_00060.jpg,cha_nom_khai_muk_kw00_bing_000064.jpg
cha_nom_khai_muk_kw00_bing_00061.jpg,cha_nom_khai_muk_kw00_bing_000065.jpg
cha_nom_khai_muk_kw00_bing_00062.jpg,cha_nom_khai_muk_kw00_bing_000066.jpg
cha_nom_khai_muk_kw00_bing_00063.webp,cha_nom_khai_muk_kw00_bing_000067.webp
cha_nom_khai_muk_kw00_bing_00064.jpg,cha_nom_khai_muk_kw00_bing_000068.jpg
cha_nom_khai_muk_kw00_bing_00065.jpg,cha_nom_khai_muk_kw00_bing_000069.jpg
cha_nom_khai_muk_kw00_bing_00066.jpg,cha_nom_khai_muk_kw00_bing_000070.jpg
cha_nom_khai_muk_kw00_bing_00067.webp,cha_nom_khai_muk_kw00_bing_000071.webp
cha_nom_khai_muk_kw00_bing_00068.jpg,cha_nom_khai_muk_kw00_bing_000072.jpg
cha_nom_khai_muk_kw00_bing_00069.jpg,cha_nom_khai_muk_kw00_bing_000073.jpg
cha_nom_khai_muk_kw00_bing_00070.jpg,cha_nom_khai_muk_kw00_bing_000074.jpg
cha_nom_khai_muk_kw00_bing_00071.jpg,cha_nom_khai_muk_kw00_bing_000075.jpg
cha_nom_khai_muk_kw00_bing_00072.jpg,cha_nom_khai_muk_kw00_bing_000076.jpg
cha_nom_khai_muk_kw00_bing_00073.jpg,cha_nom_khai_muk_kw00_bing_000077.jpg
cha_nom_khai_muk_kw00_bing_00074.png,cha_nom_khai_muk_kw00_bing_000078.png
cha_nom_khai_muk_kw00_bing_00075.webp,cha_nom_khai_muk_kw00_bing_000079.webp
cha_nom_khai_muk_kw00_bing_00076.jpg,cha_nom_khai_muk_kw00_bing_000080.jpg
cha_nom_khai_muk_kw00_bing_00077.jpg,cha_nom_khai_muk_kw00_bing_000081.jpg
cha_nom_khai_muk_kw00_bing_00078.png,cha_nom_khai_muk_kw00_bing_000082.png
cha_nom_khai_muk_kw00_bing_00079.jpg,cha_nom_khai_muk_kw00_bing_000083.jpg
cha_nom_khai_muk_kw00_bing_00080.png,cha_nom_khai_muk_kw00_bing_000084.png
cha_nom_khai_muk_kw00_bing_00081.png,cha_nom_khai_muk_kw00_bing_000085.png
cha_nom_khai_muk_kw00_bing_00082.jpg,cha_nom_khai_muk_kw00_bing_000086.jpg
cha_nom_khai_muk_kw00_bing_00083.jpg,cha_nom_khai_muk_kw00_bing_000087.jpg
cha_nom_khai_muk_kw00_bing_00084.jpg,cha_nom_khai_muk_kw00_bing_000090.jpg
cha_nom_khai_muk_kw00_bing_00085.jpg,cha_nom_khai_muk_kw00_bing_000091.jpg
cha_nom_khai_muk_kw00_bing_00086.jpg,cha_nom_khai_muk_kw00_bing_000092.jpg
cha_nom_khai_muk_kw00_bing_00087.webp,cha_nom_khai_muk_kw00_bing_000094.webp
cha_nom_khai_muk_kw00_bing_00088.jpg,cha_nom_khai_muk_kw00_bing_000096.jpg
cha_nom_khai_muk_kw00_bing_00089.jpg,cha_nom_khai_muk_kw00_bing_000097.jpg
cha_nom_khai_muk_kw00_bing_00090.jpg,cha_nom_khai_muk_kw00_bing_000098.jpg
cha_nom_khai_muk_kw00_bing_00091.jpg,cha_nom_khai_muk_kw00_bing_000099.jpg
cha_nom_khai_muk_kw00_bing_00092.jpg,cha_nom_khai_muk_kw00_bing_000106.jpg
cha_nom_khai_muk_kw00_bing_00093.jpg,cha_nom_khai_muk_kw00_bing_000112.jpg
cha_nom_khai_muk_kw00_bing_00094.jpg,cha_nom_khai_muk_kw00_bing_000118.jpg
cha_nom_khai_muk_kw00_bing_00095.jpg,cha_nom_khai_muk_kw00_bing_000123.jpg
cha_nom_khai_muk_kw01_bing_00096.jpg,cha_nom_khai_muk_kw01_bing_000000.jpg
cha_nom_khai_muk_kw01_bing_00097.jpg,cha_nom_khai_muk_kw01_bing_000001.jpg
cha_nom_khai_muk_kw01_bing_00098.jpg,cha_nom_khai_muk_kw01_bing_000002.jpg
cha_nom_khai_muk_kw01_bing_00099.jpg,cha_nom_khai_muk_kw01_bing_000003.jpg
cha_nom_khai_muk_kw01_bing_00100.jpg,cha_nom_khai_muk_kw01_bing_000004.jpg
cha_nom_khai_muk_kw01_bing_00101.jpg,cha_nom_khai_muk_kw01_bing_000005.jpg
cha_nom_khai_muk_kw01_bing_00102.webp,cha_nom_khai_muk_kw01_bing_000006.webp
cha_nom_khai_muk_kw01_bing_00103.jpg,cha_nom_khai_muk_kw01_bing_000007.jpg
cha_nom_khai_muk_kw01_bing_00104.jpg,cha_nom_khai_muk_kw01_bing_000009.jpg
cha_nom_khai_muk_kw01_bing_00105.jpg,cha_nom_khai_muk_kw01_bing_000010.jpg
cha_nom_khai_muk_kw01_bing_00106.jpg,cha_nom_khai_muk_kw01_bing_000011.jpg
cha_nom_khai_muk_kw01_bing_00107.jpg,cha_nom_khai_muk_kw01_bing_000012.jpg
cha_nom_khai_muk_kw01_bing_00108.jpg,cha_nom_khai_muk_kw01_bing_000013.jpg
cha_nom_khai_muk_kw01_bing_00109.jpg,cha_nom_khai_muk_kw01_bing_000014.jpg
cha_nom_khai_muk_kw01_bing_00110.jpg,cha_nom_khai_muk_kw01_bing_000016.jpg
cha_nom_khai_muk_kw01_bing_00111.jpg,cha_nom_khai_muk_kw01_bing_000017.jpg
cha_nom_khai_muk_kw01_bing_00112.jpg,cha_nom_khai_muk_kw01_bing_000018.jpg
cha_nom_khai_muk_kw01_bing_00113.webp,cha_nom_khai_muk_kw01_bing_000023.webp
cha_nom_khai_muk_kw01_bing_00114.jpg,cha_nom_khai_muk_kw01_bing_000024.jpg
cha_nom_khai_muk_kw01_bing_00115.jpg,cha_nom_khai_muk_kw01_bing_000025.jpg
cha_nom_khai_muk_kw01_bing_00116.jpg,cha_nom_khai_muk_kw01_bing_000026.jpg
cha_nom_khai_muk_kw01_bing_00117.jpg,cha_nom_khai_muk_kw01_bing_000027.jpg
cha_nom_khai_muk_kw01_bing_00118.webp,cha_nom_khai_muk_kw01_bing_000028.webp
cha_nom_khai_muk_kw01_bing_00119.jpg,cha_nom_khai_muk_kw01_bing_000031.jpg
cha_nom_khai_muk_kw01_bing_00120.jpg,cha_nom_khai_muk_kw01_bing_000032.jpg
cha_nom_khai_muk_kw01_bing_00121.jpg,cha_nom_khai_muk_kw01_bing_000033.jpg
cha_nom_khai_muk_kw01_bing_00122.png,cha_nom_khai_muk_kw01_bing_000034.png
cha_nom_khai_muk_kw01_bing_00123.jpg,cha_nom_khai_muk_kw01_bing_000035.jpg
cha_nom_khai_muk_kw01_bing_00124.jpg,cha_nom_khai_muk_kw01_bing_000036.jpg
cha_nom_khai_muk_kw01_bing_00125.jpg,cha_nom_khai_muk_kw01_bing_000038.jpg
cha_nom_khai_muk_kw01_bing_00126.jpg,cha_nom_khai_muk_kw01_bing_000039.jpg
cha_nom_khai_muk_kw01_bing_00127.jpg,cha_nom_khai_muk_kw01_bing_000042.jpg
cha_nom_khai_muk_kw01_bing_00128.jpg,cha_nom_khai_muk_kw01_bing_000044.jpg
cha_nom_khai_muk_kw01_bing_00129.jpg,cha_nom_khai_muk_kw01_bing_000045.jpg
cha_nom_khai_muk_kw01_bing_00130.jpg,cha_nom_khai_muk_kw01_bing_000046.jpg
cha_nom_khai_muk_kw01_bing_00131.jpg,cha_nom_khai_muk_kw01_bing_000047.jpg
cha_nom_khai_muk_kw01_bing_00132.jpg,cha_nom_khai_muk_kw01_bing_000048.jpg
cha_nom_khai_muk_kw01_bing_00133.jpg,cha_nom_khai_muk_kw01_bing_000050.jpg
cha_nom_khai_muk_kw01_bing_00134.jpg,cha_nom_khai_muk_kw01_bing_000051.jpg
cha_nom_khai_muk_kw01_bing_00135.jpg,cha_nom_khai_muk_kw01_bing_000052.jpg
cha_nom_khai_muk_kw01_bing_00136.jpg,cha_nom_khai_muk_kw01_bing_000053.jpg
cha_nom_khai_muk_kw01_bing_00137.jpg,cha_nom_khai_muk_kw01_bing_000055.jpg
cha_nom_khai_muk_kw01_bing_00138.jpg,cha_nom_khai_muk_kw01_bing_000056.jpg
cha_nom_khai_muk_kw01_bing_00139.png,cha_nom_khai_muk_kw01_bing_000058.png
cha_nom_khai_muk_kw01_bing_00140.jpg,cha_nom_khai_muk_kw01_bing_000059.jpg
cha_nom_khai_muk_kw01_bing_00141.jpg,cha_nom_khai_muk_kw01_bing_000060.jpg
cha_nom_khai_muk_kw01_bing_00142.jpg,cha_nom_khai_muk_kw01_bing_000061.jpg
cha_nom_khai_muk_kw01_bing_00143.png,cha_nom_khai_muk_kw01_bing_000062.png
cha_nom_khai_muk_kw01_bing_00144.jpg,cha_nom_khai_muk_kw01_bing_000064.jpg
cha_nom_khai_muk_kw01_bing_00145.jpg,cha_nom_khai_muk_kw01_bing_000065.jpg
cha_nom_khai_muk_kw01_bing_00146.jpg,cha_nom_khai_muk_kw01_bing_000066.jpg
cha_nom_khai_muk_kw01_bing_00147.jpg,cha_nom_khai_muk_kw01_bing_000067.jpg
cha_nom_khai_muk_kw01_bing_00148.jpg,cha_nom_khai_muk_kw01_bing_000068.jpg
cha_nom_khai_muk_kw01_bing_00149.jpg,cha_nom_khai_muk_kw01_bing_000069.jpg
cha_nom_khai_muk_kw01_bing_00150.jpg,cha_nom_khai_muk_kw01_bing_000070.jpg
cha_nom_khai_muk_kw01_bing_00151.jpg,cha_nom_khai_muk_kw01_bing_000071.jpg
cha_nom_khai_muk_kw01_bing_00152.png,cha_nom_khai_muk_kw01_bing_000072.png
cha_nom_khai_muk_kw01_bing_00153.png,cha_nom_khai_muk_kw01_bing_000073.png
cha_nom_khai_muk_kw01_bing_00154.jpg,cha_nom_khai_muk_kw01_bing_000074.jpg
cha_nom_khai_muk_kw01_bing_00155.jpg,cha_nom_khai_muk_kw01_bing_000075.jpg
cha_nom_khai_muk_kw01_bing_00156.jpg,cha_nom_khai_muk_kw01_bing_000076.jpg
cha_nom_khai_muk_kw01_bing_00157.jpg,cha_nom_khai_muk_kw01_bing_000077.jpg
cha_nom_khai_muk_kw01_bing_00158.jpg,cha_nom_khai_muk_kw01_bing_000078.jpg
cha_nom_khai_muk_kw01_bing_00159.jpg,cha_nom_khai_muk_kw01_bing_000080.jpg
cha_nom_khai_muk_kw01_bing_00160.png,cha_nom_khai_muk_kw01_bing_000081.png
cha_nom_khai_muk_kw01_bing_00161.jpg,cha_nom_khai_muk_kw01_bing_000082.jpg
cha_nom_khai_muk_kw01_bing_00162.jpg,cha_nom_khai_muk_kw01_bing_000083.jpg
cha_nom_khai_muk_kw01_bing_00163.jpg,cha_nom_khai_muk_kw01_bing_000084.jpg
cha_nom_khai_muk_kw01_bing_00164.jpg,cha_nom_khai_muk_kw01_bing_000085.jpg
cha_nom_khai_muk_kw01_bing_00165.jpg,cha_nom_khai_muk_kw01_bing_000086.jpg
cha_nom_khai_muk_kw01_bing_00166.jpg,cha_nom_khai_muk_kw01_bing_000088.jpg
cha_nom_khai_muk_kw01_bing_00167.jpg,cha_nom_khai_muk_kw01_bing_000089.jpg
cha_nom_khai_muk_kw01_bing_00168.webp,cha_nom_khai_muk_kw01_bing_000090.webp
cha_nom_khai_muk_kw01_bing_00169.jpg,cha_nom_khai_muk_kw01_bing_000092.jpg
cha_nom_khai_muk_kw01_bing_00170.jpg,cha_nom_khai_muk_kw01_bing_000094.jpg
cha_nom_khai_muk_kw01_bing_00171.webp,cha_nom_khai_muk_kw01_bing_000095.webp
cha_nom_khai_muk_kw01_bing_00172.png,cha_nom_khai_muk_kw01_bing_000097.png
cha_nom_khai_muk_kw01_bing_00173.jpg,cha_nom_khai_muk_kw01_bing_000099.jpg
cha_nom_khai_muk_kw01_bing_00174.jpg,cha_nom_khai_muk_kw01_bing_000100.jpg
cha_nom_khai_muk_kw01_bing_00175.jpg,cha_nom_khai_muk_kw01_bing_000101.jpg
cha_nom_khai_muk_kw01_bing_00176.jpg,cha_nom_khai_muk_kw01_bing_000102.jpg
cha_nom_khai_muk_kw01_bing_00177.jpg,cha_nom_khai_muk_kw01_bing_000104.jpg
cha_nom_khai_muk_kw01_bing_00178.jpg,cha_nom_khai_muk_kw01_bing_000105.jpg
cha_nom_khai_muk_kw01_bing_00179.jpg,cha_nom_khai_muk_kw01_bing_000107.jpg
cha_nom_khai_muk_kw01_bing_00180.jpg,cha_nom_khai_muk_kw01_bing_000108.jpg
cha_nom_khai_muk_kw01_bing_00181.jpg,cha_nom_khai_muk_kw01_bing_000109.jpg
cha_nom_khai_muk_kw01_bing_00182.jpg,cha_nom_khai_muk_kw01_bing_000114.jpg
cha_nom_khai_muk_kw01_bing_00183.jpg,cha_nom_khai_muk_kw01_bing_000115.jpg
cha_nom_khai_muk_kw01_bing_00184.jpg,cha_nom_khai_muk_kw01_bing_000116.jpg
cha_nom_khai_muk_kw01_bing_00185.jpg,cha_nom_khai_muk_kw01_bing_000117.jpg
cha_nom_khai_muk_kw01_bing_00186.jpg,cha_nom_khai_muk_kw01_bing_000118.jpg
cha_nom_khai_muk_kw01_bing_00187.jpg,cha_nom_khai_muk_kw01_bing_000120.jpg
cha_nom_khai_muk_kw01_bing_00188.png,cha_nom_khai_muk_kw01_bing_000121.png
cha_nom_khai_muk_kw01_bing_00189.jpg,cha_nom_khai_muk_kw01_bing_000122.jpg
cha_nom_khai_muk_kw01_bing_00190.jpg,cha_nom_khai_muk_kw01_bing_000123.jpg
cha_nom_khai_muk_kw01_bing_00191.webp,cha_nom_khai_muk_kw01_bing_000124.webp
cha_nom_khai_muk_kw02_bing_00192.jpg,cha_nom_khai_muk_kw02_bing_000000.jpg
cha_nom_khai_muk_kw02_bing_00193.webp,cha_nom_khai_muk_kw02_bing_000001.webp
cha_nom_khai_muk_kw02_bing_00194.webp,cha_nom_khai_muk_kw02_bing_000002.webp
cha_nom_khai_muk_kw02_bing_00195.jpg,cha_nom_khai_muk_kw02_bing_000003.jpg
cha_nom_khai_muk_kw02_bing_00196.jpg,cha_nom_khai_muk_kw02_bing_000004.jpg
cha_nom_khai_muk_kw02_bing_00197.webp,cha_nom_khai_muk_kw02_bing_000005.webp
cha_nom_khai_muk_kw02_bing_00198.jpg,cha_nom_khai_muk_kw02_bing_000006.jpg
cha_nom_khai_muk_kw02_bing_00199.jpg,cha_nom_khai_muk_kw02_bing_000007.jpg
cha_nom_khai_muk_kw02_bing_00200.jpg,cha_nom_khai_muk_kw02_bing_000009.jpg
cha_nom_khai_muk_kw02_bing_00201.jpg,cha_nom_khai_muk_kw02_bing_000010.jpg
cha_nom_khai_muk_kw02_bing_00202.webp,cha_nom_khai_muk_kw02_bing_000012.webp
cha_nom_khai_muk_kw02_bing_00203.jpg,cha_nom_khai_muk_kw02_bing_000013.jpg
cha_nom_khai_muk_kw02_bing_00204.jpg,cha_nom_khai_muk_kw02_bing_000014.jpg
cha_nom_khai_muk_kw02_bing_00205.webp,cha_nom_khai_muk_kw02_bing_000015.webp
cha_nom_khai_muk_kw02_bing_00206.jpg,cha_nom_khai_muk_kw02_bing_000016.jpg
cha_nom_khai_muk_kw02_bing_00207.webp,cha_nom_khai_muk_kw02_bing_000017.webp
cha_nom_khai_muk_kw02_bing_00208.jpg,cha_nom_khai_muk_kw02_bing_000018.jpg
cha_nom_khai_muk_kw02_bing_00209.jpg,cha_nom_khai_muk_kw02_bing_000019.jpg
cha_nom_khai_muk_kw02_bing_00210.webp,cha_nom_khai_muk_kw02_bing_000020.webp
cha_nom_khai_muk_kw02_bing_00211.webp,cha_nom_khai_muk_kw02_bing_000021.webp
cha_nom_khai_muk_kw02_bing_00212.webp,cha_nom_khai_muk_kw02_bing_000022.webp
cha_nom_khai_muk_kw02_bing_00213.png,cha_nom_khai_muk_kw02_bing_000023.png
cha_nom_khai_muk_kw02_bing_00214.jpg,cha_nom_khai_muk_kw02_bing_000024.jpg
cha_nom_khai_muk_kw02_bing_00215.jpg,cha_nom_khai_muk_kw02_bing_000025.jpg
cha_nom_khai_muk_kw02_bing_00216.jpg,cha_nom_khai_muk_kw02_bing_000026.jpg
cha_nom_khai_muk_kw02_bing_00217.webp,cha_nom_khai_muk_kw02_bing_000027.webp
cha_nom_khai_muk_kw02_bing_00218.webp,cha_nom_khai_muk_kw02_bing_000028.webp
cha_nom_khai_muk_kw02_bing_00219.jpg,cha_nom_khai_muk_kw02_bing_000029.jpg
cha_nom_khai_muk_kw02_bing_00220.jpg,cha_nom_khai_muk_kw02_bing_000031.jpg
cha_nom_khai_muk_kw02_bing_00221.jpg,cha_nom_khai_muk_kw02_bing_000032.jpg
cha_nom_khai_muk_kw02_bing_00222.webp,cha_nom_khai_muk_kw02_bing_000034.webp
cha_nom_khai_muk_kw02_bing_00223.jpg,cha_nom_khai_muk_kw02_bing_000036.jpg
cha_nom_khai_muk_kw02_bing_00224.jpg,cha_nom_khai_muk_kw02_bing_000037.jpg
cha_nom_khai_muk_kw02_bing_00225.jpg,cha_nom_khai_muk_kw02_bing_000038.jpg
cha_nom_khai_muk_kw02_bing_00226.jpg,cha_nom_khai_muk_kw02_bing_000039.jpg
cha_nom_khai_muk_kw02_bing_00227.jpg,cha_nom_khai_muk_kw02_bing_000040.jpg
cha_nom_khai_muk_kw02_bing_00228.jpg,cha_nom_khai_muk_kw02_bing_000041.jpg
cha_nom_khai_muk_kw02_bing_00229.jpg,cha_nom_khai_muk_kw02_bing_000042.jpg
cha_nom_khai_muk_kw02_bing_00230.jpg,cha_nom_khai_muk_kw02_bing_000043.jpg
cha_nom_khai_muk_kw02_bing_00231.jpg,cha_nom_khai_muk_kw02_bing_000044.jpg
cha_nom_khai_muk_kw02_bing_00232.jpg,cha_nom_khai_muk_kw02_bing_000045.jpg
cha_nom_khai_muk_kw02_bing_00233.png,cha_nom_khai_muk_kw02_bing_000047.png
cha_nom_khai_muk_kw02_bing_00234.jpg,cha_nom_khai_muk_kw02_bing_000048.jpg
cha_nom_khai_muk_kw02_bing_00235.jpg,cha_nom_khai_muk_kw02_bing_000049.jpg
cha_nom_khai_muk_kw02_bing_00236.jpg,cha_nom_khai_muk_kw02_bing_000050.jpg
cha_nom_khai_muk_kw02_bing_00237.jpg,cha_nom_khai_muk_kw02_bing_000051.jpg
cha_nom_khai_muk_kw02_bing_00238.jpg,cha_nom_khai_muk_kw02_bing_000052.jpg
cha_nom_khai_muk_kw02_bing_00239.jpg,cha_nom_khai_muk_kw02_bing_000053.jpg
cha_nom_khai_muk_kw02_bing_00240.jpg,cha_nom_khai_muk_kw02_bing_000054.jpg
cha_nom_khai_muk_kw02_bing_00241.jpg,cha_nom_khai_muk_kw02_bing_000057.jpg
cha_nom_khai_muk_kw02_bing_00242.jpg,cha_nom_khai_muk_kw02_bing_000058.jpg
cha_nom_khai_muk_kw02_bing_00243.jpg,cha_nom_khai_muk_kw02_bing_000059.jpg
cha_nom_khai_muk_kw02_bing_00244.jpg,cha_nom_khai_muk_kw02_bing_000060.jpg
cha_nom_khai_muk_kw02_bing_00245.jpg,cha_nom_khai_muk_kw02_bing_000061.jpg
cha_nom_khai_muk_kw02_bing_00246.jpg,cha_nom_khai_muk_kw02_bing_000062.jpg
cha_nom_khai_muk_kw02_bing_00247.png,cha_nom_khai_muk_kw02_bing_000063.png
cha_nom_khai_muk_kw02_bing_00248.jpg,cha_nom_khai_muk_kw02_bing_000064.jpg
cha_nom_khai_muk_kw02_bing_00249.jpg,cha_nom_khai_muk_kw02_bing_000065.jpg
cha_nom_khai_muk_kw02_bing_00250.jpg,cha_nom_khai_muk_kw02_bing_000066.jpg
cha_nom_khai_muk_kw02_bing_00251.jpg,cha_nom_khai_muk_kw02_bing_000067.jpg
cha_nom_khai_muk_kw02_bing_00252.jpg,cha_nom_khai_muk_kw02_bing_000068.jpg
cha_nom_khai_muk_kw02_bing_00253.jpg,cha_nom_khai_muk_kw02_bing_000069.jpg
cha_nom_khai_muk_kw02_bing_00254.jpg,cha_nom_khai_muk_kw02_bing_000070.jpg
cha_nom_khai_muk_kw02_bing_00255.jpg,cha_nom_khai_muk_kw02_bing_000071.jpg
cha_nom_khai_muk_kw02_bing_00256.jpg,cha_nom_khai_muk_kw02_bing_000072.jpg
cha_nom_khai_muk_kw02_bing_00257.jpg,cha_nom_khai_muk_kw02_bing_000073.jpg
cha_nom_khai_muk_kw02_bing_00258.jpg,cha_nom_khai_muk_kw02_bing_000074.jpg
cha_nom_khai_muk_kw02_bing_00259.jpg,cha_nom_khai_muk_kw02_bing_000075.jpg
cha_nom_khai_muk_kw02_bing_00260.jpg,cha_nom_khai_muk_kw02_bing_000076.jpg
cha_nom_khai_muk_kw02_bing_00261.jpg,cha_nom_khai_muk_kw02_bing_000077.jpg
cha_nom_khai_muk_kw02_bing_00262.webp,cha_nom_khai_muk_kw02_bing_000078.webp
cha_nom_khai_muk_kw02_bing_00263.jpg,cha_nom_khai_muk_kw02_bing_000079.jpg
cha_nom_khai_muk_kw02_bing_00264.jpg,cha_nom_khai_muk_kw02_bing_000080.jpg
cha_nom_khai_muk_kw02_bing_00265.webp,cha_nom_khai_muk_kw02_bing_000081.webp
cha_nom_khai_muk_kw02_bing_00266.jpg,cha_nom_khai_muk_kw02_bing_000082.jpg
cha_nom_khai_muk_kw02_bing_00267.jpg,cha_nom_khai_muk_kw02_bing_000083.jpg
cha_nom_khai_muk_kw02_bing_00268.jpg,cha_nom_khai_muk_kw02_bing_000084.jpg
cha_nom_khai_muk_kw02_bing_00269.png,cha_nom_khai_muk_kw02_bing_000085.png
cha_nom_khai_muk_kw02_bing_00270.jpg,cha_nom_khai_muk_kw02_bing_000086.jpg
cha_nom_khai_muk_kw02_bing_00271.webp,cha_nom_khai_muk_kw02_bing_000087.webp
cha_nom_khai_muk_kw02_bing_00272.jpg,cha_nom_khai_muk_kw02_bing_000088.jpg
cha_nom_khai_muk_kw02_bing_00273.jpg,cha_nom_khai_muk_kw02_bing_000089.jpg
cha_nom_khai_muk_kw02_bing_00274.jpg,cha_nom_khai_muk_kw02_bing_000090.jpg
cha_nom_khai_muk_kw02_bing_00275.jpg,cha_nom_khai_muk_kw02_bing_000091.jpg
cha_nom_khai_muk_kw02_bing_00276.jpg,cha_nom_khai_muk_kw02_bing_000092.jpg
cha_nom_khai_muk_kw02_bing_00277.jpg,cha_nom_khai_muk_kw02_bing_000093.jpg
cha_nom_khai_muk_kw02_bing_00278.jpg,cha_nom_khai_muk_kw02_bing_000094.jpg
cha_nom_khai_muk_kw02_bing_00279.jpg,cha_nom_khai_muk_kw02_bing_000095.jpg
cha_nom_khai_muk_kw02_bing_00280.jpg,cha_nom_khai_muk_kw02_bing_000096.jpg
cha_nom_khai_muk_kw02_bing_00281.jpg,cha_nom_khai_muk_kw02_bing_000097.jpg
cha_nom_khai_muk_kw02_bing_00282.jpg,cha_nom_khai_muk_kw02_bing_000098.jpg
cha_nom_khai_muk_kw02_bing_00283.jpg,cha_nom_khai_muk_kw02_bing_000099.jpg
cha_nom_khai_muk_kw02_bing_00284.jpg,cha_nom_khai_muk_kw02_bing_000101.jpg
cha_nom_khai_muk_kw02_bing_00285.jpg,cha_nom_khai_muk_kw02_bing_000102.jpg
cha_nom_khai_muk_kw02_bing_00286.jpg,cha_nom_khai_muk_kw02_bing_000107.jpg
cha_nom_khai_muk_kw02_bing_00287.jpg,cha_nom_khai_muk_kw02_bing_000108.jpg
cha_nom_khai_muk_kw02_bing_00288.jpg,cha_nom_khai_muk_kw02_bing_000110.jpg
cha_nom_khai_muk_kw02_bing_00289.jpg,cha_nom_khai_muk_kw02_bing_000111.jpg
cha_nom_khai_muk_kw02_bing_00290.jpg,cha_nom_khai_muk_kw02_bing_000117.jpg
cha_nom_khai_muk_kw02_bing_00291.jpg,cha_nom_khai_muk_kw02_bing_000118.jpg
cha_nom_khai_muk_kw03_bing_00292.png,cha_nom_khai_muk_kw03_bing_000000.png
cha_nom_khai_muk_kw03_bing_00293.jpg,cha_nom_khai_muk_kw03_bing_000001.jpg
cha_nom_khai_muk_kw03_bing_00294.jpg,cha_nom_khai_muk_kw03_bing_000002.jpg
cha_nom_khai_muk_kw03_bing_00295.png,cha_nom_khai_muk_kw03_bing_000003.png
cha_nom_khai_muk_kw03_bing_00296.jpg,cha_nom_khai_muk_kw03_bing_000004.jpg
cha_nom_khai_muk_kw03_bing_00297.jpg,cha_nom_khai_muk_kw03_bing_000005.jpg
cha_nom_khai_muk_kw03_bing_00298.jpg,cha_nom_khai_muk_kw03_bing_000006.jpg
cha_nom_khai_muk_kw03_bing_00299.jpg,cha_nom_khai_muk_kw03_bing_000007.jpg
cha_nom_khai_muk_kw03_bing_00300.png,cha_nom_khai_muk_kw03_bing_000008.png
cha_nom_khai_muk_kw03_bing_00301.jpg,cha_nom_khai_muk_kw03_bing_000009.jpg
cha_nom_khai_muk_kw03_bing_00302.jpg,cha_nom_khai_muk_kw03_bing_000010.jpg
cha_nom_khai_muk_kw03_bing_00303.jpg,cha_nom_khai_muk_kw03_bing_000011.jpg
cha_nom_khai_muk_kw03_bing_00304.png,cha_nom_khai_muk_kw03_bing_000012.png
cha_nom_khai_muk_kw03_bing_00305.png,cha_nom_khai_muk_kw03_bing_000013.png
cha_nom_khai_muk_kw03_bing_00306.jpg,cha_nom_khai_muk_kw03_bing_000014.jpg
cha_nom_khai_muk_kw03_bing_00307.jpg,cha_nom_khai_muk_kw03_bing_000015.jpg
cha_nom_khai_muk_kw03_bing_00308.jpg,cha_nom_khai_muk_kw03_bing_000016.jpg
cha_nom_khai_muk_kw03_bing_00309.webp,cha_nom_khai_muk_kw03_bing_000017.webp
cha_nom_khai_muk_kw03_bing_00310.jpg,cha_nom_khai_muk_kw03_bing_000018.jpg
cha_nom_khai_muk_kw03_bing_00311.png,cha_nom_khai_muk_kw03_bing_000019.png
cha_nom_khai_muk_kw03_bing_00312.jpg,cha_nom_khai_muk_kw03_bing_000020.jpg
cha_nom_khai_muk_kw03_bing_00313.jpg,cha_nom_khai_muk_kw03_bing_000021.jpg
cha_nom_khai_muk_kw03_bing_00314.jpg,cha_nom_khai_muk_kw03_bing_000022.jpg
cha_nom_khai_muk_kw03_bing_00315.jpg,cha_nom_khai_muk_kw03_bing_000023.jpg
cha_nom_khai_muk_kw03_bing_00316.jpg,cha_nom_khai_muk_kw03_bing_000024.jpg
cha_nom_khai_muk_kw03_bing_00317.jpg,cha_nom_khai_muk_kw03_bing_000027.jpg
cha_nom_khai_muk_kw03_bing_00318.jpg,cha_nom_khai_muk_kw03_bing_000028.jpg
cha_nom_khai_muk_kw03_bing_00319.jpg,cha_nom_khai_muk_kw03_bing_000029.jpg
cha_nom_khai_muk_kw03_bing_00320.png,cha_nom_khai_muk_kw03_bing_000030.png
cha_nom_khai_muk_kw03_bing_00321.jpg,cha_nom_khai_muk_kw03_bing_000032.jpg
cha_nom_khai_muk_kw03_bing_00322.jpg,cha_nom_khai_muk_kw03_bing_000033.jpg
cha_nom_khai_muk_kw03_bing_00323.jpg,cha_nom_khai_muk_kw03_bing_000034.jpg
cha_nom_khai_muk_kw03_bing_00324.jpg,cha_nom_khai_muk_kw03_bing_000035.jpg
cha_nom_khai_muk_kw03_bing_00325.jpg,cha_nom_khai_muk_kw03_bing_000036.jpg
cha_nom_khai_muk_kw03_bing_00326.png,cha_nom_khai_muk_kw03_bing_000037.png
cha_nom_khai_muk_kw03_bing_00327.jpg,cha_nom_khai_muk_kw03_bing_000038.jpg
cha_nom_khai_muk_kw03_bing_00328.jpg,cha_nom_khai_muk_kw03_bing_000039.jpg
cha_nom_khai_muk_kw03_bing_00329.jpg,cha_nom_khai_muk_kw03_bing_000040.jpg
cha_nom_khai_muk_kw03_bing_00330.jpg,cha_nom_khai_muk_kw03_bing_000041.jpg
cha_nom_khai_muk_kw03_bing_00331.jpg,cha_nom_khai_muk_kw03_bing_000042.jpg
cha_nom_khai_muk_kw03_bing_00332.jpg,cha_nom_khai_muk_kw03_bing_000043.jpg
cha_nom_khai_muk_kw03_bing_00333.jpg,cha_nom_khai_muk_kw03_bing_000044.jpg
cha_nom_khai_muk_kw03_bing_00334.png,cha_nom_khai_muk_kw03_bing_000045.png
cha_nom_khai_muk_kw03_bing_00335.jpg,cha_nom_khai_muk_kw03_bing_000046.jpg
cha_nom_khai_muk_kw03_bing_00336.png,cha_nom_khai_muk_kw03_bing_000047.png
cha_nom_khai_muk_kw03_bing_00337.jpg,cha_nom_khai_muk_kw03_bing_000048.jpg
cha_nom_khai_muk_kw03_bing_00338.jpg,cha_nom_khai_muk_kw03_bing_000049.jpg
cha_nom_khai_muk_kw03_bing_00339.jpg,cha_nom_khai_muk_kw03_bing_000050.jpg
cha_nom_khai_muk_kw03_bing_00340.jpg,cha_nom_khai_muk_kw03_bing_000052.jpg
cha_nom_khai_muk_kw03_bing_00341.jpg,cha_nom_khai_muk_kw03_bing_000053.jpg
cha_nom_khai_muk_kw03_bing_00342.jpg,cha_nom_khai_muk_kw03_bing_000054.jpg
cha_nom_khai_muk_kw03_bing_00343.jpg,cha_nom_khai_muk_kw03_bing_000055.jpg
cha_nom_khai_muk_kw03_bing_00344.jpg,cha_nom_khai_muk_kw03_bing_000056.jpg
cha_nom_khai_muk_kw03_bing_00345.jpg,cha_nom_khai_muk_kw03_bing_000057.jpg
cha_nom_khai_muk_kw03_bing_00346.jpg,cha_nom_khai_muk_kw03_bing_000058.jpg
cha_nom_khai_muk_kw03_bing_00347.jpg,cha_nom_khai_muk_kw03_bing_000059.jpg
cha_nom_khai_muk_kw03_bing_00348.jpg,cha_nom_khai_muk_kw03_bing_000060.jpg
cha_nom_khai_muk_kw03_bing_00349.jpg,cha_nom_khai_muk_kw03_bing_000061.jpg
cha_nom_khai_muk_kw03_bing_00350.jpg,cha_nom_khai_muk_kw03_bing_000062.jpg
cha_nom_khai_muk_kw03_bing_00351.jpg,cha_nom_khai_muk_kw03_bing_000063.jpg
cha_nom_khai_muk_kw03_bing_00352.jpg,cha_nom_khai_muk_kw03_bing_000064.jpg
cha_nom_khai_muk_kw03_bing_00353.jpg,cha_nom_khai_muk_kw03_bing_000065.jpg
cha_nom_khai_muk_kw03_bing_00354.jpg,cha_nom_khai_muk_kw03_bing_000066.jpg
cha_nom_khai_muk_kw03_bing_00355.jpg,cha_nom_khai_muk_kw03_bing_000068.jpg
cha_nom_khai_muk_kw03_bing_00356.jpg,cha_nom_khai_muk_kw03_bing_000069.jpg
cha_nom_khai_muk_kw03_bing_00357.jpg,cha_nom_khai_muk_kw03_bing_000070.jpg
cha_nom_khai_muk_kw03_bing_00358.jpg,cha_nom_khai_muk_kw03_bing_000071.jpg
cha_nom_khai_muk_kw03_bing_00359.jpg,cha_nom_khai_muk_kw03_bing_000072.jpg
cha_nom_khai_muk_kw03_bing_00360.jpg,cha_nom_khai_muk_kw03_bing_000073.jpg
cha_nom_khai_muk_kw03_bing_00361.jpg,cha_nom_khai_muk_kw03_bing_000074.jpg
cha_nom_khai_muk_kw03_bing_00362.jpg,cha_nom_khai_muk_kw03_bing_000075.jpg
cha_nom_khai_muk_kw03_bing_00363.jpg,cha_nom_khai_muk_kw03_bing_000076.jpg
cha_nom_khai_muk_kw03_bing_00364.jpg,cha_nom_khai_muk_kw03_bing_000077.jpg
cha_nom_khai_muk_kw03_bing_00365.jpg,cha_nom_khai_muk_kw03_bing_000078.jpg
cha_nom_khai_muk_kw03_bing_00366.jpg,cha_nom_khai_muk_kw03_bing_000084.jpg
cha_nom_khai_muk_kw03_bing_00367.jpg,cha_nom_khai_muk_kw03_bing_000085.jpg
cha_nom_khai_muk_kw03_bing_00368.jpg,cha_nom_khai_muk_kw03_bing_000086.jpg
cha_nom_khai_muk_kw03_bing_00369.jpg,cha_nom_khai_muk_kw03_bing_000087.jpg
cha_nom_khai_muk_kw03_bing_00370.jpg,cha_nom_khai_muk_kw03_bing_000088.jpg
cha_nom_khai_muk_kw03_bing_00371.webp,cha_nom_khai_muk_kw03_bing_000089.webp
cha_nom_khai_muk_kw03_bing_00372.jpg,cha_nom_khai_muk_kw03_bing_000090.jpg
cha_nom_khai_muk_kw03_bing_00373.jpg,cha_nom_khai_muk_kw03_bing_000091.jpg
cha_nom_khai_muk_kw03_bing_00374.jpg,cha_nom_khai_muk_kw03_bing_000093.jpg
cha_nom_khai_muk_kw03_bing_00375.jpg,cha_nom_khai_muk_kw03_bing_000096.jpg
cha_nom_khai_muk_kw03_bing_00376.jpg,cha_nom_khai_muk_kw03_bing_000098.jpg
cha_nom_khai_muk_kw03_bing_00377.webp,cha_nom_khai_muk_kw03_bing_000099.webp
cha_nom_khai_muk_kw03_bing_00378.jpg,cha_nom_khai_muk_kw03_bing_000104.jpg
cha_nom_khai_muk_kw03_bing_00379.jpg,cha_nom_khai_muk_kw03_bing_000106.jpg
cha_nom_khai_muk_kw03_bing_00380.jpg,cha_nom_khai_muk_kw03_bing_000107.jpg
cha_nom_khai_muk_kw03_bing_00381.jpg,cha_nom_khai_muk_kw03_bing_000109.jpg
cha_nom_khai_muk_kw03_bing_00382.jpg,cha_nom_khai_muk_kw03_bing_000110.jpg
cha_nom_khai_muk_kw03_bing_00383.webp,cha_nom_khai_muk_kw03_bing_000111.webp
cha_nom_khai_muk_kw03_bing_00384.jpg,cha_nom_khai_muk_kw03_bing_000115.jpg
cha_nom_khai_muk_kw03_bing_00385.webp,cha_nom_khai_muk_kw03_bing_000118.webp
cha_nom_khai_muk_kw03_bing_00386.jpg,cha_nom_khai_muk_kw03_bing_000119.jpg
cha_nom_khai_muk_kw03_bing_00387.webp,cha_nom_khai_muk_kw03_bing_000120.webp
cha_nom_khai_muk_kw03_bing_00388.jpg,cha_nom_khai_muk_kw03_bing_000124.jpg
cha_nom_khai_muk_kw03_bing_00389.webp,cha_nom_khai_muk_kw03_bing_000125.webp
cha_nom_khai_muk_kw03_bing_00390.png,cha_nom_khai_muk_kw03_bing_000126.png
cha_nom_khai_muk_kw03_bing_00391.png,cha_nom_khai_muk_kw03_bing_000127.png
cha_nom_khai_muk_kw03_baidu_00392.jpg,cha_nom_khai_muk_kw03_baidu_000001.jpg
cha_nom_khai_muk_kw03_baidu_00393.jpg,cha_nom_khai_muk_kw03_baidu_000002.jpg
cha_nom_khai_muk_kw03_baidu_00394.jpg,cha_nom_khai_muk_kw03_baidu_000003.jpg
cha_nom_khai_muk_kw03_baidu_00395.jpg,cha_nom_khai_muk_kw03_baidu_000004.jpg
cha_nom_khai_muk_kw03_baidu_00396.jpg,cha_nom_khai_muk_kw03_baidu_000005.jpg
cha_nom_khai_muk_kw03_baidu_00397.jpg,cha_nom_khai_muk_kw03_baidu_000006.jpg
cha_nom_khai_muk_kw03_baidu_00398.jpg,cha_nom_khai_muk_kw03_baidu_000007.jpg
cha_nom_khai_muk_kw03_baidu_00399.jpg,cha_nom_khai_muk_kw03_baidu_000008.jpg
cha_nom_khai_muk_kw03_baidu_00400.jpg,cha_nom_khai_muk_kw03_baidu_000009.jpg
cha_nom_khai_muk_kw03_baidu_00401.jpg,cha_nom_khai_muk_kw03_baidu_000010.jpg
cha_nom_khai_muk_kw03_baidu_00402.jpg,cha_nom_khai_muk_kw03_baidu_000011.jpg
cha_nom_khai_muk_kw03_baidu_00403.jpg,cha_nom_khai_muk_kw03_baidu_000012.jpg
cha_nom_khai_muk_kw03_baidu_00404.jpg,cha_nom_khai_muk_kw03_baidu_000013.jpg
cha_nom_khai_muk_kw03_baidu_00405.jpg,cha_nom_khai_muk_kw03_baidu_000014.jpg
cha_nom_khai_muk_kw03_baidu_00406.jpg,cha_nom_khai_muk_kw03_baidu_000015.jpg
cha_nom_khai_muk_kw03_baidu_00407.jpg,cha_nom_khai_muk_kw03_baidu_000016.jpg
cha_nom_khai_muk_kw03_baidu_00408.jpg,cha_nom_khai_muk_kw03_baidu_000017.jpg
cha_nom_khai_muk_kw03_baidu_00409.jpg,cha_nom_khai_muk_kw03_baidu_000018.jpg
cha_nom_khai_muk_kw03_baidu_00410.jpg,cha_nom_khai_muk_kw03_baidu_000019.jpg
cha_nom_khai_muk_kw03_baidu_00411.jpg,cha_nom_khai_muk_kw03_baidu_000020.jpg
cha_nom_khai_muk_kw03_baidu_00412.jpg,cha_nom_khai_muk_kw03_baidu_000021.jpg
cha_nom_khai_muk_kw03_baidu_00413.jpg,cha_nom_khai_muk_kw03_baidu_000022.jpg
cha_nom_khai_muk_kw03_baidu_00414.jpg,cha_nom_khai_muk_kw03_baidu_000023.jpg
cha_nom_khai_muk_kw03_baidu_00415.jpg,cha_nom_khai_muk_kw03_baidu_000024.jpg
cha_nom_khai_muk_kw03_baidu_00416.jpg,cha_nom_khai_muk_kw03_baidu_000025.jpg
cha_nom_khai_muk_kw03_baidu_00417.jpg,cha_nom_khai_muk_kw03_baidu_000026.jpg
cha_nom_khai_muk_kw03_baidu_00418.jpg,cha_nom_khai_muk_kw03_baidu_000027.jpg
cha_nom_khai_muk_kw03_baidu_00419.jpg,cha_nom_khai_muk_kw03_baidu_000028.jpg
cha_nom_khai_muk_kw03_baidu_00420.jpg,cha_nom_khai_muk_kw03_baidu_000029.jpg
cha_nom_khai_muk_kw03_baidu_00421.jpg,cha_nom_khai_muk_kw03_baidu_000030.jpg
cha_nom_khai_muk_kw03_baidu_00422.png,cha_nom_khai_muk_kw03_baidu_000031.png
cha_nom_khai_muk_kw03_baidu_00423.jpg,cha_nom_khai_muk_kw03_baidu_000032.jpg
cha_nom_khai_muk_kw03_baidu_00424.jpg,cha_nom_khai_muk_kw03_baidu_000033.jpg
cha_nom_khai_muk_kw03_baidu_00425.jpg,cha_nom_khai_muk_kw03_baidu_000034.jpg
cha_nom_khai_muk_kw03_baidu_00426.jpg,cha_nom_khai_muk_kw03_baidu_000035.jpg
cha_nom_khai_muk_kw03_baidu_00427.jpg,cha_nom_khai_muk_kw03_baidu_000036.jpg
cha_nom_khai_muk_kw03_baidu_00428.jpg,cha_nom_khai_muk_kw03_baidu_000037.jpg
cha_nom_khai_muk_kw03_baidu_00429.jpg,cha_nom_khai_muk_kw03_baidu_000038.jpg
cha_nom_khai_muk_kw03_baidu_00430.jpg,cha_nom_khai_muk_kw03_baidu_000039.jpg
cha_nom_khai_muk_kw03_baidu_00431.jpg,cha_nom_khai_muk_kw03_baidu_000040.jpg
cha_nom_khai_muk_kw03_baidu_00432.jpg,cha_nom_khai_muk_kw03_baidu_000041.jpg
cha_nom_khai_muk_kw03_baidu_00433.jpg,cha_nom_khai_muk_kw03_baidu_000042.jpg
cha_nom_khai_muk_kw03_baidu_00434.jpg,cha_nom_khai_muk_kw03_baidu_000043.jpg
cha_nom_khai_muk_kw03_baidu_00435.jpg,cha_nom_khai_muk_kw03_baidu_000044.jpg
cha_nom_khai_muk_kw03_baidu_00436.jpg,cha_nom_khai_muk_kw03_baidu_000045.jpg
cha_nom_khai_muk_kw03_baidu_00437.jpg,cha_nom_khai_muk_kw03_baidu_000046.jpg
cha_nom_khai_muk_kw03_baidu_00438.jpg,cha_nom_khai_muk_kw03_baidu_000047.jpg
cha_nom_khai_muk_kw03_baidu_00439.jpg,cha_nom_khai_muk_kw03_baidu_000048.jpg
cha_nom_khai_muk_kw03_baidu_00440.jpg,cha_nom_khai_muk_kw03_baidu_000049.jpg
cha_nom_khai_muk_kw03_baidu_00441.jpg,cha_nom_khai_muk_kw03_baidu_000050.jpg
cha_nom_khai_muk_kw03_baidu_00442.jpg,cha_nom_khai_muk_kw03_baidu_000051.jpg
cha_nom_khai_muk_kw03_baidu_00443.jpg,cha_nom_khai_muk_kw03_baidu_000052.jpg
cha_nom_khai_muk_kw03_baidu_00444.jpg,cha_nom_khai_muk_kw03_baidu_000053.jpg
cha_nom_khai_muk_kw04_bing_00445.jpg,cha_nom_khai_muk_kw04_bing_000000.jpg
cha_nom_khai_muk_kw04_bing_00446.jpg,cha_nom_khai_muk_kw04_bing_000001.jpg
cha_nom_khai_muk_kw04_bing_00447.jpg,cha_nom_khai_muk_kw04_bing_000002.jpg
cha_nom_khai_muk_kw04_bing_00448.webp,cha_nom_khai_muk_kw04_bing_000003.webp
cha_nom_khai_muk_kw04_bing_00449.jpg,cha_nom_khai_muk_kw04_bing_000004.jpg
cha_nom_khai_muk_kw04_bing_00450.jpg,cha_nom_khai_muk_kw04_bing_000005.jpg
cha_nom_khai_muk_kw04_bing_00451.webp,cha_nom_khai_muk_kw04_bing_000006.webp
cha_nom_khai_muk_kw04_bing_00452.jpg,cha_nom_khai_muk_kw04_bing_000007.jpg
cha_nom_khai_muk_kw04_bing_00453.jpg,cha_nom_khai_muk_kw04_bing_000008.jpg
cha_nom_khai_muk_kw04_bing_00454.jpg,cha_nom_khai_muk_kw04_bing_000009.jpg
cha_nom_khai_muk_kw04_bing_00455.jpg,cha_nom_khai_muk_kw04_bing_000010.jpg
cha_nom_khai_muk_kw04_bing_00456.jpg,cha_nom_khai_muk_kw04_bing_000011.jpg
cha_nom_khai_muk_kw04_bing_00457.jpg,cha_nom_khai_muk_kw04_bing_000012.jpg
cha_nom_khai_muk_kw04_bing_00458.jpg,cha_nom_khai_muk_kw04_bing_000013.jpg
cha_nom_khai_muk_kw04_bing_00459.jpg,cha_nom_khai_muk_kw04_bing_000014.jpg
cha_nom_khai_muk_kw04_bing_00460.png,cha_nom_khai_muk_kw04_bing_000015.png
cha_nom_khai_muk_kw04_bing_00461.jpg,cha_nom_khai_muk_kw04_bing_000016.jpg
cha_nom_khai_muk_kw04_bing_00462.jpg,cha_nom_khai_muk_kw04_bing_000017.jpg
cha_nom_khai_muk_kw04_bing_00463.jpg,cha_nom_khai_muk_kw04_bing_000019.jpg
cha_nom_khai_muk_kw04_bing_00464.jpg,cha_nom_khai_muk_kw04_bing_000020.jpg
cha_nom_khai_muk_kw04_bing_00465.webp,cha_nom_khai_muk_kw04_bing_000021.webp
cha_nom_khai_muk_kw04_bing_00466.webp,cha_nom_khai_muk_kw04_bing_000022.webp
cha_nom_khai_muk_kw04_bing_00467.jpg,cha_nom_khai_muk_kw04_bing_000023.jpg
cha_nom_khai_muk_kw04_bing_00468.jpg,cha_nom_khai_muk_kw04_bing_000024.jpg
cha_nom_khai_muk_kw04_bing_00469.jpg,cha_nom_khai_muk_kw04_bing_000025.jpg
cha_nom_khai_muk_kw04_bing_00470.jpg,cha_nom_khai_muk_kw04_bing_000026.jpg
cha_nom_khai_muk_kw04_bing_00471.jpg,cha_nom_khai_muk_kw04_bing_000027.jpg
cha_nom_khai_muk_kw04_bing_00472.jpg,cha_nom_khai_muk_kw04_bing_000028.jpg
cha_nom_khai_muk_kw04_bing_00473.jpg,cha_nom_khai_muk_kw04_bing_000029.jpg
cha_nom_khai_muk_kw04_bing_00474.jpg,cha_nom_khai_muk_kw04_bing_000030.jpg
cha_nom_khai_muk_kw04_bing_00475.jpg,cha_nom_khai_muk_kw04_bing_000031.jpg
cha_nom_khai_muk_kw04_bing_00476.jpg,cha_nom_khai_muk_kw04_bing_000032.jpg
cha_nom_khai_muk_kw04_bing_00477.jpg,cha_nom_khai_muk_kw04_bing_000033.jpg
cha_nom_khai_muk_kw04_bing_00478.jpg,cha_nom_khai_muk_kw04_bing_000034.jpg
cha_nom_khai_muk_kw04_bing_00479.jpg,cha_nom_khai_muk_kw04_bing_000035.jpg
cha_nom_khai_muk_kw04_bing_00480.webp,cha_nom_khai_muk_kw04_bing_000036.webp
cha_nom_khai_muk_kw04_bing_00481.jpg,cha_nom_khai_muk_kw04_bing_000037.jpg
cha_nom_khai_muk_kw04_bing_00482.jpg,cha_nom_khai_muk_kw04_bing_000038.jpg
cha_nom_khai_muk_kw04_bing_00483.jpg,cha_nom_khai_muk_kw04_bing_000040.jpg
cha_nom_khai_muk_kw04_bing_00484.jpg,cha_nom_khai_muk_kw04_bing_000041.jpg
cha_nom_khai_muk_kw04_bing_00485.jpg,cha_nom_khai_muk_kw04_bing_000042.jpg
cha_nom_khai_muk_kw04_bing_00486.jpg,cha_nom_khai_muk_kw04_bing_000043.jpg
cha_nom_khai_muk_kw04_bing_00487.png,cha_nom_khai_muk_kw04_bing_000044.png
cha_nom_khai_muk_kw04_bing_00488.jpg,cha_nom_khai_muk_kw04_bing_000045.jpg
cha_nom_khai_muk_kw04_bing_00489.webp,cha_nom_khai_muk_kw04_bing_000046.webp
cha_nom_khai_muk_kw04_bing_00490.jpg,cha_nom_khai_muk_kw04_bing_000047.jpg
cha_nom_khai_muk_kw04_bing_00491.jpg,cha_nom_khai_muk_kw04_bing_000048.jpg
cha_nom_khai_muk_kw04_bing_00492.jpg,cha_nom_khai_muk_kw04_bing_000049.jpg
cha_nom_khai_muk_kw04_bing_00493.jpg,cha_nom_khai_muk_kw04_bing_000050.jpg
cha_nom_khai_muk_kw04_bing_00494.jpg,cha_nom_khai_muk_kw04_bing_000051.jpg
cha_nom_khai_muk_kw04_bing_00495.jpg,cha_nom_khai_muk_kw04_bing_000052.jpg
cha_nom_khai_muk_kw04_bing_00496.jpg,cha_nom_khai_muk_kw04_bing_000053.jpg
cha_nom_khai_muk_kw04_bing_00497.webp,cha_nom_khai_muk_kw04_bing_000054.webp
cha_nom_khai_muk_kw04_bing_00498.jpg,cha_nom_khai_muk_kw04_bing_000055.jpg
cha_nom_khai_muk_kw04_bing_00499.jpg,cha_nom_khai_muk_kw04_bing_000056.jpg
cha_nom_khai_muk_kw04_bing_00500.jpg,cha_nom_khai_muk_kw04_bing_000057.jpg
cha_nom_khai_muk_kw04_bing_00501.jpg,cha_nom_khai_muk_kw04_bing_000058.jpg
cha_nom_khai_muk_kw04_bing_00502.jpg,cha_nom_khai_muk_kw04_bing_000059.jpg
cha_nom_khai_muk_kw04_bing_00503.jpg,cha_nom_khai_muk_kw04_bing_000060.jpg
cha_nom_khai_muk_kw04_bing_00504.png,cha_nom_khai_muk_kw04_bing_000061.png
cha_nom_khai_muk_kw04_bing_00505.jpg,cha_nom_khai_muk_kw04_bing_000062.jpg
cha_nom_khai_muk_kw04_bing_00506.jpg,cha_nom_khai_muk_kw04_bing_000063.jpg
cha_nom_khai_muk_kw04_bing_00507.jpg,cha_nom_khai_muk_kw04_bing_000064.jpg
cha_nom_khai_muk_kw04_bing_00508.jpg,cha_nom_khai_muk_kw04_bing_000065.jpg
cha_nom_khai_muk_kw04_bing_00509.jpg,cha_nom_khai_muk_kw04_bing_000066.jpg
cha_nom_khai_muk_kw04_bing_00510.jpg,cha_nom_khai_muk_kw04_bing_000068.jpg
cha_nom_khai_muk_kw04_bing_00511.webp,cha_nom_khai_muk_kw04_bing_000069.webp
cha_nom_khai_muk_kw04_bing_00512.jpg,cha_nom_khai_muk_kw04_bing_000070.jpg
cha_nom_khai_muk_kw04_bing_00513.jpg,cha_nom_khai_muk_kw04_bing_000071.jpg
cha_nom_khai_muk_kw04_bing_00514.jpg,cha_nom_khai_muk_kw04_bing_000072.jpg
cha_nom_khai_muk_kw04_bing_00515.jpg,cha_nom_khai_muk_kw04_bing_000073.jpg
cha_nom_khai_muk_kw04_bing_00516.jpg,cha_nom_khai_muk_kw04_bing_000074.jpg
cha_nom_khai_muk_kw04_bing_00517.jpg,cha_nom_khai_muk_kw04_bing_000075.jpg
cha_nom_khai_muk_kw04_bing_00518.jpg,cha_nom_khai_muk_kw04_bing_000076.jpg
cha_nom_khai_muk_kw04_bing_00519.jpg,cha_nom_khai_muk_kw04_bing_000077.jpg
cha_nom_khai_muk_kw04_bing_00520.jpg,cha_nom_khai_muk_kw04_bing_000078.jpg
cha_nom_khai_muk_kw04_bing_00521.png,cha_nom_khai_muk_kw04_bing_000079.png
cha_nom_khai_muk_kw04_bing_00522.jpg,cha_nom_khai_muk_kw04_bing_000080.jpg
cha_nom_khai_muk_kw04_bing_00523.jpg,cha_nom_khai_muk_kw04_bing_000081.jpg
cha_nom_khai_muk_kw04_bing_00524.jpg,cha_nom_khai_muk_kw04_bing_000082.jpg
cha_nom_khai_muk_kw04_bing_00525.jpg,cha_nom_khai_muk_kw04_bing_000083.jpg
cha_nom_khai_muk_kw04_bing_00526.jpg,cha_nom_khai_muk_kw04_bing_000084.jpg
cha_nom_khai_muk_kw04_bing_00527.jpg,cha_nom_khai_muk_kw04_bing_000085.jpg
cha_nom_khai_muk_kw04_bing_00528.jpg,cha_nom_khai_muk_kw04_bing_000086.jpg
cha_nom_khai_muk_kw04_bing_00529.jpg,cha_nom_khai_muk_kw04_bing_000087.jpg
cha_nom_khai_muk_kw04_bing_00530.jpg,cha_nom_khai_muk_kw04_bing_000088.jpg
cha_nom_khai_muk_kw04_bing_00531.png,cha_nom_khai_muk_kw04_bing_000090.png
cha_nom_khai_muk_kw04_bing_00532.jpg,cha_nom_khai_muk_kw04_bing_000091.jpg
cha_nom_khai_muk_kw04_bing_00533.jpg,cha_nom_khai_muk_kw04_bing_000092.jpg
cha_nom_khai_muk_kw04_bing_00534.jpg,cha_nom_khai_muk_kw04_bing_000093.jpg
cha_nom_khai_muk_kw04_bing_00535.jpg,cha_nom_khai_muk_kw04_bing_000094.jpg
cha_nom_khai_muk_kw04_bing_00536.jpg,cha_nom_khai_muk_kw04_bing_000095.jpg
cha_nom_khai_muk_kw04_bing_00537.png,cha_nom_khai_muk_kw04_bing_000096.png
cha_nom_khai_muk_kw04_bing_00538.jpg,cha_nom_khai_muk_kw04_bing_000098.jpg
cha_nom_khai_muk_kw04_bing_00539.jpg,cha_nom_khai_muk_kw04_bing_000099.jpg
cha_nom_khai_muk_kw04_bing_00540.jpg,cha_nom_khai_muk_kw04_bing_000100.jpg
cha_nom_khai_muk_kw04_bing_00541.jpg,cha_nom_khai_muk_kw04_bing_000101.jpg
cha_nom_khai_muk_kw04_bing_00542.jpg,cha_nom_khai_muk_kw04_bing_000102.jpg
cha_nom_khai_muk_kw04_bing_00543.jpg,cha_nom_khai_muk_kw04_bing_000103.jpg
cha_nom_khai_muk_kw04_bing_00544.jpg,cha_nom_khai_muk_kw04_bing_000104.jpg
cha_nom_khai_muk_kw04_baidu_00545.jpg,cha_nom_khai_muk_kw04_baidu_000001.jpg
cha_nom_khai_muk_kw04_baidu_00546.jpg,cha_nom_khai_muk_kw04_baidu_000002.jpg
cha_nom_khai_muk_kw04_baidu_00547.jpg,cha_nom_khai_muk_kw04_baidu_000003.jpg
cha_nom_khai_muk_kw04_baidu_00548.jpg,cha_nom_khai_muk_kw04_baidu_000004.jpg
cha_nom_khai_muk_kw04_baidu_00549.jpg,cha_nom_khai_muk_kw04_baidu_000005.jpg
cha_nom_khai_muk_kw04_baidu_00550.jpg,cha_nom_khai_muk_kw04_baidu_000006.jpg
cha_nom_khai_muk_kw04_baidu_00551.jpg,cha_nom_khai_muk_kw04_baidu_000007.jpg
cha_nom_khai_muk_kw04_baidu_00552.jpg,cha_nom_khai_muk_kw04_baidu_000008.jpg
cha_nom_khai_muk_kw04_baidu_00553.png,cha_nom_khai_muk_kw04_baidu_000009.png
cha_nom_khai_muk_kw04_baidu_00554.jpg,cha_nom_khai_muk_kw04_baidu_000010.jpg
cha_nom_khai_muk_kw04_baidu_00555.jpg,cha_nom_khai_muk_kw04_baidu_000011.jpg
cha_nom_khai_muk_kw04_baidu_00556.jpg,cha_nom_khai_muk_kw04_baidu_000012.jpg
cha_nom_khai_muk_kw04_baidu_00557.jpg,cha_nom_khai_muk_kw04_baidu_000013.jpg
cha_nom_khai_muk_kw04_baidu_00558.jpg,cha_nom_khai_muk_kw04_baidu_000014.jpg
cha_nom_khai_muk_kw04_baidu_00559.jpg,cha_nom_khai_muk_kw04_baidu_000015.jpg
cha_nom_khai_muk_kw04_baidu_00560.png,cha_nom_khai_muk_kw04_baidu_000016.png
cha_nom_khai_muk_kw04_baidu_00561.jpeg,cha_nom_khai_muk_kw04_baidu_000017.jpeg
cha_nom_khai_muk_kw04_baidu_00562.jpg,cha_nom_khai_muk_kw04_baidu_000018.jpg
cha_nom_khai_muk_kw04_baidu_00563.jpg,cha_nom_khai_muk_kw04_baidu_000019.jpg
cha_nom_khai_muk_kw04_baidu_00564.jpg,cha_nom_khai_muk_kw04_baidu_000020.jpg
cha_nom_khai_muk_kw04_baidu_00565.jpeg,cha_nom_khai_muk_kw04_baidu_000021.jpeg
cha_nom_khai_muk_kw04_baidu_00566.jpg,cha_nom_khai_muk_kw04_baidu_000022.jpg
cha_nom_khai_muk_kw04_baidu_00567.jpg,cha_nom_khai_muk_kw04_baidu_000023.jpg
cha_nom_khai_muk_kw04_baidu_00568.jpg,cha_nom_khai_muk_kw04_baidu_000024.jpg
cha_nom_khai_muk_kw04_baidu_00569.jpg,cha_nom_khai_muk_kw04_baidu_000025.jpg
cha_nom_khai_muk_kw04_baidu_00570.jpg,cha_nom_khai_muk_kw04_baidu_000026.jpg
cha_nom_khai_muk_kw04_baidu_00571.jpg,cha_nom_khai_muk_kw04_baidu_000027.jpg
cha_nom_khai_muk_kw04_baidu_00572.jpg,cha_nom_khai_muk_kw04_baidu_000028.jpg
cha_nom_khai_muk_kw04_baidu_00573.jpg,cha_nom_khai_muk_kw04_baidu_000029.jpg
cha_nom_khai_muk_kw04_baidu_00574.jpg,cha_nom_khai_muk_kw04_baidu_000030.jpg
cha_nom_khai_muk_kw04_baidu_00575.jpg,cha_nom_khai_muk_kw04_baidu_000031.jpg
cha_nom_khai_muk_kw04_baidu_00576.jpg,cha_nom_khai_muk_kw04_baidu_000032.jpg
cha_nom_khai_muk_kw04_baidu_00577.jpg,cha_nom_khai_muk_kw04_baidu_000033.jpg
cha_nom_khai_muk_kw04_baidu_00578.jpg,cha_nom_khai_muk_kw04_baidu_000034.jpg
cha_nom_khai_muk_kw04_baidu_00579.jpg,cha_nom_khai_muk_kw04_baidu_000035.jpg
cha_nom_khai_muk_kw04_baidu_00580.jpg,cha_nom_khai_muk_kw04_baidu_000036.jpg
cha_nom_khai_muk_kw04_baidu_00581.jpg,cha_nom_khai_muk_kw04_baidu_000037.jpg
cha_nom_khai_muk_kw04_baidu_00582.jpg,cha_nom_khai_muk_kw04_baidu_000038.jpg
cha_nom_khai_muk_kw04_baidu_00583.jpg,cha_nom_khai_muk_kw04_baidu_000039.jpg
cha_nom_khai_muk_kw04_baidu_00584.jpg,cha_nom_khai_muk_kw04_baidu_000040.jpg
cha_nom_khai_muk_kw04_baidu_00585.jpg,cha_nom_khai_muk_kw04_baidu_000041.jpg
cha_nom_khai_muk_kw04_baidu_00586.jpg,cha_nom_khai_muk_kw04_baidu_000042.jpg
cha_nom_khai_muk_kw04_baidu_00587.jpg,cha_nom_khai_muk_kw04_baidu_000043.jpg
cha_nom_khai_muk_kw04_baidu_00588.jpg,cha_nom_khai_muk_kw04_baidu_000044.jpg
cha_nom_khai_muk_kw04_baidu_00589.jpg,cha_nom_khai_muk_kw04_baidu_000045.jpg
cha_nom_khai_muk_kw04_baidu_00590.jpeg,cha_nom_khai_muk_kw04_baidu_000046.jpeg
cha_nom_khai_muk_kw04_baidu_00591.jpg,cha_nom_khai_muk_kw04_baidu_000047.jpg
cha_nom_khai_muk_kw04_baidu_00592.png,cha_nom_khai_muk_kw04_baidu_000048.png
cha_nom_khai_muk_kw04_baidu_00593.jpg,cha_nom_khai_muk_kw04_baidu_000049.jpg
cha_nom_khai_muk_kw04_baidu_00594.png,cha_nom_khai_muk_kw04_baidu_000050.png
cha_phonlamai_kw00_bing_00000.jpg,cha_phonlamai_kw00_bing_000000.jpg
cha_phonlamai_kw00_bing_00001.webp,cha_phonlamai_kw00_bing_000001.webp
cha_phonlamai_kw00_bing_00002.webp,cha_phonlamai_kw00_bing_000002.webp
cha_phonlamai_kw00_bing_00003.jpg,cha_phonlamai_kw00_bing_000003.jpg
cha_phonlamai_kw00_bing_00004.jpg,cha_phonlamai_kw00_bing_000004.jpg
cha_phonlamai_kw00_bing_00005.jpg,cha_phonlamai_kw00_bing_000005.jpg
cha_phonlamai_kw00_bing_00006.jpg,cha_phonlamai_kw00_bing_000007.jpg
cha_phonlamai_kw00_bing_00007.jpg,cha_phonlamai_kw00_bing_000008.jpg
cha_phonlamai_kw00_bing_00008.webp,cha_phonlamai_kw00_bing_000009.webp
cha_phonlamai_kw00_bing_00009.jpg,cha_phonlamai_kw00_bing_000010.jpg
cha_phonlamai_kw00_bing_00010.jpg,cha_phonlamai_kw00_bing_000011.jpg
cha_phonlamai_kw00_bing_00011.jpg,cha_phonlamai_kw00_bing_000012.jpg
cha_phonlamai_kw00_bing_00012.jpg,cha_phonlamai_kw00_bing_000013.jpg
cha_phonlamai_kw00_bing_00013.jpg,cha_phonlamai_kw00_bing_000014.jpg
cha_phonlamai_kw00_bing_00014.jpg,cha_phonlamai_kw00_bing_000015.jpg
cha_phonlamai_kw00_bing_00015.webp,cha_phonlamai_kw00_bing_000016.webp
cha_phonlamai_kw00_bing_00016.webp,cha_phonlamai_kw00_bing_000017.webp
cha_phonlamai_kw00_bing_00017.webp,cha_phonlamai_kw00_bing_000018.webp
cha_phonlamai_kw00_bing_00018.webp,cha_phonlamai_kw00_bing_000019.webp
cha_phonlamai_kw00_bing_00019.jpg,cha_phonlamai_kw00_bing_000021.jpg
cha_phonlamai_kw00_bing_00020.jpg,cha_phonlamai_kw00_bing_000022.jpg
cha_phonlamai_kw00_bing_00021.jpg,cha_phonlamai_kw00_bing_000023.jpg
cha_phonlamai_kw00_bing_00022.jpg,cha_phonlamai_kw00_bing_000024.jpg
cha_phonlamai_kw00_bing_00023.jpg,cha_phonlamai_kw00_bing_000025.jpg
cha_phonlamai_kw00_bing_00024.jpg,cha_phonlamai_kw00_bing_000026.jpg
cha_phonlamai_kw00_bing_00025.jpg,cha_phonlamai_kw00_bing_000027.jpg
cha_phonlamai_kw00_bing_00026.jpg,cha_phonlamai_kw00_bing_000028.jpg
cha_phonlamai_kw00_bing_00027.webp,cha_phonlamai_kw00_bing_000029.webp
cha_phonlamai_kw00_bing_00028.jpg,cha_phonlamai_kw00_bing_000030.jpg
cha_phonlamai_kw00_bing_00029.jpg,cha_phonlamai_kw00_bing_000031.jpg
cha_phonlamai_kw00_bing_00030.jpg,cha_phonlamai_kw00_bing_000032.jpg
cha_phonlamai_kw00_bing_00031.jpg,cha_phonlamai_kw00_bing_000033.jpg
cha_phonlamai_kw00_bing_00032.jpg,cha_phonlamai_kw00_bing_000034.jpg
cha_phonlamai_kw00_bing_00033.jpg,cha_phonlamai_kw00_bing_000035.jpg
cha_phonlamai_kw00_bing_00034.webp,cha_phonlamai_kw00_bing_000036.webp
cha_phonlamai_kw00_bing_00035.jpg,cha_phonlamai_kw00_bing_000037.jpg
cha_phonlamai_kw00_bing_00036.jpg,cha_phonlamai_kw00_bing_000040.jpg
cha_phonlamai_kw00_bing_00037.jpg,cha_phonlamai_kw00_bing_000041.jpg
cha_phonlamai_kw00_bing_00038.jpg,cha_phonlamai_kw00_bing_000042.jpg
cha_phonlamai_kw00_bing_00039.jpg,cha_phonlamai_kw00_bing_000043.jpg
cha_phonlamai_kw00_bing_00040.jpg,cha_phonlamai_kw00_bing_000044.jpg
cha_phonlamai_kw00_bing_00041.webp,cha_phonlamai_kw00_bing_000045.webp
cha_phonlamai_kw00_bing_00042.jpg,cha_phonlamai_kw00_bing_000047.jpg
cha_phonlamai_kw00_bing_00043.jpg,cha_phonlamai_kw00_bing_000048.jpg
cha_phonlamai_kw00_bing_00044.jpg,cha_phonlamai_kw00_bing_000049.jpg
cha_phonlamai_kw00_bing_00045.jpg,cha_phonlamai_kw00_bing_000050.jpg
cha_phonlamai_kw00_bing_00046.jpg,cha_phonlamai_kw00_bing_000051.jpg
cha_phonlamai_kw00_bing_00047.jpg,cha_phonlamai_kw00_bing_000052.jpg
cha_phonlamai_kw00_bing_00048.jpg,cha_phonlamai_kw00_bing_000053.jpg
cha_phonlamai_kw00_bing_00049.jpg,cha_phonlamai_kw00_bing_000054.jpg
cha_phonlamai_kw00_bing_00050.jpg,cha_phonlamai_kw00_bing_000055.jpg
cha_phonlamai_kw00_bing_00051.jpg,cha_phonlamai_kw00_bing_000056.jpg
cha_phonlamai_kw00_bing_00052.jpg,cha_phonlamai_kw00_bing_000057.jpg
cha_phonlamai_kw00_bing_00053.jpg,cha_phonlamai_kw00_bing_000058.jpg
cha_phonlamai_kw00_bing_00054.jpg,cha_phonlamai_kw00_bing_000060.jpg
cha_phonlamai_kw00_bing_00055.webp,cha_phonlamai_kw00_bing_000061.webp
cha_phonlamai_kw00_bing_00056.webp,cha_phonlamai_kw00_bing_000062.webp
cha_phonlamai_kw00_bing_00057.jpg,cha_phonlamai_kw00_bing_000063.jpg
cha_phonlamai_kw00_bing_00058.jpg,cha_phonlamai_kw00_bing_000064.jpg
cha_phonlamai_kw00_bing_00059.jpg,cha_phonlamai_kw00_bing_000065.jpg
cha_phonlamai_kw00_bing_00060.jpg,cha_phonlamai_kw00_bing_000066.jpg
cha_phonlamai_kw00_bing_00061.webp,cha_phonlamai_kw00_bing_000067.webp
cha_phonlamai_kw00_bing_00062.jpg,cha_phonlamai_kw00_bing_000068.jpg
cha_phonlamai_kw00_bing_00063.jpg,cha_phonlamai_kw00_bing_000069.jpg
cha_phonlamai_kw00_bing_00064.jpg,cha_phonlamai_kw00_bing_000070.jpg
cha_phonlamai_kw00_bing_00065.jpg,cha_phonlamai_kw00_bing_000071.jpg
cha_phonlamai_kw00_bing_00066.jpg,cha_phonlamai_kw00_bing_000072.jpg
cha_phonlamai_kw00_bing_00067.jpg,cha_phonlamai_kw00_bing_000073.jpg
cha_phonlamai_kw00_bing_00068.jpg,cha_phonlamai_kw00_bing_000074.jpg
cha_phonlamai_kw00_bing_00069.jpg,cha_phonlamai_kw00_bing_000075.jpg
cha_phonlamai_kw00_bing_00070.jpg,cha_phonlamai_kw00_bing_000076.jpg
cha_phonlamai_kw00_bing_00071.jpg,cha_phonlamai_kw00_bing_000077.jpg
cha_phonlamai_kw00_bing_00072.jpg,cha_phonlamai_kw00_bing_000078.jpg
cha_phonlamai_kw00_bing_00073.jpg,cha_phonlamai_kw00_bing_000079.jpg
cha_phonlamai_kw00_bing_00074.jpg,cha_phonlamai_kw00_bing_000080.jpg
cha_phonlamai_kw00_bing_00075.jpg,cha_phonlamai_kw00_bing_000081.jpg
cha_phonlamai_kw00_bing_00076.jpg,cha_phonlamai_kw00_bing_000083.jpg
cha_phonlamai_kw00_bing_00077.png,cha_phonlamai_kw00_bing_000084.png
cha_phonlamai_kw00_bing_00078.jpg,cha_phonlamai_kw00_bing_000086.jpg
cha_phonlamai_kw00_bing_00079.jpg,cha_phonlamai_kw00_bing_000087.jpg
cha_phonlamai_kw00_bing_00080.jpg,cha_phonlamai_kw00_bing_000088.jpg
cha_phonlamai_kw00_bing_00081.jpg,cha_phonlamai_kw00_bing_000089.jpg
cha_phonlamai_kw00_bing_00082.jpg,cha_phonlamai_kw00_bing_000090.jpg
cha_phonlamai_kw00_bing_00083.png,cha_phonlamai_kw00_bing_000092.png
cha_phonlamai_kw00_bing_00084.jpg,cha_phonlamai_kw00_bing_000093.jpg
cha_phonlamai_kw00_bing_00085.jpg,cha_phonlamai_kw00_bing_000094.jpg
cha_phonlamai_kw00_bing_00086.jpg,cha_phonlamai_kw00_bing_000096.jpg
cha_phonlamai_kw00_bing_00087.jpg,cha_phonlamai_kw00_bing_000097.jpg
cha_phonlamai_kw00_bing_00088.jpg,cha_phonlamai_kw00_bing_000100.jpg
cha_phonlamai_kw00_bing_00089.jpg,cha_phonlamai_kw00_bing_000101.jpg
cha_phonlamai_kw00_bing_00090.jpg,cha_phonlamai_kw00_bing_000102.jpg
cha_phonlamai_kw00_bing_00091.jpg,cha_phonlamai_kw00_bing_000103.jpg
cha_phonlamai_kw00_bing_00092.jpg,cha_phonlamai_kw00_bing_000104.jpg
cha_phonlamai_kw00_bing_00093.jpg,cha_phonlamai_kw00_bing_000105.jpg
cha_phonlamai_kw00_bing_00094.jpg,cha_phonlamai_kw00_bing_000107.jpg
cha_phonlamai_kw00_bing_00095.jpg,cha_phonlamai_kw00_bing_000108.jpg
cha_phonlamai_kw00_bing_00096.jpg,cha_phonlamai_kw00_bing_000109.jpg
cha_phonlamai_kw00_bing_00097.jpg,cha_phonlamai_kw00_bing_000111.jpg
cha_phonlamai_kw00_bing_00098.jpg,cha_phonlamai_kw00_bing_000113.jpg
cha_phonlamai_kw00_bing_00099.jpg,cha_phonlamai_kw00_bing_000114.jpg
cha_phonlamai_kw01_bing_00100.jpg,cha_phonlamai_kw01_bing_000000.jpg
cha_phonlamai_kw01_bing_00101.jpg,cha_phonlamai_kw01_bing_000001.jpg
cha_phonlamai_kw01_bing_00102.jpg,cha_phonlamai_kw01_bing_000002.jpg
cha_phonlamai_kw01_bing_00103.jpg,cha_phonlamai_kw01_bing_000003.jpg
cha_phonlamai_kw01_bing_00104.jpg,cha_phonlamai_kw01_bing_000004.jpg
cha_phonlamai_kw01_bing_00105.jpg,cha_phonlamai_kw01_bing_000005.jpg
cha_phonlamai_kw01_bing_00106.jpg,cha_phonlamai_kw01_bing_000006.jpg
cha_phonlamai_kw01_bing_00107.jpg,cha_phonlamai_kw01_bing_000007.jpg
cha_phonlamai_kw01_bing_00108.png,cha_phonlamai_kw01_bing_000009.png
cha_phonlamai_kw01_bing_00109.jpg,cha_phonlamai_kw01_bing_000010.jpg
cha_phonlamai_kw01_bing_00110.jpg,cha_phonlamai_kw01_bing_000012.jpg
cha_phonlamai_kw01_bing_00111.jpg,cha_phonlamai_kw01_bing_000013.jpg
cha_phonlamai_kw01_bing_00112.jpg,cha_phonlamai_kw01_bing_000014.jpg
cha_phonlamai_kw01_bing_00113.jpg,cha_phonlamai_kw01_bing_000015.jpg
cha_phonlamai_kw01_bing_00114.jpg,cha_phonlamai_kw01_bing_000016.jpg
cha_phonlamai_kw01_bing_00115.png,cha_phonlamai_kw01_bing_000017.png
cha_phonlamai_kw01_bing_00116.jpg,cha_phonlamai_kw01_bing_000018.jpg
cha_phonlamai_kw01_bing_00117.jpg,cha_phonlamai_kw01_bing_000019.jpg
cha_phonlamai_kw01_bing_00118.jpg,cha_phonlamai_kw01_bing_000020.jpg
cha_phonlamai_kw01_bing_00119.jpg,cha_phonlamai_kw01_bing_000021.jpg
cha_phonlamai_kw01_bing_00120.jpg,cha_phonlamai_kw01_bing_000022.jpg
cha_phonlamai_kw01_bing_00121.webp,cha_phonlamai_kw01_bing_000023.webp
cha_phonlamai_kw01_bing_00122.webp,cha_phonlamai_kw01_bing_000024.webp
cha_phonlamai_kw01_bing_00123.jpg,cha_phonlamai_kw01_bing_000025.jpg
cha_phonlamai_kw01_bing_00124.jpg,cha_phonlamai_kw01_bing_000026.jpg
cha_phonlamai_kw01_bing_00125.png,cha_phonlamai_kw01_bing_000028.png
cha_phonlamai_kw01_bing_00126.jpg,cha_phonlamai_kw01_bing_000029.jpg
cha_phonlamai_kw01_bing_00127.jpg,cha_phonlamai_kw01_bing_000030.jpg
cha_phonlamai_kw01_bing_00128.jpg,cha_phonlamai_kw01_bing_000032.jpg
cha_phonlamai_kw01_bing_00129.jpg,cha_phonlamai_kw01_bing_000033.jpg
cha_phonlamai_kw01_bing_00130.jpg,cha_phonlamai_kw01_bing_000035.jpg
cha_phonlamai_kw01_bing_00131.jpg,cha_phonlamai_kw01_bing_000037.jpg
cha_phonlamai_kw01_bing_00132.jpg,cha_phonlamai_kw01_bing_000038.jpg
cha_phonlamai_kw01_bing_00133.jpg,cha_phonlamai_kw01_bing_000039.jpg
cha_phonlamai_kw01_bing_00134.png,cha_phonlamai_kw01_bing_000040.png
cha_phonlamai_kw01_bing_00135.jpg,cha_phonlamai_kw01_bing_000041.jpg
cha_phonlamai_kw01_bing_00136.jpg,cha_phonlamai_kw01_bing_000043.jpg
cha_phonlamai_kw01_bing_00137.png,cha_phonlamai_kw01_bing_000044.png
cha_phonlamai_kw01_bing_00138.jpg,cha_phonlamai_kw01_bing_000045.jpg
cha_phonlamai_kw01_bing_00139.png,cha_phonlamai_kw01_bing_000046.png
cha_phonlamai_kw01_bing_00140.png,cha_phonlamai_kw01_bing_000047.png
cha_phonlamai_kw01_bing_00141.jpg,cha_phonlamai_kw01_bing_000048.jpg
cha_phonlamai_kw01_bing_00142.jpg,cha_phonlamai_kw01_bing_000049.jpg
cha_phonlamai_kw01_bing_00143.jpg,cha_phonlamai_kw01_bing_000050.jpg
cha_phonlamai_kw01_bing_00144.jpg,cha_phonlamai_kw01_bing_000051.jpg
cha_phonlamai_kw01_bing_00145.jpg,cha_phonlamai_kw01_bing_000052.jpg
cha_phonlamai_kw01_bing_00146.png,cha_phonlamai_kw01_bing_000053.png
cha_phonlamai_kw01_bing_00147.png,cha_phonlamai_kw01_bing_000054.png
cha_phonlamai_kw01_bing_00148.png,cha_phonlamai_kw01_bing_000055.png
cha_phonlamai_kw01_bing_00149.png,cha_phonlamai_kw01_bing_000056.png
cha_phonlamai_kw01_bing_00150.jpg,cha_phonlamai_kw01_bing_000057.jpg
cha_phonlamai_kw01_bing_00151.jpg,cha_phonlamai_kw01_bing_000058.jpg
cha_phonlamai_kw01_bing_00152.jpg,cha_phonlamai_kw01_bing_000059.jpg
cha_phonlamai_kw01_bing_00153.jpg,cha_phonlamai_kw01_bing_000061.jpg
cha_phonlamai_kw01_bing_00154.jpg,cha_phonlamai_kw01_bing_000062.jpg
cha_phonlamai_kw01_bing_00155.png,cha_phonlamai_kw01_bing_000063.png
cha_phonlamai_kw01_bing_00156.jpg,cha_phonlamai_kw01_bing_000064.jpg
cha_phonlamai_kw01_bing_00157.jpg,cha_phonlamai_kw01_bing_000065.jpg
cha_phonlamai_kw01_bing_00158.jpg,cha_phonlamai_kw01_bing_000066.jpg
cha_phonlamai_kw01_bing_00159.jpg,cha_phonlamai_kw01_bing_000067.jpg
cha_phonlamai_kw01_bing_00160.jpg,cha_phonlamai_kw01_bing_000068.jpg
cha_phonlamai_kw01_bing_00161.jpg,cha_phonlamai_kw01_bing_000069.jpg
cha_phonlamai_kw01_bing_00162.webp,cha_phonlamai_kw01_bing_000071.webp
cha_phonlamai_kw01_bing_00163.png,cha_phonlamai_kw01_bing_000072.png
cha_phonlamai_kw01_bing_00164.jpg,cha_phonlamai_kw01_bing_000074.jpg
cha_phonlamai_kw01_bing_00165.jpg,cha_phonlamai_kw01_bing_000076.jpg
cha_phonlamai_kw01_bing_00166.png,cha_phonlamai_kw01_bing_000077.png
cha_phonlamai_kw01_bing_00167.jpg,cha_phonlamai_kw01_bing_000078.jpg
cha_phonlamai_kw01_bing_00168.png,cha_phonlamai_kw01_bing_000079.png
cha_phonlamai_kw01_bing_00169.jpg,cha_phonlamai_kw01_bing_000080.jpg
cha_phonlamai_kw01_bing_00170.jpg,cha_phonlamai_kw01_bing_000081.jpg
cha_phonlamai_kw01_bing_00171.jpg,cha_phonlamai_kw01_bing_000082.jpg
cha_phonlamai_kw01_bing_00172.png,cha_phonlamai_kw01_bing_000083.png
cha_phonlamai_kw01_bing_00173.png,cha_phonlamai_kw01_bing_000084.png
cha_phonlamai_kw01_bing_00174.jpg,cha_phonlamai_kw01_bing_000085.jpg
cha_phonlamai_kw01_bing_00175.jpg,cha_phonlamai_kw01_bing_000086.jpg
cha_phonlamai_kw01_bing_00176.jpg,cha_phonlamai_kw01_bing_000087.jpg
cha_phonlamai_kw01_bing_00177.jpg,cha_phonlamai_kw01_bing_000088.jpg
cha_phonlamai_kw01_bing_00178.jpg,cha_phonlamai_kw01_bing_000089.jpg
cha_phonlamai_kw01_bing_00179.png,cha_phonlamai_kw01_bing_000090.png
cha_phonlamai_kw01_bing_00180.jpg,cha_phonlamai_kw01_bing_000091.jpg
cha_phonlamai_kw01_bing_00181.jpg,cha_phonlamai_kw01_bing_000093.jpg
cha_phonlamai_kw01_bing_00182.jpg,cha_phonlamai_kw01_bing_000094.jpg
cha_phonlamai_kw01_bing_00183.jpg,cha_phonlamai_kw01_bing_000095.jpg
cha_phonlamai_kw01_bing_00184.webp,cha_phonlamai_kw01_bing_000096.webp
cha_phonlamai_kw01_bing_00185.png,cha_phonlamai_kw01_bing_000097.png
cha_phonlamai_kw01_bing_00186.webp,cha_phonlamai_kw01_bing_000098.webp
cha_phonlamai_kw01_bing_00187.jpg,cha_phonlamai_kw01_bing_000099.jpg
cha_phonlamai_kw01_bing_00188.jpg,cha_phonlamai_kw01_bing_000100.jpg
cha_phonlamai_kw01_bing_00189.png,cha_phonlamai_kw01_bing_000101.png
cha_phonlamai_kw01_bing_00190.jpg,cha_phonlamai_kw01_bing_000102.jpg
cha_phonlamai_kw01_bing_00191.jpg,cha_phonlamai_kw01_bing_000103.jpg
cha_phonlamai_kw01_bing_00192.jpg,cha_phonlamai_kw01_bing_000104.jpg
cha_phonlamai_kw01_bing_00193.jpg,cha_phonlamai_kw01_bing_000105.jpg
cha_phonlamai_kw01_bing_00194.jpg,cha_phonlamai_kw01_bing_000112.jpg
cha_phonlamai_kw01_bing_00195.webp,cha_phonlamai_kw01_bing_000113.webp
cha_phonlamai_kw01_bing_00196.webp,cha_phonlamai_kw01_bing_000118.webp
cha_phonlamai_kw01_bing_00197.jpg,cha_phonlamai_kw01_bing_000133.jpg
cha_phonlamai_kw01_bing_00198.webp,cha_phonlamai_kw01_bing_000141.webp
cha_phonlamai_kw01_bing_00199.webp,cha_phonlamai_kw01_bing_000145.webp
cha_phonlamai_kw02_bing_00200.jpg,cha_phonlamai_kw02_bing_000000.jpg
cha_phonlamai_kw02_bing_00201.jpg,cha_phonlamai_kw02_bing_000003.jpg
cha_phonlamai_kw02_bing_00202.jpg,cha_phonlamai_kw02_bing_000004.jpg
cha_phonlamai_kw02_bing_00203.jpg,cha_phonlamai_kw02_bing_000006.jpg
cha_phonlamai_kw02_bing_00204.jpg,cha_phonlamai_kw02_bing_000007.jpg
cha_phonlamai_kw02_bing_00205.jpg,cha_phonlamai_kw02_bing_000008.jpg
cha_phonlamai_kw02_bing_00206.jpg,cha_phonlamai_kw02_bing_000010.jpg
cha_phonlamai_kw02_bing_00207.webp,cha_phonlamai_kw02_bing_000011.webp
cha_phonlamai_kw02_bing_00208.jpg,cha_phonlamai_kw02_bing_000012.jpg
cha_phonlamai_kw02_bing_00209.jpg,cha_phonlamai_kw02_bing_000013.jpg
cha_phonlamai_kw02_bing_00210.jpg,cha_phonlamai_kw02_bing_000014.jpg
cha_phonlamai_kw02_bing_00211.png,cha_phonlamai_kw02_bing_000015.png
cha_phonlamai_kw02_bing_00212.jpg,cha_phonlamai_kw02_bing_000016.jpg
cha_phonlamai_kw02_bing_00213.png,cha_phonlamai_kw02_bing_000017.png
cha_phonlamai_kw02_bing_00214.png,cha_phonlamai_kw02_bing_000018.png
cha_phonlamai_kw02_bing_00215.webp,cha_phonlamai_kw02_bing_000019.webp
cha_phonlamai_kw02_bing_00216.jpg,cha_phonlamai_kw02_bing_000020.jpg
cha_phonlamai_kw02_bing_00217.jpg,cha_phonlamai_kw02_bing_000021.jpg
cha_phonlamai_kw02_bing_00218.jpg,cha_phonlamai_kw02_bing_000022.jpg
cha_phonlamai_kw02_bing_00219.webp,cha_phonlamai_kw02_bing_000023.webp
cha_phonlamai_kw02_bing_00220.jpg,cha_phonlamai_kw02_bing_000025.jpg
cha_phonlamai_kw02_bing_00221.jpg,cha_phonlamai_kw02_bing_000026.jpg
cha_phonlamai_kw02_bing_00222.jpg,cha_phonlamai_kw02_bing_000028.jpg
cha_phonlamai_kw02_bing_00223.jpg,cha_phonlamai_kw02_bing_000029.jpg
cha_phonlamai_kw02_bing_00224.webp,cha_phonlamai_kw02_bing_000030.webp
cha_phonlamai_kw02_bing_00225.webp,cha_phonlamai_kw02_bing_000031.webp
cha_phonlamai_kw02_bing_00226.jpg,cha_phonlamai_kw02_bing_000032.jpg
cha_phonlamai_kw02_bing_00227.jpg,cha_phonlamai_kw02_bing_000033.jpg
cha_phonlamai_kw02_bing_00228.jpg,cha_phonlamai_kw02_bing_000034.jpg
cha_phonlamai_kw02_bing_00229.jpg,cha_phonlamai_kw02_bing_000035.jpg
cha_phonlamai_kw02_bing_00230.jpg,cha_phonlamai_kw02_bing_000036.jpg
cha_phonlamai_kw02_bing_00231.jpg,cha_phonlamai_kw02_bing_000037.jpg
cha_phonlamai_kw02_bing_00232.jpg,cha_phonlamai_kw02_bing_000038.jpg
cha_phonlamai_kw02_bing_00233.jpg,cha_phonlamai_kw02_bing_000039.jpg
cha_phonlamai_kw02_bing_00234.webp,cha_phonlamai_kw02_bing_000040.webp
cha_phonlamai_kw02_bing_00235.webp,cha_phonlamai_kw02_bing_000041.webp
cha_phonlamai_kw02_bing_00236.jpg,cha_phonlamai_kw02_bing_000042.jpg
cha_phonlamai_kw02_bing_00237.jpg,cha_phonlamai_kw02_bing_000043.jpg
cha_phonlamai_kw02_bing_00238.jpg,cha_phonlamai_kw02_bing_000044.jpg
cha_phonlamai_kw02_bing_00239.jpg,cha_phonlamai_kw02_bing_000045.jpg
cha_phonlamai_kw02_bing_00240.jpg,cha_phonlamai_kw02_bing_000046.jpg
cha_phonlamai_kw02_bing_00241.jpg,cha_phonlamai_kw02_bing_000047.jpg
cha_phonlamai_kw02_bing_00242.jpg,cha_phonlamai_kw02_bing_000048.jpg
cha_phonlamai_kw02_bing_00243.jpg,cha_phonlamai_kw02_bing_000049.jpg
cha_phonlamai_kw02_bing_00244.webp,cha_phonlamai_kw02_bing_000051.webp
cha_phonlamai_kw02_bing_00245.jpg,cha_phonlamai_kw02_bing_000052.jpg
cha_phonlamai_kw02_bing_00246.jpg,cha_phonlamai_kw02_bing_000053.jpg
cha_phonlamai_kw02_bing_00247.jpg,cha_phonlamai_kw02_bing_000055.jpg
cha_phonlamai_kw02_bing_00248.webp,cha_phonlamai_kw02_bing_000056.webp
cha_phonlamai_kw02_bing_00249.jpg,cha_phonlamai_kw02_bing_000057.jpg
cha_phonlamai_kw02_bing_00250.jpg,cha_phonlamai_kw02_bing_000058.jpg
cha_phonlamai_kw02_bing_00251.jpg,cha_phonlamai_kw02_bing_000059.jpg
cha_phonlamai_kw02_bing_00252.webp,cha_phonlamai_kw02_bing_000061.webp
cha_phonlamai_kw02_bing_00253.jpg,cha_phonlamai_kw02_bing_000062.jpg
cha_phonlamai_kw02_bing_00254.jpg,cha_phonlamai_kw02_bing_000063.jpg
cha_phonlamai_kw02_bing_00255.jpg,cha_phonlamai_kw02_bing_000064.jpg
cha_phonlamai_kw02_bing_00256.jpg,cha_phonlamai_kw02_bing_000065.jpg
cha_phonlamai_kw02_bing_00257.jpg,cha_phonlamai_kw02_bing_000066.jpg
cha_phonlamai_kw02_bing_00258.jpg,cha_phonlamai_kw02_bing_000067.jpg
cha_phonlamai_kw02_bing_00259.jpg,cha_phonlamai_kw02_bing_000068.jpg
cha_phonlamai_kw02_bing_00260.jpg,cha_phonlamai_kw02_bing_000069.jpg
cha_phonlamai_kw02_bing_00261.jpg,cha_phonlamai_kw02_bing_000070.jpg
cha_phonlamai_kw02_bing_00262.jpg,cha_phonlamai_kw02_bing_000071.jpg
cha_phonlamai_kw02_bing_00263.jpg,cha_phonlamai_kw02_bing_000072.jpg
cha_phonlamai_kw02_bing_00264.jpg,cha_phonlamai_kw02_bing_000073.jpg
cha_phonlamai_kw02_bing_00265.jpg,cha_phonlamai_kw02_bing_000074.jpg
cha_phonlamai_kw02_bing_00266.webp,cha_phonlamai_kw02_bing_000075.webp
cha_phonlamai_kw02_bing_00267.jpg,cha_phonlamai_kw02_bing_000076.jpg
cha_phonlamai_kw02_bing_00268.jpg,cha_phonlamai_kw02_bing_000077.jpg
cha_phonlamai_kw02_bing_00269.webp,cha_phonlamai_kw02_bing_000078.webp
cha_phonlamai_kw02_bing_00270.webp,cha_phonlamai_kw02_bing_000079.webp
cha_phonlamai_kw02_bing_00271.webp,cha_phonlamai_kw02_bing_000080.webp
cha_phonlamai_kw02_bing_00272.webp,cha_phonlamai_kw02_bing_000081.webp
cha_phonlamai_kw02_bing_00273.jpg,cha_phonlamai_kw02_bing_000082.jpg
cha_phonlamai_kw02_bing_00274.jpg,cha_phonlamai_kw02_bing_000083.jpg
cha_phonlamai_kw02_bing_00275.jpg,cha_phonlamai_kw02_bing_000084.jpg
cha_phonlamai_kw02_bing_00276.webp,cha_phonlamai_kw02_bing_000085.webp
cha_phonlamai_kw02_bing_00277.jpg,cha_phonlamai_kw02_bing_000086.jpg
cha_phonlamai_kw02_bing_00278.jpg,cha_phonlamai_kw02_bing_000087.jpg
cha_phonlamai_kw02_bing_00279.jpg,cha_phonlamai_kw02_bing_000088.jpg
cha_phonlamai_kw02_bing_00280.jpg,cha_phonlamai_kw02_bing_000089.jpg
cha_phonlamai_kw02_bing_00281.webp,cha_phonlamai_kw02_bing_000090.webp
cha_phonlamai_kw02_bing_00282.jpg,cha_phonlamai_kw02_bing_000091.jpg
cha_phonlamai_kw02_bing_00283.webp,cha_phonlamai_kw02_bing_000092.webp
cha_phonlamai_kw02_bing_00284.jpg,cha_phonlamai_kw02_bing_000093.jpg
cha_phonlamai_kw02_bing_00285.jpg,cha_phonlamai_kw02_bing_000094.jpg
cha_phonlamai_kw02_bing_00286.jpg,cha_phonlamai_kw02_bing_000095.jpg
cha_phonlamai_kw02_bing_00287.png,cha_phonlamai_kw02_bing_000096.png
cha_phonlamai_kw02_bing_00288.webp,cha_phonlamai_kw02_bing_000097.webp
cha_phonlamai_kw02_bing_00289.webp,cha_phonlamai_kw02_bing_000098.webp
cha_phonlamai_kw02_bing_00290.jpg,cha_phonlamai_kw02_bing_000099.jpg
cha_phonlamai_kw02_bing_00291.jpg,cha_phonlamai_kw02_bing_000100.jpg
cha_phonlamai_kw02_bing_00292.jpg,cha_phonlamai_kw02_bing_000101.jpg
cha_phonlamai_kw02_bing_00293.jpg,cha_phonlamai_kw02_bing_000102.jpg
cha_phonlamai_kw02_bing_00294.jpg,cha_phonlamai_kw02_bing_000103.jpg
cha_phonlamai_kw03_bing_00295.webp,cha_phonlamai_kw03_bing_000000.webp
cha_phonlamai_kw03_bing_00296.jpg,cha_phonlamai_kw03_bing_000001.jpg
cha_phonlamai_kw03_bing_00297.jpg,cha_phonlamai_kw03_bing_000002.jpg
cha_phonlamai_kw03_bing_00298.jpg,cha_phonlamai_kw03_bing_000003.jpg
cha_phonlamai_kw03_bing_00299.webp,cha_phonlamai_kw03_bing_000004.webp
cha_phonlamai_kw03_bing_00300.jpg,cha_phonlamai_kw03_bing_000005.jpg
cha_phonlamai_kw03_bing_00301.jpg,cha_phonlamai_kw03_bing_000006.jpg
cha_phonlamai_kw03_bing_00302.jpg,cha_phonlamai_kw03_bing_000008.jpg
cha_phonlamai_kw03_bing_00303.jpg,cha_phonlamai_kw03_bing_000009.jpg
cha_phonlamai_kw03_bing_00304.jpg,cha_phonlamai_kw03_bing_000010.jpg
cha_phonlamai_kw03_bing_00305.jpg,cha_phonlamai_kw03_bing_000012.jpg
cha_phonlamai_kw03_bing_00306.jpg,cha_phonlamai_kw03_bing_000013.jpg
cha_phonlamai_kw03_bing_00307.jpg,cha_phonlamai_kw03_bing_000014.jpg
cha_phonlamai_kw03_bing_00308.jpg,cha_phonlamai_kw03_bing_000015.jpg
cha_phonlamai_kw03_bing_00309.webp,cha_phonlamai_kw03_bing_000016.webp
cha_phonlamai_kw03_bing_00310.jpg,cha_phonlamai_kw03_bing_000017.jpg
cha_phonlamai_kw03_bing_00311.webp,cha_phonlamai_kw03_bing_000018.webp
cha_phonlamai_kw03_bing_00312.jpg,cha_phonlamai_kw03_bing_000019.jpg
cha_phonlamai_kw03_bing_00313.jpg,cha_phonlamai_kw03_bing_000020.jpg
cha_phonlamai_kw03_bing_00314.webp,cha_phonlamai_kw03_bing_000021.webp
cha_phonlamai_kw03_bing_00315.jpg,cha_phonlamai_kw03_bing_000022.jpg
cha_phonlamai_kw03_bing_00316.jpg,cha_phonlamai_kw03_bing_000023.jpg
cha_phonlamai_kw03_bing_00317.jpg,cha_phonlamai_kw03_bing_000024.jpg
cha_phonlamai_kw03_bing_00318.jpg,cha_phonlamai_kw03_bing_000025.jpg
cha_phonlamai_kw03_bing_00319.jpg,cha_phonlamai_kw03_bing_000026.jpg
cha_phonlamai_kw03_bing_00320.jpg,cha_phonlamai_kw03_bing_000027.jpg
cha_phonlamai_kw03_bing_00321.jpg,cha_phonlamai_kw03_bing_000028.jpg
cha_phonlamai_kw03_bing_00322.jpg,cha_phonlamai_kw03_bing_000029.jpg
cha_phonlamai_kw03_bing_00323.jpg,cha_phonlamai_kw03_bing_000030.jpg
cha_phonlamai_kw03_bing_00324.jpg,cha_phonlamai_kw03_bing_000032.jpg
cha_phonlamai_kw03_bing_00325.jpg,cha_phonlamai_kw03_bing_000033.jpg
cha_phonlamai_kw03_bing_00326.jpg,cha_phonlamai_kw03_bing_000034.jpg
cha_phonlamai_kw03_bing_00327.jpg,cha_phonlamai_kw03_bing_000035.jpg
cha_phonlamai_kw03_bing_00328.jpg,cha_phonlamai_kw03_bing_000036.jpg
cha_phonlamai_kw03_bing_00329.jpg,cha_phonlamai_kw03_bing_000037.jpg
cha_phonlamai_kw03_bing_00330.jpg,cha_phonlamai_kw03_bing_000038.jpg
cha_phonlamai_kw03_bing_00331.jpg,cha_phonlamai_kw03_bing_000039.jpg
cha_phonlamai_kw03_bing_00332.jpg,cha_phonlamai_kw03_bing_000040.jpg
cha_phonlamai_kw03_bing_00333.jpg,cha_phonlamai_kw03_bing_000041.jpg
cha_phonlamai_kw03_bing_00334.jpg,cha_phonlamai_kw03_bing_000042.jpg
cha_phonlamai_kw03_bing_00335.jpg,cha_phonlamai_kw03_bing_000044.jpg
cha_phonlamai_kw03_bing_00336.jpg,cha_phonlamai_kw03_bing_000045.jpg
cha_phonlamai_kw03_bing_00337.jpg,cha_phonlamai_kw03_bing_000046.jpg
cha_phonlamai_kw03_bing_00338.jpg,cha_phonlamai_kw03_bing_000047.jpg
cha_phonlamai_kw03_bing_00339.jpg,cha_phonlamai_kw03_bing_000048.jpg
cha_phonlamai_kw03_bing_00340.jpg,cha_phonlamai_kw03_bing_000049.jpg
cha_phonlamai_kw03_bing_00341.jpg,cha_phonlamai_kw03_bing_000050.jpg
cha_phonlamai_kw03_bing_00342.jpg,cha_phonlamai_kw03_bing_000051.jpg
cha_phonlamai_kw03_bing_00343.webp,cha_phonlamai_kw03_bing_000052.webp
cha_phonlamai_kw03_bing_00344.jpg,cha_phonlamai_kw03_bing_000053.jpg
cha_phonlamai_kw03_bing_00345.jpg,cha_phonlamai_kw03_bing_000054.jpg
cha_phonlamai_kw03_bing_00346.jpg,cha_phonlamai_kw03_bing_000055.jpg
cha_phonlamai_kw03_bing_00347.jpg,cha_phonlamai_kw03_bing_000056.jpg
cha_phonlamai_kw03_bing_00348.jpg,cha_phonlamai_kw03_bing_000057.jpg
cha_phonlamai_kw03_bing_00349.webp,cha_phonlamai_kw03_bing_000058.webp
cha_phonlamai_kw03_bing_00350.jpg,cha_phonlamai_kw03_bing_000060.jpg
cha_phonlamai_kw03_bing_00351.jpg,cha_phonlamai_kw03_bing_000061.jpg
cha_phonlamai_kw03_bing_00352.jpg,cha_phonlamai_kw03_bing_000062.jpg
cha_phonlamai_kw03_bing_00353.jpg,cha_phonlamai_kw03_bing_000063.jpg
cha_phonlamai_kw03_bing_00354.jpg,cha_phonlamai_kw03_bing_000064.jpg
cha_phonlamai_kw03_bing_00355.jpg,cha_phonlamai_kw03_bing_000065.jpg
cha_phonlamai_kw03_bing_00356.jpg,cha_phonlamai_kw03_bing_000066.jpg
cha_phonlamai_kw03_bing_00357.jpg,cha_phonlamai_kw03_bing_000067.jpg
cha_phonlamai_kw03_bing_00358.jpg,cha_phonlamai_kw03_bing_000068.jpg
cha_phonlamai_kw03_bing_00359.jpg,cha_phonlamai_kw03_bing_000069.jpg
cha_phonlamai_kw03_bing_00360.jpg,cha_phonlamai_kw03_bing_000070.jpg
cha_phonlamai_kw03_bing_00361.jpg,cha_phonlamai_kw03_bing_000071.jpg
cha_phonlamai_kw03_bing_00362.jpg,cha_phonlamai_kw03_bing_000072.jpg
cha_phonlamai_kw03_bing_00363.jpg,cha_phonlamai_kw03_bing_000073.jpg
cha_phonlamai_kw03_bing_00364.jpg,cha_phonlamai_kw03_bing_000074.jpg
cha_phonlamai_kw03_bing_00365.jpg,cha_phonlamai_kw03_bing_000075.jpg
cha_phonlamai_kw03_bing_00366.jpg,cha_phonlamai_kw03_bing_000076.jpg
cha_phonlamai_kw03_bing_00367.jpg,cha_phonlamai_kw03_bing_000077.jpg
cha_phonlamai_kw03_bing_00368.jpg,cha_phonlamai_kw03_bing_000078.jpg
cha_phonlamai_kw03_bing_00369.jpg,cha_phonlamai_kw03_bing_000079.jpg
cha_phonlamai_kw03_bing_00370.jpg,cha_phonlamai_kw03_bing_000080.jpg
cha_phonlamai_kw03_bing_00371.jpg,cha_phonlamai_kw03_bing_000081.jpg
cha_phonlamai_kw03_bing_00372.jpg,cha_phonlamai_kw03_bing_000082.jpg
cha_phonlamai_kw03_bing_00373.jpg,cha_phonlamai_kw03_bing_000083.jpg
cha_phonlamai_kw03_bing_00374.jpg,cha_phonlamai_kw03_bing_000084.jpg
cha_phonlamai_kw03_bing_00375.jpg,cha_phonlamai_kw03_bing_000085.jpg
cha_phonlamai_kw03_bing_00376.jpg,cha_phonlamai_kw03_bing_000086.jpg
cha_phonlamai_kw03_bing_00377.webp,cha_phonlamai_kw03_bing_000087.webp
cha_phonlamai_kw03_bing_00378.jpg,cha_phonlamai_kw03_bing_000088.jpg
cha_phonlamai_kw03_bing_00379.jpg,cha_phonlamai_kw03_bing_000089.jpg
cha_phonlamai_kw03_bing_00380.jpg,cha_phonlamai_kw03_bing_000090.jpg
cha_phonlamai_kw03_bing_00381.jpg,cha_phonlamai_kw03_bing_000091.jpg
cha_phonlamai_kw03_bing_00382.jpg,cha_phonlamai_kw03_bing_000092.jpg
cha_phonlamai_kw03_bing_00383.jpg,cha_phonlamai_kw03_bing_000093.jpg
cha_phonlamai_kw03_bing_00384.png,cha_phonlamai_kw03_bing_000094.png
cha_phonlamai_kw03_bing_00385.jpg,cha_phonlamai_kw03_bing_000096.jpg
cha_phonlamai_kw03_bing_00386.jpg,cha_phonlamai_kw03_bing_000097.jpg
cha_phonlamai_kw03_bing_00387.jpg,cha_phonlamai_kw03_bing_000100.jpg
cha_phonlamai_kw03_bing_00388.jpg,cha_phonlamai_kw03_bing_000101.jpg
cha_phonlamai_kw03_bing_00389.jpg,cha_phonlamai_kw03_bing_000102.jpg
cha_phonlamai_kw03_bing_00390.jpg,cha_phonlamai_kw03_bing_000103.jpg
cha_phonlamai_kw03_bing_00391.jpg,cha_phonlamai_kw03_bing_000104.jpg
cha_phonlamai_kw03_bing_00392.webp,cha_phonlamai_kw03_bing_000105.webp
cha_phonlamai_kw03_bing_00393.jpg,cha_phonlamai_kw03_bing_000107.jpg
cha_phonlamai_kw03_bing_00394.jpg,cha_phonlamai_kw03_bing_000109.jpg
cha_phonlamai_kw03_baidu_00395.jpg,cha_phonlamai_kw03_baidu_000001.jpg
cha_phonlamai_kw03_baidu_00396.jpg,cha_phonlamai_kw03_baidu_000002.jpg
cha_phonlamai_kw03_baidu_00397.jpg,cha_phonlamai_kw03_baidu_000003.jpg
cha_phonlamai_kw03_baidu_00398.jpg,cha_phonlamai_kw03_baidu_000004.jpg
cha_phonlamai_kw03_baidu_00399.jpg,cha_phonlamai_kw03_baidu_000005.jpg
cha_phonlamai_kw03_baidu_00400.jpg,cha_phonlamai_kw03_baidu_000006.jpg
cha_phonlamai_kw03_baidu_00401.jpg,cha_phonlamai_kw03_baidu_000007.jpg
cha_phonlamai_kw03_baidu_00402.jpg,cha_phonlamai_kw03_baidu_000008.jpg
cha_phonlamai_kw03_baidu_00403.jpg,cha_phonlamai_kw03_baidu_000009.jpg
cha_phonlamai_kw03_baidu_00404.jpg,cha_phonlamai_kw03_baidu_000010.jpg
cha_phonlamai_kw03_baidu_00405.jpg,cha_phonlamai_kw03_baidu_000011.jpg
cha_phonlamai_kw03_baidu_00406.jpg,cha_phonlamai_kw03_baidu_000012.jpg
cha_phonlamai_kw03_baidu_00407.jpg,cha_phonlamai_kw03_baidu_000013.jpg
cha_phonlamai_kw03_baidu_00408.jpg,cha_phonlamai_kw03_baidu_000014.jpg
cha_phonlamai_kw03_baidu_00409.jpg,cha_phonlamai_kw03_baidu_000015.jpg
cha_phonlamai_kw03_baidu_00410.jpg,cha_phonlamai_kw03_baidu_000016.jpg
cha_phonlamai_kw03_baidu_00411.jpg,cha_phonlamai_kw03_baidu_000017.jpg
cha_phonlamai_kw03_baidu_00412.jpg,cha_phonlamai_kw03_baidu_000018.jpg
cha_phonlamai_kw03_baidu_00413.jpg,cha_phonlamai_kw03_baidu_000019.jpg
cha_phonlamai_kw03_baidu_00414.jpg,cha_phonlamai_kw03_baidu_000020.jpg
cha_phonlamai_kw03_baidu_00415.jpg,cha_phonlamai_kw03_baidu_000021.jpg
cha_phonlamai_kw03_baidu_00416.jpg,cha_phonlamai_kw03_baidu_000022.jpg
cha_phonlamai_kw03_baidu_00417.jpg,cha_phonlamai_kw03_baidu_000023.jpg
cha_phonlamai_kw03_baidu_00418.jpg,cha_phonlamai_kw03_baidu_000024.jpg
cha_phonlamai_kw03_baidu_00419.jpg,cha_phonlamai_kw03_baidu_000025.jpg
cha_phonlamai_kw03_baidu_00420.jpg,cha_phonlamai_kw03_baidu_000026.jpg
cha_phonlamai_kw03_baidu_00421.png,cha_phonlamai_kw03_baidu_000027.png
cha_phonlamai_kw03_baidu_00422.jpg,cha_phonlamai_kw03_baidu_000028.jpg
cha_phonlamai_kw03_baidu_00423.jpg,cha_phonlamai_kw03_baidu_000029.jpg
cha_phonlamai_kw03_baidu_00424.jpg,cha_phonlamai_kw03_baidu_000030.jpg
cha_phonlamai_kw03_baidu_00425.jpg,cha_phonlamai_kw03_baidu_000031.jpg
cha_phonlamai_kw03_baidu_00426.jpg,cha_phonlamai_kw03_baidu_000032.jpg
cha_phonlamai_kw03_baidu_00427.jpg,cha_phonlamai_kw03_baidu_000033.jpg
cha_phonlamai_kw03_baidu_00428.jpg,cha_phonlamai_kw03_baidu_000034.jpg
cha_phonlamai_kw03_baidu_00429.jpg,cha_phonlamai_kw03_baidu_000035.jpg
cha_phonlamai_kw03_baidu_00430.jpg,cha_phonlamai_kw03_baidu_000036.jpg
cha_phonlamai_kw03_baidu_00431.jpg,cha_phonlamai_kw03_baidu_000037.jpg
cha_phonlamai_kw03_baidu_00432.jpg,cha_phonlamai_kw03_baidu_000038.jpg
cha_phonlamai_kw03_baidu_00433.jpg,cha_phonlamai_kw03_baidu_000039.jpg
cha_phonlamai_kw03_baidu_00434.jpeg,cha_phonlamai_kw03_baidu_000040.jpeg
cha_phonlamai_kw03_baidu_00435.jpg,cha_phonlamai_kw03_baidu_000041.jpg
cha_phonlamai_kw03_baidu_00436.jpg,cha_phonlamai_kw03_baidu_000042.jpg
cha_phonlamai_kw03_baidu_00437.jpg,cha_phonlamai_kw03_baidu_000043.jpg
cha_phonlamai_kw03_baidu_00438.jpg,cha_phonlamai_kw03_baidu_000044.jpg
cha_phonlamai_kw03_baidu_00439.jpg,cha_phonlamai_kw03_baidu_000045.jpg
cha_phonlamai_kw03_baidu_00440.jpg,cha_phonlamai_kw03_baidu_000046.jpg
cha_phonlamai_kw03_baidu_00441.jpg,cha_phonlamai_kw03_baidu_000047.jpg
cha_phonlamai_kw03_baidu_00442.jpg,cha_phonlamai_kw03_baidu_000048.jpg
cha_phonlamai_kw03_baidu_00443.jpg,cha_phonlamai_kw03_baidu_000049.jpg
cha_phonlamai_kw03_baidu_00444.jpg,cha_phonlamai_kw03_baidu_000050.jpg
cha_phonlamai_kw03_baidu_00445.jpg,cha_phonlamai_kw03_baidu_000051.jpg
cha_phonlamai_kw03_baidu_00446.jpg,cha_phonlamai_kw03_baidu_000052.jpg
cha_phonlamai_kw03_baidu_00447.jpg,cha_phonlamai_kw03_baidu_000053.jpg
cha_phonlamai_kw03_baidu_00448.jpg,cha_phonlamai_kw03_baidu_000054.jpg
cha_phonlamai_kw03_baidu_00449.jpg,cha_phonlamai_kw03_baidu_000055.jpg
cha_phonlamai_kw03_baidu_00450.jpg,cha_phonlamai_kw03_baidu_000056.jpg
cha_phonlamai_kw04_bing_00451.jpg,cha_phonlamai_kw04_bing_000000.jpg
cha_phonlamai_kw04_bing_00452.jpg,cha_phonlamai_kw04_bing_000001.jpg
cha_phonlamai_kw04_bing_00453.jpg,cha_phonlamai_kw04_bing_000002.jpg
cha_phonlamai_kw04_bing_00454.jpg,cha_phonlamai_kw04_bing_000003.jpg
cha_phonlamai_kw04_bing_00455.jpg,cha_phonlamai_kw04_bing_000004.jpg
cha_phonlamai_kw04_bing_00456.jpg,cha_phonlamai_kw04_bing_000005.jpg
cha_phonlamai_kw04_bing_00457.jpg,cha_phonlamai_kw04_bing_000006.jpg
cha_phonlamai_kw04_bing_00458.jpg,cha_phonlamai_kw04_bing_000007.jpg
cha_phonlamai_kw04_bing_00459.png,cha_phonlamai_kw04_bing_000008.png
cha_phonlamai_kw04_bing_00460.jpg,cha_phonlamai_kw04_bing_000009.jpg
cha_phonlamai_kw04_bing_00461.jpg,cha_phonlamai_kw04_bing_000010.jpg
cha_phonlamai_kw04_bing_00462.jpg,cha_phonlamai_kw04_bing_000011.jpg
cha_phonlamai_kw04_bing_00463.jpg,cha_phonlamai_kw04_bing_000012.jpg
cha_phonlamai_kw04_bing_00464.jpg,cha_phonlamai_kw04_bing_000013.jpg
cha_phonlamai_kw04_bing_00465.jpg,cha_phonlamai_kw04_bing_000014.jpg
cha_phonlamai_kw04_bing_00466.jpg,cha_phonlamai_kw04_bing_000015.jpg
cha_phonlamai_kw04_bing_00467.jpg,cha_phonlamai_kw04_bing_000016.jpg
cha_phonlamai_kw04_bing_00468.webp,cha_phonlamai_kw04_bing_000017.webp
cha_phonlamai_kw04_bing_00469.jpg,cha_phonlamai_kw04_bing_000018.jpg
cha_phonlamai_kw04_bing_00470.jpg,cha_phonlamai_kw04_bing_000019.jpg
cha_phonlamai_kw04_bing_00471.jpg,cha_phonlamai_kw04_bing_000020.jpg
cha_phonlamai_kw04_bing_00472.jpg,cha_phonlamai_kw04_bing_000021.jpg
cha_phonlamai_kw04_bing_00473.jpg,cha_phonlamai_kw04_bing_000022.jpg
cha_phonlamai_kw04_bing_00474.jpg,cha_phonlamai_kw04_bing_000023.jpg
cha_phonlamai_kw04_bing_00475.jpg,cha_phonlamai_kw04_bing_000024.jpg
cha_phonlamai_kw04_bing_00476.jpg,cha_phonlamai_kw04_bing_000025.jpg
cha_phonlamai_kw04_bing_00477.jpg,cha_phonlamai_kw04_bing_000026.jpg
cha_phonlamai_kw04_bing_00478.jpg,cha_phonlamai_kw04_bing_000027.jpg
cha_phonlamai_kw04_bing_00479.jpg,cha_phonlamai_kw04_bing_000028.jpg
cha_phonlamai_kw04_bing_00480.jpg,cha_phonlamai_kw04_bing_000029.jpg
cha_phonlamai_kw04_bing_00481.jpg,cha_phonlamai_kw04_bing_000030.jpg
cha_phonlamai_kw04_bing_00482.jpg,cha_phonlamai_kw04_bing_000031.jpg
cha_phonlamai_kw04_bing_00483.jpg,cha_phonlamai_kw04_bing_000032.jpg
cha_phonlamai_kw04_bing_00484.jpg,cha_phonlamai_kw04_bing_000033.jpg
cha_phonlamai_kw04_bing_00485.jpg,cha_phonlamai_kw04_bing_000034.jpg
cha_phonlamai_kw04_bing_00486.webp,cha_phonlamai_kw04_bing_000035.webp
cha_phonlamai_kw04_bing_00487.jpg,cha_phonlamai_kw04_bing_000036.jpg
cha_phonlamai_kw04_bing_00488.jpg,cha_phonlamai_kw04_bing_000037.jpg
cha_phonlamai_kw04_bing_00489.jpg,cha_phonlamai_kw04_bing_000038.jpg
cha_phonlamai_kw04_bing_00490.jpg,cha_phonlamai_kw04_bing_000039.jpg
cha_phonlamai_kw04_bing_00491.jpg,cha_phonlamai_kw04_bing_000040.jpg
cha_phonlamai_kw04_bing_00492.webp,cha_phonlamai_kw04_bing_000041.webp
cha_phonlamai_kw04_bing_00493.png,cha_phonlamai_kw04_bing_000042.png
cha_phonlamai_kw04_bing_00494.jpg,cha_phonlamai_kw04_bing_000043.jpg
cha_phonlamai_kw04_bing_00495.webp,cha_phonlamai_kw04_bing_000044.webp
cha_phonlamai_kw04_bing_00496.jpg,cha_phonlamai_kw04_bing_000045.jpg
cha_phonlamai_kw04_bing_00497.jpg,cha_phonlamai_kw04_bing_000046.jpg
cha_phonlamai_kw04_bing_00498.png,cha_phonlamai_kw04_bing_000047.png
cha_phonlamai_kw04_bing_00499.jpg,cha_phonlamai_kw04_bing_000048.jpg
cha_phonlamai_kw04_bing_00500.jpg,cha_phonlamai_kw04_bing_000049.jpg
cha_phonlamai_kw04_bing_00501.jpg,cha_phonlamai_kw04_bing_000050.jpg
cha_phonlamai_kw04_bing_00502.jpg,cha_phonlamai_kw04_bing_000051.jpg
cha_phonlamai_kw04_bing_00503.jpg,cha_phonlamai_kw04_bing_000052.jpg
cha_phonlamai_kw04_bing_00504.jpg,cha_phonlamai_kw04_bing_000053.jpg
cha_phonlamai_kw04_bing_00505.jpg,cha_phonlamai_kw04_bing_000054.jpg
cha_phonlamai_kw04_bing_00506.jpg,cha_phonlamai_kw04_bing_000055.jpg
cha_phonlamai_kw04_bing_00507.jpg,cha_phonlamai_kw04_bing_000056.jpg
cha_phonlamai_kw04_bing_00508.jpg,cha_phonlamai_kw04_bing_000057.jpg
cha_phonlamai_kw04_bing_00509.png,cha_phonlamai_kw04_bing_000058.png
cha_phonlamai_kw04_bing_00510.jpg,cha_phonlamai_kw04_bing_000059.jpg
cha_phonlamai_kw04_bing_00511.png,cha_phonlamai_kw04_bing_000060.png
cha_phonlamai_kw04_bing_00512.jpg,cha_phonlamai_kw04_bing_000061.jpg
cha_phonlamai_kw04_bing_00513.jpg,cha_phonlamai_kw04_bing_000062.jpg
cha_phonlamai_kw04_bing_00514.jpg,cha_phonlamai_kw04_bing_000063.jpg
cha_phonlamai_kw04_bing_00515.jpg,cha_phonlamai_kw04_bing_000064.jpg
cha_phonlamai_kw04_bing_00516.jpg,cha_phonlamai_kw04_bing_000065.jpg
cha_phonlamai_kw04_bing_00517.jpg,cha_phonlamai_kw04_bing_000066.jpg
cha_phonlamai_kw04_bing_00518.jpg,cha_phonlamai_kw04_bing_000067.jpg
cha_phonlamai_kw04_bing_00519.jpg,cha_phonlamai_kw04_bing_000068.jpg
cha_phonlamai_kw04_bing_00520.png,cha_phonlamai_kw04_bing_000069.png
cha_phonlamai_kw04_bing_00521.jpg,cha_phonlamai_kw04_bing_000070.jpg
cha_phonlamai_kw04_bing_00522.png,cha_phonlamai_kw04_bing_000071.png
cha_phonlamai_kw04_bing_00523.jpg,cha_phonlamai_kw04_bing_000072.jpg
cha_phonlamai_kw04_bing_00524.jpg,cha_phonlamai_kw04_bing_000073.jpg
cha_phonlamai_kw04_bing_00525.jpg,cha_phonlamai_kw04_bing_000074.jpg
cha_phonlamai_kw04_bing_00526.jpg,cha_phonlamai_kw04_bing_000075.jpg
cha_phonlamai_kw04_bing_00527.jpg,cha_phonlamai_kw04_bing_000076.jpg
cha_phonlamai_kw04_bing_00528.jpg,cha_phonlamai_kw04_bing_000077.jpg
cha_phonlamai_kw04_bing_00529.webp,cha_phonlamai_kw04_bing_000079.webp
cha_phonlamai_kw04_bing_00530.jpg,cha_phonlamai_kw04_bing_000080.jpg
cha_phonlamai_kw04_bing_00531.jpg,cha_phonlamai_kw04_bing_000081.jpg
cha_phonlamai_kw04_bing_00532.jpg,cha_phonlamai_kw04_bing_000082.jpg
cha_phonlamai_kw04_bing_00533.jpg,cha_phonlamai_kw04_bing_000083.jpg
cha_phonlamai_kw04_bing_00534.jpg,cha_phonlamai_kw04_bing_000084.jpg
cha_phonlamai_kw04_bing_00535.jpg,cha_phonlamai_kw04_bing_000085.jpg
cha_phonlamai_kw04_bing_00536.png,cha_phonlamai_kw04_bing_000086.png
cha_phonlamai_kw04_bing_00537.jpg,cha_phonlamai_kw04_bing_000087.jpg
cha_phonlamai_kw04_bing_00538.jpg,cha_phonlamai_kw04_bing_000088.jpg
cha_phonlamai_kw04_bing_00539.webp,cha_phonlamai_kw04_bing_000089.webp
cha_phonlamai_kw04_bing_00540.jpg,cha_phonlamai_kw04_bing_000090.jpg
cha_phonlamai_kw04_bing_00541.jpg,cha_phonlamai_kw04_bing_000091.jpg
cha_phonlamai_kw04_bing_00542.jpg,cha_phonlamai_kw04_bing_000092.jpg
cha_phonlamai_kw04_bing_00543.jpg,cha_phonlamai_kw04_bing_000093.jpg
cha_phonlamai_kw04_bing_00544.webp,cha_phonlamai_kw04_bing_000094.webp
cha_phonlamai_kw04_bing_00545.jpg,cha_phonlamai_kw04_bing_000097.jpg
cha_phonlamai_kw04_bing_00546.jpg,cha_phonlamai_kw04_bing_000098.jpg
cha_phonlamai_kw04_bing_00547.jpg,cha_phonlamai_kw04_bing_000099.jpg
cha_phonlamai_kw04_bing_00548.jpg,cha_phonlamai_kw04_bing_000100.jpg
cha_phonlamai_kw04_bing_00549.jpg,cha_phonlamai_kw04_bing_000101.jpg
cha_phonlamai_kw04_bing_00550.jpg,cha_phonlamai_kw04_bing_000102.jpg
cha_phonlamai_kw04_baidu_00551.jpg,cha_phonlamai_kw04_baidu_000001.jpg
cha_phonlamai_kw04_baidu_00552.jpg,cha_phonlamai_kw04_baidu_000002.jpg
cha_phonlamai_kw04_baidu_00553.jpg,cha_phonlamai_kw04_baidu_000003.jpg
cha_phonlamai_kw04_baidu_00554.jpg,cha_phonlamai_kw04_baidu_000004.jpg
cha_phonlamai_kw04_baidu_00555.jpg,cha_phonlamai_kw04_baidu_000005.jpg
cha_phonlamai_kw04_baidu_00556.jpg,cha_phonlamai_kw04_baidu_000006.jpg
cha_phonlamai_kw04_baidu_00557.jpg,cha_phonlamai_kw04_baidu_000007.jpg
cha_phonlamai_kw04_baidu_00558.jpg,cha_phonlamai_kw04_baidu_000008.jpg
cha_phonlamai_kw04_baidu_00559.jpg,cha_phonlamai_kw04_baidu_000009.jpg
cha_phonlamai_kw04_baidu_00560.jpg,cha_phonlamai_kw04_baidu_000010.jpg
cha_phonlamai_kw04_baidu_00561.jpg,cha_phonlamai_kw04_baidu_000011.jpg
cha_phonlamai_kw04_baidu_00562.jpg,cha_phonlamai_kw04_baidu_000012.jpg
cha_phonlamai_kw04_baidu_00563.jpg,cha_phonlamai_kw04_baidu_000013.jpg
cha_phonlamai_kw04_baidu_00564.jpg,cha_phonlamai_kw04_baidu_000014.jpg
cha_phonlamai_kw04_baidu_00565.jpg,cha_phonlamai_kw04_baidu_000015.jpg
cha_phonlamai_kw04_baidu_00566.jpg,cha_phonlamai_kw04_baidu_000016.jpg
cha_phonlamai_kw04_baidu_00567.jpg,cha_phonlamai_kw04_baidu_000017.jpg
cha_phonlamai_kw04_baidu_00568.jpg,cha_phonlamai_kw04_baidu_000018.jpg
cha_phonlamai_kw04_baidu_00569.jpg,cha_phonlamai_kw04_baidu_000019.jpg
cha_phonlamai_kw04_baidu_00570.jpg,cha_phonlamai_kw04_baidu_000020.jpg
cha_phonlamai_kw04_baidu_00571.jpg,cha_phonlamai_kw04_baidu_000021.jpg
cha_phonlamai_kw04_baidu_00572.jpg,cha_phonlamai_kw04_baidu_000022.jpg
cha_phonlamai_kw04_baidu_00573.jpeg,cha_phonlamai_kw04_baidu_000023.jpeg
cha_phonlamai_kw04_baidu_00574.jpg,cha_phonlamai_kw04_baidu_000024.jpg
cha_phonlamai_kw04_baidu_00575.jpg,cha_phonlamai_kw04_baidu_000025.jpg
cha_phonlamai_kw04_baidu_00576.jpg,cha_phonlamai_kw04_baidu_000026.jpg
cha_phonlamai_kw04_baidu_00577.jpg,cha_phonlamai_kw04_baidu_000027.jpg
cha_phonlamai_kw04_baidu_00578.jpg,cha_phonlamai_kw04_baidu_000028.jpg
cha_phonlamai_kw04_baidu_00579.jpg,cha_phonlamai_kw04_baidu_000029.jpg
cha_phonlamai_kw04_baidu_00580.png,cha_phonlamai_kw04_baidu_000030.png
cha_phonlamai_kw04_baidu_00581.jpg,cha_phonlamai_kw04_baidu_000031.jpg
cha_phonlamai_kw04_baidu_00582.jpg,cha_phonlamai_kw04_baidu_000032.jpg
cha_phonlamai_kw04_baidu_00583.jpeg,cha_phonlamai_kw04_baidu_000033.jpeg
cha_phonlamai_kw04_baidu_00584.jpg,cha_phonlamai_kw04_baidu_000034.jpg
cha_phonlamai_kw04_baidu_00585.jpg,cha_phonlamai_kw04_baidu_000035.jpg
cha_phonlamai_kw04_baidu_00586.jpg,cha_phonlamai_kw04_baidu_000036.jpg
cha_phonlamai_kw04_baidu_00587.jpg,cha_phonlamai_kw04_baidu_000037.jpg
cha_phonlamai_kw04_baidu_00588.jpg,cha_phonlamai_kw04_baidu_000038.jpg
cha_phonlamai_kw04_baidu_00589.jpg,cha_phonlamai_kw04_baidu_000039.jpg
cha_phonlamai_kw04_baidu_00590.jpg,cha_phonlamai_kw04_baidu_000040.jpg
cha_phonlamai_kw04_baidu_00591.jpg,cha_phonlamai_kw04_baidu_000041.jpg
cha_phonlamai_kw04_baidu_00592.jpg,cha_phonlamai_kw04_baidu_000042.jpg
cha_phonlamai_kw04_baidu_00593.jpg,cha_phonlamai_kw04_baidu_000043.jpg
cha_phonlamai_kw04_baidu_00594.png,cha_phonlamai_kw04_baidu_000044.png
cha_phonlamai_kw04_baidu_00595.jpg,cha_phonlamai_kw04_baidu_000045.jpg
cha_phonlamai_kw04_baidu_00596.jpg,cha_phonlamai_kw04_baidu_000046.jpg
cha_phonlamai_kw04_baidu_00597.jpeg,cha_phonlamai_kw04_baidu_000047.jpeg
cha_phonlamai_kw04_baidu_00598.jpg,cha_phonlamai_kw04_baidu_000048.jpg
cha_phonlamai_kw04_baidu_00599.jpg,cha_phonlamai_kw04_baidu_000049.jpg
