sheet,idx,filename
cha_thai__auto_reject__00.jpg,0,cha_thai_kw02_bing_000097.jpg
cha_thai__auto_reject__00.jpg,1,cha_thai_kw01_bing_000124.webp
cha_thai__auto_reject__00.jpg,2,cha_thai_kw04_bing_000106.png
cha_thai__auto_reject__00.jpg,3,cha_thai_kw04_bing_000105.jpg
cha_thai__auto_reject__00.jpg,4,cha_thai_kw02_bing_000089.webp
cha_thai__auto_reject__00.jpg,5,cha_thai_kw04_bing_000104.jpg
cha_thai__auto_reject__00.jpg,6,cha_thai_kw04_bing_000094.jpg
cha_thai__auto_reject__00.jpg,7,cha_thai_kw04_bing_000107.jpg
cha_thai__auto_reject__00.jpg,8,cha_thai_kw02_bing_000094.png
cha_thai__auto_reject__00.jpg,9,cha_thai_kw04_baidu_000034.jpg
cha_thai__auto_reject__00.jpg,10,cha_thai_kw04_bing_000084.jpg
cha_thai__auto_reject__00.jpg,11,cha_thai_kw04_bing_000083.jpg
cha_thai__auto_reject__00.jpg,12,cha_thai_kw02_bing_000098.jpg
cha_thai__auto_reject__00.jpg,13,cha_thai_kw02_bing_000050.jpg
cha_thai__auto_reject__00.jpg,14,cha_thai_kw02_bing_000062.jpg
cha_thai__auto_reject__00.jpg,15,cha_thai_kw02_bing_000087.png
cha_thai__auto_reject__00.jpg,16,cha_thai_kw04_bing_000108.jpg
cha_thai__auto_reject__00.jpg,17,cha_thai_kw04_baidu_000043.jpg
cha_thai__auto_reject__00.jpg,18,cha_thai_kw04_bing_000110.jpg
cha_thai__auto_reject__00.jpg,19,cha_thai_kw04_bing_000118.jpg
cha_thai__auto_reject__00.jpg,20,cha_thai_kw02_bing_000093.jpg
cha_thai__auto_reject__00.jpg,21,cha_thai_kw00_bing_000084.webp
cha_thai__auto_reject__00.jpg,22,cha_thai_kw04_bing_000109.jpg
cha_thai__auto_reject__00.jpg,23,cha_thai_kw04_bing_000116.jpg
cha_thai__auto_reject__00.jpg,24,cha_thai_kw04_bing_000115.jpg
cha_thai__auto_reject__00.jpg,25,cha_thai_kw04_bing_000117.jpg
cha_thai__auto_reject__00.jpg,26,cha_thai_kw04_bing_000114.jpg
cha_thai__auto_reject__00.jpg,27,cha_thai_kw04_bing_000113.jpg
cha_thai__auto_reject__00.jpg,28,cha_thai_kw04_bing_000112.jpg
cha_thai__auto_reject__00.jpg,29,cha_thai_kw02_bing_000091.jpg
cha_thai__auto_reject__00.jpg,30,cha_thai_kw04_bing_000111.jpg
cha_thai__auto_reject__00.jpg,31,cha_thai_kw02_bing_000022.jpg
cha_thai__auto_reject__00.jpg,32,cha_thai_kw04_baidu_000008.jpg
cha_thai__auto_reject__00.jpg,33,cha_thai_kw03_baidu_000042.jpg
cha_thai__auto_reject__00.jpg,34,cha_thai_kw02_bing_000101.jpg
cha_thai__auto_reject__00.jpg,35,cha_thai_kw04_bing_000078.png
cha_thai__auto_reject__00.jpg,36,cha_thai_kw00_bing_000049.webp
cha_thai__auto_reject__00.jpg,37,cha_thai_kw00_bing_000066.webp
cha_thai__auto_reject__00.jpg,38,cha_thai_kw04_baidu_000038.png
cha_thai__auto_reject__00.jpg,39,cha_thai_kw00_bing_000155.webp
cha_thai__auto_reject__00.jpg,40,cha_thai_kw04_bing_000092.jpg
cha_thai__auto_reject__00.jpg,41,cha_thai_kw04_bing_000088.jpg
cha_thai__auto_reject__00.jpg,42,cha_thai_kw04_baidu_000031.jpg
cha_thai__auto_reject__00.jpg,43,cha_thai_kw04_baidu_000017.jpg
cha_thai__auto_reject__00.jpg,44,cha_thai_kw02_bing_000066.png
cha_thai__auto_reject__00.jpg,45,cha_thai_kw02_bing_000081.jpg
cha_thai__auto_reject__00.jpg,46,cha_thai_kw02_bing_000020.jpg
cha_thai__auto_reject__00.jpg,47,cha_thai_kw00_bing_000083.jpg
cha_thai__auto_reject__01.jpg,0,cha_thai_kw02_bing_000109.jpg
cha_thai__auto_reject__01.jpg,1,cha_thai_kw02_bing_000051.jpg
cha_thai__auto_reject__01.jpg,2,cha_thai_kw02_bing_000106.png
cha_thai__auto_reject__01.jpg,3,cha_thai_kw02_bing_000064.jpg
cha_thai__auto_reject__01.jpg,4,cha_thai_kw02_bing_000107.jpg
cha_thai__auto_reject__01.jpg,5,cha_thai_kw04_bing_000072.jpg
cha_thai__auto_reject__01.jpg,6,cha_thai_kw02_bing_000049.jpg
cha_thai__auto_reject__01.jpg,7,cha_thai_kw02_bing_000041.jpg
cha_thai__auto_reject__01.jpg,8,cha_thai_kw01_bing_000042.webp
cha_thai__auto_reject__01.jpg,9,cha_thai_kw02_bing_000080.jpg
cha_thai__auto_reject__01.jpg,10,cha_thai_kw04_bing_000090.jpg
cha_thai__auto_reject__01.jpg,11,cha_thai_kw04_baidu_000016.jpg
cha_thai__auto_reject__01.jpg,12,cha_thai_kw02_bing_000096.webp
cha_thai__auto_reject__01.jpg,13,cha_thai_kw02_bing_000021.jpg
cha_thai__auto_reject__01.jpg,14,cha_thai_kw04_baidu_000026.jpg
cha_thai__auto_reject__01.jpg,15,cha_thai_kw01_bing_000101.jpg
cha_thai__auto_reject__01.jpg,16,cha_thai_kw02_bing_000102.jpg
cha_thai__auto_reject__01.jpg,17,cha_thai_kw04_baidu_000007.jpg
cha_thai__auto_reject__01.jpg,18,cha_thai_kw02_bing_000110.jpg
cha_thai__auto_reject__01.jpg,19,cha_thai_kw02_bing_000074.webp
cha_thai__auto_reject__01.jpg,20,cha_thai_kw04_baidu_000021.jpg
cha_thai__auto_reject__01.jpg,21,cha_thai_kw04_baidu_000054.jpg
cha_thai__auto_reject__01.jpg,22,cha_thai_kw02_bing_000029.jpg
cha_thai__auto_reject__01.jpg,23,cha_thai_kw02_bing_000104.jpg
cha_thai__auto_reject__01.jpg,24,cha_thai_kw04_baidu_000053.jpg
cha_thai__auto_reject__01.jpg,25,cha_thai_kw01_bing_000123.jpg
cha_thai__auto_reject__01.jpg,26,cha_thai_kw02_bing_000075.jpg
cha_thai__auto_reject__01.jpg,27,cha_thai_kw02_bing_000030.jpg
cha_thai__auto_reject__01.jpg,28,cha_thai_kw04_baidu_000032.jpg
cha_thai__auto_reject__01.jpg,29,cha_thai_kw00_bing_000046.jpg
cha_thai__auto_reject__01.jpg,30,cha_thai_kw02_bing_000067.jpg
cha_thai__auto_reject__01.jpg,31,cha_thai_kw02_bing_000057.jpg
cha_thai__auto_reject__01.jpg,32,cha_thai_kw01_bing_000040.jpg
cha_thai__auto_reject__01.jpg,33,cha_thai_kw02_bing_000069.jpg
cha_thai__auto_reject__01.jpg,34,cha_thai_kw00_bing_000035.png
cha_thai__auto_reject__01.jpg,35,cha_thai_kw02_bing_000042.jpg
cha_thai__auto_reject__01.jpg,36,cha_thai_kw04_baidu_000019.jpg
cha_thai__auto_reject__01.jpg,37,cha_thai_kw01_bing_000035.jpg
cha_thai__auto_reject__01.jpg,38,cha_thai_kw02_bing_000046.jpg
cha_thai__auto_reject__01.jpg,39,cha_thai_kw02_bing_000082.jpg
cha_thai__auto_reject__01.jpg,40,cha_thai_kw02_bing_000031.jpg
cha_thai__auto_reject__01.jpg,41,cha_thai_kw00_bing_000050.jpg
cha_thai__auto_reject__01.jpg,42,cha_thai_kw02_bing_000099.jpg
cha_thai__auto_reject__01.jpg,43,cha_thai_kw01_bing_000103.jpg
cha_thai__auto_reject__01.jpg,44,cha_thai_kw04_baidu_000050.jpg
cha_thai__auto_reject__01.jpg,45,cha_thai_kw02_bing_000009.jpg
cha_thai__auto_reject__01.jpg,46,cha_thai_kw01_bing_000075.jpg
cha_thai__auto_reject__01.jpg,47,cha_thai_kw01_bing_000043.jpg
cha_thai__auto_reject__02.jpg,0,cha_thai_kw04_baidu_000009.jpg
cha_thai__auto_reject__02.jpg,1,cha_thai_kw02_bing_000060.jpg
cha_thai__auto_reject__02.jpg,2,cha_thai_kw04_bing_000070.jpg
cha_thai__auto_reject__02.jpg,3,cha_thai_kw01_bing_000093.jpg
cha_thai__auto_reject__02.jpg,4,cha_thai_kw01_bing_000152.webp
cha_thai__auto_reject__02.jpg,5,cha_thai_kw02_bing_000058.jpg
cha_thai__auto_reject__02.jpg,6,cha_thai_kw01_bing_000058.jpg
cha_thai__auto_reject__02.jpg,7,cha_thai_kw04_baidu_000055.png
cha_thai__auto_reject__02.jpg,8,cha_thai_kw03_bing_000100.jpg
cha_thai__auto_reject__02.jpg,9,cha_thai_kw02_bing_000047.png
cha_thai__auto_reject__02.jpg,10,cha_thai_kw02_bing_000095.jpg
cha_thai__auto_reject__02.jpg,11,cha_thai_kw02_bing_000065.jpg
cha_thai__auto_reject__02.jpg,12,cha_thai_kw04_baidu_000013.jpg
cha_thai__auto_reject__02.jpg,13,cha_thai_kw04_baidu_000052.jpg
cha_thai__auto_reject__02.jpg,14,cha_thai_kw02_bing_000043.jpg
cha_thai__auto_reject__02.jpg,15,cha_thai_kw01_bing_000071.jpg
cha_thai__auto_reject__02.jpg,16,cha_thai_kw04_baidu_000028.jpg
cha_thai__auto_reject__02.jpg,17,cha_thai_kw00_bing_000104.webp
cha_thai__auto_reject__02.jpg,18,cha_thai_kw02_bing_000008.jpg
cha_thai__auto_reject__02.jpg,19,cha_thai_kw04_bing_000052.jpg
cha_thai__auto_reject__02.jpg,20,cha_thai_kw04_baidu_000012.jpg
cha_thai__auto_reject__02.jpg,21,cha_thai_kw02_bing_000038.jpg
cha_thai__review__00.jpg,0,cha_thai_kw02_bing_000070.jpg
cha_thai__review__00.jpg,1,cha_thai_kw04_bing_000057.webp
cha_thai__review__00.jpg,2,cha_thai_kw01_bing_000113.webp
cha_thai__review__00.jpg,3,cha_thai_kw01_bing_000078.jpg
cha_thai__review__00.jpg,4,cha_thai_kw04_baidu_000042.jpg
cha_thai__review__00.jpg,5,cha_thai_kw00_bing_000048.jpg
cha_thai__review__00.jpg,6,cha_thai_kw02_bing_000014.jpg
cha_thai__review__00.jpg,7,cha_thai_kw02_bing_000068.jpg
cha_thai__review__00.jpg,8,cha_thai_kw03_baidu_000023.jpg
cha_thai__review__00.jpg,9,cha_thai_kw00_bing_000067.jpg
cha_thai__review__00.jpg,10,cha_thai_kw01_bing_000091.jpg
cha_thai__review__00.jpg,11,cha_thai_kw04_bing_000006.jpg
cha_thai__review__00.jpg,12,cha_thai_kw04_baidu_000022.jpg
cha_thai__review__00.jpg,13,cha_thai_kw01_bing_000146.webp
cha_thai__review__00.jpg,14,cha_thai_kw01_bing_000118.jpg
cha_thai__review__00.jpg,15,cha_thai_kw02_bing_000071.jpg
cha_thai__review__00.jpg,16,cha_thai_kw02_bing_000055.webp
cha_thai__review__00.jpg,17,cha_thai_kw02_bing_000086.png
cha_thai__review__00.jpg,18,cha_thai_kw03_bing_000102.jpg
cha_thai__review__00.jpg,19,cha_thai_kw02_bing_000090.jpg
cha_thai__review__00.jpg,20,cha_thai_kw02_bing_000072.jpg
cha_thai__review__00.jpg,21,cha_thai_kw01_bing_000053.jpg
cha_thai__review__00.jpg,22,cha_thai_kw01_bing_000025.webp
cha_thai__review__00.jpg,23,cha_thai_kw00_bing_000061.jpg
cha_thai__review__00.jpg,24,cha_thai_kw00_bing_000036.webp
cha_thai__review__00.jpg,25,cha_thai_kw03_baidu_000048.jpg
cha_thai__review__00.jpg,26,cha_thai_kw04_baidu_000046.jpg
cha_thai__review__00.jpg,27,cha_thai_kw02_bing_000019.jpg
cha_thai__review__00.jpg,28,cha_thai_kw01_bing_000015.jpg
cha_thai__review__00.jpg,29,cha_thai_kw02_bing_000100.png
cha_thai__review__00.jpg,30,cha_thai_kw02_bing_000032.jpg
cha_thai__review__00.jpg,31,cha_thai_kw03_bing_000022.jpg
cha_thai__review__00.jpg,32,cha_thai_kw01_bing_000100.jpg
cha_thai__review__00.jpg,33,cha_thai_kw02_bing_000036.jpg
cha_thai__review__00.jpg,34,cha_thai_kw03_baidu_000043.jpg
cha_thai__review__00.jpg,35,cha_thai_kw04_bing_000047.jpg
cha_thai__review__00.jpg,36,cha_thai_kw04_baidu_000041.jpg
cha_thai__review__00.jpg,37,cha_thai_kw04_baidu_000027.jpg
cha_thai__review__00.jpg,38,cha_thai_kw02_bing_000003.jpg
cha_thai__review__00.jpg,39,cha_thai_kw01_bing_000039.webp
cha_thai__review__00.jpg,40,cha_thai_kw04_baidu_000023.jpg
cha_thai__review__00.jpg,41,cha_thai_kw02_bing_000017.jpg
cha_thai__review__00.jpg,42,cha_thai_kw03_bing_000101.jpg
cha_thai__review__00.jpg,43,cha_thai_kw03_baidu_000045.jpg
cha_thai__review__00.jpg,44,cha_thai_kw02_bing_000005.jpg
cha_thai__review__00.jpg,45,cha_thai_kw02_bing_000044.webp
cha_thai__review__00.jpg,46,cha_thai_kw03_baidu_000047.jpg
cha_thai__review__00.jpg,47,cha_thai_kw02_bing_000002.jpg
cha_thai__review__01.jpg,0,cha_thai_kw03_baidu_000014.jpg
cha_thai__review__01.jpg,1,cha_thai_kw01_bing_000099.jpg
cha_thai__review__01.jpg,2,cha_thai_kw04_bing_000014.png
cha_thai__review__01.jpg,3,cha_thai_kw01_bing_000034.jpg
cha_thai__review__01.jpg,4,cha_thai_kw04_baidu_000003.jpg
cha_thai__review__01.jpg,5,cha_thai_kw02_bing_000054.jpg
cha_thai__review__01.jpg,6,cha_thai_kw00_bing_000044.webp
cha_thai__review__01.jpg,7,cha_thai_kw00_bing_000058.webp
cha_thai__review__01.jpg,8,cha_thai_kw03_bing_000081.png
cha_thai__review__01.jpg,9,cha_thai_kw04_bing_000085.jpg
cha_thai__review__01.jpg,10,cha_thai_kw00_bing_000019.jpg
cha_thai__review__01.jpg,11,cha_thai_kw04_bing_000069.jpg
cha_thai__review__01.jpg,12,cha_thai_kw03_bing_000039.jpg
cha_thai__review__01.jpg,13,cha_thai_kw03_baidu_000030.jpg
cha_thai__review__01.jpg,14,cha_thai_kw04_baidu_000048.jpg
cha_thai__review__01.jpg,15,cha_thai_kw00_bing_000034.webp
cha_thai__review__01.jpg,16,cha_thai_kw04_baidu_000036.jpg
cha_thai__review__01.jpg,17,cha_thai_kw02_bing_000059.jpg
cha_thai__review__01.jpg,18,cha_thai_kw00_bing_000040.webp
cha_thai__review__01.jpg,19,cha_thai_kw04_bing_000045.jpg
cha_thai__review__01.jpg,20,cha_thai_kw03_baidu_000021.jpg
cha_thai__review__01.jpg,21,cha_thai_kw00_bing_000056.webp
cha_thai__review__01.jpg,22,cha_thai_kw01_bing_000096.jpg
cha_thai__review__01.jpg,23,cha_thai_kw03_bing_000079.jpg
cha_thai__review__01.jpg,24,cha_thai_kw03_bing_000096.jpg
cha_thai__review__01.jpg,25,cha_thai_kw01_bing_000079.jpg
cha_thai__review__01.jpg,26,cha_thai_kw01_bing_000087.jpg
cha_thai__review__01.jpg,27,cha_thai_kw04_baidu_000014.jpg
cha_thai__review__01.jpg,28,cha_thai_kw01_bing_000033.jpg
cha_thai__review__01.jpg,29,cha_thai_kw04_baidu_000004.jpg
cha_thai__review__01.jpg,30,cha_thai_kw02_bing_000045.webp
cha_thai__review__01.jpg,31,cha_thai_kw02_bing_000061.webp
cha_thai__review__01.jpg,32,cha_thai_kw03_baidu_000037.png
cha_thai__review__01.jpg,33,cha_thai_kw03_bing_000072.jpg
cha_thai__review__01.jpg,34,cha_thai_kw03_bing_000082.jpg
cha_thai__review__01.jpg,35,cha_thai_kw02_bing_000016.jpg
cha_thai__review__01.jpg,36,cha_thai_kw03_baidu_000044.jpg
cha_thai__review__01.jpg,37,cha_thai_kw02_bing_000015.jpg
cha_thai__review__01.jpg,38,cha_thai_kw01_bing_000064.jpg
cha_thai__review__01.jpg,39,cha_thai_kw00_bing_000039.jpg
cha_thai__review__01.jpg,40,cha_thai_kw01_bing_000088.jpg
cha_thai__review__01.jpg,41,cha_thai_kw02_bing_000010.png
cha_thai__review__01.jpg,42,cha_thai_kw04_bing_000061.jpg
cha_thai__review__01.jpg,43,cha_thai_kw03_baidu_000008.jpg
cha_thai__review__01.jpg,44,cha_thai_kw03_baidu_000027.jpg
cha_thai__review__01.jpg,45,cha_thai_kw03_baidu_000038.jpg
cha_thai__review__01.jpg,46,cha_thai_kw03_baidu_000011.jpg
cha_thai__review__01.jpg,47,cha_thai_kw02_bing_000103.jpg
cha_thai__review__02.jpg,0,cha_thai_kw03_bing_000049.jpg
cha_thai__review__02.jpg,1,cha_thai_kw03_bing_000017.jpg
cha_thai__review__02.jpg,2,cha_thai_kw01_bing_000086.jpg
cha_thai__review__02.jpg,3,cha_thai_kw04_bing_000066.png
cha_thai__review__02.jpg,4,cha_thai_kw03_baidu_000006.jpg
cha_thai__review__02.jpg,5,cha_thai_kw04_baidu_000040.jpg
cha_thai__review__02.jpg,6,cha_thai_kw03_baidu_000046.jpg
cha_thai__review__02.jpg,7,cha_thai_kw01_bing_000092.jpg
cha_thai__review__02.jpg,8,cha_thai_kw04_baidu_000010.jpg
cha_thai__review__02.jpg,9,cha_thai_kw03_bing_000035.jpg
cha_thai__review__02.jpg,10,cha_thai_kw03_bing_000012.jpg
cha_thai__review__02.jpg,11,cha_thai_kw03_bing_000070.png
cha_thai__review__02.jpg,12,cha_thai_kw00_bing_000051.jpg
cha_thai__review__02.jpg,13,cha_thai_kw02_bing_000001.jpg
cha_thai__review__02.jpg,14,cha_thai_kw03_baidu_000018.jpg
cha_thai__review__02.jpg,15,cha_thai_kw00_bing_000032.jpg
cha_thai__review__02.jpg,16,cha_thai_kw02_bing_000039.jpg
cha_thai__review__02.jpg,17,cha_thai_kw02_bing_000092.png
cha_thai__review__02.jpg,18,cha_thai_kw03_baidu_000035.jpg
cha_thai__review__02.jpg,19,cha_thai_kw01_bing_000077.jpg
cha_thai__review__02.jpg,20,cha_thai_kw00_bing_000008.webp
cha_thai__review__02.jpg,21,cha_thai_kw04_bing_000063.jpg
cha_thai__review__02.jpg,22,cha_thai_kw00_bing_000079.jpg
cha_thai__review__02.jpg,23,cha_thai_kw03_bing_000065.jpg
cha_thai__review__02.jpg,24,cha_thai_kw04_baidu_000029.jpg
cha_thai__review__02.jpg,25,cha_thai_kw00_bing_000063.jpg
cha_thai__review__02.jpg,26,cha_thai_kw03_baidu_000025.jpg
cha_thai__review__02.jpg,27,cha_thai_kw00_bing_000026.jpg
cha_thai__review__02.jpg,28,cha_thai_kw01_bing_000066.jpg
cha_thai__review__02.jpg,29,cha_thai_kw02_bing_000052.jpg
cha_thai__review__02.jpg,30,cha_thai_kw03_bing_000046.jpg
cha_thai__review__02.jpg,31,cha_thai_kw01_bing_000041.jpg
cha_thai__review__02.jpg,32,cha_thai_kw01_bing_000028.jpg
cha_thai__review__02.jpg,33,cha_thai_kw03_baidu_000036.jpg
cha_thai__review__02.jpg,34,cha_thai_kw02_bing_000000.jpg
cha_thai__review__02.jpg,35,cha_thai_kw00_bing_000009.jpg
cha_thai__review__02.jpg,36,cha_thai_kw03_baidu_000029.jpg
cha_thai__review__02.jpg,37,cha_thai_kw01_bing_000072.jpg
cha_thai__review__02.jpg,38,cha_thai_kw03_baidu_000026.jpg
cha_thai__review__02.jpg,39,cha_thai_kw01_bing_000065.jpg
cha_thai__review__02.jpg,40,cha_thai_kw02_bing_000056.jpg
cha_thai__review__02.jpg,41,cha_thai_kw03_baidu_000028.jpg
cha_thai__review__02.jpg,42,cha_thai_kw01_bing_000062.jpg
cha_thai__review__02.jpg,43,cha_thai_kw00_bing_000062.jpg
cha_thai__review__02.jpg,44,cha_thai_kw03_baidu_000032.jpg
cha_thai__review__02.jpg,45,cha_thai_kw03_baidu_000017.jpg
cha_thai__review__02.jpg,46,cha_thai_kw00_bing_000047.jpg
cha_thai__review__02.jpg,47,cha_thai_kw04_bing_000042.jpg
cha_thai__review__03.jpg,0,cha_thai_kw03_baidu_000003.jpg
cha_thai__review__03.jpg,1,cha_thai_kw00_bing_000006.png
cha_thai__review__03.jpg,2,cha_thai_kw01_bing_000074.jpg
cha_thai__review__03.jpg,3,cha_thai_kw03_bing_000004.jpg
cha_thai__review__03.jpg,4,cha_thai_kw04_baidu_000044.jpg
cha_thai__review__03.jpg,5,cha_thai_kw03_bing_000010.jpg
cha_thai__review__03.jpg,6,cha_thai_kw03_bing_000014.jpg
cha_thai__review__03.jpg,7,cha_thai_kw04_baidu_000037.jpg
cha_thai__review__03.jpg,8,cha_thai_kw03_bing_000032.jpg
cha_thai__review__03.jpg,9,cha_thai_kw03_bing_000034.jpg
cha_thai__review__03.jpg,10,cha_thai_kw00_bing_000041.webp
cha_thai__review__03.jpg,11,cha_thai_kw03_bing_000099.jpg
cha_thai__review__03.jpg,12,cha_thai_kw02_bing_000034.jpg
cha_thai__review__03.jpg,13,cha_thai_kw03_bing_000083.jpg
cha_thai__review__03.jpg,14,cha_thai_kw04_bing_000096.jpg
cha_thai__review__03.jpg,15,cha_thai_kw00_bing_000030.jpg
cha_thai__review__03.jpg,16,cha_thai_kw03_baidu_000049.jpg
cha_thai__review__03.jpg,17,cha_thai_kw04_bing_000001.jpg
cha_thai__review__03.jpg,18,cha_thai_kw04_bing_000003.jpg
cha_thai__review__03.jpg,19,cha_thai_kw04_bing_000004.jpg
cha_thai__review__03.jpg,20,cha_thai_kw04_bing_000005.jpg
cha_thai__review__03.jpg,21,cha_thai_kw04_bing_000046.jpg
cha_thai__review__03.jpg,22,cha_thai_kw04_baidu_000039.jpg
cha_thai__review__03.jpg,23,cha_thai_kw04_bing_000068.jpg
cha_thai__review__03.jpg,24,cha_thai_kw04_bing_000075.jpg
cha_thai__review__03.jpg,25,cha_thai_kw00_bing_000013.jpg
cha_thai__review__03.jpg,26,cha_thai_kw04_bing_000025.jpg
cha_thai__review__03.jpg,27,cha_thai_kw00_bing_000042.jpg
cha_thai__review__03.jpg,28,cha_thai_kw00_bing_000014.jpg
cha_thai__review__03.jpg,29,cha_thai_kw00_bing_000028.webp
cha_thai__review__03.jpg,30,cha_thai_kw04_bing_000028.jpg
cha_thai__review__03.jpg,31,cha_thai_kw04_bing_000029.jpg
cha_thai__review__03.jpg,32,cha_thai_kw04_bing_000030.jpg
cha_thai__review__03.jpg,33,cha_thai_kw00_bing_000029.jpg
cha_thai__review__03.jpg,34,cha_thai_kw00_bing_000031.jpg
cha_thai__review__03.jpg,35,cha_thai_kw04_baidu_000024.jpg
cha_thai__review__03.jpg,36,cha_thai_kw03_baidu_000024.jpg
cha_thai__review__03.jpg,37,cha_thai_kw01_bing_000019.jpg
cha_thai__review__03.jpg,38,cha_thai_kw01_bing_000090.webp
cha_thai__review__03.jpg,39,cha_thai_kw03_bing_000076.jpg
cha_thai__review__03.jpg,40,cha_thai_kw01_bing_000094.jpg
cha_thai__review__03.jpg,41,cha_thai_kw03_bing_000071.jpg
cha_thai__review__03.jpg,42,cha_thai_kw03_bing_000064.jpg
cha_thai__review__03.jpg,43,cha_thai_kw01_bing_000098.jpg
cha_thai__review__03.jpg,44,cha_thai_kw03_bing_000042.jpg
cha_thai__review__03.jpg,45,cha_thai_kw03_bing_000041.jpg
cha_thai__review__03.jpg,46,cha_thai_kw03_bing_000086.jpg
cha_thai__review__03.jpg,47,cha_thai_kw03_bing_000040.jpg
cha_thai__review__04.jpg,0,cha_thai_kw03_bing_000030.jpg
cha_thai__review__04.jpg,1,cha_thai_kw03_bing_000023.jpg
cha_thai__review__04.jpg,2,cha_thai_kw03_bing_000019.jpg
cha_thai__review__04.jpg,3,cha_thai_kw03_bing_000013.jpg
cha_thai__review__04.jpg,4,cha_thai_kw03_bing_000009.jpg
cha_thai__review__04.jpg,5,cha_thai_kw03_bing_000007.jpg
cha_thai__review__04.jpg,6,cha_thai_kw02_bing_000108.jpg
cha_thai__review__04.jpg,7,cha_thai_kw02_bing_000035.jpg
cha_thai__review__04.jpg,8,cha_thai_kw01_bing_000102.jpg
cha_thai__review__04.jpg,9,cha_thai_kw01_bing_000011.jpg
cha_thai__review__04.jpg,10,cha_thai_kw03_bing_000091.png
cha_thai__review__04.jpg,11,cha_thai_kw03_bing_000094.jpg
cha_thai__review__04.jpg,12,cha_thai_kw01_bing_000023.jpg
cha_thai__review__04.jpg,13,cha_thai_kw01_bing_000027.jpg
cha_thai__review__04.jpg,14,cha_thai_kw03_baidu_000041.jpg
cha_thai__review__04.jpg,15,cha_thai_kw03_baidu_000040.jpg
cha_thai__review__04.jpg,16,cha_thai_kw01_bing_000032.jpg
cha_thai__review__04.jpg,17,cha_thai_kw03_baidu_000034.jpg
cha_thai__review__04.jpg,18,cha_thai_kw03_baidu_000031.jpg
cha_thai__review__04.jpg,19,cha_thai_kw01_bing_000055.jpg
cha_thai__review__04.jpg,20,cha_thai_kw03_bing_000093.jpg
cha_thai__review__04.jpg,21,cha_thai_kw01_bing_000060.jpg
cha_thai__review__04.jpg,22,cha_thai_kw01_bing_000061.jpg
cha_thai__review__04.jpg,23,cha_thai_kw03_baidu_000013.jpg
cha_thai__review__04.jpg,24,cha_thai_kw03_baidu_000009.jpg
cha_thai__review__04.jpg,25,cha_thai_kw03_baidu_000007.jpg
cha_thai__review__04.jpg,26,cha_thai_kw03_baidu_000004.jpg
cha_thai__review__04.jpg,27,cha_thai_kw03_baidu_000002.jpg
cha_thai__review__04.jpg,28,cha_thai_kw03_bing_000098.jpg
cha_thai__review__04.jpg,29,cha_thai_kw03_bing_000095.jpg
cha_thai__review__04.jpg,30,cha_thai_kw03_baidu_000022.jpg
cha_thai__review__04.jpg,31,cha_thai_kw00_bing_000000.jpg
cha_thai__auto_keep__00.jpg,0,cha_thai_kw03_baidu_000019.jpg
cha_thai__auto_keep__00.jpg,1,cha_thai_kw03_baidu_000016.jpg
cha_thai__auto_keep__00.jpg,2,cha_thai_kw03_bing_000080.jpg
cha_thai__auto_keep__00.jpg,3,cha_thai_kw03_baidu_000050.jpg
cha_thai__auto_keep__00.jpg,4,cha_thai_kw04_bing_000056.jpg
cha_thai__auto_keep__00.jpg,5,cha_thai_kw03_bing_000087.jpg
cha_thai__auto_keep__00.jpg,6,cha_thai_kw02_bing_000025.jpg
cha_thai__auto_keep__00.jpg,7,cha_thai_kw04_bing_000010.jpg
cha_thai__auto_keep__00.jpg,8,cha_thai_kw04_bing_000044.jpg
cha_thai__auto_keep__00.jpg,9,cha_thai_kw00_bing_000027.jpg
cha_thai__auto_keep__00.jpg,10,cha_thai_kw01_bing_000052.webp
cha_thai__auto_keep__00.jpg,11,cha_thai_kw00_bing_000045.webp
cha_thai__auto_keep__00.jpg,12,cha_thai_kw04_bing_000082.jpg
cha_thai__auto_keep__00.jpg,13,cha_thai_kw03_bing_000078.png
cha_thai__auto_keep__00.jpg,14,cha_thai_kw04_bing_000074.jpg
cha_thai__auto_keep__00.jpg,15,cha_thai_kw04_baidu_000015.jpg
cha_thai__auto_keep__00.jpg,16,cha_thai_kw04_bing_000087.jpg
cha_thai__auto_keep__00.jpg,17,cha_thai_kw01_bing_000068.jpg
cha_thai__auto_keep__00.jpg,18,cha_thai_kw04_bing_000067.jpg
cha_thai__auto_keep__00.jpg,19,cha_thai_kw00_bing_000003.jpg
cha_thai__auto_keep__00.jpg,20,cha_thai_kw04_bing_000086.jpg
cha_thai__auto_keep__00.jpg,21,cha_thai_kw03_bing_000031.jpg
cha_thai__auto_keep__00.jpg,22,cha_thai_kw01_bing_000026.jpg
cha_thai__auto_keep__00.jpg,23,cha_thai_kw04_bing_000077.jpg
cha_thai__auto_keep__00.jpg,24,cha_thai_kw01_bing_000036.jpg
cha_thai__auto_keep__00.jpg,25,cha_thai_kw04_bing_000064.jpg
cha_thai__auto_keep__00.jpg,26,cha_thai_kw00_bing_000069.webp
cha_thai__auto_keep__00.jpg,27,cha_thai_kw04_bing_000051.jpg
cha_thai__auto_keep__00.jpg,28,cha_thai_kw00_bing_000033.webp
cha_thai__auto_keep__00.jpg,29,cha_thai_kw03_bing_000033.jpg
cha_thai__auto_keep__00.jpg,30,cha_thai_kw01_bing_000089.jpg
cha_thai__auto_keep__00.jpg,31,cha_thai_kw03_bing_000085.jpg
cha_thai__auto_keep__00.jpg,32,cha_thai_kw02_bing_000040.webp
cha_thai__auto_keep__00.jpg,33,cha_thai_kw04_baidu_000018.jpg
cha_thai__auto_keep__00.jpg,34,cha_thai_kw01_bing_000005.jpg
cha_thai__auto_keep__00.jpg,35,cha_thai_kw03_bing_000077.jpg
cha_thai__auto_keep__00.jpg,36,cha_thai_kw03_bing_000044.jpg
cha_thai__auto_keep__00.jpg,37,cha_thai_kw01_bing_000009.jpg
cha_thai__auto_keep__00.jpg,38,cha_thai_kw01_bing_000050.jpg
cha_thai__auto_keep__00.jpg,39,cha_thai_kw01_bing_000054.jpg
cha_thai__auto_keep__00.jpg,40,cha_thai_kw04_bing_000071.webp
cha_thai__auto_keep__00.jpg,41,cha_thai_kw00_bing_000025.jpg
cha_thai__auto_keep__00.jpg,42,cha_thai_kw03_bing_000028.jpg
cha_thai__auto_keep__00.jpg,43,cha_thai_kw03_bing_000045.jpg
cha_thai__auto_keep__00.jpg,44,cha_thai_kw04_baidu_000030.jpg
cha_thai__auto_keep__00.jpg,45,cha_thai_kw03_bing_000062.jpg
cha_thai__auto_keep__00.jpg,46,cha_thai_kw03_baidu_000052.jpg
cha_thai__auto_keep__00.jpg,47,cha_thai_kw04_baidu_000033.png
cha_thai__auto_keep__01.jpg,0,cha_thai_kw04_bing_000023.jpg
cha_thai__auto_keep__01.jpg,1,cha_thai_kw04_baidu_000020.jpg
cha_thai__auto_keep__01.jpg,2,cha_thai_kw04_baidu_000002.jpg
cha_thai__auto_keep__01.jpg,3,cha_thai_kw02_bing_000018.jpg
cha_thai__auto_keep__01.jpg,4,cha_thai_kw03_baidu_000020.jpg
cha_thai__auto_keep__01.jpg,5,cha_thai_kw03_baidu_000015.jpg
cha_thai__auto_keep__01.jpg,6,cha_thai_kw01_bing_000018.jpg
cha_thai__auto_keep__01.jpg,7,cha_thai_kw01_bing_000016.jpg
cha_thai__auto_keep__01.jpg,8,cha_thai_kw01_bing_000030.jpg
cha_thai__auto_keep__01.jpg,9,cha_thai_kw02_bing_000048.jpg
cha_thai__auto_keep__01.jpg,10,cha_thai_kw03_baidu_000051.jpg
cha_thai__auto_keep__01.jpg,11,cha_thai_kw02_bing_000024.webp
cha_thai__auto_keep__01.jpg,12,cha_thai_kw03_bing_000084.jpg
cha_thai__auto_keep__01.jpg,13,cha_thai_kw00_bing_000053.png
cha_thai__auto_keep__01.jpg,14,cha_thai_kw01_bing_000001.jpg
cha_thai__auto_keep__01.jpg,15,cha_thai_kw03_bing_000027.jpg
cha_thai__auto_keep__01.jpg,16,cha_thai_kw01_bing_000010.jpg
cha_thai__auto_keep__01.jpg,17,cha_thai_kw00_bing_000060.webp
cha_thai__auto_keep__01.jpg,18,cha_thai_kw04_bing_000013.jpg
cha_thai__auto_keep__01.jpg,19,cha_thai_kw04_bing_000026.jpg
cha_thai__auto_keep__01.jpg,20,cha_thai_kw03_bing_000015.jpg
cha_thai__auto_keep__01.jpg,21,cha_thai_kw01_bing_000051.jpg
cha_thai__auto_keep__01.jpg,22,cha_thai_kw02_bing_000085.webp
cha_thai__auto_keep__01.jpg,23,cha_thai_kw00_bing_000022.png
cha_thai__auto_keep__01.jpg,24,cha_thai_kw03_bing_000047.jpg
cha_thai__auto_keep__01.jpg,25,cha_thai_kw03_baidu_000033.jpg
cha_thai__auto_keep__01.jpg,26,cha_thai_kw03_bing_000073.jpg
cha_thai__auto_keep__01.jpg,27,cha_thai_kw00_bing_000057.jpg
cha_thai__auto_keep__01.jpg,28,cha_thai_kw04_bing_000033.png
cha_thai__auto_keep__01.jpg,29,cha_thai_kw01_bing_000120.jpg
cha_thai__auto_keep__01.jpg,30,cha_thai_kw00_bing_000011.jpg
cha_thai__auto_keep__01.jpg,31,cha_thai_kw01_bing_000131.jpg
cha_thai__auto_keep__01.jpg,32,cha_thai_kw04_baidu_000047.jpg
cha_thai__auto_keep__01.jpg,33,cha_thai_kw03_bing_000097.jpg
cha_thai__auto_keep__01.jpg,34,cha_thai_kw03_bing_000061.jpg
cha_thai__auto_keep__01.jpg,35,cha_thai_kw03_bing_000059.jpg
cha_thai__auto_keep__01.jpg,36,cha_thai_kw03_bing_000054.jpg
cha_thai__auto_keep__01.jpg,37,cha_thai_kw03_bing_000088.png
cha_thai__auto_keep__01.jpg,38,cha_thai_kw04_baidu_000056.jpg
cha_thai__auto_keep__01.jpg,39,cha_thai_kw01_bing_000008.jpg
cha_thai__auto_keep__01.jpg,40,cha_thai_kw00_bing_000043.jpg
cha_thai__auto_keep__01.jpg,41,cha_thai_kw03_bing_000074.jpg
cha_thai__auto_keep__01.jpg,42,cha_thai_kw04_bing_000008.jpg
cha_thai__auto_keep__01.jpg,43,cha_thai_kw04_bing_000007.jpg
cha_thai__auto_keep__01.jpg,44,cha_thai_kw04_bing_000020.jpg
cha_thai__auto_keep__01.jpg,45,cha_thai_kw03_baidu_000039.jpg
cha_thai__auto_keep__01.jpg,46,cha_thai_kw04_bing_000039.jpg
cha_thai__auto_keep__01.jpg,47,cha_thai_kw04_bing_000040.jpg
cha_thai__auto_keep__02.jpg,0,cha_thai_kw03_baidu_000005.jpg
cha_thai__auto_keep__02.jpg,1,cha_thai_kw02_bing_000007.jpg
cha_thai__auto_keep__02.jpg,2,cha_thai_kw03_bing_000075.jpg
cha_thai__auto_keep__02.jpg,3,cha_thai_kw00_bing_000055.png
cha_thai__auto_keep__02.jpg,4,cha_thai_kw00_bing_000054.webp
cha_thai__auto_keep__02.jpg,5,cha_thai_kw03_bing_000053.jpg
cha_thai__auto_keep__02.jpg,6,cha_thai_kw04_bing_000016.jpg
cha_thai__auto_keep__02.jpg,7,cha_thai_kw03_bing_000036.jpg
cha_thai__auto_keep__02.jpg,8,cha_thai_kw03_bing_000026.jpg
cha_thai__auto_keep__02.jpg,9,cha_thai_kw03_bing_000020.jpg
cha_thai__auto_keep__02.jpg,10,cha_thai_kw03_bing_000043.jpg
cha_thai__auto_keep__02.jpg,11,cha_thai_kw03_bing_000048.jpg
cha_thai__auto_keep__02.jpg,12,cha_thai_kw03_bing_000038.jpg
cha_thai__auto_keep__02.jpg,13,cha_thai_kw04_baidu_000005.jpg
cha_thai__auto_keep__02.jpg,14,cha_thai_kw00_bing_000010.jpg
cha_thai__auto_keep__02.jpg,15,cha_thai_kw00_bing_000007.png
cha_thai__auto_keep__02.jpg,16,cha_thai_kw00_bing_000004.webp
cha_thai__auto_keep__02.jpg,17,cha_thai_kw04_bing_000036.jpg
cha_thai__auto_keep__02.jpg,18,cha_thai_kw01_bing_000002.jpg
cha_thai__auto_keep__02.jpg,19,cha_thai_kw04_bing_000032.jpg
cha_thai__auto_keep__02.jpg,20,cha_thai_kw01_bing_000003.jpg
cha_thai__auto_keep__02.jpg,21,cha_thai_kw04_baidu_000045.jpg
cha_thai__auto_keep__02.jpg,22,cha_thai_kw04_bing_000024.png
cha_thai__auto_keep__02.jpg,23,cha_thai_kw01_bing_000004.jpg
cha_thai__auto_keep__02.jpg,24,cha_thai_kw04_bing_000018.jpg
cha_thai__auto_keep__02.jpg,25,cha_thai_kw00_bing_000002.jpg
cha_thai__auto_keep__02.jpg,26,cha_thai_kw04_bing_000017.jpg
cha_thai__auto_keep__02.jpg,27,cha_thai_kw04_bing_000031.jpg
cha_thai__auto_keep__02.jpg,28,cha_thai_kw04_bing_000041.jpg
cha_thai__auto_keep__02.jpg,29,cha_thai_kw04_bing_000048.jpg
cha_thai__auto_keep__02.jpg,30,cha_thai_kw00_bing_000139.jpg
cha_thai__auto_keep__02.jpg,31,cha_thai_kw04_baidu_000006.jpg
cha_thai__auto_keep__02.jpg,32,cha_thai_kw00_bing_000016.jpg
cha_thai__auto_keep__02.jpg,33,cha_thai_kw00_bing_000017.jpg
cha_thai__auto_keep__02.jpg,34,cha_thai_kw00_bing_000021.jpg
cha_thai__auto_keep__02.jpg,35,cha_thai_kw00_bing_000024.png
cha_thai__auto_keep__02.jpg,36,cha_thai_kw00_bing_000038.jpg
cha_thai__auto_keep__02.jpg,37,cha_thai_kw04_baidu_000011.jpg
cha_thai__auto_keep__02.jpg,38,cha_thai_kw00_bing_000015.jpg
cha_thai__auto_keep__02.jpg,39,cha_thai_kw04_bing_000065.jpg
cha_thai__auto_keep__02.jpg,40,cha_thai_kw00_bing_000071.jpg
cha_thai__auto_keep__02.jpg,41,cha_thai_kw00_bing_000012.jpg
cha_thai__auto_keep__02.jpg,42,cha_thai_kw04_bing_000062.jpg
cha_thai__auto_keep__02.jpg,43,cha_thai_kw00_bing_000138.jpg
cha_thai__auto_keep__02.jpg,44,cha_thai_kw04_bing_000055.jpg
cha_thai__auto_keep__02.jpg,45,cha_thai_kw04_bing_000054.jpg
cha_thai__auto_keep__02.jpg,46,cha_thai_kw01_bing_000000.jpg
cha_thai__auto_keep__02.jpg,47,cha_thai_kw03_bing_000024.jpg
cha_thai__auto_keep__03.jpg,0,cha_thai_kw01_bing_000012.jpg
cha_thai__auto_keep__03.jpg,1,cha_thai_kw01_bing_000007.jpg
cha_thai__auto_keep__03.jpg,2,cha_thai_kw03_bing_000063.jpg
cha_thai__auto_keep__03.jpg,3,cha_thai_kw03_bing_000001.jpg
cha_thai__auto_keep__03.jpg,4,cha_thai_kw03_bing_000002.jpg
cha_thai__auto_keep__03.jpg,5,cha_thai_kw03_bing_000003.jpg
cha_thai__auto_keep__03.jpg,6,cha_thai_kw03_bing_000058.jpg
cha_thai__auto_keep__03.jpg,7,cha_thai_kw03_bing_000057.jpg
cha_thai__auto_keep__03.jpg,8,cha_thai_kw03_bing_000055.jpg
cha_thai__auto_keep__03.jpg,9,cha_thai_kw03_bing_000005.jpg
cha_thai__auto_keep__03.jpg,10,cha_thai_kw03_bing_000069.jpg
cha_thai__auto_keep__03.jpg,11,cha_thai_kw03_bing_000051.jpg
cha_thai__auto_keep__03.jpg,12,cha_thai_kw03_bing_000008.jpg
cha_thai__auto_keep__03.jpg,13,cha_thai_kw03_bing_000011.jpg
cha_thai__auto_keep__03.jpg,14,cha_thai_kw03_bing_000037.jpg
cha_thai__auto_keep__03.jpg,15,cha_thai_kw03_bing_000016.jpg
cha_thai__auto_keep__03.jpg,16,cha_thai_kw04_baidu_000049.jpg
cha_thai__auto_keep__03.jpg,17,cha_thai_kw03_bing_000029.png
cha_thai__auto_keep__03.jpg,18,cha_thai_kw03_bing_000018.jpg
cha_thai__auto_keep__03.jpg,19,cha_thai_kw03_bing_000025.jpg
cha_thai__auto_keep__03.jpg,20,cha_thai_kw03_bing_000006.jpg
cha_thai__auto_keep__03.jpg,21,cha_thai_kw04_bing_000015.jpg
cha_thai__auto_keep__03.jpg,22,cha_thai_kw03_bing_000000.jpg
cha_thai__auto_keep__03.jpg,23,cha_thai_kw02_bing_000026.jpg
cha_thai__auto_keep__03.jpg,24,cha_thai_kw04_bing_000009.jpg
cha_thai__auto_keep__03.jpg,25,cha_thai_kw04_bing_000000.jpg
cha_thai__auto_keep__03.jpg,26,cha_thai_kw03_bing_000021.jpg
cha_thai__auto_keep__03.jpg,27,cha_thai_kw01_bing_000017.jpg
cha_thai__auto_keep__03.jpg,28,cha_thai_kw01_bing_000020.jpg
cha_thai__auto_keep__03.jpg,29,cha_thai_kw01_bing_000021.jpg
cha_thai__auto_keep__03.jpg,30,cha_thai_kw01_bing_000029.jpg
cha_thai__auto_keep__03.jpg,31,cha_thai_kw01_bing_000048.jpg
cha_thai__auto_keep__03.jpg,32,cha_thai_kw02_bing_000028.jpg
cha_thai__auto_keep__03.jpg,33,cha_thai_kw01_bing_000056.jpg
cha_thai__auto_keep__03.jpg,34,cha_thai_kw03_baidu_000012.jpg
cha_thai__auto_keep__03.jpg,35,cha_thai_kw03_baidu_000010.jpg
cha_thai__auto_keep__03.jpg,36,cha_thai_kw03_baidu_000001.jpg
cha_thai__auto_keep__03.jpg,37,cha_thai_kw01_bing_000084.jpg
cha_thai__auto_keep__03.jpg,38,cha_thai_kw02_bing_000004.jpg
cha_thai__auto_keep__03.jpg,39,cha_thai_kw02_bing_000006.jpg
cha_thai__auto_keep__03.jpg,40,cha_thai_kw02_bing_000011.jpg
cha_thai__auto_keep__03.jpg,41,cha_thai_kw02_bing_000013.jpg
cha_thai__auto_keep__03.jpg,42,cha_thai_kw01_bing_000069.jpg
cha_thai__auto_keep__03.jpg,43,cha_thai_kw00_bing_000001.jpg
cha_dam_yen__auto_reject__00.jpg,0,cha_dam_yen_kw04_bing_000062.jpg
cha_dam_yen__auto_reject__00.jpg,1,cha_dam_yen_kw01_bing_000013.jpg
cha_dam_yen__auto_reject__00.jpg,2,cha_dam_yen_kw04_bing_000040.jpg
cha_dam_yen__auto_reject__00.jpg,3,cha_dam_yen_kw00_bing_000081.webp
cha_dam_yen__auto_reject__00.jpg,4,cha_dam_yen_kw02_bing_000068.jpg
cha_dam_yen__auto_reject__00.jpg,5,cha_dam_yen_kw00_bing_000071.jpg
cha_dam_yen__auto_reject__00.jpg,6,cha_dam_yen_kw04_bing_000045.jpg
cha_dam_yen__auto_reject__00.jpg,7,cha_dam_yen_kw02_bing_000076.png
cha_dam_yen__auto_reject__00.jpg,8,cha_dam_yen_kw02_bing_000079.jpg
cha_dam_yen__auto_reject__00.jpg,9,cha_dam_yen_kw02_bing_000050.jpg
cha_dam_yen__auto_reject__00.jpg,10,cha_dam_yen_kw01_bing_000032.jpg
cha_dam_yen__auto_reject__00.jpg,11,cha_dam_yen_kw04_bing_000085.jpg
cha_dam_yen__auto_reject__00.jpg,12,cha_dam_yen_kw00_bing_000087.jpg
cha_dam_yen__auto_reject__00.jpg,13,cha_dam_yen_kw02_bing_000087.jpg
cha_dam_yen__auto_reject__00.jpg,14,cha_dam_yen_kw03_bing_000095.jpg
cha_dam_yen__auto_reject__00.jpg,15,cha_dam_yen_kw04_bing_000077.jpg
cha_dam_yen__auto_reject__00.jpg,16,cha_dam_yen_kw04_bing_000046.jpg
cha_dam_yen__auto_reject__00.jpg,17,cha_dam_yen_kw04_bing_000074.jpg
cha_dam_yen__auto_reject__00.jpg,18,cha_dam_yen_kw01_bing_000102.jpg
cha_dam_yen__auto_reject__00.jpg,19,cha_dam_yen_kw01_bing_000097.jpg
cha_dam_yen__auto_reject__00.jpg,20,cha_dam_yen_kw00_bing_000013.jpg
cha_dam_yen__auto_reject__00.jpg,21,cha_dam_yen_kw02_bing_000027.jpg
cha_dam_yen__auto_reject__00.jpg,22,cha_dam_yen_kw02_bing_000014.jpg
cha_dam_yen__auto_reject__00.jpg,23,cha_dam_yen_kw01_bing_000019.jpg
cha_dam_yen__auto_reject__00.jpg,24,cha_dam_yen_kw01_bing_000067.jpg
cha_dam_yen__auto_reject__00.jpg,25,cha_dam_yen_kw04_bing_000068.jpg
cha_dam_yen__auto_reject__00.jpg,26,cha_dam_yen_kw01_bing_000039.jpg
cha_dam_yen__auto_reject__00.jpg,27,cha_dam_yen_kw00_bing_000097.jpg
cha_dam_yen__auto_reject__00.jpg,28,cha_dam_yen_kw00_bing_000096.jpg
cha_dam_yen__auto_reject__00.jpg,29,cha_dam_yen_kw04_bing_000093.jpg
cha_dam_yen__auto_reject__00.jpg,30,cha_dam_yen_kw00_bing_000054.jpg
cha_dam_yen__auto_reject__00.jpg,31,cha_dam_yen_kw00_bing_000021.jpg
cha_dam_yen__auto_reject__00.jpg,32,cha_dam_yen_kw03_baidu_000014.jpg
cha_dam_yen__auto_reject__00.jpg,33,cha_dam_yen_kw03_bing_000104.png
cha_dam_yen__auto_reject__00.jpg,34,cha_dam_yen_kw02_bing_000086.webp
cha_dam_yen__auto_reject__00.jpg,35,cha_dam_yen_kw00_bing_000066.jpg
cha_dam_yen__auto_reject__00.jpg,36,cha_dam_yen_kw00_bing_000052.webp
cha_dam_yen__auto_reject__00.jpg,37,cha_dam_yen_kw00_bing_000064.jpg
cha_dam_yen__auto_reject__00.jpg,38,cha_dam_yen_kw00_bing_000043.jpg
cha_dam_yen__auto_reject__00.jpg,39,cha_dam_yen_kw04_baidu_000045.jpg
cha_dam_yen__auto_reject__00.jpg,40,cha_dam_yen_kw02_bing_000066.jpg
cha_dam_yen__auto_reject__00.jpg,41,cha_dam_yen_kw04_bing_000098.png
cha_dam_yen__auto_reject__00.jpg,42,cha_dam_yen_kw01_bing_000059.jpg
cha_dam_yen__auto_reject__00.jpg,43,cha_dam_yen_kw00_bing_000111.jpg
cha_dam_yen__auto_reject__00.jpg,44,cha_dam_yen_kw02_bing_000067.jpg
cha_dam_yen__auto_reject__00.jpg,45,cha_dam_yen_kw01_bing_000053.jpg
cha_dam_yen__auto_reject__00.jpg,46,cha_dam_yen_kw03_bing_000097.jpg
cha_dam_yen__auto_reject__00.jpg,47,cha_dam_yen_kw01_bing_000062.jpg
cha_dam_yen__auto_reject__01.jpg,0,cha_dam_yen_kw01_bing_000033.jpg
cha_dam_yen__auto_reject__01.jpg,1,cha_dam_yen_kw03_baidu_000033.jpg
cha_dam_yen__auto_reject__01.jpg,2,cha_dam_yen_kw01_bing_000101.webp
cha_dam_yen__auto_reject__01.jpg,3,cha_dam_yen_kw01_bing_000073.jpg
cha_dam_yen__auto_reject__01.jpg,4,cha_dam_yen_kw00_bing_000053.jpg
cha_dam_yen__auto_reject__01.jpg,5,cha_dam_yen_kw04_bing_000014.jpg
cha_dam_yen__auto_reject__01.jpg,6,cha_dam_yen_kw04_bing_000066.jpg
cha_dam_yen__auto_reject__01.jpg,7,cha_dam_yen_kw01_bing_000022.jpg
cha_dam_yen__auto_reject__01.jpg,8,cha_dam_yen_kw01_bing_000007.jpg
cha_dam_yen__auto_reject__01.jpg,9,cha_dam_yen_kw00_bing_000028.jpg
cha_dam_yen__auto_reject__01.jpg,10,cha_dam_yen_kw00_bing_000056.jpg
cha_dam_yen__auto_reject__01.jpg,11,cha_dam_yen_kw04_bing_000109.jpg
cha_dam_yen__auto_reject__01.jpg,12,cha_dam_yen_kw03_baidu_000029.jpg
cha_dam_yen__auto_reject__01.jpg,13,cha_dam_yen_kw00_bing_000058.png
cha_dam_yen__auto_reject__01.jpg,14,cha_dam_yen_kw02_bing_000032.jpg
cha_dam_yen__auto_reject__01.jpg,15,cha_dam_yen_kw04_bing_000104.jpg
cha_dam_yen__auto_reject__01.jpg,16,cha_dam_yen_kw01_bing_000075.jpg
cha_dam_yen__auto_reject__01.jpg,17,cha_dam_yen_kw00_bing_000046.jpg
cha_dam_yen__auto_reject__01.jpg,18,cha_dam_yen_kw03_baidu_000054.jpg
cha_dam_yen__auto_reject__01.jpg,19,cha_dam_yen_kw01_bing_000018.jpg
cha_dam_yen__auto_reject__01.jpg,20,cha_dam_yen_kw00_bing_000055.png
cha_dam_yen__auto_reject__01.jpg,21,cha_dam_yen_kw03_baidu_000020.jpg
cha_dam_yen__auto_reject__01.jpg,22,cha_dam_yen_kw01_bing_000106.jpg
cha_dam_yen__auto_reject__01.jpg,23,cha_dam_yen_kw00_bing_000063.jpg
cha_dam_yen__auto_reject__01.jpg,24,cha_dam_yen_kw00_bing_000050.webp
cha_dam_yen__auto_reject__01.jpg,25,cha_dam_yen_kw03_bing_000101.jpg
cha_dam_yen__auto_reject__01.jpg,26,cha_dam_yen_kw01_bing_000071.jpg
cha_dam_yen__auto_reject__01.jpg,27,cha_dam_yen_kw01_bing_000046.png
cha_dam_yen__auto_reject__01.jpg,28,cha_dam_yen_kw01_bing_000099.png
cha_dam_yen__auto_reject__01.jpg,29,cha_dam_yen_kw01_bing_000031.jpg
cha_dam_yen__auto_reject__01.jpg,30,cha_dam_yen_kw00_bing_000075.jpg
cha_dam_yen__auto_reject__01.jpg,31,cha_dam_yen_kw02_bing_000092.webp
cha_dam_yen__auto_reject__01.jpg,32,cha_dam_yen_kw00_bing_000083.jpg
cha_dam_yen__auto_reject__01.jpg,33,cha_dam_yen_kw01_bing_000072.jpg
cha_dam_yen__auto_reject__01.jpg,34,cha_dam_yen_kw01_bing_000030.jpg
cha_dam_yen__auto_reject__01.jpg,35,cha_dam_yen_kw00_bing_000119.jpg
cha_dam_yen__auto_reject__01.jpg,36,cha_dam_yen_kw03_baidu_000022.jpg
cha_dam_yen__auto_reject__01.jpg,37,cha_dam_yen_kw03_bing_000103.jpg
cha_dam_yen__auto_reject__01.jpg,38,cha_dam_yen_kw03_baidu_000038.jpg
cha_dam_yen__auto_reject__01.jpg,39,cha_dam_yen_kw00_bing_000051.jpg
cha_dam_yen__auto_reject__01.jpg,40,cha_dam_yen_kw03_baidu_000017.jpg
cha_dam_yen__auto_reject__01.jpg,41,cha_dam_yen_kw00_bing_000027.jpg
cha_dam_yen__auto_reject__01.jpg,42,cha_dam_yen_kw00_bing_000049.jpg
cha_dam_yen__auto_reject__01.jpg,43,cha_dam_yen_kw04_bing_000107.jpg
cha_dam_yen__auto_reject__01.jpg,44,cha_dam_yen_kw01_bing_000100.jpg
cha_dam_yen__auto_reject__01.jpg,45,cha_dam_yen_kw02_bing_000046.jpg
cha_dam_yen__auto_reject__01.jpg,46,cha_dam_yen_kw02_bing_000024.jpg
cha_dam_yen__auto_reject__01.jpg,47,cha_dam_yen_kw01_bing_000107.jpg
cha_dam_yen__auto_reject__02.jpg,0,cha_dam_yen_kw01_bing_000047.jpg
cha_dam_yen__auto_reject__02.jpg,1,cha_dam_yen_kw01_bing_000105.jpg
cha_dam_yen__auto_reject__02.jpg,2,cha_dam_yen_kw01_bing_000074.jpg
cha_dam_yen__auto_reject__02.jpg,3,cha_dam_yen_kw04_baidu_000052.jpg
cha_dam_yen__auto_reject__02.jpg,4,cha_dam_yen_kw00_bing_000084.jpg
cha_dam_yen__auto_reject__02.jpg,5,cha_dam_yen_kw01_bing_000108.jpg
cha_dam_yen__auto_reject__02.jpg,6,cha_dam_yen_kw01_bing_000095.jpg
cha_dam_yen__auto_reject__02.jpg,7,cha_dam_yen_kw00_bing_000057.jpg
cha_dam_yen__auto_reject__02.jpg,8,cha_dam_yen_kw01_bing_000054.jpg
cha_dam_yen__auto_reject__02.jpg,9,cha_dam_yen_kw00_bing_000011.jpg
cha_dam_yen__auto_reject__02.jpg,10,cha_dam_yen_kw01_bing_000092.webp
cha_dam_yen__auto_reject__02.jpg,11,cha_dam_yen_kw01_bing_000079.jpg
cha_dam_yen__auto_reject__02.jpg,12,cha_dam_yen_kw00_bing_000095.webp
cha_dam_yen__auto_reject__02.jpg,13,cha_dam_yen_kw03_baidu_000006.jpg
cha_dam_yen__auto_reject__02.jpg,14,cha_dam_yen_kw00_bing_000061.jpg
cha_dam_yen__auto_reject__02.jpg,15,cha_dam_yen_kw02_bing_000065.webp
cha_dam_yen__auto_reject__02.jpg,16,cha_dam_yen_kw03_baidu_000026.jpg
cha_dam_yen__auto_reject__02.jpg,17,cha_dam_yen_kw01_bing_000038.jpg
cha_dam_yen__auto_reject__02.jpg,18,cha_dam_yen_kw03_baidu_000048.jpg
cha_dam_yen__auto_reject__02.jpg,19,cha_dam_yen_kw02_bing_000051.jpg
cha_dam_yen__auto_reject__02.jpg,20,cha_dam_yen_kw02_bing_000058.png
cha_dam_yen__auto_reject__02.jpg,21,cha_dam_yen_kw04_bing_000108.jpg
cha_dam_yen__auto_reject__02.jpg,22,cha_dam_yen_kw04_bing_000076.jpg
cha_dam_yen__auto_reject__02.jpg,23,cha_dam_yen_kw00_bing_000088.jpg
cha_dam_yen__auto_reject__02.jpg,24,cha_dam_yen_kw03_bing_000105.jpg
cha_dam_yen__auto_reject__02.jpg,25,cha_dam_yen_kw01_bing_000066.jpg
cha_dam_yen__auto_reject__02.jpg,26,cha_dam_yen_kw02_bing_000080.jpg
cha_dam_yen__review__00.jpg,0,cha_dam_yen_kw04_baidu_000006.jpg
cha_dam_yen__review__00.jpg,1,cha_dam_yen_kw04_bing_000067.jpg
cha_dam_yen__review__00.jpg,2,cha_dam_yen_kw00_bing_000069.jpg
cha_dam_yen__review__00.jpg,3,cha_dam_yen_kw00_bing_000114.jpg
cha_dam_yen__review__00.jpg,4,cha_dam_yen_kw04_bing_000110.jpg
cha_dam_yen__review__00.jpg,5,cha_dam_yen_kw02_bing_000023.jpg
cha_dam_yen__review__00.jpg,6,cha_dam_yen_kw01_bing_000020.jpg
cha_dam_yen__review__00.jpg,7,cha_dam_yen_kw04_baidu_000049.jpg
cha_dam_yen__review__00.jpg,8,cha_dam_yen_kw04_bing_000102.jpg
cha_dam_yen__review__00.jpg,9,cha_dam_yen_kw02_bing_000002.jpg
cha_dam_yen__review__00.jpg,10,cha_dam_yen_kw04_baidu_000004.jpg
cha_dam_yen__review__00.jpg,11,cha_dam_yen_kw02_bing_000047.jpg
cha_dam_yen__review__00.jpg,12,cha_dam_yen_kw03_baidu_000013.jpg
cha_dam_yen__review__00.jpg,13,cha_dam_yen_kw01_bing_000069.jpg
cha_dam_yen__review__00.jpg,14,cha_dam_yen_kw02_bing_000029.jpg
cha_dam_yen__review__00.jpg,15,cha_dam_yen_kw04_bing_000096.png
cha_dam_yen__review__00.jpg,16,cha_dam_yen_kw02_bing_000056.webp
cha_dam_yen__review__00.jpg,17,cha_dam_yen_kw04_bing_000112.jpg
cha_dam_yen__review__00.jpg,18,cha_dam_yen_kw04_bing_000101.png
cha_dam_yen__review__00.jpg,19,cha_dam_yen_kw01_bing_000052.jpg
cha_dam_yen__review__00.jpg,20,cha_dam_yen_kw02_bing_000084.jpg
cha_dam_yen__review__00.jpg,21,cha_dam_yen_kw04_bing_000111.jpg
cha_dam_yen__review__00.jpg,22,cha_dam_yen_kw04_bing_000026.jpg
cha_dam_yen__review__00.jpg,23,cha_dam_yen_kw02_bing_000061.jpg
cha_dam_yen__review__00.jpg,24,cha_dam_yen_kw03_bing_000062.jpg
cha_dam_yen__review__00.jpg,25,cha_dam_yen_kw02_bing_000030.webp
cha_dam_yen__review__00.jpg,26,cha_dam_yen_kw04_baidu_000038.jpg
cha_dam_yen__review__00.jpg,27,cha_dam_yen_kw04_bing_000087.jpg
cha_dam_yen__review__00.jpg,28,cha_dam_yen_kw02_bing_000018.jpg
cha_dam_yen__review__00.jpg,29,cha_dam_yen_kw02_bing_000088.jpg
cha_dam_yen__review__00.jpg,30,cha_dam_yen_kw02_bing_000049.webp
cha_dam_yen__review__00.jpg,31,cha_dam_yen_kw02_bing_000072.jpg
cha_dam_yen__review__00.jpg,32,cha_dam_yen_kw04_bing_000073.jpg
cha_dam_yen__review__00.jpg,33,cha_dam_yen_kw03_baidu_000010.jpg
cha_dam_yen__review__00.jpg,34,cha_dam_yen_kw03_baidu_000045.jpg
cha_dam_yen__review__00.jpg,35,cha_dam_yen_kw00_bing_000047.jpg
cha_dam_yen__review__00.jpg,36,cha_dam_yen_kw04_bing_000084.jpg
cha_dam_yen__review__00.jpg,37,cha_dam_yen_kw02_bing_000089.jpg
cha_dam_yen__review__00.jpg,38,cha_dam_yen_kw04_baidu_000054.png
cha_dam_yen__review__00.jpg,39,cha_dam_yen_kw03_bing_000018.jpg
cha_dam_yen__review__00.jpg,40,cha_dam_yen_kw04_baidu_000047.jpg
cha_dam_yen__review__00.jpg,41,cha_dam_yen_kw04_baidu_000026.jpg
cha_dam_yen__review__00.jpg,42,cha_dam_yen_kw03_bing_000060.jpg
cha_dam_yen__review__00.jpg,43,cha_dam_yen_kw03_bing_000088.png
cha_dam_yen__review__00.jpg,44,cha_dam_yen_kw03_bing_000070.jpg
cha_dam_yen__review__00.jpg,45,cha_dam_yen_kw03_baidu_000036.jpg
cha_dam_yen__review__00.jpg,46,cha_dam_yen_kw00_bing_000010.jpg
cha_dam_yen__review__00.jpg,47,cha_dam_yen_kw00_bing_000014.jpg
cha_dam_yen__review__01.jpg,0,cha_dam_yen_kw03_bing_000002.jpg
cha_dam_yen__review__01.jpg,1,cha_dam_yen_kw03_baidu_000053.jpg
cha_dam_yen__review__01.jpg,2,cha_dam_yen_kw04_bing_000082.jpg
cha_dam_yen__review__01.jpg,3,cha_dam_yen_kw02_bing_000078.jpg
cha_dam_yen__review__01.jpg,4,cha_dam_yen_kw01_bing_000017.jpg
cha_dam_yen__review__01.jpg,5,cha_dam_yen_kw03_bing_000001.jpg
cha_dam_yen__review__01.jpg,6,cha_dam_yen_kw03_baidu_000031.jpg
cha_dam_yen__review__01.jpg,7,cha_dam_yen_kw03_bing_000050.jpg
cha_dam_yen__review__01.jpg,8,cha_dam_yen_kw00_bing_000093.jpg
cha_dam_yen__review__01.jpg,9,cha_dam_yen_kw04_baidu_000030.jpg
cha_dam_yen__review__01.jpg,10,cha_dam_yen_kw03_bing_000069.jpg
cha_dam_yen__review__01.jpg,11,cha_dam_yen_kw04_bing_000080.png
cha_dam_yen__review__01.jpg,12,cha_dam_yen_kw04_bing_000094.jpg
cha_dam_yen__review__01.jpg,13,cha_dam_yen_kw03_bing_000092.jpg
cha_dam_yen__review__01.jpg,14,cha_dam_yen_kw03_baidu_000001.jpg
cha_dam_yen__review__01.jpg,15,cha_dam_yen_kw01_bing_000043.jpg
cha_dam_yen__review__01.jpg,16,cha_dam_yen_kw03_bing_000065.jpg
cha_dam_yen__review__01.jpg,17,cha_dam_yen_kw01_bing_000061.jpg
cha_dam_yen__review__01.jpg,18,cha_dam_yen_kw04_baidu_000013.jpg
cha_dam_yen__review__01.jpg,19,cha_dam_yen_kw00_bing_000101.jpg
cha_dam_yen__review__01.jpg,20,cha_dam_yen_kw03_baidu_000030.jpg
cha_dam_yen__review__01.jpg,21,cha_dam_yen_kw03_baidu_000050.jpg
cha_dam_yen__review__01.jpg,22,cha_dam_yen_kw04_baidu_000027.jpg
cha_dam_yen__review__01.jpg,23,cha_dam_yen_kw04_bing_000091.jpg
cha_dam_yen__review__01.jpg,24,cha_dam_yen_kw01_bing_000082.jpg
cha_dam_yen__review__01.jpg,25,cha_dam_yen_kw03_baidu_000056.jpg
cha_dam_yen__review__01.jpg,26,cha_dam_yen_kw04_baidu_000023.jpg
cha_dam_yen__review__01.jpg,27,cha_dam_yen_kw00_bing_000073.jpg
cha_dam_yen__review__01.jpg,28,cha_dam_yen_kw01_bing_000049.png
cha_dam_yen__review__01.jpg,29,cha_dam_yen_kw04_bing_000036.jpg
cha_dam_yen__review__01.jpg,30,cha_dam_yen_kw00_bing_000024.jpg
cha_dam_yen__review__01.jpg,31,cha_dam_yen_kw03_baidu_000024.jpg
cha_dam_yen__review__01.jpg,32,cha_dam_yen_kw02_bing_000064.jpg
cha_dam_yen__review__01.jpg,33,cha_dam_yen_kw04_baidu_000007.jpg
cha_dam_yen__review__01.jpg,34,cha_dam_yen_kw04_baidu_000029.jpg
cha_dam_yen__review__01.jpg,35,cha_dam_yen_kw03_bing_000029.jpg
cha_dam_yen__review__01.jpg,36,cha_dam_yen_kw04_baidu_000050.jpg
cha_dam_yen__review__01.jpg,37,cha_dam_yen_kw03_baidu_000016.jpg
cha_dam_yen__review__01.jpg,38,cha_dam_yen_kw03_baidu_000025.jpg
cha_dam_yen__review__01.jpg,39,cha_dam_yen_kw04_bing_000020.jpg
cha_dam_yen__review__01.jpg,40,cha_dam_yen_kw01_bing_000023.png
cha_dam_yen__review__01.jpg,41,cha_dam_yen_kw04_baidu_000005.jpg
cha_dam_yen__review__01.jpg,42,cha_dam_yen_kw01_bing_000060.jpg
cha_dam_yen__review__01.jpg,43,cha_dam_yen_kw04_bing_000057.jpg
cha_dam_yen__review__01.jpg,44,cha_dam_yen_kw01_bing_000048.jpg
cha_dam_yen__review__01.jpg,45,cha_dam_yen_kw02_bing_000069.jpg
cha_dam_yen__review__01.jpg,46,cha_dam_yen_kw04_baidu_000057.png
cha_dam_yen__review__01.jpg,47,cha_dam_yen_kw03_bing_000054.jpg
cha_dam_yen__review__02.jpg,0,cha_dam_yen_kw03_baidu_000005.jpg
cha_dam_yen__review__02.jpg,1,cha_dam_yen_kw03_bing_000058.png
cha_dam_yen__review__02.jpg,2,cha_dam_yen_kw03_bing_000032.webp
cha_dam_yen__review__02.jpg,3,cha_dam_yen_kw02_bing_000077.jpg
cha_dam_yen__review__02.jpg,4,cha_dam_yen_kw03_bing_000011.jpg
cha_dam_yen__review__02.jpg,5,cha_dam_yen_kw03_bing_000044.jpg
cha_dam_yen__review__02.jpg,6,cha_dam_yen_kw02_bing_000033.webp
cha_dam_yen__review__02.jpg,7,cha_dam_yen_kw02_bing_000083.jpg
cha_dam_yen__review__02.jpg,8,cha_dam_yen_kw04_baidu_000014.jpg
cha_dam_yen__review__02.jpg,9,cha_dam_yen_kw02_bing_000057.jpg
cha_dam_yen__review__02.jpg,10,cha_dam_yen_kw03_baidu_000003.jpg
cha_dam_yen__review__02.jpg,11,cha_dam_yen_kw00_bing_000079.jpg
cha_dam_yen__review__02.jpg,12,cha_dam_yen_kw04_baidu_000003.jpg
cha_dam_yen__review__02.jpg,13,cha_dam_yen_kw03_bing_000016.jpg
cha_dam_yen__review__02.jpg,14,cha_dam_yen_kw00_bing_000105.jpg
cha_dam_yen__review__02.jpg,15,cha_dam_yen_kw00_bing_000124.jpg
cha_dam_yen__review__02.jpg,16,cha_dam_yen_kw02_bing_000052.jpg
cha_dam_yen__review__02.jpg,17,cha_dam_yen_kw03_bing_000008.jpg
cha_dam_yen__review__02.jpg,18,cha_dam_yen_kw00_bing_000070.jpg
cha_dam_yen__review__02.jpg,19,cha_dam_yen_kw04_baidu_000028.jpg
cha_dam_yen__review__02.jpg,20,cha_dam_yen_kw02_bing_000074.jpg
cha_dam_yen__review__02.jpg,21,cha_dam_yen_kw02_bing_000073.jpg
cha_dam_yen__review__02.jpg,22,cha_dam_yen_kw04_baidu_000032.jpg
cha_dam_yen__review__02.jpg,23,cha_dam_yen_kw04_baidu_000033.jpg
cha_dam_yen__review__02.jpg,24,cha_dam_yen_kw04_baidu_000035.jpg
cha_dam_yen__review__02.jpg,25,cha_dam_yen_kw04_baidu_000037.jpg
cha_dam_yen__review__02.jpg,26,cha_dam_yen_kw00_bing_000062.jpg
cha_dam_yen__review__02.jpg,27,cha_dam_yen_kw04_baidu_000041.jpg
cha_dam_yen__review__02.jpg,28,cha_dam_yen_kw04_baidu_000042.jpg
cha_dam_yen__review__02.jpg,29,cha_dam_yen_kw00_bing_000040.png
cha_dam_yen__review__02.jpg,30,cha_dam_yen_kw02_bing_000060.jpg
cha_dam_yen__review__02.jpg,31,cha_dam_yen_kw02_bing_000071.webp
cha_dam_yen__review__02.jpg,32,cha_dam_yen_kw02_bing_000070.jpg
cha_dam_yen__review__02.jpg,33,cha_dam_yen_kw01_bing_000006.jpg
cha_dam_yen__review__02.jpg,34,cha_dam_yen_kw01_bing_000010.jpg
cha_dam_yen__review__02.jpg,35,cha_dam_yen_kw03_bing_000020.jpg
cha_dam_yen__review__02.jpg,36,cha_dam_yen_kw04_bing_000092.jpg
cha_dam_yen__review__02.jpg,37,cha_dam_yen_kw03_bing_000091.jpg
cha_dam_yen__review__02.jpg,38,cha_dam_yen_kw03_baidu_000021.jpg
cha_dam_yen__review__02.jpg,39,cha_dam_yen_kw03_bing_000089.webp
cha_dam_yen__review__02.jpg,40,cha_dam_yen_kw01_bing_000063.jpg
cha_dam_yen__review__02.jpg,41,cha_dam_yen_kw03_bing_000082.jpg
cha_dam_yen__review__02.jpg,42,cha_dam_yen_kw03_bing_000077.jpg
cha_dam_yen__review__02.jpg,43,cha_dam_yen_kw03_baidu_000032.jpg
cha_dam_yen__review__02.jpg,44,cha_dam_yen_kw03_bing_000076.jpg
cha_dam_yen__review__02.jpg,45,cha_dam_yen_kw03_bing_000072.jpg
cha_dam_yen__review__02.jpg,46,cha_dam_yen_kw03_bing_000071.jpg
cha_dam_yen__review__02.jpg,47,cha_dam_yen_kw04_baidu_000056.jpg
cha_dam_yen__review__03.jpg,0,cha_dam_yen_kw03_baidu_000051.jpg
cha_dam_yen__review__03.jpg,1,cha_dam_yen_kw03_baidu_000052.jpg
cha_dam_yen__review__03.jpg,2,cha_dam_yen_kw01_bing_000093.jpg
cha_dam_yen__review__03.jpg,3,cha_dam_yen_kw01_bing_000084.jpg
cha_dam_yen__review__03.jpg,4,cha_dam_yen_kw04_bing_000005.webp
cha_dam_yen__review__03.jpg,5,cha_dam_yen_kw03_bing_000041.jpg
cha_dam_yen__review__03.jpg,6,cha_dam_yen_kw04_bing_000039.jpg
cha_dam_yen__review__03.jpg,7,cha_dam_yen_kw04_bing_000041.jpg
cha_dam_yen__review__03.jpg,8,cha_dam_yen_kw04_bing_000056.jpg
cha_dam_yen__review__03.jpg,9,cha_dam_yen_kw03_bing_000038.jpg
cha_dam_yen__review__03.jpg,10,cha_dam_yen_kw01_bing_000034.jpg
cha_dam_yen__review__03.jpg,11,cha_dam_yen_kw01_bing_000027.jpg
cha_dam_yen__review__03.jpg,12,cha_dam_yen_kw04_bing_000078.jpg
cha_dam_yen__review__03.jpg,13,cha_dam_yen_kw03_bing_000037.jpg
cha_dam_yen__review__03.jpg,14,cha_dam_yen_kw03_bing_000036.jpg
cha_dam_yen__review__03.jpg,15,cha_dam_yen_kw04_bing_000083.jpg
cha_dam_yen__review__03.jpg,16,cha_dam_yen_kw03_bing_000028.jpg
cha_dam_yen__review__03.jpg,17,cha_dam_yen_kw03_baidu_000055.jpg
cha_dam_yen__review__03.jpg,18,cha_dam_yen_kw03_baidu_000042.jpg
cha_dam_yen__auto_keep__00.jpg,0,cha_dam_yen_kw00_bing_000029.jpg
cha_dam_yen__auto_keep__00.jpg,1,cha_dam_yen_kw01_bing_000091.jpg
cha_dam_yen__auto_keep__00.jpg,2,cha_dam_yen_kw00_bing_000033.jpg
cha_dam_yen__auto_keep__00.jpg,3,cha_dam_yen_kw03_baidu_000034.jpg
cha_dam_yen__auto_keep__00.jpg,4,cha_dam_yen_kw00_bing_000048.jpg
cha_dam_yen__auto_keep__00.jpg,5,cha_dam_yen_kw01_bing_000103.jpg
cha_dam_yen__auto_keep__00.jpg,6,cha_dam_yen_kw04_bing_000043.jpg
cha_dam_yen__auto_keep__00.jpg,7,cha_dam_yen_kw00_bing_000002.png
cha_dam_yen__auto_keep__00.jpg,8,cha_dam_yen_kw00_bing_000032.jpg
cha_dam_yen__auto_keep__00.jpg,9,cha_dam_yen_kw04_baidu_000040.jpg
cha_dam_yen__auto_keep__00.jpg,10,cha_dam_yen_kw02_bing_000006.webp
cha_dam_yen__auto_keep__00.jpg,11,cha_dam_yen_kw03_bing_000098.jpg
cha_dam_yen__auto_keep__00.jpg,12,cha_dam_yen_kw04_baidu_000053.jpg
cha_dam_yen__auto_keep__00.jpg,13,cha_dam_yen_kw03_bing_000074.jpg
cha_dam_yen__auto_keep__00.jpg,14,cha_dam_yen_kw00_bing_000042.jpg
cha_dam_yen__auto_keep__00.jpg,15,cha_dam_yen_kw00_bing_000038.jpg
cha_dam_yen__auto_keep__00.jpg,16,cha_dam_yen_kw01_bing_000089.jpg
cha_dam_yen__auto_keep__00.jpg,17,cha_dam_yen_kw00_bing_000009.jpg
cha_dam_yen__auto_keep__00.jpg,18,cha_dam_yen_kw04_bing_000075.jpg
cha_dam_yen__auto_keep__00.jpg,19,cha_dam_yen_kw02_bing_000000.jpg
cha_dam_yen__auto_keep__00.jpg,20,cha_dam_yen_kw01_bing_000076.jpg
cha_dam_yen__auto_keep__00.jpg,21,cha_dam_yen_kw04_baidu_000015.jpg
cha_dam_yen__auto_keep__00.jpg,22,cha_dam_yen_kw00_bing_000001.jpg
cha_dam_yen__auto_keep__00.jpg,23,cha_dam_yen_kw03_baidu_000028.jpg
cha_dam_yen__auto_keep__00.jpg,24,cha_dam_yen_kw00_bing_000012.jpg
cha_dam_yen__auto_keep__00.jpg,25,cha_dam_yen_kw03_bing_000035.jpg
cha_dam_yen__auto_keep__00.jpg,26,cha_dam_yen_kw00_bing_000020.jpg
cha_dam_yen__auto_keep__00.jpg,27,cha_dam_yen_kw04_bing_000113.jpg
cha_dam_yen__auto_keep__00.jpg,28,cha_dam_yen_kw03_bing_000063.jpg
cha_dam_yen__auto_keep__00.jpg,29,cha_dam_yen_kw04_bing_000064.jpg
cha_dam_yen__auto_keep__00.jpg,30,cha_dam_yen_kw00_bing_000005.jpg
cha_dam_yen__auto_keep__00.jpg,31,cha_dam_yen_kw03_bing_000081.png
cha_dam_yen__auto_keep__00.jpg,32,cha_dam_yen_kw00_bing_000039.jpg
cha_dam_yen__auto_keep__00.jpg,33,cha_dam_yen_kw03_bing_000022.jpg
cha_dam_yen__auto_keep__00.jpg,34,cha_dam_yen_kw01_bing_000064.jpg
cha_dam_yen__auto_keep__00.jpg,35,cha_dam_yen_kw04_baidu_000048.jpg
cha_dam_yen__auto_keep__00.jpg,36,cha_dam_yen_kw04_bing_000071.jpg
cha_dam_yen__auto_keep__00.jpg,37,cha_dam_yen_kw00_bing_000023.jpg
cha_dam_yen__auto_keep__00.jpg,38,cha_dam_yen_kw04_bing_000008.jpg
cha_dam_yen__auto_keep__00.jpg,39,cha_dam_yen_kw00_bing_000036.jpg
cha_dam_yen__auto_keep__00.jpg,40,cha_dam_yen_kw01_bing_000056.jpg
cha_dam_yen__auto_keep__00.jpg,41,cha_dam_yen_kw03_bing_000013.jpg
cha_dam_yen__auto_keep__00.jpg,42,cha_dam_yen_kw03_bing_000086.jpg
cha_dam_yen__auto_keep__00.jpg,43,cha_dam_yen_kw03_bing_000068.png
cha_dam_yen__auto_keep__00.jpg,44,cha_dam_yen_kw03_baidu_000009.jpg
cha_dam_yen__auto_keep__00.jpg,45,cha_dam_yen_kw00_bing_000019.jpg
cha_dam_yen__auto_keep__00.jpg,46,cha_dam_yen_kw03_bing_000039.jpg
cha_dam_yen__auto_keep__00.jpg,47,cha_dam_yen_kw02_bing_000048.jpg
cha_dam_yen__auto_keep__01.jpg,0,cha_dam_yen_kw04_baidu_000021.jpg
cha_dam_yen__auto_keep__01.jpg,1,cha_dam_yen_kw00_bing_000025.png
cha_dam_yen__auto_keep__01.jpg,2,cha_dam_yen_kw03_bing_000024.jpg
cha_dam_yen__auto_keep__01.jpg,3,cha_dam_yen_kw02_bing_000005.jpg
cha_dam_yen__auto_keep__01.jpg,4,cha_dam_yen_kw01_bing_000026.png
cha_dam_yen__auto_keep__01.jpg,5,cha_dam_yen_kw03_bing_000021.jpg
cha_dam_yen__auto_keep__01.jpg,6,cha_dam_yen_kw04_bing_000034.webp
cha_dam_yen__auto_keep__01.jpg,7,cha_dam_yen_kw04_bing_000035.jpg
cha_dam_yen__auto_keep__01.jpg,8,cha_dam_yen_kw00_bing_000022.jpg
cha_dam_yen__auto_keep__01.jpg,9,cha_dam_yen_kw04_baidu_000036.jpg
cha_dam_yen__auto_keep__01.jpg,10,cha_dam_yen_kw04_bing_000053.jpg
cha_dam_yen__auto_keep__01.jpg,11,cha_dam_yen_kw03_baidu_000049.jpg
cha_dam_yen__auto_keep__01.jpg,12,cha_dam_yen_kw04_baidu_000025.jpg
cha_dam_yen__auto_keep__01.jpg,13,cha_dam_yen_kw04_bing_000015.png
cha_dam_yen__auto_keep__01.jpg,14,cha_dam_yen_kw04_baidu_000051.jpg
cha_dam_yen__auto_keep__01.jpg,15,cha_dam_yen_kw01_bing_000081.jpg
cha_dam_yen__auto_keep__01.jpg,16,cha_dam_yen_kw00_bing_000044.jpg
cha_dam_yen__auto_keep__01.jpg,17,cha_dam_yen_kw03_bing_000064.jpg
cha_dam_yen__auto_keep__01.jpg,18,cha_dam_yen_kw03_bing_000087.jpg
cha_dam_yen__auto_keep__01.jpg,19,cha_dam_yen_kw03_bing_000083.jpg
cha_dam_yen__auto_keep__01.jpg,20,cha_dam_yen_kw00_bing_000035.jpg
cha_dam_yen__auto_keep__01.jpg,21,cha_dam_yen_kw02_bing_000038.jpg
cha_dam_yen__auto_keep__01.jpg,22,cha_dam_yen_kw04_bing_000030.jpg
cha_dam_yen__auto_keep__01.jpg,23,cha_dam_yen_kw00_bing_000006.jpg
cha_dam_yen__auto_keep__01.jpg,24,cha_dam_yen_kw03_bing_000053.jpg
cha_dam_yen__auto_keep__01.jpg,25,cha_dam_yen_kw04_bing_000049.jpg
cha_dam_yen__auto_keep__01.jpg,26,cha_dam_yen_kw00_bing_000007.jpg
cha_dam_yen__auto_keep__01.jpg,27,cha_dam_yen_kw01_bing_000051.jpg
cha_dam_yen__auto_keep__01.jpg,28,cha_dam_yen_kw04_baidu_000011.jpg
cha_dam_yen__auto_keep__01.jpg,29,cha_dam_yen_kw00_bing_000003.jpg
cha_dam_yen__auto_keep__01.jpg,30,cha_dam_yen_kw04_bing_000044.jpg
cha_dam_yen__auto_keep__01.jpg,31,cha_dam_yen_kw01_bing_000080.jpg
cha_dam_yen__auto_keep__01.jpg,32,cha_dam_yen_kw03_bing_000000.jpg
cha_dam_yen__auto_keep__01.jpg,33,cha_dam_yen_kw03_baidu_000041.jpg
cha_dam_yen__auto_keep__01.jpg,34,cha_dam_yen_kw03_bing_000009.jpg
cha_dam_yen__auto_keep__01.jpg,35,cha_dam_yen_kw03_bing_000006.jpg
cha_dam_yen__auto_keep__01.jpg,36,cha_dam_yen_kw04_baidu_000010.jpg
cha_dam_yen__auto_keep__01.jpg,37,cha_dam_yen_kw03_baidu_000039.jpg
cha_dam_yen__auto_keep__01.jpg,38,cha_dam_yen_kw00_bing_000072.jpg
cha_dam_yen__auto_keep__01.jpg,39,cha_dam_yen_kw03_baidu_000046.jpg
cha_dam_yen__auto_keep__01.jpg,40,cha_dam_yen_kw04_baidu_000024.jpg
cha_dam_yen__auto_keep__01.jpg,41,cha_dam_yen_kw04_bing_000003.jpg
cha_dam_yen__auto_keep__01.jpg,42,cha_dam_yen_kw04_baidu_000044.jpg
cha_dam_yen__auto_keep__01.jpg,43,cha_dam_yen_kw00_bing_000015.jpg
cha_dam_yen__auto_keep__01.jpg,44,cha_dam_yen_kw04_baidu_000017.jpg
cha_dam_yen__auto_keep__01.jpg,45,cha_dam_yen_kw04_bing_000018.jpg
cha_dam_yen__auto_keep__01.jpg,46,cha_dam_yen_kw04_baidu_000043.jpg
cha_dam_yen__auto_keep__01.jpg,47,cha_dam_yen_kw04_baidu_000009.jpg
cha_dam_yen__auto_keep__02.jpg,0,cha_dam_yen_kw00_bing_000017.jpg
cha_dam_yen__auto_keep__02.jpg,1,cha_dam_yen_kw04_bing_000037.png
cha_dam_yen__auto_keep__02.jpg,2,cha_dam_yen_kw04_baidu_000046.jpg
cha_dam_yen__auto_keep__02.jpg,3,cha_dam_yen_kw03_baidu_000040.jpg
cha_dam_yen__auto_keep__02.jpg,4,cha_dam_yen_kw04_baidu_000055.jpg
cha_dam_yen__auto_keep__02.jpg,5,cha_dam_yen_kw00_bing_000034.png
cha_dam_yen__auto_keep__02.jpg,6,cha_dam_yen_kw00_bing_000031.jpg
cha_dam_yen__auto_keep__02.jpg,7,cha_dam_yen_kw00_bing_000037.jpg
cha_dam_yen__auto_keep__02.jpg,8,cha_dam_yen_kw03_bing_000025.jpg
cha_dam_yen__auto_keep__02.jpg,9,cha_dam_yen_kw03_bing_000007.jpg
cha_dam_yen__auto_keep__02.jpg,10,cha_dam_yen_kw03_bing_000099.jpg
cha_dam_yen__auto_keep__02.jpg,11,cha_dam_yen_kw03_bing_000033.jpg
cha_dam_yen__auto_keep__02.jpg,12,cha_dam_yen_kw03_baidu_000004.jpg
cha_dam_yen__auto_keep__02.jpg,13,cha_dam_yen_kw01_bing_000002.jpg
cha_dam_yen__auto_keep__02.jpg,14,cha_dam_yen_kw03_baidu_000011.jpg
cha_dam_yen__auto_keep__02.jpg,15,cha_dam_yen_kw03_bing_000051.jpg
cha_dam_yen__auto_keep__02.jpg,16,cha_dam_yen_kw03_bing_000005.jpg
cha_dam_yen__auto_keep__02.jpg,17,cha_dam_yen_kw04_bing_000060.jpg
cha_dam_yen__auto_keep__02.jpg,18,cha_dam_yen_kw04_bing_000061.jpg
cha_dam_yen__auto_keep__02.jpg,19,cha_dam_yen_kw04_bing_000058.jpg
cha_dam_yen__auto_keep__02.jpg,20,cha_dam_yen_kw03_bing_000031.jpg
cha_dam_yen__auto_keep__02.jpg,21,cha_dam_yen_kw04_bing_000072.jpg
cha_dam_yen__auto_keep__02.jpg,22,cha_dam_yen_kw03_bing_000012.jpg
cha_dam_yen__auto_keep__02.jpg,23,cha_dam_yen_kw04_baidu_000008.jpg
cha_dam_yen__auto_keep__02.jpg,24,cha_dam_yen_kw03_bing_000010.jpg
cha_dam_yen__auto_keep__02.jpg,25,cha_dam_yen_kw03_baidu_000015.jpg
cha_dam_yen__auto_keep__02.jpg,26,cha_dam_yen_kw04_baidu_000016.jpg
cha_dam_yen__auto_keep__02.jpg,27,cha_dam_yen_kw04_bing_000055.webp
cha_dam_yen__auto_keep__02.jpg,28,cha_dam_yen_kw04_baidu_000019.jpg
cha_dam_yen__auto_keep__02.jpg,29,cha_dam_yen_kw04_baidu_000020.jpg
cha_dam_yen__auto_keep__02.jpg,30,cha_dam_yen_kw02_bing_000043.jpg
cha_dam_yen__auto_keep__02.jpg,31,cha_dam_yen_kw01_bing_000078.webp
cha_dam_yen__auto_keep__02.jpg,32,cha_dam_yen_kw04_baidu_000031.jpg
cha_dam_yen__auto_keep__02.jpg,33,cha_dam_yen_kw04_baidu_000034.jpg
cha_dam_yen__auto_keep__02.jpg,34,cha_dam_yen_kw00_bing_000060.jpg
cha_dam_yen__auto_keep__02.jpg,35,cha_dam_yen_kw01_bing_000057.jpg
cha_dam_yen__auto_keep__02.jpg,36,cha_dam_yen_kw01_bing_000042.jpg
cha_dam_yen__auto_keep__02.jpg,37,cha_dam_yen_kw01_bing_000040.jpg
cha_dam_yen__auto_keep__02.jpg,38,cha_dam_yen_kw01_bing_000028.jpg
cha_dam_yen__auto_keep__02.jpg,39,cha_dam_yen_kw01_bing_000016.jpg
cha_dam_yen__auto_keep__02.jpg,40,cha_dam_yen_kw03_bing_000003.jpg
cha_dam_yen__auto_keep__02.jpg,41,cha_dam_yen_kw02_bing_000082.webp
cha_dam_yen__auto_keep__02.jpg,42,cha_dam_yen_kw03_bing_000040.png
cha_dam_yen__auto_keep__02.jpg,43,cha_dam_yen_kw04_bing_000050.png
cha_dam_yen__auto_keep__02.jpg,44,cha_dam_yen_kw03_baidu_000007.jpg
cha_dam_yen__auto_keep__02.jpg,45,cha_dam_yen_kw04_bing_000000.jpg
cha_dam_yen__auto_keep__02.jpg,46,cha_dam_yen_kw04_bing_000001.jpg
cha_dam_yen__auto_keep__02.jpg,47,cha_dam_yen_kw04_bing_000002.jpg
cha_dam_yen__auto_keep__03.jpg,0,cha_dam_yen_kw04_bing_000004.webp
cha_dam_yen__auto_keep__03.jpg,1,cha_dam_yen_kw04_bing_000006.jpg
cha_dam_yen__auto_keep__03.jpg,2,cha_dam_yen_kw03_bing_000090.jpg
cha_dam_yen__auto_keep__03.jpg,3,cha_dam_yen_kw04_bing_000009.png
cha_dam_yen__auto_keep__03.jpg,4,cha_dam_yen_kw04_bing_000010.jpg
cha_dam_yen__auto_keep__03.jpg,5,cha_dam_yen_kw04_bing_000011.jpg
cha_dam_yen__auto_keep__03.jpg,6,cha_dam_yen_kw04_bing_000013.png
cha_dam_yen__auto_keep__03.jpg,7,cha_dam_yen_kw00_bing_000030.webp
cha_dam_yen__auto_keep__03.jpg,8,cha_dam_yen_kw04_bing_000016.webp
cha_dam_yen__auto_keep__03.jpg,9,cha_dam_yen_kw04_bing_000017.jpg
cha_dam_yen__auto_keep__03.jpg,10,cha_dam_yen_kw03_bing_000073.jpg
cha_dam_yen__auto_keep__03.jpg,11,cha_dam_yen_kw04_bing_000019.jpg
cha_dam_yen__auto_keep__03.jpg,12,cha_dam_yen_kw04_bing_000021.jpg
cha_dam_yen__auto_keep__03.jpg,13,cha_dam_yen_kw04_bing_000023.webp
cha_dam_yen__auto_keep__03.jpg,14,cha_dam_yen_kw04_bing_000025.jpg
cha_dam_yen__auto_keep__03.jpg,15,cha_dam_yen_kw04_bing_000027.jpg
cha_dam_yen__auto_keep__03.jpg,16,cha_dam_yen_kw04_bing_000029.png
cha_dam_yen__auto_keep__03.jpg,17,cha_dam_yen_kw04_bing_000032.jpg
cha_dam_yen__auto_keep__03.jpg,18,cha_dam_yen_kw03_bing_000057.jpg
cha_dam_yen__auto_keep__03.jpg,19,cha_dam_yen_kw03_bing_000055.jpg
cha_dam_yen__auto_keep__03.jpg,20,cha_dam_yen_kw03_bing_000052.jpg
cha_dam_yen__auto_keep__03.jpg,21,cha_dam_yen_kw04_bing_000042.webp
cha_dam_yen__auto_keep__03.jpg,22,cha_dam_yen_kw00_bing_000018.jpg
cha_dam_yen__auto_keep__03.jpg,23,cha_dam_yen_kw04_bing_000047.jpg
cha_dam_yen__auto_keep__03.jpg,24,cha_dam_yen_kw03_baidu_000019.jpg
cha_dam_yen__auto_keep__03.jpg,25,cha_dam_yen_kw04_bing_000052.png
cha_dam_yen__auto_keep__03.jpg,26,cha_dam_yen_kw00_bing_000094.jpg
cha_khiao_nom__auto_reject__00.jpg,0,cha_khiao_nom_kw02_bing_000041.jpg
cha_khiao_nom__auto_reject__00.jpg,1,cha_khiao_nom_kw02_bing_000008.jpg
cha_khiao_nom__auto_reject__00.jpg,2,cha_khiao_nom_kw02_bing_000033.jpg
cha_khiao_nom__auto_reject__00.jpg,3,cha_khiao_nom_kw02_bing_000016.jpg
cha_khiao_nom__auto_reject__00.jpg,4,cha_khiao_nom_kw03_bing_000103.jpg
cha_khiao_nom__auto_reject__00.jpg,5,cha_khiao_nom_kw02_bing_000025.jpg
cha_khiao_nom__auto_reject__00.jpg,6,cha_khiao_nom_kw04_bing_000093.png
cha_khiao_nom__auto_reject__00.jpg,7,cha_khiao_nom_kw03_bing_000112.png
cha_khiao_nom__auto_reject__00.jpg,8,cha_khiao_nom_kw03_bing_000114.png
cha_khiao_nom__auto_reject__00.jpg,9,cha_khiao_nom_kw02_bing_000009.jpg
cha_khiao_nom__auto_reject__00.jpg,10,cha_khiao_nom_kw03_bing_000115.jpg
cha_khiao_nom__auto_reject__00.jpg,11,cha_khiao_nom_kw03_bing_000118.png
cha_khiao_nom__auto_reject__00.jpg,12,cha_khiao_nom_kw03_bing_000074.jpg
cha_khiao_nom__auto_reject__00.jpg,13,cha_khiao_nom_kw02_bing_000020.jpg
cha_khiao_nom__auto_reject__00.jpg,14,cha_khiao_nom_kw04_bing_000070.jpg
cha_khiao_nom__auto_reject__00.jpg,15,cha_khiao_nom_kw04_bing_000080.jpg
cha_khiao_nom__auto_reject__00.jpg,16,cha_khiao_nom_kw01_bing_000088.jpg
cha_khiao_nom__auto_reject__00.jpg,17,cha_khiao_nom_kw02_bing_000034.jpg
cha_khiao_nom__auto_reject__00.jpg,18,cha_khiao_nom_kw03_bing_000083.webp
cha_khiao_nom__auto_reject__00.jpg,19,cha_khiao_nom_kw02_bing_000018.jpg
cha_khiao_nom__auto_reject__00.jpg,20,cha_khiao_nom_kw03_bing_000084.png
cha_khiao_nom__auto_reject__00.jpg,21,cha_khiao_nom_kw03_bing_000094.png
cha_khiao_nom__auto_reject__00.jpg,22,cha_khiao_nom_kw02_bing_000019.png
cha_khiao_nom__auto_reject__00.jpg,23,cha_khiao_nom_kw02_bing_000006.jpg
cha_khiao_nom__auto_reject__00.jpg,24,cha_khiao_nom_kw04_baidu_000027.jpg
cha_khiao_nom__auto_reject__00.jpg,25,cha_khiao_nom_kw03_bing_000078.jpg
cha_khiao_nom__auto_reject__00.jpg,26,cha_khiao_nom_kw01_bing_000021.jpg
cha_khiao_nom__auto_reject__00.jpg,27,cha_khiao_nom_kw02_bing_000069.jpg
cha_khiao_nom__auto_reject__00.jpg,28,cha_khiao_nom_kw04_baidu_000021.jpg
cha_khiao_nom__auto_reject__00.jpg,29,cha_khiao_nom_kw02_bing_000023.png
cha_khiao_nom__auto_reject__00.jpg,30,cha_khiao_nom_kw02_bing_000092.jpg
cha_khiao_nom__auto_reject__00.jpg,31,cha_khiao_nom_kw02_bing_000082.jpg
cha_khiao_nom__auto_reject__00.jpg,32,cha_khiao_nom_kw02_bing_000022.jpg
cha_khiao_nom__auto_reject__00.jpg,33,cha_khiao_nom_kw02_bing_000024.jpg
cha_khiao_nom__auto_reject__00.jpg,34,cha_khiao_nom_kw03_bing_000120.jpg
cha_khiao_nom__auto_reject__00.jpg,35,cha_khiao_nom_kw02_bing_000056.jpg
cha_khiao_nom__auto_reject__00.jpg,36,cha_khiao_nom_kw03_bing_000106.webp
cha_khiao_nom__auto_reject__00.jpg,37,cha_khiao_nom_kw03_baidu_000027.jpg
cha_khiao_nom__auto_reject__00.jpg,38,cha_khiao_nom_kw01_bing_000012.jpg
cha_khiao_nom__auto_reject__00.jpg,39,cha_khiao_nom_kw04_baidu_000031.jpg
cha_khiao_nom__auto_reject__00.jpg,40,cha_khiao_nom_kw03_bing_000069.png
cha_khiao_nom__auto_reject__00.jpg,41,cha_khiao_nom_kw02_bing_000063.webp
cha_khiao_nom__auto_reject__00.jpg,42,cha_khiao_nom_kw03_bing_000101.jpg
cha_khiao_nom__auto_reject__00.jpg,43,cha_khiao_nom_kw04_bing_000097.jpg
cha_khiao_nom__auto_reject__00.jpg,44,cha_khiao_nom_kw02_bing_000026.jpg
cha_khiao_nom__auto_reject__00.jpg,45,cha_khiao_nom_kw02_bing_000011.jpg
cha_khiao_nom__auto_reject__00.jpg,46,cha_khiao_nom_kw04_baidu_000034.jpg
cha_khiao_nom__auto_reject__00.jpg,47,cha_khiao_nom_kw04_bing_000087.jpg
cha_khiao_nom__auto_reject__01.jpg,0,cha_khiao_nom_kw02_bing_000030.jpg
cha_khiao_nom__auto_reject__01.jpg,1,cha_khiao_nom_kw02_bing_000075.jpg
cha_khiao_nom__auto_reject__01.jpg,2,cha_khiao_nom_kw02_bing_000021.jpg
cha_khiao_nom__auto_reject__01.jpg,3,cha_khiao_nom_kw02_bing_000017.jpg
cha_khiao_nom__auto_reject__01.jpg,4,cha_khiao_nom_kw02_bing_000083.jpg
cha_khiao_nom__auto_reject__01.jpg,5,cha_khiao_nom_kw04_bing_000090.jpg
cha_khiao_nom__auto_reject__01.jpg,6,cha_khiao_nom_kw01_bing_000119.webp
cha_khiao_nom__auto_reject__01.jpg,7,cha_khiao_nom_kw02_bing_000004.jpg
cha_khiao_nom__auto_reject__01.jpg,8,cha_khiao_nom_kw01_bing_000063.jpg
cha_khiao_nom__auto_reject__01.jpg,9,cha_khiao_nom_kw02_bing_000000.jpg
cha_khiao_nom__auto_reject__01.jpg,10,cha_khiao_nom_kw03_bing_000107.png
cha_khiao_nom__auto_reject__01.jpg,11,cha_khiao_nom_kw01_bing_000009.jpg
cha_khiao_nom__auto_reject__01.jpg,12,cha_khiao_nom_kw02_bing_000086.webp
cha_khiao_nom__auto_reject__01.jpg,13,cha_khiao_nom_kw02_bing_000047.jpg
cha_khiao_nom__auto_reject__01.jpg,14,cha_khiao_nom_kw02_bing_000050.jpg
cha_khiao_nom__auto_reject__01.jpg,15,cha_khiao_nom_kw02_bing_000099.jpg
cha_khiao_nom__auto_reject__01.jpg,16,cha_khiao_nom_kw02_bing_000014.jpg
cha_khiao_nom__auto_reject__01.jpg,17,cha_khiao_nom_kw03_bing_000076.webp
cha_khiao_nom__auto_reject__01.jpg,18,cha_khiao_nom_kw02_bing_000084.jpg
cha_khiao_nom__auto_reject__01.jpg,19,cha_khiao_nom_kw01_bing_000105.jpg
cha_khiao_nom__auto_reject__01.jpg,20,cha_khiao_nom_kw01_bing_000039.jpg
cha_khiao_nom__auto_reject__01.jpg,21,cha_khiao_nom_kw01_bing_000095.jpg
cha_khiao_nom__auto_reject__01.jpg,22,cha_khiao_nom_kw01_bing_000016.jpg
cha_khiao_nom__auto_reject__01.jpg,23,cha_khiao_nom_kw02_bing_000045.jpg
cha_khiao_nom__auto_reject__01.jpg,24,cha_khiao_nom_kw02_bing_000027.jpg
cha_khiao_nom__auto_reject__01.jpg,25,cha_khiao_nom_kw02_bing_000062.jpg
cha_khiao_nom__auto_reject__01.jpg,26,cha_khiao_nom_kw02_bing_000085.jpg
cha_khiao_nom__auto_reject__01.jpg,27,cha_khiao_nom_kw02_bing_000032.jpg
cha_khiao_nom__auto_reject__01.jpg,28,cha_khiao_nom_kw04_baidu_000022.jpg
cha_khiao_nom__auto_reject__01.jpg,29,cha_khiao_nom_kw03_bing_000092.jpg
cha_khiao_nom__auto_reject__01.jpg,30,cha_khiao_nom_kw04_bing_000086.jpg
cha_khiao_nom__auto_reject__01.jpg,31,cha_khiao_nom_kw03_baidu_000047.jpg
cha_khiao_nom__auto_reject__01.jpg,32,cha_khiao_nom_kw03_bing_000110.jpg
cha_khiao_nom__auto_reject__01.jpg,33,cha_khiao_nom_kw01_bing_000049.jpg
cha_khiao_nom__auto_reject__01.jpg,34,cha_khiao_nom_kw03_bing_000075.jpg
cha_khiao_nom__auto_reject__01.jpg,35,cha_khiao_nom_kw02_bing_000081.jpg
cha_khiao_nom__auto_reject__01.jpg,36,cha_khiao_nom_kw02_bing_000042.jpg
cha_khiao_nom__auto_reject__01.jpg,37,cha_khiao_nom_kw02_bing_000029.jpg
cha_khiao_nom__auto_reject__01.jpg,38,cha_khiao_nom_kw02_bing_000076.jpg
cha_khiao_nom__auto_reject__01.jpg,39,cha_khiao_nom_kw03_bing_000082.webp
cha_khiao_nom__auto_reject__01.jpg,40,cha_khiao_nom_kw03_bing_000100.jpg
cha_khiao_nom__auto_reject__01.jpg,41,cha_khiao_nom_kw02_bing_000060.jpg
cha_khiao_nom__auto_reject__01.jpg,42,cha_khiao_nom_kw01_bing_000003.jpg
cha_khiao_nom__auto_reject__01.jpg,43,cha_khiao_nom_kw03_bing_000080.webp
cha_khiao_nom__auto_reject__01.jpg,44,cha_khiao_nom_kw02_bing_000001.jpg
cha_khiao_nom__auto_reject__01.jpg,45,cha_khiao_nom_kw04_baidu_000050.jpg
cha_khiao_nom__auto_reject__01.jpg,46,cha_khiao_nom_kw01_bing_000098.jpg
cha_khiao_nom__auto_reject__01.jpg,47,cha_khiao_nom_kw03_bing_000109.jpg
cha_khiao_nom__auto_reject__02.jpg,0,cha_khiao_nom_kw02_bing_000007.jpg
cha_khiao_nom__auto_reject__02.jpg,1,cha_khiao_nom_kw01_bing_000028.jpg
cha_khiao_nom__review__00.jpg,0,cha_khiao_nom_kw02_bing_000059.jpg
cha_khiao_nom__review__00.jpg,1,cha_khiao_nom_kw02_bing_000005.jpg
cha_khiao_nom__review__00.jpg,2,cha_khiao_nom_kw01_bing_000018.jpg
cha_khiao_nom__review__00.jpg,3,cha_khiao_nom_kw01_bing_000089.jpg
cha_khiao_nom__review__00.jpg,4,cha_khiao_nom_kw02_bing_000096.jpg
cha_khiao_nom__review__00.jpg,5,cha_khiao_nom_kw02_bing_000002.jpg
cha_khiao_nom__review__00.jpg,6,cha_khiao_nom_kw01_bing_000083.jpg
cha_khiao_nom__review__00.jpg,7,cha_khiao_nom_kw02_bing_000043.jpg
cha_khiao_nom__review__00.jpg,8,cha_khiao_nom_kw02_bing_000012.jpg
cha_khiao_nom__review__00.jpg,9,cha_khiao_nom_kw02_bing_000093.webp
cha_khiao_nom__review__00.jpg,10,cha_khiao_nom_kw03_bing_000108.jpg
cha_khiao_nom__review__00.jpg,11,cha_khiao_nom_kw01_bing_000102.png
cha_khiao_nom__review__00.jpg,12,cha_khiao_nom_kw01_bing_000099.jpg
cha_khiao_nom__review__00.jpg,13,cha_khiao_nom_kw04_bing_000094.jpg
cha_khiao_nom__review__00.jpg,14,cha_khiao_nom_kw02_bing_000107.webp
cha_khiao_nom__review__00.jpg,15,cha_khiao_nom_kw01_bing_000038.jpg
cha_khiao_nom__review__00.jpg,16,cha_khiao_nom_kw01_bing_000101.jpg
cha_khiao_nom__review__00.jpg,17,cha_khiao_nom_kw01_bing_000031.jpg
cha_khiao_nom__review__00.jpg,18,cha_khiao_nom_kw02_bing_000061.jpg
cha_khiao_nom__review__00.jpg,19,cha_khiao_nom_kw01_bing_000032.jpg
cha_khiao_nom__review__00.jpg,20,cha_khiao_nom_kw01_bing_000033.jpg
cha_khiao_nom__review__00.jpg,21,cha_khiao_nom_kw04_bing_000076.jpg
cha_khiao_nom__review__00.jpg,22,cha_khiao_nom_kw03_bing_000111.jpg
cha_khiao_nom__review__00.jpg,23,cha_khiao_nom_kw04_bing_000100.jpg
cha_khiao_nom__review__00.jpg,25,cha_khiao_nom_kw04_bing_000102.jpg
cha_khiao_nom__review__00.jpg,26,cha_khiao_nom_kw03_bing_000066.png
cha_khiao_nom__review__00.jpg,27,cha_khiao_nom_kw01_bing_000023.jpg
cha_khiao_nom__review__00.jpg,28,cha_khiao_nom_kw01_bing_000075.jpg
cha_khiao_nom__review__00.jpg,29,cha_khiao_nom_kw03_bing_000105.jpg
cha_khiao_nom__review__00.jpg,30,cha_khiao_nom_kw01_bing_000055.jpg
cha_khiao_nom__review__00.jpg,31,cha_khiao_nom_kw03_bing_000079.jpg
cha_khiao_nom__review__00.jpg,33,cha_khiao_nom_kw03_baidu_000015.jpg
cha_khiao_nom__review__00.jpg,34,cha_khiao_nom_kw01_bing_000097.jpg
cha_khiao_nom__review__00.jpg,35,cha_khiao_nom_kw03_bing_000032.jpg
cha_khiao_nom__review__00.jpg,36,cha_khiao_nom_kw01_bing_000090.jpg
cha_khiao_nom__review__00.jpg,37,cha_khiao_nom_kw01_bing_000069.jpg
cha_khiao_nom__review__00.jpg,38,cha_khiao_nom_kw03_bing_000047.jpg
cha_khiao_nom__review__00.jpg,39,cha_khiao_nom_kw01_bing_000094.jpg
cha_khiao_nom__review__00.jpg,41,cha_khiao_nom_kw01_bing_000067.jpg
cha_khiao_nom__review__00.jpg,42,cha_khiao_nom_kw01_bing_000042.jpg
cha_khiao_nom__review__00.jpg,43,cha_khiao_nom_kw01_bing_000080.jpg
cha_khiao_nom__review__00.jpg,45,cha_khiao_nom_kw04_bing_000005.jpg
cha_khiao_nom__review__00.jpg,46,cha_khiao_nom_kw04_bing_000041.jpg
cha_khiao_nom__review__00.jpg,47,cha_khiao_nom_kw01_bing_000086.jpg
cha_khiao_nom__review__01.jpg,0,cha_khiao_nom_kw03_baidu_000031.jpg
cha_khiao_nom__review__01.jpg,1,cha_khiao_nom_kw01_bing_000050.jpg
cha_khiao_nom__review__01.jpg,2,cha_khiao_nom_kw03_bing_000048.jpg
cha_khiao_nom__review__01.jpg,3,cha_khiao_nom_kw02_bing_000049.jpg
cha_khiao_nom__review__01.jpg,4,cha_khiao_nom_kw01_bing_000096.jpg
cha_khiao_nom__review__01.jpg,5,cha_khiao_nom_kw01_bing_000103.jpg
cha_khiao_nom__review__01.jpg,6,cha_khiao_nom_kw01_bing_000100.jpg
cha_khiao_nom__review__01.jpg,7,cha_khiao_nom_kw04_baidu_000007.jpg
cha_khiao_nom__review__01.jpg,8,cha_khiao_nom_kw01_bing_000084.jpg
cha_khiao_nom__review__01.jpg,9,cha_khiao_nom_kw01_bing_000025.jpg
cha_khiao_nom__review__01.jpg,10,cha_khiao_nom_kw01_bing_000104.jpg
cha_khiao_nom__review__01.jpg,11,cha_khiao_nom_kw01_bing_000051.webp
cha_khiao_nom__review__01.jpg,12,cha_khiao_nom_kw01_bing_000041.jpg
cha_khiao_nom__review__01.jpg,13,cha_khiao_nom_kw03_baidu_000043.jpg
cha_khiao_nom__review__01.jpg,14,cha_khiao_nom_kw01_bing_000040.jpg
cha_khiao_nom__review__01.jpg,15,cha_khiao_nom_kw01_bing_000024.jpg
cha_khiao_nom__review__01.jpg,16,cha_khiao_nom_kw01_bing_000053.jpg
cha_khiao_nom__review__01.jpg,17,cha_khiao_nom_kw01_bing_000020.jpg
cha_khiao_nom__review__01.jpg,18,cha_khiao_nom_kw01_bing_000005.jpg
cha_khiao_nom__review__01.jpg,20,cha_khiao_nom_kw04_bing_000062.jpg
cha_khiao_nom__review__01.jpg,21,cha_khiao_nom_kw01_bing_000056.jpg
cha_khiao_nom__review__01.jpg,22,cha_khiao_nom_kw01_bing_000059.webp
cha_khiao_nom__review__01.jpg,23,cha_khiao_nom_kw03_bing_000096.webp
cha_khiao_nom__review__01.jpg,24,cha_khiao_nom_kw01_bing_000112.jpg
cha_khiao_nom__review__01.jpg,25,cha_khiao_nom_kw03_bing_000071.jpg
cha_khiao_nom__review__01.jpg,26,cha_khiao_nom_kw01_bing_000060.jpg
cha_khiao_nom__review__01.jpg,27,cha_khiao_nom_kw01_bing_000064.jpg
cha_khiao_nom__review__01.jpg,28,cha_khiao_nom_kw01_bing_000065.png
cha_khiao_nom__review__01.jpg,29,cha_khiao_nom_kw01_bing_000066.jpg
cha_khiao_nom__review__01.jpg,30,cha_khiao_nom_kw01_bing_000068.jpg
cha_khiao_nom__review__01.jpg,31,cha_khiao_nom_kw02_bing_000106.webp
cha_khiao_nom__review__01.jpg,32,cha_khiao_nom_kw01_bing_000076.jpg
cha_khiao_nom__review__01.jpg,33,cha_khiao_nom_kw02_bing_000065.jpg
cha_khiao_nom__review__01.jpg,34,cha_khiao_nom_kw01_bing_000085.jpg
cha_khiao_nom__review__01.jpg,35,cha_khiao_nom_kw01_bing_000058.jpg
cha_khiao_nom__review__01.jpg,36,cha_khiao_nom_kw04_baidu_000038.jpg
cha_khiao_nom__auto_keep__00.jpg,0,cha_khiao_nom_kw02_bing_000003.jpg
cha_khiao_nom__auto_keep__00.jpg,1,cha_khiao_nom_kw02_bing_000053.jpg
cha_khiao_nom__auto_keep__00.jpg,2,cha_khiao_nom_kw02_bing_000080.jpg
cha_khiao_nom__auto_keep__00.jpg,3,cha_khiao_nom_kw02_bing_000039.jpg
cha_khiao_nom__auto_keep__00.jpg,4,cha_khiao_nom_kw03_baidu_000005.jpg
cha_khiao_nom__auto_keep__00.jpg,5,cha_khiao_nom_kw01_bing_000022.jpg
cha_khiao_nom__auto_keep__00.jpg,6,cha_khiao_nom_kw02_bing_000101.webp
cha_khiao_nom__auto_keep__00.jpg,8,cha_khiao_nom_kw02_bing_000040.jpg
cha_khiao_nom__auto_keep__00.jpg,9,cha_khiao_nom_kw02_bing_000098.webp
cha_khiao_nom__auto_keep__00.jpg,10,cha_khiao_nom_kw04_bing_000034.jpg
cha_khiao_nom__auto_keep__00.jpg,11,cha_khiao_nom_kw02_bing_000015.jpg
cha_khiao_nom__auto_keep__00.jpg,12,cha_khiao_nom_kw02_bing_000077.jpg
cha_khiao_nom__auto_keep__00.jpg,13,cha_khiao_nom_kw02_bing_000037.webp
cha_khiao_nom__auto_keep__00.jpg,14,cha_khiao_nom_kw04_bing_000063.jpg
cha_khiao_nom__auto_keep__00.jpg,15,cha_khiao_nom_kw02_bing_000052.jpg
cha_khiao_nom__auto_keep__00.jpg,16,cha_khiao_nom_kw04_baidu_000032.jpg
cha_khiao_nom__auto_keep__00.jpg,17,cha_khiao_nom_kw04_baidu_000042.jpg
cha_khiao_nom__auto_keep__00.jpg,19,cha_khiao_nom_kw01_bing_000015.jpg
cha_khiao_nom__auto_keep__00.jpg,21,cha_khiao_nom_kw02_bing_000038.jpg
cha_khiao_nom__auto_keep__00.jpg,22,cha_khiao_nom_kw04_baidu_000041.jpg
cha_khiao_nom__auto_keep__00.jpg,23,cha_khiao_nom_kw03_bing_000004.jpg
cha_khiao_nom__auto_keep__00.jpg,24,cha_khiao_nom_kw04_baidu_000049.jpg
cha_khiao_nom__auto_keep__00.jpg,25,cha_khiao_nom_kw03_baidu_000048.jpg
cha_khiao_nom__auto_keep__00.jpg,27,cha_khiao_nom_kw03_bing_000056.png
cha_khiao_nom__auto_keep__00.jpg,28,cha_khiao_nom_kw04_baidu_000008.jpg
cha_khiao_nom__auto_keep__00.jpg,29,cha_khiao_nom_kw03_bing_000033.jpg
cha_khiao_nom__auto_keep__00.jpg,30,cha_khiao_nom_kw04_bing_000022.jpg
cha_khiao_nom__auto_keep__00.jpg,31,cha_khiao_nom_kw02_bing_000072.jpg
cha_khiao_nom__auto_keep__00.jpg,32,cha_khiao_nom_kw03_baidu_000020.jpg
cha_khiao_nom__auto_keep__00.jpg,33,cha_khiao_nom_kw03_bing_000054.png
cha_khiao_nom__auto_keep__00.jpg,34,cha_khiao_nom_kw03_bing_000040.jpg
cha_khiao_nom__auto_keep__00.jpg,35,cha_khiao_nom_kw03_bing_000046.png
cha_khiao_nom__auto_keep__00.jpg,37,cha_khiao_nom_kw03_baidu_000046.jpg
cha_khiao_nom__auto_keep__00.jpg,38,cha_khiao_nom_kw01_bing_000044.png
cha_khiao_nom__auto_keep__00.jpg,39,cha_khiao_nom_kw02_bing_000097.jpg
cha_khiao_nom__auto_keep__00.jpg,40,cha_khiao_nom_kw02_bing_000044.jpg
cha_khiao_nom__auto_keep__00.jpg,41,cha_khiao_nom_kw03_baidu_000054.png
cha_khiao_nom__auto_keep__00.jpg,42,cha_khiao_nom_kw03_bing_000028.jpg
cha_khiao_nom__auto_keep__00.jpg,43,cha_khiao_nom_kw02_bing_000013.jpg
cha_khiao_nom__auto_keep__00.jpg,44,cha_khiao_nom_kw03_bing_000102.jpg
cha_khiao_nom__auto_keep__00.jpg,45,cha_khiao_nom_kw03_bing_000059.jpg
cha_khiao_nom__auto_keep__00.jpg,46,cha_khiao_nom_kw04_bing_000021.jpg
cha_khiao_nom__auto_keep__00.jpg,47,cha_khiao_nom_kw01_bing_000002.jpg
cha_khiao_nom__auto_keep__01.jpg,0,cha_khiao_nom_kw03_bing_000016.jpg
cha_khiao_nom__auto_keep__01.jpg,1,cha_khiao_nom_kw04_bing_000015.jpg
cha_khiao_nom__auto_keep__01.jpg,2,cha_khiao_nom_kw04_bing_000085.jpg
cha_khiao_nom__auto_keep__01.jpg,3,cha_khiao_nom_kw04_baidu_000019.jpg
cha_khiao_nom__auto_keep__01.jpg,4,cha_khiao_nom_kw04_bing_000048.jpg
cha_khiao_nom__auto_keep__01.jpg,5,cha_khiao_nom_kw02_bing_000071.jpg
cha_khiao_nom__auto_keep__01.jpg,6,cha_khiao_nom_kw04_bing_000053.jpg
cha_khiao_nom__auto_keep__01.jpg,7,cha_khiao_nom_kw04_baidu_000048.jpg
cha_khiao_nom__auto_keep__01.jpg,8,cha_khiao_nom_kw03_bing_000045.jpg
cha_khiao_nom__auto_keep__01.jpg,9,cha_khiao_nom_kw02_bing_000055.jpg
cha_khiao_nom__auto_keep__01.jpg,11,cha_khiao_nom_kw03_bing_000022.png
cha_khiao_nom__auto_keep__01.jpg,12,cha_khiao_nom_kw02_bing_000048.webp
cha_khiao_nom__auto_keep__01.jpg,13,cha_khiao_nom_kw03_bing_000039.jpg
cha_khiao_nom__auto_keep__01.jpg,14,cha_khiao_nom_kw01_bing_000000.jpg
cha_khiao_nom__auto_keep__01.jpg,15,cha_khiao_nom_kw04_baidu_000030.jpg
cha_khiao_nom__auto_keep__01.jpg,16,cha_khiao_nom_kw04_bing_000026.png
cha_khiao_nom__auto_keep__01.jpg,17,cha_khiao_nom_kw03_bing_000095.png
cha_khiao_nom__auto_keep__01.jpg,18,cha_khiao_nom_kw04_baidu_000039.jpg
cha_khiao_nom__auto_keep__01.jpg,19,cha_khiao_nom_kw03_bing_000025.jpg
cha_khiao_nom__auto_keep__01.jpg,20,cha_khiao_nom_kw04_baidu_000052.jpg
cha_khiao_nom__auto_keep__01.jpg,21,cha_khiao_nom_kw04_bing_000056.jpg
cha_khiao_nom__auto_keep__01.jpg,22,cha_khiao_nom_kw02_bing_000031.jpg
cha_khiao_nom__auto_keep__01.jpg,23,cha_khiao_nom_kw02_bing_000079.jpg
cha_khiao_nom__auto_keep__01.jpg,24,cha_khiao_nom_kw03_bing_000052.jpg
cha_khiao_nom__auto_keep__01.jpg,25,cha_khiao_nom_kw03_bing_000057.png
cha_khiao_nom__auto_keep__01.jpg,27,cha_khiao_nom_kw04_bing_000061.jpg
cha_khiao_nom__auto_keep__01.jpg,28,cha_khiao_nom_kw04_baidu_000013.jpg
cha_khiao_nom__auto_keep__01.jpg,29,cha_khiao_nom_kw03_bing_000041.jpg
cha_khiao_nom__auto_keep__01.jpg,30,cha_khiao_nom_kw04_baidu_000025.jpg
cha_khiao_nom__auto_keep__01.jpg,31,cha_khiao_nom_kw04_baidu_000029.jpg
cha_khiao_nom__auto_keep__01.jpg,33,cha_khiao_nom_kw04_bing_000052.jpg
cha_khiao_nom__auto_keep__01.jpg,34,cha_khiao_nom_kw01_bing_000010.jpg
cha_khiao_nom__auto_keep__01.jpg,35,cha_khiao_nom_kw01_bing_000057.jpg
cha_khiao_nom__auto_keep__01.jpg,36,cha_khiao_nom_kw04_baidu_000040.jpg
cha_khiao_nom__auto_keep__01.jpg,37,cha_khiao_nom_kw04_baidu_000035.jpg
cha_khiao_nom__auto_keep__01.jpg,38,cha_khiao_nom_kw04_bing_000013.jpg
cha_khiao_nom__auto_keep__01.jpg,39,cha_khiao_nom_kw01_bing_000017.jpg
cha_khiao_nom__auto_keep__01.jpg,40,cha_khiao_nom_kw04_bing_000044.jpg
cha_khiao_nom__auto_keep__01.jpg,41,cha_khiao_nom_kw04_baidu_000033.jpeg
cha_khiao_nom__auto_keep__01.jpg,42,cha_khiao_nom_kw03_baidu_000009.jpg
cha_khiao_nom__auto_keep__01.jpg,44,cha_khiao_nom_kw01_bing_000034.jpg
cha_khiao_nom__auto_keep__01.jpg,45,cha_khiao_nom_kw04_baidu_000036.jpg
cha_khiao_nom__auto_keep__01.jpg,46,cha_khiao_nom_kw02_bing_000067.webp
cha_khiao_nom__auto_keep__01.jpg,47,cha_khiao_nom_kw03_bing_000030.jpg
cha_khiao_nom__auto_keep__02.jpg,0,cha_khiao_nom_kw03_baidu_000012.jpg
cha_khiao_nom__auto_keep__02.jpg,1,cha_khiao_nom_kw03_baidu_000017.jpg
cha_khiao_nom__auto_keep__02.jpg,2,cha_khiao_nom_kw03_bing_000002.jpg
cha_khiao_nom__auto_keep__02.jpg,3,cha_khiao_nom_kw01_bing_000030.jpg
cha_khiao_nom__auto_keep__02.jpg,5,cha_khiao_nom_kw03_bing_000044.jpg
cha_khiao_nom__auto_keep__02.jpg,6,cha_khiao_nom_kw03_bing_000062.jpg
cha_khiao_nom__auto_keep__02.jpg,7,cha_khiao_nom_kw03_bing_000019.jpg
cha_khiao_nom__auto_keep__02.jpg,8,cha_khiao_nom_kw04_baidu_000044.jpg
cha_khiao_nom__auto_keep__02.jpg,9,cha_khiao_nom_kw03_bing_000012.jpg
cha_khiao_nom__auto_keep__02.jpg,10,cha_khiao_nom_kw01_bing_000093.jpg
cha_khiao_nom__auto_keep__02.jpg,11,cha_khiao_nom_kw04_bing_000031.jpg
cha_khiao_nom__auto_keep__02.jpg,12,cha_khiao_nom_kw04_bing_000046.jpg
cha_khiao_nom__auto_keep__02.jpg,13,cha_khiao_nom_kw01_bing_000007.jpg
cha_khiao_nom__auto_keep__02.jpg,14,cha_khiao_nom_kw04_bing_000037.jpg
cha_khiao_nom__auto_keep__02.jpg,15,cha_khiao_nom_kw02_bing_000088.jpg
cha_khiao_nom__auto_keep__02.jpg,16,cha_khiao_nom_kw04_bing_000003.png
cha_khiao_nom__auto_keep__02.jpg,17,cha_khiao_nom_kw03_baidu_000029.jpg
cha_khiao_nom__auto_keep__02.jpg,18,cha_khiao_nom_kw02_bing_000054.jpg
cha_khiao_nom__auto_keep__02.jpg,19,cha_khiao_nom_kw04_bing_000058.jpg
cha_khiao_nom__auto_keep__02.jpg,21,cha_khiao_nom_kw02_bing_000036.jpg
cha_khiao_nom__auto_keep__02.jpg,22,cha_khiao_nom_kw03_bing_000011.jpg
cha_khiao_nom__auto_keep__02.jpg,23,cha_khiao_nom_kw03_baidu_000041.jpg
cha_khiao_nom__auto_keep__02.jpg,24,cha_khiao_nom_kw02_bing_000091.png
cha_khiao_nom__auto_keep__02.jpg,25,cha_khiao_nom_kw03_bing_000034.jpg
cha_khiao_nom__auto_keep__02.jpg,26,cha_khiao_nom_kw02_bing_000058.png
cha_khiao_nom__auto_keep__02.jpg,27,cha_khiao_nom_kw01_bing_000027.jpg
cha_khiao_nom__auto_keep__02.jpg,28,cha_khiao_nom_kw01_bing_000008.jpg
cha_khiao_nom__auto_keep__02.jpg,29,cha_khiao_nom_kw04_bing_000016.jpg
cha_khiao_nom__auto_keep__02.jpg,30,cha_khiao_nom_kw03_baidu_000001.jpg
cha_khiao_nom__auto_keep__02.jpg,31,cha_khiao_nom_kw04_bing_000017.jpg
cha_khiao_nom__auto_keep__02.jpg,32,cha_khiao_nom_kw04_baidu_000015.jpg
cha_khiao_nom__auto_keep__02.jpg,33,cha_khiao_nom_kw04_bing_000079.jpg
cha_khiao_nom__auto_keep__02.jpg,34,cha_khiao_nom_kw04_bing_000006.jpg
cha_khiao_nom__auto_keep__02.jpg,36,cha_khiao_nom_kw04_baidu_000037.jpg
cha_khiao_nom__auto_keep__02.jpg,38,cha_khiao_nom_kw04_bing_000024.jpg
cha_khiao_nom__auto_keep__02.jpg,39,cha_khiao_nom_kw04_bing_000025.jpg
cha_khiao_nom__auto_keep__02.jpg,40,cha_khiao_nom_kw02_bing_000074.jpg
cha_khiao_nom__auto_keep__02.jpg,41,cha_khiao_nom_kw03_bing_000023.jpg
cha_khiao_nom__auto_keep__02.jpg,42,cha_khiao_nom_kw04_baidu_000016.jpg
cha_khiao_nom__auto_keep__02.jpg,43,cha_khiao_nom_kw03_bing_000058.jpg
cha_khiao_nom__auto_keep__02.jpg,44,cha_khiao_nom_kw04_baidu_000024.jpg
cha_khiao_nom__auto_keep__02.jpg,45,cha_khiao_nom_kw03_bing_000017.png
cha_khiao_nom__auto_keep__02.jpg,46,cha_khiao_nom_kw01_bing_000004.jpg
cha_khiao_nom__auto_keep__02.jpg,47,cha_khiao_nom_kw04_baidu_000028.jpg
cha_khiao_nom__auto_keep__03.jpg,0,cha_khiao_nom_kw04_bing_000055.jpg
cha_khiao_nom__auto_keep__03.jpg,1,cha_khiao_nom_kw03_baidu_000053.jpg
cha_khiao_nom__auto_keep__03.jpg,2,cha_khiao_nom_kw03_bing_000021.jpg
cha_khiao_nom__auto_keep__03.jpg,3,cha_khiao_nom_kw03_bing_000038.jpg
cha_khiao_nom__auto_keep__03.jpg,4,cha_khiao_nom_kw04_baidu_000005.jpg
cha_khiao_nom__auto_keep__03.jpg,5,cha_khiao_nom_kw01_bing_000006.jpg
cha_khiao_nom__auto_keep__03.jpg,7,cha_khiao_nom_kw03_baidu_000038.jpg
cha_khiao_nom__auto_keep__03.jpg,8,cha_khiao_nom_kw04_baidu_000054.jpg
cha_khiao_nom__auto_keep__03.jpg,9,cha_khiao_nom_kw03_bing_000055.jpg
cha_khiao_nom__auto_keep__03.jpg,10,cha_khiao_nom_kw03_bing_000027.jpg
cha_khiao_nom__auto_keep__03.jpg,12,cha_khiao_nom_kw03_bing_000008.jpg
cha_khiao_nom__auto_keep__03.jpg,13,cha_khiao_nom_kw03_baidu_000023.jpg
cha_khiao_nom__auto_keep__03.jpg,14,cha_khiao_nom_kw01_bing_000079.jpg
cha_khiao_nom__auto_keep__03.jpg,16,cha_khiao_nom_kw03_bing_000000.jpg
cha_khiao_nom__auto_keep__03.jpg,17,cha_khiao_nom_kw03_baidu_000037.jpg
cha_khiao_nom__auto_keep__03.jpg,18,cha_khiao_nom_kw03_baidu_000034.jpg
cha_khiao_nom__auto_keep__03.jpg,19,cha_khiao_nom_kw04_baidu_000046.jpg
cha_khiao_nom__auto_keep__03.jpg,20,cha_khiao_nom_kw03_baidu_000019.jpg
cha_khiao_nom__auto_keep__03.jpg,21,cha_khiao_nom_kw04_bing_000014.jpg
cha_khiao_nom__auto_keep__03.jpg,22,cha_khiao_nom_kw01_bing_000054.jpg
cha_khiao_nom__auto_keep__03.jpg,23,cha_khiao_nom_kw03_baidu_000024.jpg
cha_khiao_nom__auto_keep__03.jpg,24,cha_khiao_nom_kw04_bing_000047.jpg
cha_khiao_nom__auto_keep__03.jpg,25,cha_khiao_nom_kw04_bing_000082.jpg
cha_khiao_nom__auto_keep__03.jpg,26,cha_khiao_nom_kw04_bing_000057.webp
cha_khiao_nom__auto_keep__03.jpg,28,cha_khiao_nom_kw04_bing_000008.jpg
cha_khiao_nom__auto_keep__03.jpg,29,cha_khiao_nom_kw04_bing_000033.jpg
cha_khiao_nom__auto_keep__03.jpg,30,cha_khiao_nom_kw03_bing_000042.jpg
cha_khiao_nom__auto_keep__03.jpg,31,cha_khiao_nom_kw04_bing_000072.jpg
cha_khiao_nom__auto_keep__03.jpg,32,cha_khiao_nom_kw03_bing_000005.jpg
cha_khiao_nom__auto_keep__03.jpg,33,cha_khiao_nom_kw03_bing_000063.jpg
cha_khiao_nom__auto_keep__03.jpg,34,cha_khiao_nom_kw01_bing_000070.jpg
cha_khiao_nom__auto_keep__03.jpg,35,cha_khiao_nom_kw01_bing_000061.jpg
cha_khiao_nom__auto_keep__03.jpg,37,cha_khiao_nom_kw03_bing_000031.jpg
cha_khiao_nom__auto_keep__03.jpg,38,cha_khiao_nom_kw04_bing_000019.jpg
cha_khiao_nom__auto_keep__03.jpg,39,cha_khiao_nom_kw03_bing_000060.jpg
cha_khiao_nom__auto_keep__03.jpg,40,cha_khiao_nom_kw04_bing_000002.jpg
cha_khiao_nom__auto_keep__03.jpg,41,cha_khiao_nom_kw04_bing_000000.jpg
cha_khiao_nom__auto_keep__03.jpg,42,cha_khiao_nom_kw03_bing_000050.jpg
cha_khiao_nom__auto_keep__03.jpg,43,cha_khiao_nom_kw04_bing_000054.jpg
cha_khiao_nom__auto_keep__03.jpg,44,cha_khiao_nom_kw04_baidu_000010.jpg
cha_khiao_nom__auto_keep__03.jpg,45,cha_khiao_nom_kw04_bing_000007.png
cha_khiao_nom__auto_keep__03.jpg,46,cha_khiao_nom_kw04_bing_000010.jpg
cha_khiao_nom__auto_keep__03.jpg,47,cha_khiao_nom_kw03_bing_000037.jpg
cha_khiao_nom__auto_keep__04.jpg,0,cha_khiao_nom_kw04_bing_000011.jpg
cha_khiao_nom__auto_keep__04.jpg,1,cha_khiao_nom_kw03_bing_000006.jpg
cha_khiao_nom__auto_keep__04.jpg,2,cha_khiao_nom_kw03_baidu_000011.jpg
cha_khiao_nom__auto_keep__04.jpg,3,cha_khiao_nom_kw02_bing_000089.jpg
cha_khiao_nom__auto_keep__04.jpg,4,cha_khiao_nom_kw02_bing_000035.jpg
cha_khiao_nom__auto_keep__04.jpg,5,cha_khiao_nom_kw03_bing_000018.jpg
cha_khiao_nom__auto_keep__04.jpg,6,cha_khiao_nom_kw03_bing_000053.jpg
cha_khiao_nom__auto_keep__04.jpg,7,cha_khiao_nom_kw01_bing_000001.jpg
cha_khiao_nom__auto_keep__04.jpg,9,cha_khiao_nom_kw04_bing_000023.jpg
cha_khiao_nom__auto_keep__04.jpg,10,cha_khiao_nom_kw03_baidu_000030.jpg
cha_khiao_nom__auto_keep__04.jpg,11,cha_khiao_nom_kw03_baidu_000002.jpg
cha_khiao_nom__auto_keep__04.jpg,12,cha_khiao_nom_kw03_baidu_000008.jpg
cha_khiao_nom__auto_keep__04.jpg,13,cha_khiao_nom_kw02_bing_000051.jpg
cha_khiao_nom__auto_keep__04.jpg,14,cha_khiao_nom_kw03_baidu_000013.jpg
cha_khiao_nom__auto_keep__04.jpg,15,cha_khiao_nom_kw03_baidu_000045.jpg
cha_khiao_nom__auto_keep__04.jpg,16,cha_khiao_nom_kw03_bing_000001.jpg
cha_khiao_nom__auto_keep__04.jpg,17,cha_khiao_nom_kw01_bing_000036.jpg
cha_khiao_nom__auto_keep__04.jpg,18,cha_khiao_nom_kw03_baidu_000021.jpg
cha_khiao_nom__auto_keep__04.jpg,19,cha_khiao_nom_kw04_baidu_000051.jpg
cha_khiao_nom__auto_keep__04.jpg,20,cha_khiao_nom_kw02_bing_000028.jpg
cha_khiao_nom__auto_keep__04.jpg,21,cha_khiao_nom_kw04_bing_000018.jpg
cha_khiao_nom__auto_keep__04.jpg,22,cha_khiao_nom_kw04_bing_000043.jpg
cha_khiao_nom__auto_keep__04.jpg,23,cha_khiao_nom_kw04_bing_000012.jpg
cha_khiao_nom__auto_keep__04.jpg,24,cha_khiao_nom_kw03_bing_000051.jpg
cha_khiao_nom__auto_keep__04.jpg,25,cha_khiao_nom_kw04_bing_000020.jpg
cha_khiao_nom__auto_keep__04.jpg,26,cha_khiao_nom_kw03_bing_000026.jpg
cha_khiao_nom__auto_keep__04.jpg,27,cha_khiao_nom_kw03_baidu_000003.jpg
cha_khiao_nom__auto_keep__04.jpg,28,cha_khiao_nom_kw03_bing_000061.jpg
cha_khiao_nom__auto_keep__04.jpg,29,cha_khiao_nom_kw04_bing_000042.jpg
cha_khiao_nom__auto_keep__04.jpg,30,cha_khiao_nom_kw04_bing_000004.jpg
cha_khiao_nom__auto_keep__04.jpg,31,cha_khiao_nom_kw03_baidu_000004.jpg
cha_khiao_nom__auto_keep__04.jpg,32,cha_khiao_nom_kw03_baidu_000022.jpg
cha_khiao_nom__auto_keep__04.jpg,33,cha_khiao_nom_kw04_bing_000027.jpg
cha_khiao_nom__auto_keep__04.jpg,34,cha_khiao_nom_kw03_baidu_000016.jpg
cha_khiao_nom__auto_keep__04.jpg,35,cha_khiao_nom_kw04_bing_000029.jpg
cha_khiao_nom__auto_keep__04.jpg,36,cha_khiao_nom_kw01_bing_000048.jpg
cha_khiao_nom__auto_keep__04.jpg,37,cha_khiao_nom_kw04_baidu_000053.jpg
cha_khiao_nom__auto_keep__04.jpg,38,cha_khiao_nom_kw03_baidu_000039.jpg
cha_khiao_nom__auto_keep__04.jpg,39,cha_khiao_nom_kw04_baidu_000045.jpg
cha_khiao_nom__auto_keep__04.jpg,41,cha_khiao_nom_kw03_baidu_000026.jpg
cha_khiao_nom__auto_keep__04.jpg,42,cha_khiao_nom_kw03_baidu_000018.jpg
cha_khiao_nom__auto_keep__04.jpg,43,cha_khiao_nom_kw03_baidu_000049.jpg
cha_khiao_nom__auto_keep__04.jpg,44,cha_khiao_nom_kw03_bing_000020.jpg
cha_khiao_nom__auto_keep__04.jpg,45,cha_khiao_nom_kw04_bing_000032.jpg
cha_khiao_nom__auto_keep__04.jpg,46,cha_khiao_nom_kw03_bing_000024.jpg
cha_khiao_nom__auto_keep__04.jpg,47,cha_khiao_nom_kw03_bing_000015.jpg
cha_khiao_nom__auto_keep__05.jpg,0,cha_khiao_nom_kw03_bing_000117.jpg
cha_khiao_nom__auto_keep__05.jpg,1,cha_khiao_nom_kw03_baidu_000006.jpg
cha_khiao_nom__auto_keep__05.jpg,2,cha_khiao_nom_kw03_bing_000009.jpg
cha_khiao_nom__auto_keep__05.jpg,3,cha_khiao_nom_kw04_baidu_000003.jpg
cha_khiao_nom__auto_keep__05.jpg,4,cha_khiao_nom_kw03_bing_000029.jpg
cha_khiao_nom__auto_keep__05.jpg,5,cha_khiao_nom_kw03_bing_000007.jpg
cha_khiao_nom__auto_keep__05.jpg,6,cha_khiao_nom_kw04_baidu_000009.jpg
cha_khiao_nom__auto_keep__05.jpg,7,cha_khiao_nom_kw04_bing_000051.jpg
cha_khiao_nom__auto_keep__05.jpg,8,cha_khiao_nom_kw03_baidu_000010.jpg
cha_khiao_nom__auto_keep__05.jpg,9,cha_khiao_nom_kw04_bing_000040.jpg
cha_khiao_nom__auto_keep__05.jpg,10,cha_khiao_nom_kw04_bing_000038.jpg
cha_khiao_nom__auto_keep__05.jpg,11,cha_khiao_nom_kw03_bing_000043.jpg
cha_khiao_nom__auto_keep__05.jpg,12,cha_khiao_nom_kw04_baidu_000026.jpg
cha_khiao_nom__auto_keep__05.jpg,13,cha_khiao_nom_kw01_bing_000091.jpg
cha_khiao_nom__auto_keep__05.jpg,14,cha_khiao_nom_kw03_bing_000013.jpg
cha_nom_khai_muk__auto_reject__00.jpg,0,cha_nom_khai_muk_kw01_bing_000123.jpg
cha_nom_khai_muk__auto_reject__00.jpg,1,cha_nom_khai_muk_kw03_bing_000090.jpg
cha_nom_khai_muk__auto_reject__00.jpg,2,cha_nom_khai_muk_kw03_bing_000066.jpg
cha_nom_khai_muk__auto_reject__00.jpg,3,cha_nom_khai_muk_kw04_baidu_000038.jpg
cha_nom_khai_muk__auto_reject__00.jpg,4,cha_nom_khai_muk_kw04_baidu_000039.jpg
cha_nom_khai_muk__auto_reject__00.jpg,5,cha_nom_khai_muk_kw04_baidu_000023.jpg
cha_nom_khai_muk__auto_reject__00.jpg,6,cha_nom_khai_muk_kw04_baidu_000026.jpg
cha_nom_khai_muk__auto_reject__00.jpg,7,cha_nom_khai_muk_kw01_bing_000031.jpg
cha_nom_khai_muk__auto_reject__00.jpg,8,cha_nom_khai_muk_kw01_bing_000095.webp
cha_nom_khai_muk__auto_reject__00.jpg,9,cha_nom_khai_muk_kw04_baidu_000008.jpg
cha_nom_khai_muk__auto_reject__00.jpg,10,cha_nom_khai_muk_kw00_bing_000074.jpg
cha_nom_khai_muk__auto_reject__00.jpg,11,cha_nom_khai_muk_kw03_baidu_000009.jpg
cha_nom_khai_muk__auto_reject__00.jpg,12,cha_nom_khai_muk_kw02_bing_000034.webp
cha_nom_khai_muk__auto_reject__00.jpg,13,cha_nom_khai_muk_kw03_baidu_000001.jpg
cha_nom_khai_muk__auto_reject__00.jpg,14,cha_nom_khai_muk_kw01_bing_000120.jpg
cha_nom_khai_muk__auto_reject__00.jpg,15,cha_nom_khai_muk_kw04_baidu_000006.jpg
cha_nom_khai_muk__auto_reject__00.jpg,16,cha_nom_khai_muk_kw00_bing_000017.jpg
cha_nom_khai_muk__auto_reject__00.jpg,17,cha_nom_khai_muk_kw03_bing_000091.jpg
cha_nom_khai_muk__auto_reject__00.jpg,18,cha_nom_khai_muk_kw04_baidu_000047.jpg
cha_nom_khai_muk__auto_reject__00.jpg,19,cha_nom_khai_muk_kw03_baidu_000005.jpg
cha_nom_khai_muk__auto_reject__00.jpg,20,cha_nom_khai_muk_kw02_bing_000099.jpg
cha_nom_khai_muk__auto_reject__00.jpg,21,cha_nom_khai_muk_kw00_bing_000086.jpg
cha_nom_khai_muk__auto_reject__00.jpg,22,cha_nom_khai_muk_kw03_bing_000069.jpg
cha_nom_khai_muk__auto_reject__00.jpg,23,cha_nom_khai_muk_kw01_bing_000045.jpg
cha_nom_khai_muk__auto_reject__00.jpg,24,cha_nom_khai_muk_kw01_bing_000067.jpg
cha_nom_khai_muk__auto_reject__00.jpg,25,cha_nom_khai_muk_kw04_baidu_000050.png
cha_nom_khai_muk__auto_reject__00.jpg,26,cha_nom_khai_muk_kw01_bing_000056.jpg
cha_nom_khai_muk__auto_reject__00.jpg,27,cha_nom_khai_muk_kw04_baidu_000041.jpg
cha_nom_khai_muk__auto_reject__00.jpg,28,cha_nom_khai_muk_kw01_bing_000115.jpg
cha_nom_khai_muk__auto_reject__00.jpg,29,cha_nom_khai_muk_kw02_bing_000111.jpg
cha_nom_khai_muk__auto_reject__00.jpg,30,cha_nom_khai_muk_kw01_bing_000068.jpg
cha_nom_khai_muk__auto_reject__00.jpg,31,cha_nom_khai_muk_kw00_bing_000007.jpg
cha_nom_khai_muk__auto_reject__00.jpg,32,cha_nom_khai_muk_kw01_bing_000039.jpg
cha_nom_khai_muk__auto_reject__00.jpg,33,cha_nom_khai_muk_kw01_bing_000102.jpg
cha_nom_khai_muk__auto_reject__00.jpg,34,cha_nom_khai_muk_kw00_bing_000092.jpg
cha_nom_khai_muk__auto_reject__00.jpg,35,cha_nom_khai_muk_kw01_bing_000074.jpg
cha_nom_khai_muk__auto_reject__00.jpg,36,cha_nom_khai_muk_kw03_baidu_000032.jpg
cha_nom_khai_muk__auto_reject__00.jpg,37,cha_nom_khai_muk_kw01_bing_000122.jpg
cha_nom_khai_muk__auto_reject__00.jpg,38,cha_nom_khai_muk_kw00_bing_000091.jpg
cha_nom_khai_muk__auto_reject__00.jpg,39,cha_nom_khai_muk_kw02_bing_000075.jpg
cha_nom_khai_muk__auto_reject__00.jpg,40,cha_nom_khai_muk_kw03_bing_000070.jpg
cha_nom_khai_muk__auto_reject__00.jpg,41,cha_nom_khai_muk_kw00_bing_000067.webp
cha_nom_khai_muk__auto_reject__00.jpg,42,cha_nom_khai_muk_kw04_baidu_000045.jpg
cha_nom_khai_muk__auto_reject__00.jpg,43,cha_nom_khai_muk_kw03_bing_000071.jpg
cha_nom_khai_muk__auto_reject__00.jpg,44,cha_nom_khai_muk_kw01_bing_000052.jpg
cha_nom_khai_muk__auto_reject__00.jpg,45,cha_nom_khai_muk_kw04_baidu_000037.jpg
cha_nom_khai_muk__auto_reject__00.jpg,46,cha_nom_khai_muk_kw03_baidu_000040.jpg
cha_nom_khai_muk__auto_reject__00.jpg,47,cha_nom_khai_muk_kw04_baidu_000016.png
cha_nom_khai_muk__auto_reject__01.jpg,0,cha_nom_khai_muk_kw01_bing_000009.jpg
cha_nom_khai_muk__auto_reject__01.jpg,1,cha_nom_khai_muk_kw03_bing_000120.webp
cha_nom_khai_muk__auto_reject__01.jpg,2,cha_nom_khai_muk_kw00_bing_000081.jpg
cha_nom_khai_muk__auto_reject__01.jpg,3,cha_nom_khai_muk_kw03_baidu_000035.jpg
cha_nom_khai_muk__auto_reject__01.jpg,4,cha_nom_khai_muk_kw03_baidu_000021.jpg
cha_nom_khai_muk__auto_reject__01.jpg,5,cha_nom_khai_muk_kw04_baidu_000031.jpg
cha_nom_khai_muk__auto_reject__01.jpg,6,cha_nom_khai_muk_kw02_bing_000064.jpg
cha_nom_khai_muk__auto_reject__01.jpg,7,cha_nom_khai_muk_kw03_baidu_000028.jpg
cha_nom_khai_muk__auto_reject__01.jpg,8,cha_nom_khai_muk_kw02_bing_000018.jpg
cha_nom_khai_muk__auto_reject__01.jpg,9,cha_nom_khai_muk_kw02_bing_000015.webp
cha_nom_khai_muk__auto_reject__01.jpg,10,cha_nom_khai_muk_kw02_bing_000044.jpg
cha_nom_khai_muk__auto_reject__01.jpg,11,cha_nom_khai_muk_kw03_bing_000109.jpg
cha_nom_khai_muk__auto_reject__01.jpg,12,cha_nom_khai_muk_kw04_baidu_000012.jpg
cha_nom_khai_muk__auto_reject__01.jpg,13,cha_nom_khai_muk_kw01_bing_000038.jpg
cha_nom_khai_muk__auto_reject__01.jpg,14,cha_nom_khai_muk_kw03_baidu_000039.jpg
cha_nom_khai_muk__auto_reject__01.jpg,15,cha_nom_khai_muk_kw01_bing_000085.jpg
cha_nom_khai_muk__auto_reject__01.jpg,16,cha_nom_khai_muk_kw02_bing_000059.jpg
cha_nom_khai_muk__auto_reject__01.jpg,17,cha_nom_khai_muk_kw03_bing_000073.jpg
cha_nom_khai_muk__auto_reject__01.jpg,18,cha_nom_khai_muk_kw01_bing_000097.png
cha_nom_khai_muk__review__00.jpg,0,cha_nom_khai_muk_kw03_baidu_000031.png
cha_nom_khai_muk__review__00.jpg,1,cha_nom_khai_muk_kw01_bing_000024.jpg
cha_nom_khai_muk__review__00.jpg,2,cha_nom_khai_muk_kw02_bing_000110.jpg
cha_nom_khai_muk__review__00.jpg,3,cha_nom_khai_muk_kw04_baidu_000024.jpg
cha_nom_khai_muk__review__00.jpg,4,cha_nom_khai_muk_kw02_bing_000097.jpg
cha_nom_khai_muk__review__00.jpg,5,cha_nom_khai_muk_kw04_baidu_000025.jpg
cha_nom_khai_muk__review__00.jpg,6,cha_nom_khai_muk_kw01_bing_000060.jpg
cha_nom_khai_muk__review__00.jpg,7,cha_nom_khai_muk_kw00_bing_000094.webp
cha_nom_khai_muk__review__00.jpg,8,cha_nom_khai_muk_kw04_baidu_000030.jpg
cha_nom_khai_muk__review__00.jpg,9,cha_nom_khai_muk_kw03_bing_000087.jpg
cha_nom_khai_muk__review__00.jpg,10,cha_nom_khai_muk_kw01_bing_000003.jpg
cha_nom_khai_muk__review__00.jpg,11,cha_nom_khai_muk_kw00_bing_000059.jpg
cha_nom_khai_muk__review__00.jpg,12,cha_nom_khai_muk_kw04_baidu_000013.jpg
cha_nom_khai_muk__review__00.jpg,13,cha_nom_khai_muk_kw01_bing_000012.jpg
cha_nom_khai_muk__review__00.jpg,14,cha_nom_khai_muk_kw02_bing_000010.jpg
cha_nom_khai_muk__review__00.jpg,15,cha_nom_khai_muk_kw03_bing_000068.jpg
cha_nom_khai_muk__review__00.jpg,16,cha_nom_khai_muk_kw02_bing_000022.webp
cha_nom_khai_muk__review__00.jpg,17,cha_nom_khai_muk_kw00_bing_000084.png
cha_nom_khai_muk__review__00.jpg,18,cha_nom_khai_muk_kw04_baidu_000035.jpg
cha_nom_khai_muk__review__00.jpg,19,cha_nom_khai_muk_kw01_bing_000114.jpg
cha_nom_khai_muk__review__00.jpg,20,cha_nom_khai_muk_kw04_baidu_000042.jpg
cha_nom_khai_muk__review__00.jpg,21,cha_nom_khai_muk_kw03_baidu_000004.jpg
cha_nom_khai_muk__review__00.jpg,22,cha_nom_khai_muk_kw02_bing_000017.webp
cha_nom_khai_muk__review__00.jpg,23,cha_nom_khai_muk_kw04_baidu_000034.jpg
cha_nom_khai_muk__review__00.jpg,24,cha_nom_khai_muk_kw02_bing_000012.webp
cha_nom_khai_muk__review__00.jpg,25,cha_nom_khai_muk_kw00_bing_000057.jpg
cha_nom_khai_muk__review__00.jpg,26,cha_nom_khai_muk_kw01_bing_000034.png
cha_nom_khai_muk__review__00.jpg,27,cha_nom_khai_muk_kw01_bing_000018.jpg
cha_nom_khai_muk__review__00.jpg,28,cha_nom_khai_muk_kw00_bing_000055.jpg
cha_nom_khai_muk__review__00.jpg,29,cha_nom_khai_muk_kw03_bing_000104.jpg
cha_nom_khai_muk__review__00.jpg,30,cha_nom_khai_muk_kw03_baidu_000008.jpg
cha_nom_khai_muk__review__00.jpg,31,cha_nom_khai_muk_kw02_bing_000117.jpg
cha_nom_khai_muk__review__00.jpg,32,cha_nom_khai_muk_kw03_baidu_000029.jpg
cha_nom_khai_muk__review__00.jpg,33,cha_nom_khai_muk_kw02_bing_000058.jpg
cha_nom_khai_muk__review__00.jpg,34,cha_nom_khai_muk_kw02_bing_000000.jpg
cha_nom_khai_muk__review__00.jpg,35,cha_nom_khai_muk_kw00_bing_000025.webp
cha_nom_khai_muk__review__00.jpg,36,cha_nom_khai_muk_kw01_bing_000035.jpg
cha_nom_khai_muk__review__00.jpg,37,cha_nom_khai_muk_kw01_bing_000062.png
cha_nom_khai_muk__review__00.jpg,38,cha_nom_khai_muk_kw02_bing_000028.webp
cha_nom_khai_muk__review__00.jpg,39,cha_nom_khai_muk_kw02_bing_000088.jpg
cha_nom_khai_muk__review__00.jpg,40,cha_nom_khai_muk_kw02_bing_000002.webp
cha_nom_khai_muk__review__00.jpg,41,cha_nom_khai_muk_kw00_bing_000012.png
cha_nom_khai_muk__review__00.jpg,42,cha_nom_khai_muk_kw03_bing_000052.jpg
cha_nom_khai_muk__review__00.jpg,43,cha_nom_khai_muk_kw00_bing_000058.jpg
cha_nom_khai_muk__review__00.jpg,44,cha_nom_khai_muk_kw04_baidu_000015.jpg
cha_nom_khai_muk__review__00.jpg,45,cha_nom_khai_muk_kw02_bing_000037.jpg
cha_nom_khai_muk__review__00.jpg,46,cha_nom_khai_muk_kw02_bing_000007.jpg
cha_nom_khai_muk__review__00.jpg,47,cha_nom_khai_muk_kw03_bing_000033.jpg
cha_nom_khai_muk__review__01.jpg,0,cha_nom_khai_muk_kw03_bing_000005.jpg
cha_nom_khai_muk__review__01.jpg,1,cha_nom_khai_muk_kw04_bing_000042.jpg
cha_nom_khai_muk__review__01.jpg,2,cha_nom_khai_muk_kw03_baidu_000038.jpg
cha_nom_khai_muk__review__01.jpg,3,cha_nom_khai_muk_kw01_bing_000058.png
cha_nom_khai_muk__review__01.jpg,4,cha_nom_khai_muk_kw02_bing_000107.jpg
cha_nom_khai_muk__review__01.jpg,5,cha_nom_khai_muk_kw04_bing_000026.jpg
cha_nom_khai_muk__review__01.jpg,6,cha_nom_khai_muk_kw01_bing_000121.png
cha_nom_khai_muk__review__01.jpg,7,cha_nom_khai_muk_kw04_baidu_000044.jpg
cha_nom_khai_muk__review__01.jpg,8,cha_nom_khai_muk_kw04_bing_000084.jpg
cha_nom_khai_muk__review__01.jpg,9,cha_nom_khai_muk_kw00_bing_000063.jpg
cha_nom_khai_muk__review__01.jpg,10,cha_nom_khai_muk_kw04_baidu_000017.jpeg
cha_nom_khai_muk__review__01.jpg,11,cha_nom_khai_muk_kw02_bing_000054.jpg
cha_nom_khai_muk__review__01.jpg,12,cha_nom_khai_muk_kw03_baidu_000030.jpg
cha_nom_khai_muk__review__01.jpg,13,cha_nom_khai_muk_kw04_bing_000059.jpg
cha_nom_khai_muk__review__01.jpg,14,cha_nom_khai_muk_kw02_bing_000052.jpg
cha_nom_khai_muk__review__01.jpg,15,cha_nom_khai_muk_kw04_bing_000025.jpg
cha_nom_khai_muk__review__01.jpg,16,cha_nom_khai_muk_kw04_bing_000087.jpg
cha_nom_khai_muk__review__01.jpg,17,cha_nom_khai_muk_kw01_bing_000046.jpg
cha_nom_khai_muk__review__01.jpg,18,cha_nom_khai_muk_kw00_bing_000098.jpg
cha_nom_khai_muk__review__01.jpg,19,cha_nom_khai_muk_kw04_bing_000096.png
cha_nom_khai_muk__review__01.jpg,20,cha_nom_khai_muk_kw04_bing_000017.jpg
cha_nom_khai_muk__review__01.jpg,21,cha_nom_khai_muk_kw01_bing_000082.jpg
cha_nom_khai_muk__review__01.jpg,22,cha_nom_khai_muk_kw03_bing_000039.jpg
cha_nom_khai_muk__review__01.jpg,23,cha_nom_khai_muk_kw04_bing_000032.jpg
cha_nom_khai_muk__review__01.jpg,24,cha_nom_khai_muk_kw04_baidu_000029.jpg
cha_nom_khai_muk__review__01.jpg,25,cha_nom_khai_muk_kw03_bing_000089.webp
cha_nom_khai_muk__review__01.jpg,26,cha_nom_khai_muk_kw01_bing_000071.jpg
cha_nom_khai_muk__review__01.jpg,27,cha_nom_khai_muk_kw03_baidu_000023.jpg
cha_nom_khai_muk__review__01.jpg,28,cha_nom_khai_muk_kw04_bing_000029.jpg
cha_nom_khai_muk__review__01.jpg,29,cha_nom_khai_muk_kw01_bing_000004.jpg
cha_nom_khai_muk__review__01.jpg,30,cha_nom_khai_muk_kw03_bing_000110.jpg
cha_nom_khai_muk__review__01.jpg,31,cha_nom_khai_muk_kw00_bing_000076.jpg
cha_nom_khai_muk__review__01.jpg,32,cha_nom_khai_muk_kw01_bing_000076.jpg
cha_nom_khai_muk__review__01.jpg,33,cha_nom_khai_muk_kw04_baidu_000005.jpg
cha_nom_khai_muk__review__01.jpg,34,cha_nom_khai_muk_kw04_bing_000102.jpg
cha_nom_khai_muk__review__01.jpg,35,cha_nom_khai_muk_kw00_bing_000053.jpg
cha_nom_khai_muk__review__01.jpg,36,cha_nom_khai_muk_kw04_bing_000088.jpg
cha_nom_khai_muk__review__01.jpg,37,cha_nom_khai_muk_kw02_bing_000013.jpg
cha_nom_khai_muk__review__01.jpg,38,cha_nom_khai_muk_kw03_bing_000024.jpg
cha_nom_khai_muk__review__01.jpg,39,cha_nom_khai_muk_kw01_bing_000026.jpg
cha_nom_khai_muk__review__01.jpg,40,cha_nom_khai_muk_kw01_bing_000025.jpg
cha_nom_khai_muk__review__01.jpg,41,cha_nom_khai_muk_kw01_bing_000059.jpg
cha_nom_khai_muk__review__01.jpg,42,cha_nom_khai_muk_kw01_bing_000069.jpg
cha_nom_khai_muk__review__01.jpg,43,cha_nom_khai_muk_kw04_bing_000065.jpg
cha_nom_khai_muk__review__01.jpg,44,cha_nom_khai_muk_kw01_bing_000073.png
cha_nom_khai_muk__review__01.jpg,45,cha_nom_khai_muk_kw00_bing_000028.jpg
cha_nom_khai_muk__review__01.jpg,46,cha_nom_khai_muk_kw03_baidu_000042.jpg
cha_nom_khai_muk__review__01.jpg,47,cha_nom_khai_muk_kw01_bing_000007.jpg
cha_nom_khai_muk__review__02.jpg,0,cha_nom_khai_muk_kw04_bing_000005.jpg
cha_nom_khai_muk__review__02.jpg,1,cha_nom_khai_muk_kw04_bing_000006.webp
cha_nom_khai_muk__review__02.jpg,2,cha_nom_khai_muk_kw04_bing_000015.png
cha_nom_khai_muk__review__02.jpg,3,cha_nom_khai_muk_kw04_baidu_000014.jpg
cha_nom_khai_muk__review__02.jpg,4,cha_nom_khai_muk_kw03_bing_000023.jpg
cha_nom_khai_muk__review__02.jpg,5,cha_nom_khai_muk_kw01_bing_000064.jpg
cha_nom_khai_muk__review__02.jpg,6,cha_nom_khai_muk_kw02_bing_000057.jpg
cha_nom_khai_muk__review__02.jpg,7,cha_nom_khai_muk_kw02_bing_000026.jpg
cha_nom_khai_muk__review__02.jpg,8,cha_nom_khai_muk_kw04_bing_000046.webp
cha_nom_khai_muk__review__02.jpg,9,cha_nom_khai_muk_kw01_bing_000083.jpg
cha_nom_khai_muk__review__02.jpg,10,cha_nom_khai_muk_kw01_bing_000094.jpg
cha_nom_khai_muk__review__02.jpg,11,cha_nom_khai_muk_kw00_bing_000073.jpg
cha_nom_khai_muk__review__02.jpg,12,cha_nom_khai_muk_kw04_bing_000071.jpg
cha_nom_khai_muk__review__02.jpg,13,cha_nom_khai_muk_kw04_bing_000068.jpg
cha_nom_khai_muk__review__02.jpg,14,cha_nom_khai_muk_kw04_bing_000080.jpg
cha_nom_khai_muk__review__02.jpg,15,cha_nom_khai_muk_kw04_bing_000072.jpg
cha_nom_khai_muk__review__02.jpg,16,cha_nom_khai_muk_kw01_bing_000117.jpg
cha_nom_khai_muk__review__02.jpg,17,cha_nom_khai_muk_kw04_bing_000091.jpg
cha_nom_khai_muk__review__02.jpg,18,cha_nom_khai_muk_kw04_bing_000094.jpg
cha_nom_khai_muk__review__02.jpg,19,cha_nom_khai_muk_kw04_bing_000104.jpg
cha_nom_khai_muk__review__02.jpg,20,cha_nom_khai_muk_kw04_baidu_000010.jpg
cha_nom_khai_muk__review__02.jpg,21,cha_nom_khai_muk_kw00_bing_000061.jpg
cha_nom_khai_muk__review__02.jpg,22,cha_nom_khai_muk_kw00_bing_000054.jpg
cha_nom_khai_muk__review__02.jpg,23,cha_nom_khai_muk_kw00_bing_000048.jpg
cha_nom_khai_muk__review__02.jpg,24,cha_nom_khai_muk_kw00_bing_000045.jpg
cha_nom_khai_muk__review__02.jpg,25,cha_nom_khai_muk_kw00_bing_000033.jpg
cha_nom_khai_muk__review__02.jpg,26,cha_nom_khai_muk_kw04_bing_000086.jpg
cha_nom_khai_muk__review__02.jpg,27,cha_nom_khai_muk_kw04_bing_000055.jpg
cha_nom_khai_muk__review__02.jpg,28,cha_nom_khai_muk_kw04_bing_000010.jpg
cha_nom_khai_muk__review__02.jpg,29,cha_nom_khai_muk_kw04_bing_000053.jpg
cha_nom_khai_muk__review__02.jpg,30,cha_nom_khai_muk_kw02_bing_000014.jpg
cha_nom_khai_muk__review__02.jpg,31,cha_nom_khai_muk_kw01_bing_000078.jpg
cha_nom_khai_muk__review__02.jpg,32,cha_nom_khai_muk_kw02_bing_000041.jpg
cha_nom_khai_muk__review__02.jpg,33,cha_nom_khai_muk_kw01_bing_000053.jpg
cha_nom_khai_muk__review__02.jpg,34,cha_nom_khai_muk_kw01_bing_000050.jpg
cha_nom_khai_muk__review__02.jpg,35,cha_nom_khai_muk_kw03_bing_000009.jpg
cha_nom_khai_muk__review__02.jpg,36,cha_nom_khai_muk_kw01_bing_000042.jpg
cha_nom_khai_muk__review__02.jpg,37,cha_nom_khai_muk_kw03_bing_000043.jpg
cha_nom_khai_muk__review__02.jpg,38,cha_nom_khai_muk_kw03_bing_000045.png
cha_nom_khai_muk__review__02.jpg,39,cha_nom_khai_muk_kw03_bing_000048.jpg
cha_nom_khai_muk__review__02.jpg,40,cha_nom_khai_muk_kw01_bing_000028.webp
cha_nom_khai_muk__review__02.jpg,41,cha_nom_khai_muk_kw00_bing_000099.jpg
cha_nom_khai_muk__review__02.jpg,42,cha_nom_khai_muk_kw04_bing_000054.webp
cha_nom_khai_muk__review__02.jpg,43,cha_nom_khai_muk_kw03_baidu_000017.jpg
cha_nom_khai_muk__review__02.jpg,44,cha_nom_khai_muk_kw03_baidu_000024.jpg
cha_nom_khai_muk__review__02.jpg,45,cha_nom_khai_muk_kw00_bing_000075.jpg
cha_nom_khai_muk__review__02.jpg,46,cha_nom_khai_muk_kw01_bing_000124.webp
cha_nom_khai_muk__review__02.jpg,47,cha_nom_khai_muk_kw04_bing_000014.jpg
cha_nom_khai_muk__review__03.jpg,0,cha_nom_khai_muk_kw04_bing_000016.jpg
cha_nom_khai_muk__review__03.jpg,1,cha_nom_khai_muk_kw04_bing_000023.jpg
cha_nom_khai_muk__review__03.jpg,2,cha_nom_khai_muk_kw04_bing_000027.jpg
cha_nom_khai_muk__review__03.jpg,3,cha_nom_khai_muk_kw04_bing_000028.jpg
cha_nom_khai_muk__review__03.jpg,4,cha_nom_khai_muk_kw04_bing_000030.jpg
cha_nom_khai_muk__review__03.jpg,5,cha_nom_khai_muk_kw04_bing_000033.jpg
cha_nom_khai_muk__review__03.jpg,6,cha_nom_khai_muk_kw04_bing_000040.jpg
cha_nom_khai_muk__review__03.jpg,7,cha_nom_khai_muk_kw04_bing_000045.jpg
cha_nom_khai_muk__review__03.jpg,8,cha_nom_khai_muk_kw03_baidu_000018.jpg
cha_nom_khai_muk__review__03.jpg,9,cha_nom_khai_muk_kw00_bing_000006.jpg
cha_nom_khai_muk__auto_keep__00.jpg,0,cha_nom_khai_muk_kw04_baidu_000033.jpg
cha_nom_khai_muk__auto_keep__00.jpg,1,cha_nom_khai_muk_kw00_bing_000010.webp
cha_nom_khai_muk__auto_keep__00.jpg,2,cha_nom_khai_muk_kw00_bing_000029.webp
cha_nom_khai_muk__auto_keep__00.jpg,3,cha_nom_khai_muk_kw03_baidu_000051.jpg
cha_nom_khai_muk__auto_keep__00.jpg,4,cha_nom_khai_muk_kw03_bing_000010.jpg
cha_nom_khai_muk__auto_keep__00.jpg,5,cha_nom_khai_muk_kw04_baidu_000032.jpg
cha_nom_khai_muk__auto_keep__00.jpg,6,cha_nom_khai_muk_kw03_baidu_000025.jpg
cha_nom_khai_muk__auto_keep__00.jpg,7,cha_nom_khai_muk_kw01_bing_000010.jpg
cha_nom_khai_muk__auto_keep__00.jpg,8,cha_nom_khai_muk_kw01_bing_000107.jpg
cha_nom_khai_muk__auto_keep__00.jpg,9,cha_nom_khai_muk_kw03_baidu_000027.jpg
cha_nom_khai_muk__auto_keep__00.jpg,10,cha_nom_khai_muk_kw04_baidu_000001.jpg
cha_nom_khai_muk__auto_keep__00.jpg,11,cha_nom_khai_muk_kw03_bing_000125.webp
cha_nom_khai_muk__auto_keep__00.jpg,12,cha_nom_khai_muk_kw01_bing_000014.jpg
cha_nom_khai_muk__auto_keep__00.jpg,13,cha_nom_khai_muk_kw04_baidu_000011.jpg
cha_nom_khai_muk__auto_keep__00.jpg,14,cha_nom_khai_muk_kw00_bing_000083.jpg
cha_nom_khai_muk__auto_keep__00.jpg,15,cha_nom_khai_muk_kw03_bing_000096.jpg
cha_nom_khai_muk__auto_keep__00.jpg,16,cha_nom_khai_muk_kw00_bing_000009.jpg
cha_nom_khai_muk__auto_keep__00.jpg,17,cha_nom_khai_muk_kw02_bing_000085.png
cha_nom_khai_muk__auto_keep__00.jpg,18,cha_nom_khai_muk_kw03_baidu_000044.jpg
cha_nom_khai_muk__auto_keep__00.jpg,19,cha_nom_khai_muk_kw01_bing_000118.jpg
cha_nom_khai_muk__auto_keep__00.jpg,20,cha_nom_khai_muk_kw01_bing_000065.jpg
cha_nom_khai_muk__auto_keep__00.jpg,21,cha_nom_khai_muk_kw03_baidu_000012.jpg
cha_nom_khai_muk__auto_keep__00.jpg,22,cha_nom_khai_muk_kw03_baidu_000045.jpg
cha_nom_khai_muk__auto_keep__00.jpg,23,cha_nom_khai_muk_kw01_bing_000084.jpg
cha_nom_khai_muk__auto_keep__00.jpg,24,cha_nom_khai_muk_kw01_bing_000066.jpg
cha_nom_khai_muk__auto_keep__00.jpg,25,cha_nom_khai_muk_kw04_baidu_000022.jpg
cha_nom_khai_muk__auto_keep__00.jpg,26,cha_nom_khai_muk_kw03_bing_000078.jpg
cha_nom_khai_muk__auto_keep__00.jpg,27,cha_nom_khai_muk_kw01_bing_000090.webp
cha_nom_khai_muk__auto_keep__00.jpg,28,cha_nom_khai_muk_kw02_bing_000074.jpg
cha_nom_khai_muk__auto_keep__00.jpg,29,cha_nom_khai_muk_kw03_baidu_000011.jpg
cha_nom_khai_muk__auto_keep__00.jpg,30,cha_nom_khai_muk_kw02_bing_000040.jpg
cha_nom_khai_muk__auto_keep__00.jpg,31,cha_nom_khai_muk_kw03_baidu_000053.jpg
cha_nom_khai_muk__auto_keep__00.jpg,32,cha_nom_khai_muk_kw03_baidu_000019.jpg
cha_nom_khai_muk__auto_keep__00.jpg,33,cha_nom_khai_muk_kw00_bing_000001.jpg
cha_nom_khai_muk__auto_keep__00.jpg,34,cha_nom_khai_muk_kw03_bing_000085.jpg
cha_nom_khai_muk__auto_keep__00.jpg,35,cha_nom_khai_muk_kw02_bing_000080.jpg
cha_nom_khai_muk__auto_keep__00.jpg,36,cha_nom_khai_muk_kw00_bing_000097.jpg
cha_nom_khai_muk__auto_keep__00.jpg,37,cha_nom_khai_muk_kw00_bing_000080.jpg
cha_nom_khai_muk__auto_keep__00.jpg,38,cha_nom_khai_muk_kw03_bing_000111.webp
cha_nom_khai_muk__auto_keep__00.jpg,39,cha_nom_khai_muk_kw02_bing_000118.jpg
cha_nom_khai_muk__auto_keep__00.jpg,40,cha_nom_khai_muk_kw04_baidu_000019.jpg
cha_nom_khai_muk__auto_keep__00.jpg,41,cha_nom_khai_muk_kw01_bing_000016.jpg
cha_nom_khai_muk__auto_keep__00.jpg,42,cha_nom_khai_muk_kw00_bing_000078.png
cha_nom_khai_muk__auto_keep__00.jpg,43,cha_nom_khai_muk_kw02_bing_000025.jpg
cha_nom_khai_muk__auto_keep__00.jpg,44,cha_nom_khai_muk_kw04_bing_000013.jpg
cha_nom_khai_muk__auto_keep__00.jpg,45,cha_nom_khai_muk_kw03_baidu_000020.jpg
cha_nom_khai_muk__auto_keep__00.jpg,46,cha_nom_khai_muk_kw04_baidu_000043.jpg
cha_nom_khai_muk__auto_keep__00.jpg,47,cha_nom_khai_muk_kw04_bing_000052.jpg
cha_nom_khai_muk__auto_keep__01.jpg,0,cha_nom_khai_muk_kw03_bing_000084.jpg
cha_nom_khai_muk__auto_keep__01.jpg,1,cha_nom_khai_muk_kw04_bing_000066.jpg
cha_nom_khai_muk__auto_keep__01.jpg,2,cha_nom_khai_muk_kw02_bing_000087.webp
cha_nom_khai_muk__auto_keep__01.jpg,3,cha_nom_khai_muk_kw03_bing_000064.jpg
cha_nom_khai_muk__auto_keep__01.jpg,4,cha_nom_khai_muk_kw01_bing_000036.jpg
cha_nom_khai_muk__auto_keep__01.jpg,5,cha_nom_khai_muk_kw01_bing_000081.png
cha_nom_khai_muk__auto_keep__01.jpg,6,cha_nom_khai_muk_kw03_bing_000028.jpg
cha_nom_khai_muk__auto_keep__01.jpg,7,cha_nom_khai_muk_kw04_baidu_000002.jpg
cha_nom_khai_muk__auto_keep__01.jpg,8,cha_nom_khai_muk_kw02_bing_000027.webp
cha_nom_khai_muk__auto_keep__01.jpg,9,cha_nom_khai_muk_kw04_bing_000049.jpg
cha_nom_khai_muk__auto_keep__01.jpg,10,cha_nom_khai_muk_kw00_bing_000015.jpg
cha_nom_khai_muk__auto_keep__01.jpg,11,cha_nom_khai_muk_kw01_bing_000017.jpg
cha_nom_khai_muk__auto_keep__01.jpg,12,cha_nom_khai_muk_kw03_bing_000046.jpg
cha_nom_khai_muk__auto_keep__01.jpg,13,cha_nom_khai_muk_kw00_bing_000024.jpg
cha_nom_khai_muk__auto_keep__01.jpg,14,cha_nom_khai_muk_kw01_bing_000033.jpg
cha_nom_khai_muk__auto_keep__01.jpg,15,cha_nom_khai_muk_kw04_baidu_000040.jpg
cha_nom_khai_muk__auto_keep__01.jpg,16,cha_nom_khai_muk_kw00_bing_000064.jpg
cha_nom_khai_muk__auto_keep__01.jpg,17,cha_nom_khai_muk_kw00_bing_000040.jpg
cha_nom_khai_muk__auto_keep__01.jpg,18,cha_nom_khai_muk_kw00_bing_000069.jpg
cha_nom_khai_muk__auto_keep__01.jpg,19,cha_nom_khai_muk_kw03_bing_000093.jpg
cha_nom_khai_muk__auto_keep__01.jpg,20,cha_nom_khai_muk_kw02_bing_000092.jpg
cha_nom_khai_muk__auto_keep__01.jpg,21,cha_nom_khai_muk_kw04_bing_000031.jpg
cha_nom_khai_muk__auto_keep__01.jpg,22,cha_nom_khai_muk_kw02_bing_000045.jpg
cha_nom_khai_muk__auto_keep__01.jpg,23,cha_nom_khai_muk_kw01_bing_000086.jpg
cha_nom_khai_muk__auto_keep__01.jpg,24,cha_nom_khai_muk_kw02_bing_000090.jpg
cha_nom_khai_muk__auto_keep__01.jpg,25,cha_nom_khai_muk_kw03_bing_000119.jpg
cha_nom_khai_muk__auto_keep__01.jpg,26,cha_nom_khai_muk_kw00_bing_000051.jpg
cha_nom_khai_muk__auto_keep__01.jpg,27,cha_nom_khai_muk_kw02_bing_000068.jpg
cha_nom_khai_muk__auto_keep__01.jpg,28,cha_nom_khai_muk_kw02_bing_000009.jpg
cha_nom_khai_muk__auto_keep__01.jpg,29,cha_nom_khai_muk_kw00_bing_000082.png
cha_nom_khai_muk__auto_keep__01.jpg,30,cha_nom_khai_muk_kw02_bing_000083.jpg
cha_nom_khai_muk__auto_keep__01.jpg,31,cha_nom_khai_muk_kw03_bing_000056.jpg
cha_nom_khai_muk__auto_keep__01.jpg,32,cha_nom_khai_muk_kw04_bing_000103.jpg
cha_nom_khai_muk__auto_keep__01.jpg,33,cha_nom_khai_muk_kw04_bing_000012.jpg
cha_nom_khai_muk__auto_keep__01.jpg,34,cha_nom_khai_muk_kw03_bing_000019.png
cha_nom_khai_muk__auto_keep__01.jpg,35,cha_nom_khai_muk_kw02_bing_000108.jpg
cha_nom_khai_muk__auto_keep__01.jpg,36,cha_nom_khai_muk_kw02_bing_000031.jpg
cha_nom_khai_muk__auto_keep__01.jpg,37,cha_nom_khai_muk_kw03_baidu_000003.jpg
cha_nom_khai_muk__auto_keep__01.jpg,38,cha_nom_khai_muk_kw01_bing_000032.jpg
cha_nom_khai_muk__auto_keep__01.jpg,39,cha_nom_khai_muk_kw03_bing_000047.png
cha_nom_khai_muk__auto_keep__01.jpg,40,cha_nom_khai_muk_kw03_baidu_000013.jpg
cha_nom_khai_muk__auto_keep__01.jpg,41,cha_nom_khai_muk_kw03_bing_000011.jpg
cha_nom_khai_muk__auto_keep__01.jpg,42,cha_nom_khai_muk_kw02_bing_000063.png
cha_nom_khai_muk__auto_keep__01.jpg,43,cha_nom_khai_muk_kw03_baidu_000006.jpg
cha_nom_khai_muk__auto_keep__01.jpg,44,cha_nom_khai_muk_kw04_bing_000037.jpg
cha_nom_khai_muk__auto_keep__01.jpg,45,cha_nom_khai_muk_kw03_baidu_000049.jpg
cha_nom_khai_muk__auto_keep__01.jpg,46,cha_nom_khai_muk_kw00_bing_000016.jpg
cha_nom_khai_muk__auto_keep__01.jpg,47,cha_nom_khai_muk_kw02_bing_000016.jpg
cha_nom_khai_muk__auto_keep__02.jpg,0,cha_nom_khai_muk_kw03_bing_000034.jpg
cha_nom_khai_muk__auto_keep__02.jpg,1,cha_nom_khai_muk_kw00_bing_000032.jpg
cha_nom_khai_muk__auto_keep__02.jpg,2,cha_nom_khai_muk_kw02_bing_000101.jpg
cha_nom_khai_muk__auto_keep__02.jpg,3,cha_nom_khai_muk_kw03_baidu_000048.jpg
cha_nom_khai_muk__auto_keep__02.jpg,4,cha_nom_khai_muk_kw04_baidu_000021.jpeg
cha_nom_khai_muk__auto_keep__02.jpg,5,cha_nom_khai_muk_kw04_baidu_000003.jpg
cha_nom_khai_muk__auto_keep__02.jpg,6,cha_nom_khai_muk_kw04_bing_000003.webp
cha_nom_khai_muk__auto_keep__02.jpg,7,cha_nom_khai_muk_kw04_bing_000101.jpg
cha_nom_khai_muk__auto_keep__02.jpg,8,cha_nom_khai_muk_kw02_bing_000042.jpg
cha_nom_khai_muk__auto_keep__02.jpg,9,cha_nom_khai_muk_kw04_baidu_000046.jpeg
cha_nom_khai_muk__auto_keep__02.jpg,10,cha_nom_khai_muk_kw03_bing_000088.jpg
cha_nom_khai_muk__auto_keep__02.jpg,11,cha_nom_khai_muk_kw03_bing_000074.jpg
cha_nom_khai_muk__auto_keep__02.jpg,12,cha_nom_khai_muk_kw03_bing_000072.jpg
cha_nom_khai_muk__auto_keep__02.jpg,13,cha_nom_khai_muk_kw03_bing_000037.png
cha_nom_khai_muk__auto_keep__02.jpg,14,cha_nom_khai_muk_kw01_bing_000061.jpg
cha_nom_khai_muk__auto_keep__02.jpg,15,cha_nom_khai_muk_kw01_bing_000075.jpg
cha_nom_khai_muk__auto_keep__02.jpg,16,cha_nom_khai_muk_kw03_bing_000050.jpg
cha_nom_khai_muk__auto_keep__02.jpg,17,cha_nom_khai_muk_kw01_bing_000055.jpg
cha_nom_khai_muk__auto_keep__02.jpg,18,cha_nom_khai_muk_kw03_bing_000016.jpg
cha_nom_khai_muk__auto_keep__02.jpg,19,cha_nom_khai_muk_kw02_bing_000039.jpg
cha_nom_khai_muk__auto_keep__02.jpg,20,cha_nom_khai_muk_kw01_bing_000100.jpg
cha_nom_khai_muk__auto_keep__02.jpg,21,cha_nom_khai_muk_kw03_bing_000042.jpg
cha_nom_khai_muk__auto_keep__02.jpg,22,cha_nom_khai_muk_kw04_bing_000100.jpg
cha_nom_khai_muk__auto_keep__02.jpg,23,cha_nom_khai_muk_kw03_bing_000098.jpg
cha_nom_khai_muk__auto_keep__02.jpg,24,cha_nom_khai_muk_kw03_bing_000038.jpg
cha_nom_khai_muk__auto_keep__02.jpg,25,cha_nom_khai_muk_kw04_bing_000095.jpg
cha_nom_khai_muk__auto_keep__02.jpg,26,cha_nom_khai_muk_kw04_bing_000009.jpg
cha_nom_khai_muk__auto_keep__02.jpg,27,cha_nom_khai_muk_kw03_baidu_000026.jpg
cha_nom_khai_muk__auto_keep__02.jpg,28,cha_nom_khai_muk_kw03_bing_000115.jpg
cha_nom_khai_muk__auto_keep__02.jpg,29,cha_nom_khai_muk_kw04_baidu_000020.jpg
cha_nom_khai_muk__auto_keep__02.jpg,30,cha_nom_khai_muk_kw03_baidu_000022.jpg
cha_nom_khai_muk__auto_keep__02.jpg,31,cha_nom_khai_muk_kw03_baidu_000014.jpg
cha_nom_khai_muk__auto_keep__02.jpg,32,cha_nom_khai_muk_kw03_bing_000124.jpg
cha_nom_khai_muk__auto_keep__02.jpg,33,cha_nom_khai_muk_kw04_baidu_000036.jpg
cha_nom_khai_muk__auto_keep__02.jpg,34,cha_nom_khai_muk_kw03_bing_000126.png
cha_nom_khai_muk__auto_keep__02.jpg,35,cha_nom_khai_muk_kw03_bing_000127.png
cha_nom_khai_muk__auto_keep__02.jpg,36,cha_nom_khai_muk_kw03_baidu_000002.jpg
cha_nom_khai_muk__auto_keep__02.jpg,37,cha_nom_khai_muk_kw03_baidu_000015.jpg
cha_nom_khai_muk__auto_keep__02.jpg,38,cha_nom_khai_muk_kw03_baidu_000007.jpg
cha_nom_khai_muk__auto_keep__02.jpg,39,cha_nom_khai_muk_kw03_baidu_000010.jpg
cha_nom_khai_muk__auto_keep__02.jpg,40,cha_nom_khai_muk_kw03_baidu_000016.jpg
cha_nom_khai_muk__auto_keep__02.jpg,41,cha_nom_khai_muk_kw04_bing_000073.jpg
cha_nom_khai_muk__auto_keep__02.jpg,42,cha_nom_khai_muk_kw03_baidu_000036.jpg
cha_nom_khai_muk__auto_keep__02.jpg,43,cha_nom_khai_muk_kw04_bing_000092.jpg
cha_nom_khai_muk__auto_keep__02.jpg,44,cha_nom_khai_muk_kw04_bing_000034.jpg
cha_nom_khai_muk__auto_keep__02.jpg,45,cha_nom_khai_muk_kw04_bing_000036.webp
cha_nom_khai_muk__auto_keep__02.jpg,46,cha_nom_khai_muk_kw04_bing_000041.jpg
cha_nom_khai_muk__auto_keep__02.jpg,47,cha_nom_khai_muk_kw04_bing_000090.png
cha_nom_khai_muk__auto_keep__03.jpg,0,cha_nom_khai_muk_kw04_bing_000048.jpg
cha_nom_khai_muk__auto_keep__03.jpg,1,cha_nom_khai_muk_kw04_bing_000051.jpg
cha_nom_khai_muk__auto_keep__03.jpg,2,cha_nom_khai_muk_kw04_bing_000056.jpg
cha_nom_khai_muk__auto_keep__03.jpg,3,cha_nom_khai_muk_kw04_bing_000024.jpg
cha_nom_khai_muk__auto_keep__03.jpg,4,cha_nom_khai_muk_kw04_bing_000058.jpg
cha_nom_khai_muk__auto_keep__03.jpg,5,cha_nom_khai_muk_kw04_bing_000061.png
cha_nom_khai_muk__auto_keep__03.jpg,6,cha_nom_khai_muk_kw04_bing_000062.jpg
cha_nom_khai_muk__auto_keep__03.jpg,7,cha_nom_khai_muk_kw04_bing_000079.png
cha_nom_khai_muk__auto_keep__03.jpg,8,cha_nom_khai_muk_kw04_bing_000063.jpg
cha_nom_khai_muk__auto_keep__03.jpg,9,cha_nom_khai_muk_kw04_bing_000064.jpg
cha_nom_khai_muk__auto_keep__03.jpg,10,cha_nom_khai_muk_kw04_bing_000077.jpg
cha_nom_khai_muk__auto_keep__03.jpg,11,cha_nom_khai_muk_kw04_bing_000075.jpg
cha_nom_khai_muk__auto_keep__03.jpg,12,cha_nom_khai_muk_kw04_bing_000069.webp
cha_nom_khai_muk__auto_keep__03.jpg,13,cha_nom_khai_muk_kw04_bing_000060.jpg
cha_nom_khai_muk__auto_keep__03.jpg,14,cha_nom_khai_muk_kw03_baidu_000034.jpg
cha_nom_khai_muk__auto_keep__03.jpg,15,cha_nom_khai_muk_kw04_bing_000022.webp
cha_nom_khai_muk__auto_keep__03.jpg,16,cha_nom_khai_muk_kw04_bing_000098.jpg
cha_nom_khai_muk__auto_keep__03.jpg,17,cha_nom_khai_muk_kw03_baidu_000037.jpg
cha_nom_khai_muk__auto_keep__03.jpg,18,cha_nom_khai_muk_kw03_baidu_000041.jpg
cha_nom_khai_muk__auto_keep__03.jpg,19,cha_nom_khai_muk_kw03_baidu_000043.jpg
cha_nom_khai_muk__auto_keep__03.jpg,20,cha_nom_khai_muk_kw04_baidu_000009.png
cha_nom_khai_muk__auto_keep__03.jpg,21,cha_nom_khai_muk_kw04_baidu_000007.jpg
cha_nom_khai_muk__auto_keep__03.jpg,22,cha_nom_khai_muk_kw03_baidu_000046.jpg
cha_nom_khai_muk__auto_keep__03.jpg,23,cha_nom_khai_muk_kw03_baidu_000047.jpg
cha_nom_khai_muk__auto_keep__03.jpg,24,cha_nom_khai_muk_kw03_baidu_000050.jpg
cha_nom_khai_muk__auto_keep__03.jpg,25,cha_nom_khai_muk_kw04_bing_000021.webp
cha_nom_khai_muk__auto_keep__03.jpg,26,cha_nom_khai_muk_kw04_baidu_000004.jpg
cha_nom_khai_muk__auto_keep__03.jpg,27,cha_nom_khai_muk_kw04_bing_000001.jpg
cha_nom_khai_muk__auto_keep__03.jpg,28,cha_nom_khai_muk_kw04_bing_000002.jpg
cha_nom_khai_muk__auto_keep__03.jpg,29,cha_nom_khai_muk_kw04_bing_000004.jpg
cha_nom_khai_muk__auto_keep__03.jpg,30,cha_nom_khai_muk_kw04_bing_000007.jpg
cha_nom_khai_muk__auto_keep__03.jpg,31,cha_nom_khai_muk_kw04_bing_000008.jpg
cha_nom_khai_muk__auto_keep__03.jpg,32,cha_nom_khai_muk_kw04_bing_000011.jpg
cha_nom_khai_muk__auto_keep__03.jpg,33,cha_nom_khai_muk_kw04_bing_000019.jpg
cha_nom_khai_muk__auto_keep__03.jpg,34,cha_nom_khai_muk_kw04_bing_000020.jpg
cha_nom_khai_muk__auto_keep__03.jpg,35,cha_nom_khai_muk_kw03_baidu_000052.jpg
cha_nom_khai_muk__auto_keep__03.jpg,36,cha_nom_khai_muk_kw04_bing_000000.jpg
cha_nom_khai_muk__auto_keep__03.jpg,37,cha_nom_khai_muk_kw03_bing_000022.jpg
cha_nom_khai_muk__auto_keep__03.jpg,38,cha_nom_khai_muk_kw03_bing_000099.webp
cha_nom_khai_muk__auto_keep__03.jpg,39,cha_nom_khai_muk_kw00_bing_000068.jpg
cha_nom_khai_muk__auto_keep__03.jpg,40,cha_nom_khai_muk_kw00_bing_000070.jpg
cha_nom_khai_muk__auto_keep__03.jpg,41,cha_nom_khai_muk_kw00_bing_000071.webp
cha_nom_khai_muk__auto_keep__03.jpg,42,cha_nom_khai_muk_kw00_bing_000079.webp
cha_nom_khai_muk__auto_keep__03.jpg,43,cha_nom_khai_muk_kw00_bing_000085.png
cha_nom_khai_muk__auto_keep__03.jpg,44,cha_nom_khai_muk_kw00_bing_000087.jpg
cha_nom_khai_muk__auto_keep__03.jpg,45,cha_nom_khai_muk_kw00_bing_000106.jpg
cha_nom_khai_muk__auto_keep__03.jpg,46,cha_nom_khai_muk_kw00_bing_000123.jpg
cha_nom_khai_muk__auto_keep__03.jpg,47,cha_nom_khai_muk_kw01_bing_000000.jpg
cha_nom_khai_muk__auto_keep__04.jpg,0,cha_nom_khai_muk_kw01_bing_000001.jpg
cha_nom_khai_muk__auto_keep__04.jpg,1,cha_nom_khai_muk_kw00_bing_000066.jpg
cha_nom_khai_muk__auto_keep__04.jpg,2,cha_nom_khai_muk_kw01_bing_000002.jpg
cha_nom_khai_muk__auto_keep__04.jpg,3,cha_nom_khai_muk_kw01_bing_000006.webp
cha_nom_khai_muk__auto_keep__04.jpg,4,cha_nom_khai_muk_kw01_bing_000011.jpg
cha_nom_khai_muk__auto_keep__04.jpg,5,cha_nom_khai_muk_kw01_bing_000013.jpg
cha_nom_khai_muk__auto_keep__04.jpg,6,cha_nom_khai_muk_kw01_bing_000023.webp
cha_nom_khai_muk__auto_keep__04.jpg,7,cha_nom_khai_muk_kw01_bing_000027.jpg
cha_nom_khai_muk__auto_keep__04.jpg,8,cha_nom_khai_muk_kw01_bing_000044.jpg
cha_nom_khai_muk__auto_keep__04.jpg,9,cha_nom_khai_muk_kw01_bing_000047.jpg
cha_nom_khai_muk__auto_keep__04.jpg,10,cha_nom_khai_muk_kw01_bing_000051.jpg
cha_nom_khai_muk__auto_keep__04.jpg,11,cha_nom_khai_muk_kw01_bing_000070.jpg
cha_nom_khai_muk__auto_keep__04.jpg,12,cha_nom_khai_muk_kw01_bing_000077.jpg
cha_nom_khai_muk__auto_keep__04.jpg,13,cha_nom_khai_muk_kw01_bing_000005.jpg
cha_nom_khai_muk__auto_keep__04.jpg,14,cha_nom_khai_muk_kw01_bing_000080.jpg
cha_nom_khai_muk__auto_keep__04.jpg,15,cha_nom_khai_muk_kw00_bing_000065.jpg
cha_nom_khai_muk__auto_keep__04.jpg,16,cha_nom_khai_muk_kw00_bing_000056.jpg
cha_nom_khai_muk__auto_keep__04.jpg,17,cha_nom_khai_muk_kw00_bing_000004.jpg
cha_nom_khai_muk__auto_keep__04.jpg,18,cha_nom_khai_muk_kw00_bing_000008.jpg
cha_nom_khai_muk__auto_keep__04.jpg,19,cha_nom_khai_muk_kw00_bing_000011.jpg
cha_nom_khai_muk__auto_keep__04.jpg,20,cha_nom_khai_muk_kw00_bing_000013.jpg
cha_nom_khai_muk__auto_keep__04.jpg,21,cha_nom_khai_muk_kw00_bing_000014.jpg
cha_nom_khai_muk__auto_keep__04.jpg,22,cha_nom_khai_muk_kw00_bing_000018.png
cha_nom_khai_muk__auto_keep__04.jpg,23,cha_nom_khai_muk_kw00_bing_000019.jpg
cha_nom_khai_muk__auto_keep__04.jpg,24,cha_nom_khai_muk_kw00_bing_000020.jpg
cha_nom_khai_muk__auto_keep__04.jpg,25,cha_nom_khai_muk_kw00_bing_000021.jpg
cha_nom_khai_muk__auto_keep__04.jpg,26,cha_nom_khai_muk_kw00_bing_000026.jpg
cha_nom_khai_muk__auto_keep__04.jpg,27,cha_nom_khai_muk_kw00_bing_000062.jpg
cha_nom_khai_muk__auto_keep__04.jpg,28,cha_nom_khai_muk_kw00_bing_000027.jpg
cha_nom_khai_muk__auto_keep__04.jpg,29,cha_nom_khai_muk_kw00_bing_000031.webp
cha_nom_khai_muk__auto_keep__04.jpg,30,cha_nom_khai_muk_kw00_bing_000035.jpg
cha_nom_khai_muk__auto_keep__04.jpg,31,cha_nom_khai_muk_kw00_bing_000036.jpg
cha_nom_khai_muk__auto_keep__04.jpg,32,cha_nom_khai_muk_kw00_bing_000037.jpg
cha_nom_khai_muk__auto_keep__04.jpg,33,cha_nom_khai_muk_kw00_bing_000039.jpg
cha_nom_khai_muk__auto_keep__04.jpg,34,cha_nom_khai_muk_kw00_bing_000041.jpg
cha_nom_khai_muk__auto_keep__04.jpg,35,cha_nom_khai_muk_kw00_bing_000043.jpg
cha_nom_khai_muk__auto_keep__04.jpg,36,cha_nom_khai_muk_kw00_bing_000044.jpg
cha_nom_khai_muk__auto_keep__04.jpg,37,cha_nom_khai_muk_kw00_bing_000047.jpg
cha_nom_khai_muk__auto_keep__04.jpg,38,cha_nom_khai_muk_kw00_bing_000050.jpg
cha_nom_khai_muk__auto_keep__04.jpg,39,cha_nom_khai_muk_kw00_bing_000030.jpg
cha_nom_khai_muk__auto_keep__04.jpg,40,cha_nom_khai_muk_kw03_bing_000106.jpg
cha_nom_khai_muk__auto_keep__04.jpg,41,cha_nom_khai_muk_kw01_bing_000092.jpg
cha_nom_khai_muk__auto_keep__04.jpg,42,cha_nom_khai_muk_kw01_bing_000105.jpg
cha_nom_khai_muk__auto_keep__04.jpg,43,cha_nom_khai_muk_kw03_bing_000018.jpg
cha_nom_khai_muk__auto_keep__04.jpg,44,cha_nom_khai_muk_kw03_bing_000020.jpg
cha_nom_khai_muk__auto_keep__04.jpg,45,cha_nom_khai_muk_kw03_bing_000021.jpg
cha_nom_khai_muk__auto_keep__04.jpg,46,cha_nom_khai_muk_kw04_baidu_000048.png
cha_nom_khai_muk__auto_keep__04.jpg,47,cha_nom_khai_muk_kw03_bing_000027.jpg
cha_nom_khai_muk__auto_keep__05.jpg,0,cha_nom_khai_muk_kw03_bing_000029.jpg
cha_nom_khai_muk__auto_keep__05.jpg,1,cha_nom_khai_muk_kw03_bing_000030.png
cha_nom_khai_muk__auto_keep__05.jpg,2,cha_nom_khai_muk_kw03_bing_000032.jpg
cha_nom_khai_muk__auto_keep__05.jpg,3,cha_nom_khai_muk_kw03_bing_000035.jpg
cha_nom_khai_muk__auto_keep__05.jpg,4,cha_nom_khai_muk_kw03_bing_000036.jpg
cha_nom_khai_muk__auto_keep__05.jpg,5,cha_nom_khai_muk_kw03_bing_000017.webp
cha_nom_khai_muk__auto_keep__05.jpg,6,cha_nom_khai_muk_kw03_bing_000040.jpg
cha_nom_khai_muk__auto_keep__05.jpg,7,cha_nom_khai_muk_kw03_bing_000049.jpg
cha_nom_khai_muk__auto_keep__05.jpg,8,cha_nom_khai_muk_kw03_bing_000053.jpg
cha_nom_khai_muk__auto_keep__05.jpg,9,cha_nom_khai_muk_kw03_bing_000054.jpg
cha_nom_khai_muk__auto_keep__05.jpg,10,cha_nom_khai_muk_kw03_bing_000055.jpg
cha_nom_khai_muk__auto_keep__05.jpg,11,cha_nom_khai_muk_kw03_bing_000057.jpg
cha_nom_khai_muk__auto_keep__05.jpg,12,cha_nom_khai_muk_kw03_bing_000058.jpg
cha_nom_khai_muk__auto_keep__05.jpg,13,cha_nom_khai_muk_kw03_bing_000059.jpg
cha_nom_khai_muk__auto_keep__05.jpg,14,cha_nom_khai_muk_kw03_bing_000060.jpg
cha_nom_khai_muk__auto_keep__05.jpg,15,cha_nom_khai_muk_kw03_bing_000061.jpg
cha_nom_khai_muk__auto_keep__05.jpg,16,cha_nom_khai_muk_kw03_bing_000076.jpg
cha_nom_khai_muk__auto_keep__05.jpg,17,cha_nom_khai_muk_kw03_bing_000041.jpg
cha_nom_khai_muk__auto_keep__05.jpg,18,cha_nom_khai_muk_kw01_bing_000104.jpg
cha_nom_khai_muk__auto_keep__05.jpg,19,cha_nom_khai_muk_kw03_bing_000015.jpg
cha_nom_khai_muk__auto_keep__05.jpg,20,cha_nom_khai_muk_kw03_bing_000012.png
cha_nom_khai_muk__auto_keep__05.jpg,21,cha_nom_khai_muk_kw02_bing_000005.webp
cha_nom_khai_muk__auto_keep__05.jpg,22,cha_nom_khai_muk_kw02_bing_000020.webp
cha_nom_khai_muk__auto_keep__05.jpg,23,cha_nom_khai_muk_kw02_bing_000021.webp
cha_nom_khai_muk__auto_keep__05.jpg,24,cha_nom_khai_muk_kw02_bing_000029.jpg
cha_nom_khai_muk__auto_keep__05.jpg,25,cha_nom_khai_muk_kw02_bing_000032.jpg
cha_nom_khai_muk__auto_keep__05.jpg,26,cha_nom_khai_muk_kw02_bing_000049.jpg
cha_nom_khai_muk__auto_keep__05.jpg,27,cha_nom_khai_muk_kw02_bing_000060.jpg
cha_nom_khai_muk__auto_keep__05.jpg,28,cha_nom_khai_muk_kw02_bing_000062.jpg
cha_nom_khai_muk__auto_keep__05.jpg,29,cha_nom_khai_muk_kw02_bing_000067.jpg
cha_nom_khai_muk__auto_keep__05.jpg,30,cha_nom_khai_muk_kw02_bing_000076.jpg
cha_nom_khai_muk__auto_keep__05.jpg,31,cha_nom_khai_muk_kw03_bing_000014.jpg
cha_nom_khai_muk__auto_keep__05.jpg,32,cha_nom_khai_muk_kw02_bing_000079.jpg
cha_nom_khai_muk__auto_keep__05.jpg,33,cha_nom_khai_muk_kw02_bing_000084.jpg
cha_nom_khai_muk__auto_keep__05.jpg,34,cha_nom_khai_muk_kw02_bing_000086.jpg
cha_nom_khai_muk__auto_keep__05.jpg,35,cha_nom_khai_muk_kw02_bing_000095.jpg
cha_nom_khai_muk__auto_keep__05.jpg,36,cha_nom_khai_muk_kw03_bing_000000.png
cha_nom_khai_muk__auto_keep__05.jpg,37,cha_nom_khai_muk_kw03_bing_000001.jpg
cha_nom_khai_muk__auto_keep__05.jpg,38,cha_nom_khai_muk_kw03_bing_000003.png
cha_nom_khai_muk__auto_keep__05.jpg,39,cha_nom_khai_muk_kw03_bing_000004.jpg
cha_nom_khai_muk__auto_keep__05.jpg,40,cha_nom_khai_muk_kw03_bing_000006.jpg
cha_nom_khai_muk__auto_keep__05.jpg,41,cha_nom_khai_muk_kw03_bing_000007.jpg
cha_nom_khai_muk__auto_keep__05.jpg,42,cha_nom_khai_muk_kw03_bing_000008.png
cha_nom_khai_muk__auto_keep__05.jpg,43,cha_nom_khai_muk_kw02_bing_000081.webp
cha_nom_khai_muk__auto_keep__05.jpg,44,cha_nom_khai_muk_kw04_baidu_000049.jpg
cha_phonlamai__auto_reject__00.jpg,0,cha_phonlamai_kw04_bing_000101.jpg
cha_phonlamai__auto_reject__00.jpg,1,cha_phonlamai_kw00_bing_000075.jpg
cha_phonlamai__auto_reject__00.jpg,2,cha_phonlamai_kw01_bing_000102.jpg
cha_phonlamai__auto_reject__00.jpg,3,cha_phonlamai_kw03_baidu_000041.jpg
cha_phonlamai__auto_reject__00.jpg,4,cha_phonlamai_kw02_bing_000085.webp
cha_phonlamai__auto_reject__00.jpg,5,cha_phonlamai_kw00_bing_000088.jpg
cha_phonlamai__auto_reject__00.jpg,6,cha_phonlamai_kw02_bing_000100.jpg
cha_phonlamai__auto_reject__00.jpg,7,cha_phonlamai_kw00_bing_000096.jpg
cha_phonlamai__auto_reject__00.jpg,8,cha_phonlamai_kw04_bing_000098.jpg
cha_phonlamai__auto_reject__00.jpg,9,cha_phonlamai_kw04_baidu_000038.jpg
cha_phonlamai__auto_reject__00.jpg,10,cha_phonlamai_kw00_bing_000108.jpg
cha_phonlamai__auto_reject__00.jpg,11,cha_phonlamai_kw00_bing_000028.jpg
cha_phonlamai__auto_reject__00.jpg,12,cha_phonlamai_kw03_bing_000091.jpg
cha_phonlamai__auto_reject__00.jpg,13,cha_phonlamai_kw03_bing_000092.jpg
cha_phonlamai__auto_reject__00.jpg,14,cha_phonlamai_kw00_bing_000111.jpg
cha_phonlamai__auto_reject__00.jpg,15,cha_phonlamai_kw03_bing_000107.jpg
cha_phonlamai__auto_reject__00.jpg,16,cha_phonlamai_kw04_bing_000091.jpg
cha_phonlamai__auto_reject__00.jpg,17,cha_phonlamai_kw00_bing_000042.jpg
cha_phonlamai__auto_reject__00.jpg,18,cha_phonlamai_kw00_bing_000072.jpg
cha_phonlamai__auto_reject__00.jpg,19,cha_phonlamai_kw00_bing_000097.jpg
cha_phonlamai__auto_reject__00.jpg,20,cha_phonlamai_kw01_bing_000074.jpg
cha_phonlamai__auto_reject__00.jpg,21,cha_phonlamai_kw02_bing_000045.jpg
cha_phonlamai__auto_reject__00.jpg,22,cha_phonlamai_kw03_baidu_000016.jpg
cha_phonlamai__auto_reject__00.jpg,23,cha_phonlamai_kw03_baidu_000024.jpg
cha_phonlamai__auto_reject__00.jpg,24,cha_phonlamai_kw00_bing_000045.webp
cha_phonlamai__auto_reject__00.jpg,25,cha_phonlamai_kw03_bing_000078.jpg
cha_phonlamai__auto_reject__00.jpg,26,cha_phonlamai_kw00_bing_000035.jpg
cha_phonlamai__auto_reject__00.jpg,27,cha_phonlamai_kw03_baidu_000006.jpg
cha_phonlamai__auto_reject__00.jpg,28,cha_phonlamai_kw01_bing_000020.jpg
cha_phonlamai__auto_reject__00.jpg,29,cha_phonlamai_kw00_bing_000055.jpg
cha_phonlamai__auto_reject__00.jpg,30,cha_phonlamai_kw02_bing_000088.jpg
cha_phonlamai__auto_reject__00.jpg,31,cha_phonlamai_kw01_bing_000077.png
cha_phonlamai__auto_reject__00.jpg,32,cha_phonlamai_kw00_bing_000102.jpg
cha_phonlamai__auto_reject__00.jpg,33,cha_phonlamai_kw00_bing_000010.jpg
cha_phonlamai__auto_reject__00.jpg,34,cha_phonlamai_kw00_bing_000073.jpg
cha_phonlamai__auto_reject__00.jpg,35,cha_phonlamai_kw04_bing_000097.jpg
cha_phonlamai__auto_reject__00.jpg,36,cha_phonlamai_kw02_bing_000059.jpg
cha_phonlamai__auto_reject__00.jpg,37,cha_phonlamai_kw01_bing_000059.jpg
cha_phonlamai__auto_reject__00.jpg,38,cha_phonlamai_kw04_baidu_000048.jpg
cha_phonlamai__auto_reject__00.jpg,39,cha_phonlamai_kw00_bing_000089.jpg
cha_phonlamai__auto_reject__00.jpg,40,cha_phonlamai_kw03_baidu_000004.jpg
cha_phonlamai__auto_reject__00.jpg,41,cha_phonlamai_kw02_bing_000004.jpg
cha_phonlamai__auto_reject__00.jpg,42,cha_phonlamai_kw02_bing_000095.jpg
cha_phonlamai__auto_reject__00.jpg,43,cha_phonlamai_kw02_bing_000103.jpg
cha_phonlamai__auto_reject__00.jpg,44,cha_phonlamai_kw02_bing_000087.jpg
cha_phonlamai__auto_reject__00.jpg,45,cha_phonlamai_kw04_baidu_000045.jpg
cha_phonlamai__auto_reject__00.jpg,46,cha_phonlamai_kw00_bing_000008.jpg
cha_phonlamai__auto_reject__00.jpg,47,cha_phonlamai_kw00_bing_000092.png
cha_phonlamai__auto_reject__01.jpg,0,cha_phonlamai_kw03_baidu_000043.jpg
cha_phonlamai__auto_reject__01.jpg,1,cha_phonlamai_kw02_bing_000056.webp
cha_phonlamai__auto_reject__01.jpg,2,cha_phonlamai_kw01_bing_000103.jpg
cha_phonlamai__auto_reject__01.jpg,3,cha_phonlamai_kw02_bing_000066.jpg
cha_phonlamai__auto_reject__01.jpg,4,cha_phonlamai_kw02_bing_000070.jpg
cha_phonlamai__auto_reject__01.jpg,5,cha_phonlamai_kw04_bing_000083.jpg
cha_phonlamai__auto_reject__01.jpg,6,cha_phonlamai_kw00_bing_000076.jpg
cha_phonlamai__auto_reject__01.jpg,7,cha_phonlamai_kw03_baidu_000053.jpg
cha_phonlamai__auto_reject__01.jpg,8,cha_phonlamai_kw03_baidu_000009.jpg
cha_phonlamai__auto_reject__01.jpg,9,cha_phonlamai_kw04_baidu_000026.jpg
cha_phonlamai__auto_reject__01.jpg,10,cha_phonlamai_kw00_bing_000012.jpg
cha_phonlamai__auto_reject__01.jpg,11,cha_phonlamai_kw03_bing_000109.jpg
cha_phonlamai__auto_reject__01.jpg,12,cha_phonlamai_kw02_bing_000074.jpg
cha_phonlamai__auto_reject__01.jpg,13,cha_phonlamai_kw01_bing_000080.jpg
cha_phonlamai__auto_reject__01.jpg,14,cha_phonlamai_kw02_bing_000043.jpg
cha_phonlamai__auto_reject__01.jpg,15,cha_phonlamai_kw00_bing_000057.jpg
cha_phonlamai__auto_reject__01.jpg,16,cha_phonlamai_kw03_baidu_000014.jpg
cha_phonlamai__auto_reject__01.jpg,17,cha_phonlamai_kw00_bing_000104.jpg
cha_phonlamai__auto_reject__01.jpg,18,cha_phonlamai_kw01_bing_000039.jpg
cha_phonlamai__auto_reject__01.jpg,19,cha_phonlamai_kw00_bing_000074.jpg
cha_phonlamai__auto_reject__01.jpg,20,cha_phonlamai_kw02_bing_000094.jpg
cha_phonlamai__auto_reject__01.jpg,21,cha_phonlamai_kw01_bing_000091.jpg
cha_phonlamai__auto_reject__01.jpg,22,cha_phonlamai_kw04_baidu_000034.jpg
cha_phonlamai__auto_reject__01.jpg,23,cha_phonlamai_kw02_bing_000010.jpg
cha_phonlamai__auto_reject__01.jpg,24,cha_phonlamai_kw01_bing_000049.jpg
cha_phonlamai__auto_reject__01.jpg,25,cha_phonlamai_kw04_baidu_000041.jpg
cha_phonlamai__auto_reject__01.jpg,26,cha_phonlamai_kw02_bing_000077.jpg
cha_phonlamai__auto_reject__01.jpg,27,cha_phonlamai_kw01_bing_000076.jpg
cha_phonlamai__auto_reject__01.jpg,28,cha_phonlamai_kw00_bing_000054.jpg
cha_phonlamai__auto_reject__01.jpg,29,cha_phonlamai_kw03_bing_000088.jpg
cha_phonlamai__auto_reject__01.jpg,30,cha_phonlamai_kw04_bing_000086.png
cha_phonlamai__auto_reject__01.jpg,31,cha_phonlamai_kw03_bing_000105.webp
cha_phonlamai__auto_reject__01.jpg,32,cha_phonlamai_kw02_bing_000080.webp
cha_phonlamai__auto_reject__01.jpg,33,cha_phonlamai_kw02_bing_000073.jpg
cha_phonlamai__auto_reject__01.jpg,34,cha_phonlamai_kw01_bing_000050.jpg
cha_phonlamai__auto_reject__01.jpg,35,cha_phonlamai_kw02_bing_000006.jpg
cha_phonlamai__auto_reject__01.jpg,36,cha_phonlamai_kw01_bing_000040.png
cha_phonlamai__auto_reject__01.jpg,37,cha_phonlamai_kw04_baidu_000031.jpg
cha_phonlamai__auto_reject__01.jpg,38,cha_phonlamai_kw03_bing_000065.jpg
cha_phonlamai__auto_reject__01.jpg,39,cha_phonlamai_kw03_baidu_000023.jpg
cha_phonlamai__auto_reject__01.jpg,40,cha_phonlamai_kw00_bing_000051.jpg
cha_phonlamai__auto_reject__01.jpg,41,cha_phonlamai_kw03_bing_000086.jpg
cha_phonlamai__auto_reject__01.jpg,42,cha_phonlamai_kw01_bing_000019.jpg
cha_phonlamai__auto_reject__01.jpg,43,cha_phonlamai_kw00_bing_000041.jpg
cha_phonlamai__auto_reject__01.jpg,44,cha_phonlamai_kw03_baidu_000007.jpg
cha_phonlamai__auto_reject__01.jpg,45,cha_phonlamai_kw03_bing_000097.jpg
cha_phonlamai__auto_reject__01.jpg,46,cha_phonlamai_kw00_bing_000023.jpg
cha_phonlamai__auto_reject__01.jpg,47,cha_phonlamai_kw02_bing_000062.jpg
cha_phonlamai__auto_reject__02.jpg,0,cha_phonlamai_kw02_bing_000035.jpg
cha_phonlamai__auto_reject__02.jpg,1,cha_phonlamai_kw03_baidu_000049.jpg
cha_phonlamai__auto_reject__02.jpg,2,cha_phonlamai_kw02_bing_000090.webp
cha_phonlamai__auto_reject__02.jpg,3,cha_phonlamai_kw00_bing_000048.jpg
cha_phonlamai__auto_reject__02.jpg,4,cha_phonlamai_kw01_bing_000041.jpg
cha_phonlamai__auto_reject__02.jpg,5,cha_phonlamai_kw01_bing_000026.jpg
cha_phonlamai__auto_reject__02.jpg,6,cha_phonlamai_kw00_bing_000052.jpg
cha_phonlamai__auto_reject__02.jpg,7,cha_phonlamai_kw01_bing_000095.jpg
cha_phonlamai__auto_reject__02.jpg,8,cha_phonlamai_kw01_bing_000086.jpg
cha_phonlamai__auto_reject__02.jpg,9,cha_phonlamai_kw00_bing_000071.jpg
cha_phonlamai__auto_reject__02.jpg,10,cha_phonlamai_kw03_baidu_000001.jpg
cha_phonlamai__auto_reject__02.jpg,11,cha_phonlamai_kw00_bing_000050.jpg
cha_phonlamai__auto_reject__02.jpg,12,cha_phonlamai_kw01_bing_000046.png
cha_phonlamai__auto_reject__02.jpg,13,cha_phonlamai_kw04_bing_000088.jpg
cha_phonlamai__auto_reject__02.jpg,14,cha_phonlamai_kw00_bing_000043.jpg
cha_phonlamai__auto_reject__02.jpg,15,cha_phonlamai_kw01_bing_000033.jpg
cha_phonlamai__auto_reject__02.jpg,16,cha_phonlamai_kw00_bing_000004.jpg
cha_phonlamai__auto_reject__02.jpg,17,cha_phonlamai_kw00_bing_000056.jpg
cha_phonlamai__auto_reject__02.jpg,18,cha_phonlamai_kw02_bing_000079.webp
cha_phonlamai__auto_reject__02.jpg,19,cha_phonlamai_kw00_bing_000005.jpg
cha_phonlamai__auto_reject__02.jpg,20,cha_phonlamai_kw03_baidu_000032.jpg
cha_phonlamai__review__00.jpg,0,cha_phonlamai_kw01_bing_000032.jpg
cha_phonlamai__review__00.jpg,1,cha_phonlamai_kw00_bing_000053.jpg
cha_phonlamai__review__00.jpg,2,cha_phonlamai_kw02_bing_000093.jpg
cha_phonlamai__review__00.jpg,3,cha_phonlamai_kw01_bing_000071.webp
cha_phonlamai__review__00.jpg,4,cha_phonlamai_kw03_bing_000028.jpg
cha_phonlamai__review__00.jpg,5,cha_phonlamai_kw01_bing_000044.png
cha_phonlamai__review__00.jpg,6,cha_phonlamai_kw00_bing_000094.jpg
cha_phonlamai__review__00.jpg,7,cha_phonlamai_kw01_bing_000081.jpg
cha_phonlamai__review__00.jpg,8,cha_phonlamai_kw00_bing_000093.jpg
cha_phonlamai__review__00.jpg,9,cha_phonlamai_kw04_baidu_000044.png
cha_phonlamai__review__00.jpg,10,cha_phonlamai_kw00_bing_000100.jpg
cha_phonlamai__review__00.jpg,11,cha_phonlamai_kw00_bing_000037.jpg
cha_phonlamai__review__00.jpg,12,cha_phonlamai_kw01_bing_000052.jpg
cha_phonlamai__review__00.jpg,13,cha_phonlamai_kw02_bing_000007.jpg
cha_phonlamai__review__00.jpg,14,cha_phonlamai_kw03_baidu_000022.jpg
cha_phonlamai__review__00.jpg,15,cha_phonlamai_kw03_bing_000023.jpg
cha_phonlamai__review__00.jpg,16,cha_phonlamai_kw03_bing_000017.jpg
cha_phonlamai__review__00.jpg,17,cha_phonlamai_kw01_bing_000010.jpg
cha_phonlamai__review__00.jpg,18,cha_phonlamai_kw00_bing_000070.jpg
cha_phonlamai__review__00.jpg,19,cha_phonlamai_kw03_bing_000093.jpg
cha_phonlamai__review__00.jpg,20,cha_phonlamai_kw00_bing_000021.jpg
cha_phonlamai__review__00.jpg,21,cha_phonlamai_kw01_bing_000023.webp
cha_phonlamai__review__00.jpg,22,cha_phonlamai_kw02_bing_000051.webp
cha_phonlamai__review__00.jpg,23,cha_phonlamai_kw02_bing_000041.webp
cha_phonlamai__review__00.jpg,24,cha_phonlamai_kw01_bing_000087.jpg
cha_phonlamai__review__00.jpg,25,cha_phonlamai_kw01_bing_000094.jpg
cha_phonlamai__review__00.jpg,26,cha_phonlamai_kw00_bing_000033.jpg
cha_phonlamai__review__00.jpg,27,cha_phonlamai_kw01_bing_000035.jpg
cha_phonlamai__review__00.jpg,28,cha_phonlamai_kw01_bing_000038.jpg
cha_phonlamai__review__00.jpg,29,cha_phonlamai_kw04_baidu_000035.jpg
cha_phonlamai__review__00.jpg,30,cha_phonlamai_kw01_bing_000057.jpg
cha_phonlamai__review__00.jpg,31,cha_phonlamai_kw01_bing_000013.jpg
cha_phonlamai__review__00.jpg,32,cha_phonlamai_kw03_bing_000047.jpg
cha_phonlamai__review__00.jpg,33,cha_phonlamai_kw01_bing_000037.jpg
cha_phonlamai__review__00.jpg,34,cha_phonlamai_kw04_bing_000077.jpg
cha_phonlamai__review__00.jpg,35,cha_phonlamai_kw04_baidu_000015.jpg
cha_phonlamai__review__00.jpg,36,cha_phonlamai_kw00_bing_000049.jpg
cha_phonlamai__review__00.jpg,37,cha_phonlamai_kw01_bing_000113.webp
cha_phonlamai__review__00.jpg,38,cha_phonlamai_kw00_bing_000084.png
cha_phonlamai__review__00.jpg,39,cha_phonlamai_kw00_bing_000001.webp
cha_phonlamai__review__00.jpg,40,cha_phonlamai_kw02_bing_000008.jpg
cha_phonlamai__review__00.jpg,41,cha_phonlamai_kw01_bing_000021.jpg
cha_phonlamai__review__00.jpg,42,cha_phonlamai_kw01_bing_000047.png
cha_phonlamai__review__00.jpg,43,cha_phonlamai_kw04_bing_000085.jpg
cha_phonlamai__review__00.jpg,44,cha_phonlamai_kw01_bing_000016.jpg
cha_phonlamai__review__00.jpg,45,cha_phonlamai_kw02_bing_000021.jpg
cha_phonlamai__review__00.jpg,46,cha_phonlamai_kw02_bing_000075.webp
cha_phonlamai__review__00.jpg,47,cha_phonlamai_kw00_bing_000007.jpg
cha_phonlamai__review__01.jpg,0,cha_phonlamai_kw03_baidu_000008.jpg
cha_phonlamai__review__01.jpg,1,cha_phonlamai_kw00_bing_000044.jpg
cha_phonlamai__review__01.jpg,2,cha_phonlamai_kw02_bing_000003.jpg
cha_phonlamai__review__01.jpg,3,cha_phonlamai_kw03_bing_000090.jpg
cha_phonlamai__review__01.jpg,4,cha_phonlamai_kw02_bing_000046.jpg
cha_phonlamai__review__01.jpg,5,cha_phonlamai_kw02_bing_000064.jpg
cha_phonlamai__review__01.jpg,6,cha_phonlamai_kw00_bing_000022.jpg
cha_phonlamai__review__01.jpg,7,cha_phonlamai_kw01_bing_000043.jpg
cha_phonlamai__review__01.jpg,8,cha_phonlamai_kw02_bing_000026.jpg
cha_phonlamai__review__01.jpg,9,cha_phonlamai_kw03_bing_000061.jpg
cha_phonlamai__review__01.jpg,10,cha_phonlamai_kw00_bing_000083.jpg
cha_phonlamai__review__01.jpg,11,cha_phonlamai_kw01_bing_000018.jpg
cha_phonlamai__review__01.jpg,12,cha_phonlamai_kw04_baidu_000030.png
cha_phonlamai__review__01.jpg,13,cha_phonlamai_kw00_bing_000040.jpg
cha_phonlamai__review__01.jpg,14,cha_phonlamai_kw00_bing_000029.webp
cha_phonlamai__review__01.jpg,15,cha_phonlamai_kw00_bing_000109.jpg
cha_phonlamai__review__01.jpg,16,cha_phonlamai_kw04_baidu_000042.jpg
cha_phonlamai__review__01.jpg,17,cha_phonlamai_kw02_bing_000032.jpg
cha_phonlamai__review__01.jpg,18,cha_phonlamai_kw02_bing_000082.jpg
cha_phonlamai__review__01.jpg,19,cha_phonlamai_kw04_bing_000089.webp
cha_phonlamai__review__01.jpg,20,cha_phonlamai_kw02_bing_000071.jpg
cha_phonlamai__review__01.jpg,21,cha_phonlamai_kw02_bing_000052.jpg
cha_phonlamai__review__01.jpg,22,cha_phonlamai_kw03_baidu_000055.jpg
cha_phonlamai__review__01.jpg,23,cha_phonlamai_kw02_bing_000011.webp
cha_phonlamai__review__01.jpg,24,cha_phonlamai_kw02_bing_000084.jpg
cha_phonlamai__review__01.jpg,25,cha_phonlamai_kw00_bing_000060.jpg
cha_phonlamai__review__01.jpg,26,cha_phonlamai_kw03_bing_000053.jpg
cha_phonlamai__review__01.jpg,27,cha_phonlamai_kw01_bing_000024.webp
cha_phonlamai__review__01.jpg,28,cha_phonlamai_kw01_bing_000051.jpg
cha_phonlamai__review__01.jpg,29,cha_phonlamai_kw00_bing_000003.jpg
cha_phonlamai__review__01.jpg,30,cha_phonlamai_kw02_bing_000083.jpg
cha_phonlamai__review__01.jpg,31,cha_phonlamai_kw03_bing_000101.jpg
cha_phonlamai__review__01.jpg,32,cha_phonlamai_kw00_bing_000019.webp
cha_phonlamai__review__01.jpg,33,cha_phonlamai_kw02_bing_000020.jpg
cha_phonlamai__review__01.jpg,34,cha_phonlamai_kw02_bing_000018.png
cha_phonlamai__review__01.jpg,35,cha_phonlamai_kw01_bing_000105.jpg
cha_phonlamai__review__01.jpg,36,cha_phonlamai_kw02_bing_000039.jpg
cha_phonlamai__review__01.jpg,37,cha_phonlamai_kw04_baidu_000019.jpg
cha_phonlamai__review__01.jpg,38,cha_phonlamai_kw02_bing_000037.jpg
cha_phonlamai__review__01.jpg,39,cha_phonlamai_kw02_bing_000019.webp
cha_phonlamai__review__01.jpg,40,cha_phonlamai_kw00_bing_000058.jpg
cha_phonlamai__review__01.jpg,41,cha_phonlamai_kw02_bing_000016.jpg
cha_phonlamai__review__01.jpg,42,cha_phonlamai_kw01_bing_000048.jpg
cha_phonlamai__review__01.jpg,43,cha_phonlamai_kw01_bing_000004.jpg
cha_phonlamai__review__01.jpg,44,cha_phonlamai_kw02_bing_000057.jpg
cha_phonlamai__review__01.jpg,45,cha_phonlamai_kw02_bing_000000.jpg
cha_phonlamai__review__01.jpg,46,cha_phonlamai_kw01_bing_000061.jpg
cha_phonlamai__review__01.jpg,47,cha_phonlamai_kw02_bing_000096.png
cha_phonlamai__review__02.jpg,0,cha_phonlamai_kw01_bing_000072.png
cha_phonlamai__review__02.jpg,1,cha_phonlamai_kw02_bing_000030.webp
cha_phonlamai__review__02.jpg,2,cha_phonlamai_kw00_bing_000018.webp
cha_phonlamai__review__02.jpg,3,cha_phonlamai_kw02_bing_000098.webp
cha_phonlamai__review__02.jpg,4,cha_phonlamai_kw03_baidu_000005.jpg
cha_phonlamai__review__02.jpg,5,cha_phonlamai_kw00_bing_000086.jpg
cha_phonlamai__review__02.jpg,6,cha_phonlamai_kw03_baidu_000011.jpg
cha_phonlamai__review__02.jpg,7,cha_phonlamai_kw00_bing_000063.jpg
cha_phonlamai__review__02.jpg,8,cha_phonlamai_kw04_bing_000092.jpg
cha_phonlamai__review__02.jpg,9,cha_phonlamai_kw04_bing_000093.jpg
cha_phonlamai__review__02.jpg,10,cha_phonlamai_kw00_bing_000078.jpg
cha_phonlamai__review__02.jpg,11,cha_phonlamai_kw01_bing_000045.jpg
cha_phonlamai__review__02.jpg,12,cha_phonlamai_kw02_bing_000089.jpg
cha_phonlamai__review__02.jpg,13,cha_phonlamai_kw03_bing_000060.jpg
cha_phonlamai__review__02.jpg,14,cha_phonlamai_kw01_bing_000066.jpg
cha_phonlamai__review__02.jpg,15,cha_phonlamai_kw01_bing_000009.png
cha_phonlamai__review__02.jpg,16,cha_phonlamai_kw01_bing_000012.jpg
cha_phonlamai__review__02.jpg,17,cha_phonlamai_kw04_baidu_000021.jpg
cha_phonlamai__review__02.jpg,18,cha_phonlamai_kw03_bing_000089.jpg
cha_phonlamai__review__02.jpg,19,cha_phonlamai_kw00_bing_000077.jpg
cha_phonlamai__review__02.jpg,20,cha_phonlamai_kw00_bing_000036.webp
cha_phonlamai__review__02.jpg,21,cha_phonlamai_kw03_bing_000038.jpg
cha_phonlamai__review__02.jpg,22,cha_phonlamai_kw03_bing_000034.jpg
cha_phonlamai__review__02.jpg,23,cha_phonlamai_kw01_bing_000083.png
cha_phonlamai__review__02.jpg,24,cha_phonlamai_kw02_bing_000099.jpg
cha_phonlamai__review__02.jpg,25,cha_phonlamai_kw03_bing_000051.jpg
cha_phonlamai__review__02.jpg,26,cha_phonlamai_kw01_bing_000089.jpg
cha_phonlamai__review__02.jpg,27,cha_phonlamai_kw03_baidu_000029.jpg
cha_phonlamai__review__02.jpg,28,cha_phonlamai_kw04_bing_000014.jpg
cha_phonlamai__review__02.jpg,29,cha_phonlamai_kw00_bing_000087.jpg
cha_phonlamai__review__02.jpg,30,cha_phonlamai_kw03_bing_000104.jpg
cha_phonlamai__review__02.jpg,31,cha_phonlamai_kw02_bing_000013.jpg
cha_phonlamai__review__02.jpg,32,cha_phonlamai_kw02_bing_000042.jpg
cha_phonlamai__review__02.jpg,33,cha_phonlamai_kw01_bing_000097.png
cha_phonlamai__review__02.jpg,34,cha_phonlamai_kw02_bing_000086.jpg
cha_phonlamai__review__02.jpg,35,cha_phonlamai_kw01_bing_000014.jpg
cha_phonlamai__review__02.jpg,36,cha_phonlamai_kw03_baidu_000018.jpg
cha_phonlamai__review__02.jpg,37,cha_phonlamai_kw02_bing_000067.jpg
cha_phonlamai__review__02.jpg,38,cha_phonlamai_kw03_baidu_000047.jpg
cha_phonlamai__review__02.jpg,39,cha_phonlamai_kw02_bing_000029.jpg
cha_phonlamai__review__02.jpg,40,cha_phonlamai_kw03_baidu_000051.jpg
cha_phonlamai__review__02.jpg,41,cha_phonlamai_kw00_bing_000090.jpg
cha_phonlamai__review__02.jpg,42,cha_phonlamai_kw03_baidu_000012.jpg
cha_phonlamai__review__02.jpg,43,cha_phonlamai_kw03_baidu_000015.jpg
cha_phonlamai__review__02.jpg,44,cha_phonlamai_kw01_bing_000002.jpg
cha_phonlamai__review__02.jpg,45,cha_phonlamai_kw03_bing_000077.jpg
cha_phonlamai__review__02.jpg,46,cha_phonlamai_kw01_bing_000096.webp
cha_phonlamai__review__02.jpg,47,cha_phonlamai_kw02_bing_000061.webp
cha_phonlamai__review__03.jpg,0,cha_phonlamai_kw02_bing_000092.webp
cha_phonlamai__review__03.jpg,1,cha_phonlamai_kw02_bing_000069.jpg
cha_phonlamai__review__03.jpg,2,cha_phonlamai_kw02_bing_000076.jpg
cha_phonlamai__review__03.jpg,3,cha_phonlamai_kw04_baidu_000011.jpg
cha_phonlamai__review__03.jpg,4,cha_phonlamai_kw03_baidu_000036.jpg
cha_phonlamai__review__03.jpg,5,cha_phonlamai_kw01_bing_000101.png
cha_phonlamai__review__03.jpg,6,cha_phonlamai_kw01_bing_000056.png
cha_phonlamai__review__03.jpg,7,cha_phonlamai_kw01_bing_000017.png
cha_phonlamai__review__03.jpg,8,cha_phonlamai_kw04_bing_000003.jpg
cha_phonlamai__review__03.jpg,9,cha_phonlamai_kw01_bing_000015.jpg
cha_phonlamai__review__03.jpg,10,cha_phonlamai_kw01_bing_000022.jpg
cha_phonlamai__review__03.jpg,11,cha_phonlamai_kw04_bing_000019.jpg
cha_phonlamai__review__03.jpg,12,cha_phonlamai_kw03_baidu_000052.jpg
cha_phonlamai__review__03.jpg,13,cha_phonlamai_kw01_bing_000112.jpg
cha_phonlamai__review__03.jpg,14,cha_phonlamai_kw00_bing_000064.jpg
cha_phonlamai__review__03.jpg,15,cha_phonlamai_kw04_bing_000057.jpg
cha_phonlamai__review__03.jpg,16,cha_phonlamai_kw01_bing_000005.jpg
cha_phonlamai__review__03.jpg,17,cha_phonlamai_kw03_baidu_000039.jpg
cha_phonlamai__review__03.jpg,18,cha_phonlamai_kw04_bing_000082.jpg
cha_phonlamai__review__03.jpg,19,cha_phonlamai_kw04_bing_000020.jpg
cha_phonlamai__review__03.jpg,20,cha_phonlamai_kw00_bing_000113.jpg
cha_phonlamai__review__03.jpg,21,cha_phonlamai_kw03_baidu_000031.jpg
cha_phonlamai__review__03.jpg,22,cha_phonlamai_kw02_bing_000063.jpg
cha_phonlamai__review__03.jpg,23,cha_phonlamai_kw01_bing_000007.jpg
cha_phonlamai__review__03.jpg,24,cha_phonlamai_kw02_bing_000053.jpg
cha_phonlamai__review__03.jpg,25,cha_phonlamai_kw00_bing_000079.jpg
cha_phonlamai__review__03.jpg,26,cha_phonlamai_kw01_bing_000068.jpg
cha_phonlamai__review__03.jpg,27,cha_phonlamai_kw01_bing_000063.png
cha_phonlamai__review__03.jpg,28,cha_phonlamai_kw01_bing_000084.png
cha_phonlamai__review__03.jpg,29,cha_phonlamai_kw00_bing_000062.webp
cha_phonlamai__review__03.jpg,30,cha_phonlamai_kw03_bing_000003.jpg
cha_phonlamai__review__03.jpg,31,cha_phonlamai_kw03_bing_000013.jpg
cha_phonlamai__review__03.jpg,32,cha_phonlamai_kw03_baidu_000033.jpg
cha_phonlamai__review__03.jpg,33,cha_phonlamai_kw02_bing_000038.jpg
cha_phonlamai__review__03.jpg,34,cha_phonlamai_kw01_bing_000088.jpg
cha_phonlamai__review__03.jpg,35,cha_phonlamai_kw03_bing_000054.jpg
cha_phonlamai__review__03.jpg,36,cha_phonlamai_kw00_bing_000069.jpg
cha_phonlamai__review__03.jpg,37,cha_phonlamai_kw03_bing_000083.jpg
cha_phonlamai__review__03.jpg,38,cha_phonlamai_kw02_bing_000058.jpg
cha_phonlamai__review__03.jpg,39,cha_phonlamai_kw03_baidu_000003.jpg
cha_phonlamai__review__03.jpg,40,cha_phonlamai_kw00_bing_000114.jpg
cha_phonlamai__review__03.jpg,41,cha_phonlamai_kw01_bing_000100.jpg
cha_phonlamai__review__03.jpg,42,cha_phonlamai_kw03_baidu_000025.jpg
cha_phonlamai__review__03.jpg,43,cha_phonlamai_kw03_baidu_000027.png
cha_phonlamai__review__03.jpg,44,cha_phonlamai_kw03_bing_000019.jpg
cha_phonlamai__review__03.jpg,45,cha_phonlamai_kw03_bing_000045.jpg
cha_phonlamai__auto_keep__00.jpg,0,cha_phonlamai_kw01_bing_000055.png
cha_phonlamai__auto_keep__00.jpg,1,cha_phonlamai_kw00_bing_000047.jpg
cha_phonlamai__auto_keep__00.jpg,2,cha_phonlamai_kw03_baidu_000030.jpg
cha_phonlamai__auto_keep__00.jpg,3,cha_phonlamai_kw00_bing_000032.jpg
cha_phonlamai__auto_keep__00.jpg,4,cha_phonlamai_kw00_bing_000011.jpg
cha_phonlamai__auto_keep__00.jpg,5,cha_phonlamai_kw03_bing_000046.jpg
cha_phonlamai__auto_keep__00.jpg,6,cha_phonlamai_kw03_bing_000058.webp
cha_phonlamai__auto_keep__00.jpg,7,cha_phonlamai_kw04_baidu_000049.jpg
cha_phonlamai__auto_keep__00.jpg,8,cha_phonlamai_kw02_bing_000040.webp
cha_phonlamai__auto_keep__00.jpg,9,cha_phonlamai_kw03_baidu_000021.jpg
cha_phonlamai__auto_keep__00.jpg,10,cha_phonlamai_kw04_bing_000080.jpg
cha_phonlamai__auto_keep__00.jpg,11,cha_phonlamai_kw04_baidu_000027.jpg
cha_phonlamai__auto_keep__00.jpg,12,cha_phonlamai_kw03_baidu_000050.jpg
cha_phonlamai__auto_keep__00.jpg,13,cha_phonlamai_kw03_bing_000030.jpg
cha_phonlamai__auto_keep__00.jpg,14,cha_phonlamai_kw03_baidu_000010.jpg
cha_phonlamai__auto_keep__00.jpg,15,cha_phonlamai_kw03_bing_000016.webp
cha_phonlamai__auto_keep__00.jpg,16,cha_phonlamai_kw00_bing_000065.jpg
cha_phonlamai__auto_keep__00.jpg,17,cha_phonlamai_kw00_bing_000014.jpg
cha_phonlamai__auto_keep__00.jpg,18,cha_phonlamai_kw04_baidu_000020.jpg
cha_phonlamai__auto_keep__00.jpg,19,cha_phonlamai_kw03_bing_000002.jpg
cha_phonlamai__auto_keep__00.jpg,20,cha_phonlamai_kw02_bing_000025.jpg
cha_phonlamai__auto_keep__00.jpg,21,cha_phonlamai_kw03_bing_000026.jpg
cha_phonlamai__auto_keep__00.jpg,22,cha_phonlamai_kw03_bing_000094.png
cha_phonlamai__auto_keep__00.jpg,23,cha_phonlamai_kw00_bing_000034.jpg
cha_phonlamai__auto_keep__00.jpg,24,cha_phonlamai_kw04_bing_000094.webp
cha_phonlamai__auto_keep__00.jpg,25,cha_phonlamai_kw03_bing_000096.jpg
cha_phonlamai__auto_keep__00.jpg,26,cha_phonlamai_kw04_baidu_000001.jpg
cha_phonlamai__auto_keep__00.jpg,27,cha_phonlamai_kw03_bing_000005.jpg
cha_phonlamai__auto_keep__00.jpg,28,cha_phonlamai_kw03_bing_000044.jpg
cha_phonlamai__auto_keep__00.jpg,29,cha_phonlamai_kw04_baidu_000016.jpg
cha_phonlamai__auto_keep__00.jpg,30,cha_phonlamai_kw00_bing_000009.webp
cha_phonlamai__auto_keep__00.jpg,31,cha_phonlamai_kw03_baidu_000042.jpg
cha_phonlamai__auto_keep__00.jpg,32,cha_phonlamai_kw03_bing_000001.jpg
cha_phonlamai__auto_keep__00.jpg,33,cha_phonlamai_kw03_bing_000018.webp
cha_phonlamai__auto_keep__00.jpg,34,cha_phonlamai_kw00_bing_000026.jpg
cha_phonlamai__auto_keep__00.jpg,35,cha_phonlamai_kw00_bing_000016.webp
cha_phonlamai__auto_keep__00.jpg,36,cha_phonlamai_kw03_bing_000087.webp
cha_phonlamai__auto_keep__00.jpg,37,cha_phonlamai_kw01_bing_000093.jpg
cha_phonlamai__auto_keep__00.jpg,38,cha_phonlamai_kw04_baidu_000029.jpg
cha_phonlamai__auto_keep__00.jpg,39,cha_phonlamai_kw03_bing_000015.jpg
cha_phonlamai__auto_keep__00.jpg,40,cha_phonlamai_kw03_bing_000021.webp
cha_phonlamai__auto_keep__00.jpg,41,cha_phonlamai_kw00_bing_000017.webp
cha_phonlamai__auto_keep__00.jpg,42,cha_phonlamai_kw03_bing_000037.jpg
cha_phonlamai__auto_keep__00.jpg,43,cha_phonlamai_kw04_baidu_000036.jpg
cha_phonlamai__auto_keep__00.jpg,44,cha_phonlamai_kw03_bing_000004.webp
cha_phonlamai__auto_keep__00.jpg,45,cha_phonlamai_kw02_bing_000047.jpg
cha_phonlamai__auto_keep__00.jpg,46,cha_phonlamai_kw04_baidu_000032.jpg
cha_phonlamai__auto_keep__00.jpg,47,cha_phonlamai_kw04_baidu_000043.jpg
cha_phonlamai__auto_keep__01.jpg,0,cha_phonlamai_kw04_bing_000046.jpg
cha_phonlamai__auto_keep__01.jpg,1,cha_phonlamai_kw04_bing_000051.jpg
cha_phonlamai__auto_keep__01.jpg,2,cha_phonlamai_kw03_bing_000084.jpg
cha_phonlamai__auto_keep__01.jpg,3,cha_phonlamai_kw02_bing_000068.jpg
cha_phonlamai__auto_keep__01.jpg,4,cha_phonlamai_kw03_bing_000064.jpg
cha_phonlamai__auto_keep__01.jpg,5,cha_phonlamai_kw03_bing_000050.jpg
cha_phonlamai__auto_keep__01.jpg,6,cha_phonlamai_kw00_bing_000031.jpg
cha_phonlamai__auto_keep__01.jpg,7,cha_phonlamai_kw04_bing_000049.jpg
cha_phonlamai__auto_keep__01.jpg,8,cha_phonlamai_kw04_baidu_000014.jpg
cha_phonlamai__auto_keep__01.jpg,9,cha_phonlamai_kw04_baidu_000046.jpg
cha_phonlamai__auto_keep__01.jpg,10,cha_phonlamai_kw00_bing_000030.jpg
cha_phonlamai__auto_keep__01.jpg,11,cha_phonlamai_kw03_bing_000056.jpg
cha_phonlamai__auto_keep__01.jpg,12,cha_phonlamai_kw03_bing_000075.jpg
cha_phonlamai__auto_keep__01.jpg,13,cha_phonlamai_kw03_bing_000062.jpg
cha_phonlamai__auto_keep__01.jpg,14,cha_phonlamai_kw00_bing_000000.jpg
cha_phonlamai__auto_keep__01.jpg,15,cha_phonlamai_kw03_bing_000057.jpg
cha_phonlamai__auto_keep__01.jpg,16,cha_phonlamai_kw03_bing_000040.jpg
cha_phonlamai__auto_keep__01.jpg,17,cha_phonlamai_kw03_baidu_000045.jpg
cha_phonlamai__auto_keep__01.jpg,18,cha_phonlamai_kw03_baidu_000019.jpg
cha_phonlamai__auto_keep__01.jpg,19,cha_phonlamai_kw02_bing_000049.jpg
cha_phonlamai__auto_keep__01.jpg,20,cha_phonlamai_kw03_baidu_000017.jpg
cha_phonlamai__auto_keep__01.jpg,21,cha_phonlamai_kw03_baidu_000034.jpg
cha_phonlamai__auto_keep__01.jpg,22,cha_phonlamai_kw00_bing_000002.webp
cha_phonlamai__auto_keep__01.jpg,23,cha_phonlamai_kw04_bing_000067.jpg
cha_phonlamai__auto_keep__01.jpg,24,cha_phonlamai_kw00_bing_000025.jpg
cha_phonlamai__auto_keep__01.jpg,25,cha_phonlamai_kw03_bing_000041.jpg
cha_phonlamai__auto_keep__01.jpg,26,cha_phonlamai_kw03_bing_000066.jpg
cha_phonlamai__auto_keep__01.jpg,27,cha_phonlamai_kw00_bing_000013.jpg
cha_phonlamai__auto_keep__01.jpg,28,cha_phonlamai_kw03_baidu_000002.jpg
cha_phonlamai__auto_keep__01.jpg,29,cha_phonlamai_kw03_bing_000039.jpg
cha_phonlamai__auto_keep__01.jpg,30,cha_phonlamai_kw00_bing_000027.jpg
cha_phonlamai__auto_keep__01.jpg,31,cha_phonlamai_kw03_bing_000073.jpg
cha_phonlamai__auto_keep__01.jpg,32,cha_phonlamai_kw01_bing_000029.jpg
cha_phonlamai__auto_keep__01.jpg,33,cha_phonlamai_kw04_bing_000073.jpg
cha_phonlamai__auto_keep__01.jpg,34,cha_phonlamai_kw03_bing_000010.jpg
cha_phonlamai__auto_keep__01.jpg,35,cha_phonlamai_kw03_bing_000027.jpg
cha_phonlamai__auto_keep__01.jpg,36,cha_phonlamai_kw03_bing_000029.jpg
cha_phonlamai__auto_keep__01.jpg,37,cha_phonlamai_kw04_baidu_000023.jpeg
cha_phonlamai__auto_keep__01.jpg,38,cha_phonlamai_kw04_baidu_000002.jpg
cha_phonlamai__auto_keep__01.jpg,39,cha_phonlamai_kw04_bing_000102.jpg
cha_phonlamai__auto_keep__01.jpg,40,cha_phonlamai_kw03_bing_000033.jpg
cha_phonlamai__auto_keep__01.jpg,41,cha_phonlamai_kw03_baidu_000038.jpg
cha_phonlamai__auto_keep__01.jpg,42,cha_phonlamai_kw04_bing_000013.jpg
cha_phonlamai__auto_keep__01.jpg,43,cha_phonlamai_kw03_bing_000006.jpg
cha_phonlamai__auto_keep__01.jpg,44,cha_phonlamai_kw04_baidu_000039.jpg
cha_phonlamai__auto_keep__01.jpg,45,cha_phonlamai_kw03_bing_000049.jpg
cha_phonlamai__auto_keep__01.jpg,46,cha_phonlamai_kw04_bing_000048.jpg
cha_phonlamai__auto_keep__01.jpg,47,cha_phonlamai_kw04_bing_000065.jpg
cha_phonlamai__auto_keep__02.jpg,0,cha_phonlamai_kw04_bing_000068.jpg
cha_phonlamai__auto_keep__02.jpg,1,cha_phonlamai_kw04_bing_000037.jpg
cha_phonlamai__auto_keep__02.jpg,2,cha_phonlamai_kw03_bing_000067.jpg
cha_phonlamai__auto_keep__02.jpg,3,cha_phonlamai_kw02_bing_000012.jpg
cha_phonlamai__auto_keep__02.jpg,4,cha_phonlamai_kw02_bing_000101.jpg
cha_phonlamai__auto_keep__02.jpg,5,cha_phonlamai_kw04_bing_000025.jpg
cha_phonlamai__auto_keep__02.jpg,6,cha_phonlamai_kw03_baidu_000048.jpg
cha_phonlamai__auto_keep__02.jpg,7,cha_phonlamai_kw04_baidu_000017.jpg
cha_phonlamai__auto_keep__02.jpg,8,cha_phonlamai_kw00_bing_000024.jpg
cha_phonlamai__auto_keep__02.jpg,9,cha_phonlamai_kw03_bing_000036.jpg
cha_phonlamai__auto_keep__02.jpg,10,cha_phonlamai_kw04_bing_000004.jpg
cha_phonlamai__auto_keep__02.jpg,11,cha_phonlamai_kw03_bing_000070.jpg
cha_phonlamai__auto_keep__02.jpg,12,cha_phonlamai_kw04_baidu_000018.jpg
cha_phonlamai__auto_keep__02.jpg,13,cha_phonlamai_kw02_bing_000072.jpg
cha_phonlamai__auto_keep__02.jpg,14,cha_phonlamai_kw04_bing_000087.jpg
cha_phonlamai__auto_keep__02.jpg,15,cha_phonlamai_kw03_baidu_000020.jpg
cha_phonlamai__auto_keep__02.jpg,16,cha_phonlamai_kw01_bing_000079.png
cha_phonlamai__auto_keep__02.jpg,17,cha_phonlamai_kw04_baidu_000003.jpg
cha_phonlamai__auto_keep__02.jpg,18,cha_phonlamai_kw02_bing_000048.jpg
cha_phonlamai__auto_keep__02.jpg,19,cha_phonlamai_kw04_baidu_000006.jpg
cha_phonlamai__auto_keep__02.jpg,20,cha_phonlamai_kw04_bing_000058.png
cha_phonlamai__auto_keep__02.jpg,21,cha_phonlamai_kw04_bing_000039.jpg
cha_phonlamai__auto_keep__02.jpg,22,cha_phonlamai_kw04_bing_000028.jpg
cha_phonlamai__auto_keep__02.jpg,23,cha_phonlamai_kw04_bing_000031.jpg
cha_phonlamai__auto_keep__02.jpg,24,cha_phonlamai_kw04_bing_000043.jpg
cha_phonlamai__auto_keep__02.jpg,25,cha_phonlamai_kw03_bing_000012.jpg
cha_phonlamai__auto_keep__02.jpg,26,cha_phonlamai_kw04_bing_000081.jpg
cha_phonlamai__auto_keep__02.jpg,27,cha_phonlamai_kw03_bing_000022.jpg
cha_phonlamai__auto_keep__02.jpg,28,cha_phonlamai_kw03_bing_000024.jpg
cha_phonlamai__auto_keep__02.jpg,29,cha_phonlamai_kw04_bing_000023.jpg
cha_phonlamai__auto_keep__02.jpg,30,cha_phonlamai_kw04_baidu_000005.jpg
cha_phonlamai__auto_keep__02.jpg,31,cha_phonlamai_kw04_baidu_000012.jpg
cha_phonlamai__auto_keep__02.jpg,32,cha_phonlamai_kw01_bing_000025.jpg
cha_phonlamai__auto_keep__02.jpg,33,cha_phonlamai_kw04_baidu_000024.jpg
cha_phonlamai__auto_keep__02.jpg,34,cha_phonlamai_kw04_baidu_000028.jpg
cha_phonlamai__auto_keep__02.jpg,35,cha_phonlamai_kw03_bing_000032.jpg
cha_phonlamai__auto_keep__02.jpg,36,cha_phonlamai_kw00_bing_000080.jpg
cha_phonlamai__auto_keep__02.jpg,37,cha_phonlamai_kw04_bing_000059.jpg
cha_phonlamai__auto_keep__02.jpg,38,cha_phonlamai_kw04_bing_000012.jpg
cha_phonlamai__auto_keep__02.jpg,39,cha_phonlamai_kw04_bing_000041.webp
cha_phonlamai__auto_keep__02.jpg,40,cha_phonlamai_kw03_bing_000000.webp
cha_phonlamai__auto_keep__02.jpg,41,cha_phonlamai_kw03_bing_000014.jpg
cha_phonlamai__auto_keep__02.jpg,42,cha_phonlamai_kw04_baidu_000047.jpeg
cha_phonlamai__auto_keep__02.jpg,43,cha_phonlamai_kw04_bing_000005.jpg
cha_phonlamai__auto_keep__02.jpg,44,cha_phonlamai_kw04_bing_000062.jpg
cha_phonlamai__auto_keep__02.jpg,45,cha_phonlamai_kw04_bing_000038.jpg
cha_phonlamai__auto_keep__02.jpg,46,cha_phonlamai_kw03_baidu_000026.jpg
cha_phonlamai__auto_keep__02.jpg,47,cha_phonlamai_kw04_baidu_000004.jpg
cha_phonlamai__auto_keep__03.jpg,0,cha_phonlamai_kw04_bing_000045.jpg
cha_phonlamai__auto_keep__03.jpg,1,cha_phonlamai_kw02_bing_000015.png
cha_phonlamai__auto_keep__03.jpg,2,cha_phonlamai_kw03_bing_000020.jpg
cha_phonlamai__auto_keep__03.jpg,3,cha_phonlamai_kw04_bing_000052.jpg
cha_phonlamai__auto_keep__03.jpg,4,cha_phonlamai_kw03_baidu_000037.jpg
cha_phonlamai__auto_keep__03.jpg,5,cha_phonlamai_kw03_baidu_000044.jpg
cha_phonlamai__auto_keep__03.jpg,6,cha_phonlamai_kw04_bing_000061.jpg
cha_phonlamai__auto_keep__03.jpg,7,cha_phonlamai_kw04_bing_000079.webp
cha_phonlamai__auto_keep__03.jpg,8,cha_phonlamai_kw03_bing_000063.jpg
cha_phonlamai__auto_keep__03.jpg,9,cha_phonlamai_kw00_bing_000015.jpg
cha_phonlamai__auto_keep__03.jpg,10,cha_phonlamai_kw04_bing_000036.jpg
cha_phonlamai__auto_keep__03.jpg,11,cha_phonlamai_kw04_bing_000035.webp
cha_phonlamai__auto_keep__03.jpg,12,cha_phonlamai_kw04_baidu_000008.jpg
cha_phonlamai__auto_keep__03.jpg,13,cha_phonlamai_kw01_bing_000003.jpg
cha_phonlamai__auto_keep__03.jpg,14,cha_phonlamai_kw04_bing_000032.jpg
cha_phonlamai__auto_keep__03.jpg,15,cha_phonlamai_kw03_bing_000052.webp
cha_phonlamai__auto_keep__03.jpg,16,cha_phonlamai_kw01_bing_000001.jpg
cha_phonlamai__auto_keep__03.jpg,17,cha_phonlamai_kw04_baidu_000022.jpg
cha_phonlamai__auto_keep__03.jpg,18,cha_phonlamai_kw04_bing_000026.jpg
cha_phonlamai__auto_keep__03.jpg,19,cha_phonlamai_kw03_bing_000009.jpg
cha_phonlamai__auto_keep__03.jpg,20,cha_phonlamai_kw04_bing_000084.jpg
cha_phonlamai__auto_keep__03.jpg,21,cha_phonlamai_kw01_bing_000000.jpg
cha_phonlamai__auto_keep__03.jpg,22,cha_phonlamai_kw01_bing_000054.png
cha_phonlamai__auto_keep__03.jpg,23,cha_phonlamai_kw01_bing_000028.png
cha_phonlamai__auto_keep__03.jpg,24,cha_phonlamai_kw04_bing_000076.jpg
cha_phonlamai__auto_keep__03.jpg,25,cha_phonlamai_kw04_bing_000075.jpg
cha_phonlamai__auto_keep__03.jpg,26,cha_phonlamai_kw03_bing_000081.jpg
cha_phonlamai__auto_keep__03.jpg,27,cha_phonlamai_kw03_bing_000042.jpg
cha_phonlamai__auto_keep__03.jpg,28,cha_phonlamai_kw02_bing_000081.webp
cha_phonlamai__auto_keep__03.jpg,29,cha_phonlamai_kw04_baidu_000040.jpg
cha_phonlamai__auto_keep__03.jpg,30,cha_phonlamai_kw03_bing_000008.jpg
cha_phonlamai__auto_keep__03.jpg,31,cha_phonlamai_kw03_bing_000025.jpg
cha_phonlamai__auto_keep__03.jpg,32,cha_phonlamai_kw01_bing_000030.jpg
cha_phonlamai__auto_keep__03.jpg,33,cha_phonlamai_kw01_bing_000006.jpg
cha_phonlamai__auto_keep__03.jpg,34,cha_phonlamai_kw03_bing_000080.jpg
cha_phonlamai__auto_keep__03.jpg,35,cha_phonlamai_kw03_bing_000055.jpg
cha_phonlamai__auto_keep__03.jpg,36,cha_phonlamai_kw03_baidu_000028.jpg
cha_phonlamai__auto_keep__03.jpg,37,cha_phonlamai_kw03_bing_000048.jpg
cha_phonlamai__auto_keep__03.jpg,38,cha_phonlamai_kw03_bing_000074.jpg
cha_phonlamai__auto_keep__03.jpg,39,cha_phonlamai_kw03_bing_000076.jpg
cha_phonlamai__auto_keep__03.jpg,40,cha_phonlamai_kw03_baidu_000013.jpg
cha_phonlamai__auto_keep__03.jpg,41,cha_phonlamai_kw01_bing_000053.png
cha_phonlamai__auto_keep__03.jpg,42,cha_phonlamai_kw04_bing_000071.png
cha_phonlamai__auto_keep__03.jpg,43,cha_phonlamai_kw04_bing_000009.jpg
cha_phonlamai__auto_keep__03.jpg,44,cha_phonlamai_kw03_baidu_000040.jpeg
cha_phonlamai__auto_keep__03.jpg,45,cha_phonlamai_kw04_bing_000001.jpg
cha_phonlamai__auto_keep__03.jpg,46,cha_phonlamai_kw04_bing_000029.jpg
cha_phonlamai__auto_keep__03.jpg,47,cha_phonlamai_kw04_bing_000002.jpg
cha_phonlamai__auto_keep__04.jpg,0,cha_phonlamai_kw04_bing_000027.jpg
cha_phonlamai__auto_keep__04.jpg,1,cha_phonlamai_kw04_bing_000024.jpg
cha_phonlamai__auto_keep__04.jpg,2,cha_phonlamai_kw04_bing_000006.jpg
cha_phonlamai__auto_keep__04.jpg,3,cha_phonlamai_kw04_bing_000022.jpg
cha_phonlamai__auto_keep__04.jpg,4,cha_phonlamai_kw04_bing_000021.jpg
cha_phonlamai__auto_keep__04.jpg,5,cha_phonlamai_kw04_bing_000018.jpg
cha_phonlamai__auto_keep__04.jpg,6,cha_phonlamai_kw04_bing_000017.webp
cha_phonlamai__auto_keep__04.jpg,7,cha_phonlamai_kw04_bing_000016.jpg
cha_phonlamai__auto_keep__04.jpg,8,cha_phonlamai_kw04_bing_000015.jpg
cha_phonlamai__auto_keep__04.jpg,9,cha_phonlamai_kw03_bing_000071.jpg
cha_phonlamai__auto_keep__04.jpg,10,cha_phonlamai_kw04_bing_000007.jpg
cha_phonlamai__auto_keep__04.jpg,11,cha_phonlamai_kw04_bing_000011.jpg
cha_phonlamai__auto_keep__04.jpg,12,cha_phonlamai_kw04_bing_000033.jpg
cha_phonlamai__auto_keep__04.jpg,13,cha_phonlamai_kw04_bing_000069.png
cha_phonlamai__auto_keep__04.jpg,14,cha_phonlamai_kw04_bing_000034.jpg
cha_phonlamai__auto_keep__04.jpg,15,cha_phonlamai_kw03_baidu_000056.jpg
cha_phonlamai__auto_keep__04.jpg,16,cha_phonlamai_kw04_bing_000064.jpg
cha_phonlamai__auto_keep__04.jpg,17,cha_phonlamai_kw04_bing_000063.jpg
cha_phonlamai__auto_keep__04.jpg,18,cha_phonlamai_kw04_bing_000008.png
cha_phonlamai__auto_keep__04.jpg,19,cha_phonlamai_kw04_bing_000060.png
cha_phonlamai__auto_keep__04.jpg,20,cha_phonlamai_kw02_bing_000036.jpg
cha_phonlamai__auto_keep__04.jpg,21,cha_phonlamai_kw04_bing_000056.jpg
cha_phonlamai__auto_keep__04.jpg,22,cha_phonlamai_kw04_bing_000055.jpg
cha_phonlamai__auto_keep__04.jpg,23,cha_phonlamai_kw02_bing_000033.jpg
cha_phonlamai__auto_keep__04.jpg,24,cha_phonlamai_kw03_bing_000068.jpg
cha_phonlamai__auto_keep__04.jpg,25,cha_phonlamai_kw04_bing_000047.png
cha_phonlamai__auto_keep__04.jpg,26,cha_phonlamai_kw04_bing_000044.webp
cha_phonlamai__auto_keep__04.jpg,27,cha_phonlamai_kw03_baidu_000054.jpg
cha_phonlamai__auto_keep__04.jpg,28,cha_phonlamai_kw04_bing_000042.png
cha_phonlamai__auto_keep__04.jpg,29,cha_phonlamai_kw03_bing_000082.jpg
cha_phonlamai__auto_keep__04.jpg,30,cha_phonlamai_kw04_bing_000040.jpg
cha_phonlamai__auto_keep__04.jpg,31,cha_phonlamai_kw04_bing_000000.jpg
cha_phonlamai__auto_keep__04.jpg,32,cha_phonlamai_kw03_baidu_000035.jpg
